ชื่อ,คำอ่าน,ความหมาย
กงศร,กง-สอน,ผู้มีคุณค่าและความมุ่งมั่น
กฉิน,กะ-ฉิน,ผู้มีความสร้างสรรค์
กชลา,กด-ชะ-ลา,ผู้ละมุนงดงามดุจดอกบัว
กฌิน,กิน,ผู้มีความรอบรู้
กฐิน,กะ-ถิน,ผู้มีบุญกุศลและศรัทธา
กณพ,กะ-นบ,ผู้มีความงามละเอียดประณีตผ่องใส
กณิกนันต์,กะ-นิก-กะ-นัน,ผู้ยินดีในสิ่งเล็กน้อยอันงดงาม
กณิน,กะ-นิน,ผู้มีคุณค่าและปัญญา
กณิศ,กะ-นิด,ผู้เป็นใหญ่ในหมู่ชน
กณิษฐ์,กะ-นิด,ผู้มีความอ่อนเยาว์และความรัก
กณิษฐา,กะ-นิด-ถา,น้องหญิงหรือสตรีผู้อ่อนเยาว์น่ารัก
กตมน,กะ-ตะ-มน,ผู้มีจิตใจที่สำเร็จแล้ว
กนก,กะ-หนก,ทองคำ ผู้มีคุณค่าสูงส่งดุจทอง
กนกโกมล,กะ-หนก-โก-มน,ผู้มีจิตใจอ่อนโยนและมีค่าดุจทองคำ
กนกจันทร์,กะ-หนก-จัน,ผู้มีความงามละมุนดุจแสงจันทร์และล้ำค่าดุจทอง
กนกณัฐ,กะ-หนก-นัด,นักปราชญ์ผู้ล้ำค่าดุจทองคำ
กนกณิชรัญชน์,กะ-หนก-นิ-ชะ-รัน,ผู้มีคุณค่า ความมั่งคั่ง และความบริสุทธิ์
กนกธร,กะ-หนก-ทอน,ผู้มีคุณค่า
กนกนภัทร,กะ-หนก-นะ-พัด,ผู้ประเสริฐสูงส่งและล้ำค่าดุจทอง
กนกนภัส,กะ-หนก-นะ-พัด,ผู้เปล่งประกายงดงามดุจทองบนฟากฟ้า
กนกนรี,กะ-หนก-นะ-รี,สตรีผู้มีคุณค่างดงามดุจทองคำ
กนกรัตน์,กะ-หนก-รัด,ผู้มีคุณค่า ความมั่งคั่ง และความงดงาม
กนกริน,กะ-หนก-ริน,ผู้ไหลรินด้วยคุณค่าและความงดงามดุจทอง
กนกรินทร์,กะ-หนก-ริน,ผู้เป็นใหญ่และล้ำค่าดุจทองคำ
กนกลด,กะ-หนก-ลด,ผู้มีความงามอ่อนช้อยและล้ำค่าดุจทอง
กนกลักษณ์,กะ-หนก-ลัก,ผู้มีคุณค่า ความมั่งคั่ง และความงดงาม
กนกวร,กะ-หนก-วอน,ผู้ประเสริฐและล้ำค่าดุจทองคำ
กนกวรรณ,กะ-หนก-วัน,ผู้มีผิวพรรณงดงามดุจทองคำ
กนกวรรณ์,กะ-หนก-วัน,ผู้มีวรรณะงดงามและมีคุณค่าดุจทอง
กนกวิช,กะ-หนก-วิด,ผู้มีความรู้ล้ำค่าดุจทองคำ
กนกอมรศิลป์,กะ-หนก-อะ-มอน-สิน,ผู้มีศิลปะงดงามอมตะและล้ำค่าดุจทอง
กนกอร,กะ-หนก-ออน,หญิงงามผู้มีคุณค่าดุจทองคำ
กนกอินทร์,กะ-หนก-อิน,ผู้สูงส่งเป็นใหญ่และล้ำค่าดุจทอง
กนต์ธีร์,กน-ที,ผู้เป็นที่รักและมีปัญญามั่นคง
กนต์พงษ์,กน-พง,ผู้มีความรัก
กนต์ภัทร,กน-พัด,ผู้เป็นที่รักและมีความเจริญเป็นมงคล
กนต์ลักษณ์,กะ-นะ-ลัก,ผู้มีลักษณะงดงามเป็นที่รัก
กนต์วรรณ,กน-ตะ-วัน,ผู้มีผิวพรรณงดงามเป็นที่รัก
กนต์วริน,กน-วะ-ริน,ผู้ประเสริฐและเป็นที่รักดุจสายน้ำแห่งความดี
กนต์วิน,กน-วิน,ผู้เป็นที่รักและมีชัยชนะ
กนต์ษร,กน-สอน,ผู้เป็นที่รักดุจอักษรอันงดงาม
กนต์อร,กน-ออน,หญิงงามผู้เป็นที่รัก
กนธี,กน-ที,ผู้มีความอ่อนโยนและปัญญามั่นคง
กนล,กะ-นน,ผู้มีความอ่อนโยนและความละมุน
กนิญา,กะ-นิ-ยา,หญิงสาวผู้น่ารักและอ่อนโยน
กนิน,กะ-นิน,ผู้เป็นที่รักในหมู่ชน
กนิศ,กะ-นิด,ผู้เป็นใหญ่และเป็นที่นับถือ
กนิษฐ์,กะ-นิด,ผู้มีความอ่อนเยาว์
กนิษฐา,กะ-นิด-ถา,ผู้มีความอ่อนเยาว์
กมน,กะ-มน,ผู้มีจิตใจงดงาม
กมนทัต,กะ-มน-ทัด,จิตใจ
กมนธนัท,กะ-มน-ทะ-นัด,ผู้มีใจงามและมั่งคั่งด้วยปัญญา
กมนลักษณ์,กะ-มน-ลัก,ผู้มีจิตใจและลักษณะงดงาม
กมนวรรณ,กะ-มน-วัน,ผู้มีใจงามและวรรณะผ่องใส
กมล,กะ-มน,ดอกบัวหรือดวงใจ ผู้มีจิตใจบริสุทธิ์งดงาม
กมลกนก,กะ-มน-กะ-หนก,ดวงใจงดงามและล้ำค่าดุจทอง
กมลกร,กะ-มน-กอน,ผู้สร้างสรรค์ความดีด้วยหัวใจงดงาม
กมลขัณฑ์,กะ-มน-ละ-ขัน,ผู้มีใจงดงามดุจส่วนอันประเสริฐ
กมลฉนันท์,กะ-มน-ฉะ-หนัน,ผู้มีใจงามและเปี่ยมความพอใจในความดี
กมลฉันท์,กะ-มน-ฉัน,ผู้มีความบริสุทธิ์และความงดงาม
กมลฌาน,กะ-มน-ชาน,ผู้มีใจสงบลึกซึ้งในสมาธิ
กมลณพัฒน์,กะ-มน-นะ-พัด,ผู้มีความบริสุทธิ์ ความงดงาม และความเจริญ
กมลณัฐชน์,กะ-มะ-ละ-ชัด,ผู้มีใจเป็นนักปราชญ์ผู้เปี่ยมด้วยปัญญารอบรู้
กมลธรรม,กะ-มน-ทำ,ผู้มีธรรมะประจำใจ
กมลนัท,กะ-มน-ละ-นัด,ผู้มีใจงามและเปี่ยมความรู้
กมลนัทธ์,กะ-มน-นัด,ผู้มีใจงามและผูกพันกับปัญญา
กมลนันท์,กะ-มน-ละ-นัน,ผู้มีใจงามและเปี่ยมความยินดี
กมลนิษฐ์,กะ-มน-นิด,ผู้มีใจงามและมั่นคงในความดี
กมลภ,กะ-มน-พบ,ผู้เกิดจากดวงใจอันงดงาม
กมลภัค,กะ-มน-พัก,ผู้มีใจงามและมีโชค
กมลภัทร,กะ-มน-พัด-ทรอ,ผู้มีใจงามและเจริญเป็นมงคล
กมลรส,กะ-มน-รด,ผู้มีรสแห่งจิตใจอ่อนหวานงดงาม
กมลโรจน์,กะ-มน-โรด,ผู้มีใจงามและรุ่งเรืองสว่างไสว
กมลลักษณ์,กะ-มน-ลัก,ผู้มีความบริสุทธิ์และความงดงาม
กมลโลจน์,กะ-มน-โลด,ผู้มีดวงตางดงามดุจดอกบัว
กมลวร,กะ-มน-ละ-วอน,ผู้มีดวงใจอันประเสริฐ
กมลวรรณ,กะ-มน-วัน,ผู้มีใจงามและผิวพรรณผ่องใส
กมลวัทน์,กะ-มน-วัด,ผู้มีใจงามและเจริญมั่นคง
กมลวัน,กะ-มน-วัน,ผู้มีความบริสุทธิ์และสิริมงคล
กมลวิช,กะ-มน-วิด,ผู้มีใจงามและเปี่ยมความรู้
กมลวิชญ์,กะ-มน-วิด,นักปราชญ์ผู้มีดวงใจงดงาม
กมลวิทน์,กะ-มน-วิด,ผู้รู้แจ้งด้วยจิตใจงดงาม
กมลอร,กะ-มน-ออน,หญิงงามผู้มีจิตใจอ่อนโยน
กมลา,กะ-มะ-ลา,ดอกบัว หญิงผู้มีความงามบริสุทธิ์
กมลาฉันท์,กะ-มะ-ลา-ฉัน,ผู้เป็นที่รักและงดงามดุจดอกบัว
กมลานันท์,กะ-มะ-ลา-นัน,หญิงงามดุจดอกบัวผู้เปี่ยมความยินดี
กมิน,กะ-มิน,ผู้มีความเมตตา
กร,กอน,มือ ผู้กระทำและสร้างสรรค์ความสำเร็จ
กรกฎ,กอ-ระ-กด,ชื่อราศีกรกฎ ผู้มีความหนักแน่นและอ่อนไหวอย่างสมดุล
กรกฏ,กอ-ระ-กด,รูปเขียนอีกแบบของกรกฎ หมายถึงผู้มีความหนักแน่นและอ่อนไหวอ…
กรกนก,กอน-กะ-หนก,มือทอง ผู้สร้างสรรค์สิ่งล้ำค่า
กรกมล,กอน-กะ-มน,ผู้สร้างสรรค์ด้วยดวงใจงดงาม
กรกร,กอน-กอน,ผู้มีมือแห่งการกระทำและความสามารถ
กรกวรรษ,กะ-หรก-วัด,ฝนจากหม้อน้ำอันนำมาซึ่งความอุดมสมบูรณ์
กรกษิณ,กอน-กะ-สิน,ผู้กระทำด้วยความชำนาญและความมั่นคง
กรกัญญ์ญา,กอน-กัน-ยา,หญิงผู้เป็นที่รักและเปี่ยมความสามารถ
กรกัญญา,กอน-กัน-ยา,หญิงงามผู้สร้างสรรค์สิ่งดีงาม
กรคมกร,กอน-คม-กอน,ผู้มีฝีมือเฉียบคมและเปี่ยมความสามารถ
กรจันทร์,กอน-จัน,ผู้สร้างความงามเย็นใจดุจแสงจันทร์
กรชวัล,กอน-ชะ-วัน,ผู้เปล่งประกายด้วยความสามารถ
กรไชย,กอน-ไช,ผู้กระทำการสำเร็จและมีชัยชนะ
กรญาณ์,กอน-ยา,ผู้มีความสร้างสรรค์ ความรู้ และปัญญา
กรณ์,กอน,ผู้สร้างสรรค์ หรือ ผู้กระทำสิ่งที่ดี
กรณ์กมล,กอน-กะ-มน,ผู้มีการกระทำอันเกิดจากใจงาม
กรณ์ชวัล,กอน-ชะ-วัน,ผู้มีการกระทำอันรุ่งเรืองเปล่งประกาย
กรณ์ทักษ์,กอน-ทัก,ผู้ชำนาญการและมีความสามารถ
กรณ์ธนนินต์,กอน-ทะ-นิน,ผู้สร้างความมั่งคั่งและเป็นที่ยินดี
กรณ์ธนนินทร์,กอน-ทะ-นิน,ผู้เป็นใหญ่ในการสร้างความมั่งคั่ง
กรณภัทร์,กอ-ระ-นะ-พัด,ผู้ทำสิ่งดีงามและเป็นมงคล
กรณ์ภัสร์,กอน-พัด,ผู้มีการกระทำอันสว่างไสว
กรณัฏฐ์,กอน-นัด,นักปราชญ์ผู้กระทำสิ่งดีงาม
กรณิช,กะ-ระ-นิด,ผู้มีการกระทำอันบริสุทธิ์และงดงาม
กรณินทร์,กะ-ระ-นิน,ผู้เป็นใหญ่ในการกระทำความดี
กรณิศ,กะ-ระ-นิด,ผู้เป็นใหญ่ด้วยการกระทำอันดีงาม
กรดล,กรด-ดน,ผู้บันดาลความสำเร็จด้วยการกระทำ
กรดา,กอ-ระ-ดา,ผู้มีความยินดี
กรทักษ์,กอน-ทัก,ผู้มีมือที่คล่องแคล่วว่องไว หรือ ผู้มีความสามารถ
กรทัช,กอ-ระ-ทัด,ผู้มีมืออันเปี่ยมพลังและความสามารถ
กรธน,กอน-ทะ-นะ,ผู้สร้างทรัพย์และคุณค่า
กรธนัช,กอน-ทะ-นัด,ผู้เกิดมาเพื่อสร้างความมั่งคั่ง
กรธรรศ,กอน-ทัด,ผู้เห็นธรรมและกระทำด้วยปัญญา
กรธวัช,กอน-ทะ-วัด,ผู้ชูธงแห่งความสามารถและเกียรติยศ
กรธัช,กอ-ระ-ทัด,ผู้เป็นธงชัยแห่งความสำเร็จด้วยสองมือ
กรนันท์,กอ-ระ-นัน,ผู้สร้างความยินดีและความสุข
กรนาวา,กอน-นา-วา,ผู้เป็นดุจเรือที่นำพาชีวิตไปสู่ความสำเร็จ
กรภัค,กอน-พัก,ผู้สร้างโชคลาภและความรุ่งเรืองด้วยมือ
กรภัทร,กอน-พัด-ทรอ,ผู้มีความสร้างสรรค์ ความเจริญ และสิริมงคล
กรภัทร์,กอน-พัด,ผู้มีความสร้างสรรค์และความดีงาม
กรภา,กอ-ระ-พา,ผู้มีความสร้างสรรค์และความสว่าง
กรมน,กอน-มน,ผู้มีใจมุ่งมั่นในการกระทำความดี
กรมล,กอน-มน,ผู้สร้างสรรค์ด้วยใจอันงดงาม
กรรจกร,กัน-จะ-กอน,ผู้มีมือแห่งการสร้างสรรค์และความสามารถ
กรรฐา,กอน-ระ-ถา,ผู้ตั้งมั่นอยู่ในความดีงาม
กรรณ,กัน,หู ผู้รับฟังอย่างมีปัญญา
กรรณิมา,กัน-นิ-มา,ผู้มีความงามและความอ่อนโยนในการรับฟัง
กรรพ,กับ,ผู้มีมือแห่งพร หรือ ผู้สร้างสรรค์สิ่งดีงาม
กรรัตน์,กอ-ระ-รัด,ผู้มีความสร้างสรรค์ คุณค่า และความงดงาม
กรรัตนา,กอน-รัด-ตะ-นา,ผู้มีค่าดุจแก้วรัตนะ หรือ ผู้สร้างสรรค์สิ่งอันมีค่า
กรรินี,กอน-นิ-ยี,ผู้มีความสร้างสรรค์
กรเรศ,กอ-ระ-เรด,ผู้มีความสร้างสรรค์ ความเป็นผู้นำ และความเป็นเลิศ
กรลักษ์,กอ-ระ-ลัก,ผู้มีลักษณะงดงามจากการกระทำ
กรลักษณ์,กอ-ระ-ลัก,ผู้มีลักษณะงดงามและเปี่ยมความสามารถ
กรวร,กอ-ระ-วอน,ผู้มีความสร้างสรรค์และความประเสริฐ
กรวรรณ,กอ-ระ-วัน,ผู้มีความสร้างสรรค์และความงดงาม
กรวรา,กอน-วะ-รา,ผู้มีความสร้างสรรค์และความประเสริฐ
กรวัชร,กอน-วัด,ผู้มีฝีมือมั่นคงแข็งแกร่งดุจเพชร
กรวัลลี,กอ-ระ-วัน,ผู้มีความอ่อนช้อยงดงามดุจเถาวัลย์
กรวิก,กะ-ระ-วิก,ผู้มีเสียงไพเราะและความสามารถโดดเด่น
กรวิช,กอ-ระ-วิด,ผู้มีความรู้และความสามารถในการกระทำ
กรวิชญ์,กอ-ระ-วิด,ผู้มีความสร้างสรรค์และความรู้
กรวินท์,กอ-ระ-วิน,ผู้มีชัยชนะด้วยฝีมือและปัญญา
กรวิมล,กะ-ระ-วิ-มน,ผู้มีการกระทำบริสุทธิ์งดงาม
กรวุฒิ,กอ-ระ-วุด,ผู้มีความเจริญ
กรศิริ,กอ-ระ-สิ-หริ,ผู้สร้างความเป็นสิริมงคล
กรศิลป์,กอน-สะ-ริ,ผู้มีฝีมือทางศิลปะและการสร้างสรรค์
กรสิริ,กอน-สิ-หริ,ผู้มีสิริมงคล
กรองขวัญ,กรอง-ขวัน,ผู้คัดสรรสิ่งดีงามเป็นขวัญแห่งชีวิต
กรองคำ,กรอง-คำ,ผู้คัดสรรคุณค่าประเสริฐดุจทองคำ
กรอร,กอน-ออน,ผู้มีการกระทำที่สวยงาม
กรอรุณ,กอน-อะ-รุน,ผู้สร้างความรุ่งเรืองดุจแสงอรุณ
กรอัครินทร์,กอน-อัก-คะ-ริน,ผู้เป็นใหญ่ยอดเยี่ยมด้วยความสามารถ
กรอุมา,กอน-อุ-มา,ผู้สร้างความงามสง่าและความอ่อนโยน
กระโด,กระ-โด,ผู้มีความคล่องแคล่วและความโดดเด่น
กระแต,กระ-แต,สัตว์เล็กชนิดหนึ่ง คล่องแคล่วและว่องไว
กระถิน,กระ-ถิน,ไม้พุ่มชนิดหนึ่ง ให้ความหมายถึงความเรียบง่ายและงอกงาม
กระบิล,กระ-บอน,ผู้มีความคล่องแคล่วและความละมุน
กระมล,กระ-มน,ผู้มีดวงใจงดงาม
กระวิน,กระ-วิน,ผู้มีชัยชนะจากความสามารถ
กรัญญ์กรณ์,กะ-รัน-กอน,ผู้มีความรู้และการกระทำอันประเสริฐ
กรัณฑ์,กะ-รัน,ผอบหรือภาชนะอันประณีต สื่อถึงผู้เก็บรักษาสิ่งล้ำค่า
กราน,กราน,ผู้หนักแน่นและอดทนต่อสิ่งยาก
กริช,กริด,มีดสองคมอันคมกล้า สื่อถึงความกล้าหาญเฉียบคม
กริณา,กะ-ริ-นา,ผู้มีเมตตาและความกรุณา
กริน,กะ-ริน,ผู้กล้าหาญและเคลื่อนไหวอย่างองอาจ
กรินท์,กะ-ริน,ผู้เป็นใหญ่ด้วยความกล้าหาญ
กรินทร์,กะ-ริน,ผู้เป็นใหญ่ด้วยอำนาจและความสามารถ
กริมา,กริ-มา,ผู้มีความงามและน้ำหนักแห่งคุณค่า
กริษฐ์,กะ-ริด,ผู้ประเสริฐและน่ายกย่อง
กริษฐา,กะ-ริด-ถา,หญิงผู้ประเสริฐและน่ายกย่อง
กรุณา,กะ-รุ-นา,ความเมตตาสงสารและความเอื้ออารี
กรูวาน,กรู-วาน,ผู้เปี่ยมด้วยผู้เกื้อหนุน
กฤชนันท์,กริด-ชะ-นัน,ผู้มีความสุขและเสน่ห์
กฤตนัน,กริด-ตะ-นัน,ผู้มีความยินดีในความสำเร็จ
กฤตนันท์,กริด-ตะ-นัน,ผู้มีความสำเร็จและความยินดี
กฤตยา,กริด-ตะ-ยา,ผู้กระทำ
กฤติน,กริด-ติน,ผู้สร้างสรรค์
กฤษ,กริด,ผู้มีความสามารถพิเศษ
กฤษฎาพร,กริด-สะ-ดา-พอน,ผู้สร้างสิ่งประเสริฐ
กฤษณะ,กริด-สะ-นะ,ผู้ทรงอำนาจ
กลวัชร,กน-ละ-วัด,ผู้แข็งแกร่งดุจเพชรและมีชั้นเชิง
กลวัชร์,กน-ละ-วัด,ผู้มีชั้นเชิงและความมั่นคงดุจเพชร
กลวิชร,กน-ละ-วิด,ผู้มีความรู้และชั้นเชิงอันแยบคาย
กลิ่นดอน,กลิ่น-ดอน,กลิ่นหอมจากถิ่นดอน สื่อถึงเสน่ห์ธรรมชาติ
กลิ่นหอม,กะ-ลิ่น-หอม,ผู้มีเสน่ห์น่าประทับใจดุจกลิ่นหอม
กวาธร,กะ-วา-ทอน,ผู้ทรงภูมิปัญญา
กวิณ,กะ-วิน,ผู้มีความสามารถและปัญญา
กวิณัฐ,กะ-วิ-นัด,นักปราชญ์ผู้มีปัญญาแห่งกวี
กวิน,กะ-วิน,ผู้ฉลาด
กวินกร,กะ-วิน-กอน,ผู้สร้างสรรค์ถ้อยคำและปัญญาอย่างกวี
กวินดา,กะ-วิน-ดา,หญิงผู้ทรงภูมิปัญญา
กวินท์,กะ-วิน,ผู้มีความก้าวหน้า
กวินท์ธร,กะ-วิน-ทอน,ผู้มีความก้าวหน้า
กวินทร์,กะ-วิน,ผู้เป็นใหญ่ในหมู่กวีหรือผู้มีปัญญา
กวินทรา,กะ-วิน-ทรา,ผู้สูงส่งด้วยปัญญาและวาทศิลป์
กวินธร,กะ-วิน-ทอน,ผู้มีความสามารถ
กวินนท์,กะ-วิน,ผู้สร้างความยินดีด้วยปัญญา
กวินนา,กะ-วิน-นา,หญิงผู้มีปัญญาและวาทศิลป์งดงาม
กวินนาฏ,กะ-วิน-นาด,ผู้มีศิลปะงดงามและปัญญาแบบกวี
กวินภัค,กะ-วิน-พัก,ผู้มีปัญญาและโชคอันดี
กวินภัทร,กะ-วิน-พัด-ทรอ,ผู้มีความสามารถและความดีงาม
กวินภา,กะ-วิน-พา,ผู้มีความสามารถและความสว่าง
กวินรพ,กะ-วิน-รบ,ผู้มีชื่อเสียงอันไพเราะและเป็นเลิศ
กวินรัตน์,กะ-วิน-รัด,ผู้มีความสามารถ คุณค่า และความงดงาม
กวินรัตนา,กะ-วิน-รัด-ตะ-นา,ผู้เป็นแก้วอันประเสริฐและเฉลียวฉลาด
กวินรินี,กะ-วิน-ริ-นี,ผู้มีความสามารถ
กวินเรศ,กะ-วิน-เรด,ผู้เป็นใหญ่หรือผู้เป็นยอดด้วยความดีงามและความเฉลียวฉลาด
กวินวร,กะ-วิน-วอน,ผู้มีความสามารถและความประเสริฐ
กวินวรรณ,กะ-วิน-วัน,ผู้มีวาจาและวรรณะงดงามอย่างกวี
กวินวรา,กะ-วิน-วะ-รา,ผู้มีความสามารถและความประเสริฐ
กวินวัจน์,กะ-วิน-วัด,ผู้มีถ้อยคำคมคายและงดงาม
กวินวัชร์,กะ-วิน-วัด,ผู้มีปัญญาแข็งแกร่งดุจเพชร
กวินวิชญ์,กะ-วิน-วิด,ผู้มีความสามารถและความรู้
กวินวุฒิ,กะ-วิน-วุด,ผู้มีความเจริญรุ่งเรืองและปัญญาเป็นเลิศ
กวินอร,กะ-วิน-ออน,หญิงงามผู้เปี่ยมปัญญาและวาทศิลป์
กวิสรา,กะ-วิ-สะ-รา,ผู้เป็นใหญ่ด้วยปัญญาและศิลปะแห่งถ้อยคำ
กษม,กะ-สม,ความเกษม ความสุขสงบและความปลอดภัย
กษมน,กะ-สะ-มน,ผู้มีใจเป็นสุขสงบและปลอดภัย
กษมล,กะ-สะ-มน,ผู้มีความสุขสงบและจิตใจผ่องใส
กษมา,กะ-สะ-มา,ความอดทน การให้อภัย และความสงบงาม
กษิกร,กะ-สิ-กอน,ชาวนา หรือผู้สร้างความอุดมสมบูรณ์จากผืนดิน
กษิดิฐ,กะ-สิ-ดิด,ผู้มีความเห็นมั่นคงและถูกต้อง
กษิดินทร์,กะ-สิ-ดิน,ผู้เป็นใหญ่แห่งผืนดินหรือความมั่นคง
กษิดิศ,กะ-สิ-ดิด,ผู้มีทิศทางมั่นคงและเจริญงอกงาม
กษิน,กะ-สิน,ผู้มีความสิ้นสุดแห่งกิเลส หรือผู้สงบในธรรม
กษิรวิชญ์,กะ-สิ-ระ-วิด,นักปราชญ์ผู้บริสุทธิ์ดุจน้ำนม
กษิรา,กะ-สิ-รา,ผู้มีความบริสุทธิ์
กหิน,กะ-หิน,ผู้มีความมั่นคง
กอง,กอง,หมู่หรือสิ่งที่รวมกันเป็นกำลัง
ก้องกิตติ,ก้อง-กิด-ติ,ผู้มีชื่อเสียงดีงามก้องไกล
ก้องเกียรติ,ก้อง-เกียด,ผู้มีเกียรติยศเลื่องลือ
กองคำ,กอง-คำ,ขุมทรัพย์ทองคำหรือผู้มั่งคั่งด้วยคุณค่า
ก้องณรงค์,ก้อน-มะ-รง,ผู้กล้าหาญและมีชื่อเสียงในการต่อสู้
ก้องเดช,ก้อง-เดด,ผู้มีอำนาจบารมีเลื่องลือ
ก้องภพ,ก้อง-พบ,ผู้มีชื่อเสียงก้องไปทั่วโลก
กอตอ,กอ-ตอ,ผู้เปี่ยมด้วยรากฐาน
กอบกุล,กอบ-กุน,ผู้รักษาและเพิ่มพูนเกียรติแห่งตระกูล
กอบคุณ,กอบ-คุน,ผู้มีความดีงาม
กอบชน,กอบ-ชน,ผู้เกื้อกูลผู้คนและสังคม
กอบชวาล,กอบ-ชะ-วาน,ผู้รวบรวมความรุ่งเรืองสว่างไสว
กอบชัย,กอบ-ไช,ผู้คว้าชัยชนะและความสำเร็จ
กอบโชค,กอบ-โชก,ผู้มีโชคและได้รับสิ่งดีงาม
กอบธนัช,กอบ-ทะ-นัด,ผู้เกิดมาเพื่อสะสมทรัพย์และคุณค่า
กอบธรรม,กอบ-ทำ,ผู้รักษาธรรมและความถูกต้อง
กอบพงษ์,กอบ-พง,ผู้ส่งเสริมวงศ์ตระกูลให้เจริญ
กอบยศ,กอบ-ยด,ผู้สร้างเกียรติยศให้มั่นคง
กอบลาภ,กอบ-ลาบ,ผู้มีลาภผลและความอุดมสมบูรณ์
กอบวริทธิ์,กอบ-วะ-ริด,ผู้สะสมความสำเร็จอันประเสริฐ
กอบศักดิ์,กอบ-สัก,ผู้รักษาเกียรติศักดิ์และอำนาจ
กอบสิน,กอบ-สิน,ผู้สะสมทรัพย์สินและคุณค่า
กอยบุญ,กอย-บุน,ผู้สะสมบุญและความดี
กอลาภ,กะ-ลา-พบ,ผู้มีลาภผลและความสำเร็จ
กอสิน,กอ-สิน,ผู้มีรากฐานแห่งทรัพย์สินและคุณค่า
กะจิ,กะ-จิ,ผู้เปี่ยมด้วยความกล้าเริ่มต้น
กะทิ,กะ-ทิ,น้ำคั้นจากมะพร้าว สื่อถึงความนุ่มละมุนและอุดมสมบูรณ์
กังวาน,กัง-วาน,ผู้มีชื่อเสียง
กัชชลา,กัด-ชะ-ลา,ผู้เกี่ยวข้องกับช้างหรือความสง่างามเข้มแข็ง
กัญจณ์ณลิน,กัน-นะ-ลิน,ดอกบัวทองคำ ผู้บริสุทธิ์งดงามและล้ำค่า
กัญจน์,กัน,ทองคำ ผู้มีคุณค่าและความรุ่งเรือง
กัญจน์กมล,กัน-กะ-มน,ผู้มีดวงใจล้ำค่าดุจทองคำ
กัญจน์ชญา,กัน-ชะ-ยา,ผู้รู้แจ้งอันล้ำค่าดุจทองคำ
กัญจน์ญภัส,กัน-ยะ-พัด,ผู้มีความสว่าง
กัญจน์ธนาหฤษฎ์,กัน-ทะ-นา-หะ-ริด,ผู้มีทรัพย์ทองและความยินดีอันรุ่งเรือง
กัญจน์นภัสรา,กัน-พัด-สะ-รา,ผู้เปล่งประกายทองงามบนฟากฟ้า
กัญจน์ภัส,กัน-พัด,ผู้สว่างไสวล้ำค่าดุจทองคำ
กัญจน์ภัสสร,กัน-พัด-สอน,ผู้เปล่งรัศมีงดงามดุจทอง
กัญจน์รัชต์,กัน-รัด,ผู้มั่งคั่งด้วยอำนาจและคุณค่าดุจทอง
กัญจน์วราห์,กัน-วะ-รา,ผู้ประเสริฐและล้ำค่าดุจทองคำ
กัญจน์วิมล,กัน-วิ-มน,ผู้บริสุทธิ์งดงามและล้ำค่าดุจทอง
กัญจน์สิรี,กัน-สิ-รี,ผู้มีสิริมงคลล้ำค่าดุจทอง
กัญจน์อมร,กัน-อะ-มอน,ผู้มีคุณค่ายั่งยืนดุจทองอมตะ
กัญจน์อมล,กัน-อะ-มน,ผู้มีความบริสุทธิ์และคุณค่า
กัญจนา,กัน-จะ-นา,ทองคำ หญิงผู้มีคุณค่างดงาม
กัญจภรณ์,กัน-จะ-พอน,ผู้ประดับด้วยทองหรือคุณค่าอันงดงาม
กัญจิรา,กัน-จิ-รา,ผู้มีคุณค่าดุจทองยั่งยืนนาน
กัญชรส,กัน-ชะ-รด,ผู้มีรสแห่งความงามล้ำค่า
กัญชลา,กัน-ชะ-ลา,ผู้มีคุณค่า ความละมุน และความอ่อนโยนสง่างาม
กัญชลิกา,กัน-ชะ-ลิ-กา,ผู้มีคุณค่า ความละมุน และความอ่อนโยนสง่างาม
กัญญ์กนิษฐ์,กัน-กะ-นิด,หญิงอ่อนเยาว์ผู้เป็นที่รักและน่าทะนุถนอม
กัญญ์ชญา,กัน-ชะ-ยา,หญิงสาวผู้มีความรู้และปัญญา
กัญญฌัช,กัน-ยะ-ชัด,หญิงผู้เกิดมาพร้อมความดีงาม
กัญญ์ฐญา,กัน-ถะ-ยา,หญิงผู้เปี่ยมความรู้และความมั่นคง
กัญญ์ณณัฏฐ์,กัน-นะ-นัด,หญิงผู้เปี่ยมปัญญาอันลึกซึ้ง
กัญญ์ณภัทร,กัน-นะ-พัด,ผู้มีสิริมงคล ความรู้ และปัญญา
กัญญ์ณภัส,กัน-นะ-พัด,หญิงงามผู้เจิดจรัส
กัญญ์ณรัณ,กัน-นะ-รัน,หญิงผู้กล้าหาญและมีปัญญา
กัญญ์ณัช,กัน-นัด,หญิงผู้เกิดมาพร้อมปัญญา
กัญญ์ณัฏฐ์,กัน-นัด,หญิงนักปราชญ์ผู้เปี่ยมปัญญา
กัญญณัฐ,กัน-ยะ-นัด,หญิงนักปราชญ์ผู้มีปัญญา
กัญญ์ณัฐ,กัน-นัด,หญิงนักปราชญ์ผู้เปี่ยมปัญญา
กัญญณิชา,กัน-ยะ-นิ-ชา,หญิงผู้มีความบริสุทธิ์และปัญญางาม
กัญญนก,กัน-ยะ-นก,ผู้มีความงดงามและความเป็นอิสระ
กัญญ์นภวรรณ,กัน-ยะ-พะ-วัน,หญิงสาวผู้มีผิวพรรณหรือความงามดุจสีท้องฟ้า
กัญญ์นลิน,กัน-นะ-ลิน,หญิงงามดุจดอกบัว
กัญญนันทน์,กัน-ยะ-นัน,หญิงผู้เป็นความยินดีและความสุข
กัญญ์นารา,กัน-นา-รา,ผู้มีความงดงามและความสว่าง
กัญญ์นาริน,กัน-นา-ริน,หญิงผู้เป็นที่รักและสง่างาม
กัญญปภัส,กัน-ยะ-ปะ-พัด,หญิงผู้มีรัศมีสว่างไสว
กัญญภัค,กัน-ยา-พัก,หญิงผู้มีโชคและความสุข
กัญญ์มนันท์,กัน-มะ-นัน,ผู้มีความยินดี
กัญญ์รวินท์,กัน-ระ-วิน,หญิงผู้มีชัยชนะและความสง่างาม
กัญญ์วรรณ,กัน-วัน,หญิงผู้มีวรรณะงดงาม
กัญญ์วรศิริ,กัน-วอ-ระ-สิ-หริ,หญิงผู้มีสิริมงคลอันประเสริฐ
กัญญ์วรัชญ์,กัน-วะ-รัด,หญิงผู้มีปัญญาอันประเสริฐ
กัญญวรา,กัน-ยะ-วะ-รา,หญิงผู้ประเสริฐและงดงาม
กัญญ์วรา,กัน-วะ-รา,หญิงสาวผู้ประเสริฐและเลิศล้ำ
กัญญ์วริน,กัน-วะ-ริน,หญิงผู้ประเสริฐดุจสายน้ำแห่งความดี
กัญญ์วารี,กัน-วา-รี,หญิงงามดุจสายน้ำบริสุทธิ์
กัญญ์วิน,กัน-วิน,หญิงสาวผู้มีความสำเร็จ
กัญญ์วิภิน,กัน-วิ-พิน,หญิงผู้มีความงามแตกต่างและโดดเด่น
กัญญ์วิมล,กัน-วิ-มน,หญิงสาวผู้บริสุทธิ์ปราศจากมลทิน
กัญญ์ศรา,กัน-สอ,หญิงสาวผู้มีสิริมงคล/ความเป็นเลิศ
กัญญ์ศริน,กัน-สิน,หญิงผู้มีเกียรติและความเจริญ
กัญญ์ศิริ,กัน-สิ-หริ,หญิงผู้เป็นสิริมงคล
กัญญ์อร,กัน-ออน,หญิงสาวผู้งดงาม
กัญญ์อริน,กัน-อะ-ริน,หญิงผู้สง่างามและกล้าหาญ
กัญญ์อิฏฐา,กัน-อิ-ดา,หญิงผู้เป็นที่ปรารถนาและน่ารัก
กัญญา,กัน-ยา,หญิงสาวผู้เป็นที่รัก/หญิงงาม
กัญญาณัฏฐ์,กัน-ยา-นัด,หญิงนักปราชญ์ผู้มีปัญญา
กัญญาณัฐ,กัน-ยา-นัด,ผู้มีปัญญา
กัญญาณัฐ์,กัน-ยา-นัด,หญิงผู้เปี่ยมปัญญาและความรู้
กัญญาณัท,กัน-ยา-นัด,หญิงผู้เป็นที่รักและเปี่ยมปัญญา
กัญญานัฐ,กัน-ยา-นัด,หญิงผู้มีปัญญาและความมั่นคง
กัญญาภัค,กัน-ยา-พัก,หญิงผู้มีโชคและความเจริญ
กัญญารักษ์,กัน-ยา-รัก,หญิงผู้ปกป้องรักษาความดี
กัญญารัช,กัน-ยา-รัด,หญิงผู้รุ่งเรืองและมีอำนาจ
กัญญารัตน์,กัน-ยา-รัด,หญิงผู้ล้ำค่าดุจแก้วรัตนะ
กัญญาลภัส,กัน-ยา-ละ-พัด,หญิงผู้ได้รับแสงแห่งโชคลาภ
กัญญาวร,กัน-ยา-วอน,หญิงผู้ประเสริฐ
กัญญาวีร์,กัน-ยา-วี,หญิงผู้กล้าหาญ
กัญญาศิริ,กัน-ยา-สิ-หริ,หญิงผู้มีสิริมงคล
กัญญาอร,กัน-ยา-ออน,หญิงงามผู้อ่อนหวาน
กัญฐณณัฐ,กัน-ถะ-นัด,ผู้มีปัญญาและความมั่นคง
กัญฐณา,กัน-ถะ-นา,ผู้มีคุณค่าและความอ่อนโยนสง่างาม
กัญฐวรรธน์,กัน-ยะ-ถะ-วัด,ผู้เจริญงอกงามด้วยความมั่นคง
กัญธนณัฐ,กัน-ทะ-นะ-นัด,ผู้มั่งคั่งด้วยทรัพย์และปัญญา
กัญภัคดิ์,กัน-ยะ-พัก,ผู้มีโชคและความภักดี
กัญรินทร์,กัน-ยะ-ริน,ผู้เป็นใหญ่และเปี่ยมคุณค่า
กัญวรา,กัน-ยะ-วะ-รา,ผู้ประเสริฐและมีคุณค่า
กัณจน์,กัน,ทองคำ ผู้มีคุณค่าและความรุ่งเรือง
กัณจนา,กัน-จะ-นา,ทองคำ หญิงผู้มีคุณค่า
กัณฐกานต์,กัน-ถะ-กาน,ผู้มีเสียงไพเราะเป็นที่รัก
กัณฐมณี,กัน-ถะ-มะ-นี,แก้วมณีแห่งลำคอ สื่อถึงเสียงอันล้ำค่า
กัณฐัศว์,กัน-นะ-ถะ,ผู้เป็นที่รักและทรงพลังดุจม้า
กัณฐิกา,กัน-ถิ-กา,ผู้มีเสียงไพเราะและอ่อนหวาน
กัณฑ์,กัน,หมวด ตอน หรือเรื่องราวอันมีสาระ
กัณฑ์ภัทร,กัน-พัด-ทรอ,เรื่องราวหรือชีวิตอันดีงามเป็นมงคล
กัณฑ์ยชญ์,กัน-ยด,ผู้มีเกียรติจากความรู้และการบูชาอันดี
กัณฑรัตน์,กัน-ทะ-รัด,เรื่องราวอันล้ำค่าดุจแก้วรัตนะ
กัณณ์,กัน,ผู้เปี่ยมด้วยเสียงไพเราะ
กัณตภณ,กัน-ตะ-พน,ผู้เป็นที่รักและมีวาจาไพเราะ
กัณตวรรณ,กัน-ตะ-วัน,ผู้เป็นที่รักและมีวรรณะงดงาม
กัณตวิชญ์,กัน-ตะ-วิด,นักปราชญ์ผู้เป็นที่รัก
กัณทิมา,กัน-ทิ-มา,ผู้มีแสงงามและเป็นที่รัก
กัณภัทร,กัน-นะ-พัด,ผู้มีความดีงามและเป็นมงคล
กัณยิกา,กัน-ยิ-กา,หญิงสาวผู้อ่อนโยนและน่ารัก
กัณวรา,กัน-วะ-รา,ผู้ประเสริฐและเป็นที่รัก
กัณวีร์,กัน-นะ-วี,ผู้กล้าหาญและเป็นที่รัก
กัณหา,กัน-หา,ผู้มีความงามลุ่มลึกดุจสีดำสนิท
กันจะนะ,กัน-จะ-นะ,ทองคำ ผู้มีคุณค่าและความงดงาม
กันจินะ,กัน-จิ-นะ,ผู้เปี่ยมด้วยการคุ้มครอง
กันใจ,กัน-ใจ,ผู้เป็นที่รักในดวงใจ
กันญภัทร,กัน-ยา-พัด,หญิงผู้มีความดีงามเป็นมงคล
กันต์,กัน,ผู้เป็นที่รักและน่าพอใจ
กันต์กนิษฐ์,กัน-กะ-นิด,ผู้มีความรักและความอ่อนเยาว์
กันต์กมล,กัน-กะ-มน,ผู้เป็นที่รักและมีจิตใจงดงาม
กันต์กร,กัน-กอน,ผู้มีความรักและความสร้างสรรค์
กันต์กรณ์,กัน-กอน,ผู้เป็นที่รักจากการกระทำอันดี
กันต์ณัฐ,กัน-นัด,นักปราชญ์ผู้เป็นที่รัก
กันตณิช,กัน-ตะ-นิด,ผู้บริสุทธิ์และเป็นที่รัก
กันต์ดิศ,กัน-ดิด,ผู้เป็นที่รักและมีทิศทางรุ่งเรือง
กันต์ธนัท,กัน-ทะ-นัด,ผู้เป็นที่รักและมั่งคั่งด้วยปัญญา
กันต์ธร,กัน-ทอน,ผู้ค้ำจุนความรักและความดีงาม
กันต์ธีร์,กัน-ที,ผู้มีความรักและปัญญา
กันต์ธีระ,กัน-ที-ระ,ปราชญ์ผู้กล้าหาญและเป็นที่รัก
กันต์นภันต์,กัน-นะ-พัน,ผู้เป็นที่รักสูงส่งดั่งฟ้า
กันต์นภัส,กัน-นะ-พัด,ผู้เป็นที่รักและเปล่งประกายดั่งฟ้า
กันตนา,กัน-ตะ-นา,หญิงผู้เป็นที่รักและน่าพึงใจ
กันต์พงษ์,กัน-พง,ผู้มีความรัก
กันตพัฒน์,กัน-ตะ-พัด,ผู้มีความเจริญ
กันต์ภณ,กัน-พน,ผู้เป็นที่รักและมีวาจาดี
กันต์ภัทร,กัน-พัด-ทรอ,ผู้เป็นที่รักและเจริญเป็นมงคล
กันตวรรณ,กัน-ตะ-วัน,ผู้เป็นที่รักและมีวรรณะงดงาม
กันตวิชญ์,กัน-ตะ-วิด,นักปราชญ์ผู้เป็นที่รัก
กันต์ศิริ,กัน-สิ-หริ,ผู้เป็นที่รักและมีสิริมงคล
กันต์สิริ,กัน-สิ-หริ,ผู้เป็นที่รักและมีสิริมงคล
กันต์สิรี,กัน-สิ-รี,ผู้เป็นที่รักและเปี่ยมสิริรุ่งเรือง
กันทร,กัน-ทอน,ผู้มีความน่ารักและความรัก
กันธิมา,กัน-ทิ-มา,ผู้มีกลิ่นหอมและเสน่ห์อันน่าชื่นชม
กัลชกร,กัน-ชะ-กอน,ผู้สร้างความดีงามและความสว่าง
กัลชนา,กัน-ชะ-นา,หญิงผู้มีความดีงาม
กัลชลดา,กัน-ชะ-ละ-ดา,ผู้ดีงามดุจสายน้ำเย็น
กัลญา,กัน-ละ-ยา,หญิงผู้ดีงามและอ่อนโยน
กัลน์ธร,กัน-ทอน,ผู้ค้ำจุนความดีงาม
กัลป์,กัน,กาลอันยาวนาน สื่อถึงความมั่นคงยั่งยืน
กัลยกร,กัน-ยะ-กอน,ผู้สร้างความดีงาม/ความเป็นมงคล
กัลยทรรศน์,กัน-ละ-ยะ-ทัด,ผู้มีทัศนะดีงาม
กัลยพัชร,กัน-ละ-ยะ-พัด,ผู้ดีงามล้ำค่าดุจเพชร
กัลยรักษ์,กัน-ละ-ยะ-รัก,ผู้รักษาความดีงาม
กัลยา,กัน-ละ-ยา,หญิงงาม ผู้ดีงามและเป็นมงคล
กัลยาณี,กัน-ละ-ยา-นี,หญิงผู้มีความดีงามและอ่อนโยน
กัลยาวีร์,กัน-ละ-ยา-วี,ผู้ดีงามและกล้าหาญ
กัลวรา,กัน-ละ-วะ-รา,ผู้ประเสริฐด้วยความดีงาม
กัษณ,กัส-สะ-หนะ,ผู้เปี่ยมด้วยฐานะแห่งความดี
กาญจนพร,กาน-จะ-นะ-พอน,ผู้มีพรประเสริฐอันมีค่าดุจทองคำ
กาญจนวัฒน์,กาน-จะ-นะ-วัด,ผู้มีความเจริญรุ่งเรืองอันมีค่าดุจทองคำ
กานต์การัณย์,กาน-กา-รัน,ผู้มีความรัก
กานต์ธิดา,กาน-ทิ-ดา,ลูกสาวผู้เป็นที่รัก
กานต์พิชชา,กาน-พิด-ชา,ผู้มีความรู้ ปัญญา และความรัก
กาสะลอง,กา-สะ-ลอง,ดอกปีบ ดอกไม้ขาวหอมงามบริสุทธิ์
กิกิ,กิ-กิ,ผู้เปี่ยมด้วยความฉลาดว่องไว
กิ่งกาญจน์,กิ่ง-กาน,กิ่งทองหรือผู้แตกแขนงจากคุณค่าอันล้ำเลิศ
กิ่งดาว,กิ่ง-ดาว,ผู้เปล่งประกายงดงามดุจกิ่งแห่งดวงดาว
กิ่งเพชร,กิ่ง-เพ็ด,ผู้ล้ำค่าและแข็งแกร่งดุจกิ่งเพชร
กิ่งฟ้า,กิ่ง-ฟ้า,ผู้สูงส่งและงดงามดั่งกิ่งแห่งฟ้า
กิ่งมณี,กิ่ง-มะ-นี,ผู้ล้ำค่าดุจกิ่งแก้วมณี
กิจ,กิด,งานหรือการกระทำ สื่อถึงผู้ขยันสร้างความสำเร็จ
กิจกมล,กิด-กะ-มน,ผู้ทำงานด้วยหัวใจงดงาม
กิจจา,กิด-จา,ภารกิจหรือหน้าที่อันควรกระทำ
กิจจานนท์,กิด-จา-นน,ผู้มีความสุขยินดีในการงาน
กิจจานี,กิด-จา-นี,ผู้ชำนาญในภารกิจและหน้าที่
กิจจาพร,กิด-จา-พอน,ผู้ได้รับพรจากการทำหน้าที่ดี
กิจธนา,กิด-ทะ-นา,ผู้สร้างทรัพย์จากการงาน
กิจนิรันดร์,กิด-นิ-รัน,ผู้มีภารกิจดีงามอย่างยั่งยืน
กิจใบ,กิด-ไบ,ผู้มีการงานและความฉลาดว่องไว
กิจพัฒน์,กิด-จะ-พัด,ผู้พัฒนางานให้เจริญก้าวหน้า
กิจพิทยา,กิด-จะ-พิด-ทะ-ยา,ผู้มีความรู้ในการงานและภารกิจ
กิณน,กิ-นน,ชื่อประดิษฐ์ สื่อถึงความดีงามและความเจริญ
กิณม,กิ-นม,ชื่อประดิษฐ์ สื่อถึงความดีงามและความเจริญ
กิณฬ,กิน-ละ,ชื่อประดิษฐ์ สื่อถึงความดีงามและความเจริญ
กิตติ,กิด-ติ,ชื่อเสียง
กิตติธัช,กิด-ติ-ทัด,ผู้เป็นธงชัยแห่งเกียรติยศ
กิตตินันท์,กิต-ติ-นัน,ผู้มีชื่อเสียงและความยินดี
กิตติพงศ์,กิด-ติ-พง,ตระกูลอันเป็นที่สรรเสริญ
กิตติศักดิ์,กิด-ติ-สัก,ผู้มีชื่อเสียงและเกียรติยศ
กินรี,กิน-นะ-รี,ผู้มีความงดงาม
กิรณา,กิ-ระ-นา,รัศมีแห่งแสง
กิริฎา,กิ-ริ-ดา,มงกุฎหรือเครื่องหมายแห่งเกียรติยศ
กิษณวิษณ์,กิด-สะ-นะ-วิด,ผู้มีความสุขุมลุ่มลึกและความฉลาดว่องไว
เกียรติคุณ,เกียด-ติ-คุน,ชื่อเสียงอันเกิดจากความดีงาม
เกียรติศักดิ์,เกียด-ติ-สัก,ผู้มีอำนาจ
โกมล,โก-มน,อ่อนโยน นุ่มนวล และงดงาม
โกมลกร,โก-มน-กอน,ผู้มีความอ่อนโยนและความสร้างสรรค์
โกมลคุณ,โก-มน-คุน,ผู้มีความอ่อนโยนและคุณธรรม
โกมลธรรม,โก-มน-ทำ,ผู้มีความอ่อนโยนและความดีงาม
โกมลภัทร,โก-มน-พัด-ทรอ,ผู้มีความอ่อนโยนและความดีงาม
โกมินทร์กร,โก-มิน-กอน,ผู้มีความเป็นผู้นำและความสร้างสรรค์
โกมินทร์คุณ,โก-มิน-คุน,ผู้มีความเป็นผู้นำและคุณธรรม
โกมินทร์ภัทร,โก-มิน-พัด,ผู้มีความเป็นผู้นำและความดีงาม
โกมินทร์วิชญ์,โก-มิน-วิด,ผู้มีความเป็นผู้นำและความรู้
โกลัญญา,โก-ลัน-ยา,ผู้ดีมีตระกูล
โกวิฐ,โก-วิด,ผู้ฉลาดรอบรู้และชำนาญ
โกวิท,โก-วิด,ผู้มีความรู้และปัญญา
โกวิทคุณ,โก-วิด-คุน,ผู้มีความรู้และคุณธรรม
โกวิทธรรม,โก-วิด-ทำ,ผู้มีความรู้และความดีงาม
ไกน,ไก,ชื่อประดิษฐ์ สื่อถึงความดีงามและความเจริญ
ไกร,ไกร,ยิ่งใหญ่ กล้าหาญ และเหนือกว่า
ไกรณัท,ไกร-นัด,ผู้ยิ่งใหญ่ด้วยปัญญาและความรู้
ไกรทอง,ไกร-ทอง,ผู้ยิ่งใหญ่และล้ำค่าดุจทอง
ไกรธรรม,ไกร-ทำ,ผู้มีความดีงาม
ไกรธรรมธรรม,ไกร-ทำ-มะ-ทำ,ผู้มีความดีงาม
ไกรนรา,ไกร-นะ-รา,บุรุษผู้ยิ่งใหญ่และสง่างาม
ไกรภัทรกร,ไกร-พัด-ทระ-กอน,ผู้มีความดีงามและความสร้างสรรค์
ไกรภัทรคุณ,ไกร-พัด-ทระ-คุน,ผู้มีความดีงามและคุณธรรม
ไกรภัทรภัทร,ไกร-พัด-ทรอ-พัด-ทรอ,ผู้มีความดีงาม
ไกรภัทรวิชญ์,ไกร-พัด-ทระ-วิด,ผู้มีความดีงามและความรู้
ไกรโรจน์,ไกร-โรด,ผู้ยิ่งใหญ่และรุ่งเรืองสว่างไสว
ไกรวัชร,ไกร-วัด,ผู้ยิ่งใหญ่แข็งแกร่งดุจเพชร
ไกรวิชญ์,ไกร-วิด,ผู้มีความรู้
ไกรวิชญ์คุณ,ไกร-วิด-ชุ-คน,ผู้มีความรู้และคุณธรรม
ไกรวิชญ์ภัทร,ไกร-วิด-พัด-ทรอ,ผู้มีความรู้และความดีงาม
ไกรศรกร,ไกร-สะ-หระ-กอน,ผู้มีความกล้าหาญและความสร้างสรรค์
ไกรศรคุณ,ไกร-สะ-หนุก,ผู้มีความกล้าหาญและคุณธรรม
ไกรศรธรรม,ไกร-สัน-ทำ,ผู้มีความกล้าหาญและความดีงาม
ไกรศรภัทร,ไกร-สะ-พัด,ผู้มีความกล้าหาญและความดีงาม
ไกรศรวิชญ์,ไกร-สะ-หวิด,ผู้มีความกล้าหาญและความรู้
ไกรสร,ไกร-สอน,ราชสีห์ ผู้กล้าหาญและสง่างาม
ไกรสรกร,ไกร-สอน-กอน,ผู้มีความสง่างามและความสร้างสรรค์
ไกรสรคุณ,ไกร-สะ-หนุน,ผู้มีความสง่างามและคุณธรรม
ไกรสรธรรม,ไกร-สัน-ทำ,ผู้มีความสง่างามและความดีงาม
ไกรสรภัทร,ไกร-สอน-พัด-ทรอ,ผู้มีความสง่างามและความดีงาม
ไกรสรวิชญ์,ไกร-สอ-ระ-วิด,ผู้มีความสง่างามและความรู้
ไกรสิทธิ์,ไกร-สิด,ผู้ยิ่งใหญ่ด้วยอำนาจและความสำเร็จ
ไกวัล,ไก-วัน,ความหลุดพ้นหรือความเป็นหนึ่งอันสูงสุด
ไกษ,ไก-สะ,ชื่อประดิษฐ์ สื่อถึงความดีงามและความเจริญ
ขจร,ขะ-จอน,ฟุ้งไปหรือเลื่องลือ สื่อถึงชื่อเสียงที่แผ่ไกล
ขจรกัณฑ์,ขะ-จอน-กัน,เรื่องราวอันเลื่องลือและทรงคุณค่า
ขจรจบ,ขะ-จอน-จบ,ผู้มีชื่อเสียงงดงามสมบูรณ์
ขจรทองคำ,ขะ-จอน-ทอง-คำ,ผผู้มีชื่อเสียงเลื่องลือและล้ำค่าดุจทองคำ
ขจรวรรณ,ขะ-จอน-วัน,ผู้มีชื่อเสียงและผิวพรรณงดงาม
ขจรวรรณรักษ์,ขะ-จอน-วัน-นะ-รัก,ผู้รักษาเกียรติและความงามอันเลื่องลือ
ขจรวัจน์,ขะ-จอน-วัด,ผู้มีวาจางดงามเลื่องลือ
ขจรอุษา,ขะ-จอน-อุ-สา,รุ่งอรุณอันเป็นที่รู้จักหรือรุ่งอรุณที่มีกลิ่นหอมฟุ้งไปทั่ว
ขต,ขด,ผู้มีหลักมั่นคงและขอบเขตชีวิตชัดเจน
ขบวรวรรณ,ขะ-บอน-วัน-วอน,ผู้มีวรรณะงดงามและเป็นที่นับถือ
ขรรค์,ขัน,ดาบ สื่อถึงความกล้าหาญเด็ดเดี่ยว
ขวัญ,ขวัน,สิ่งเป็นมิ่งมงคลหรือกำลังใจแห่งชีวิต
ขวัญกจร,ขวัน-จะ-กอน,ขวัญอันเลื่องลือและเป็นมงคล
ขวัญกนก,ขวัน-กะ-หนก,ขวัญอันล้ำค่าดุจทองคำ
ขวัญกมล,ขวัน-กะ-มน,ขวัญแห่งดวงใจอันงดงาม
ขวัญกลับ,ขวัน-กะ-บับ,ขวัญที่คืนสู่ความมั่นคงและปลอดภัย
ขวัญขจร,ขวัน-ขะ-จอน,ผู้มีชื่อเสียงและสิริมงคล
ขวัญจร,ขวัน-จอน,ขวัญที่นำพาไปสู่สิ่งดีงาม
ขวัญจิรา,ขวัน-จิ-รา,ขวัญอันยั่งยืนยาวนาน
ขวัญใจ,ขวัน-ใจ,ผู้เป็นที่รักและเป็นสิริมงคลแห่งจิตใจ
ขวัญชญา,ขวัน-ชะ-ยา,ขวัญแห่งปัญญาและความรู้
ขวัญธิดา,ขวัน-ทิ-ดา,ลูกสาวผู้เป็นสิริมงคล
ขวัญนรี,ขวัน-นะ-รี,หญิงผู้เป็นขวัญและความรักของผู้คน
ขวัญนานน,ขวัน-นา-นน,ผู้มีความสุข
ขวัญนารี,ขวัน-นา-รี,หญิงผู้เป็นมิ่งขวัญอันน่ารัก
ขวัญมนัท,ขวัน-มะ-นัด,ขวัญแห่งใจผู้มีความรู้
ขวัญมนัส,ขวัน-มะ-นัด,ขวัญแห่งจิตใจและความรู้สึกดีงาม
ขวัญลักษณ์,ขวัน-ลัก,ผู้มีสิริมงคล
ขวัญวร,ขวัน-วอน,ขวัญอันประเสริฐ
ขวัญวรัชญ์,ขวัน-วะ-รัด,ขวัญแห่งปัญญาอันประเสริฐ
ขวัญวิชญ์,ขวัน-ยิด,ขวัญแห่งนักปราชญ์ผู้รู้
ขวัญศิริลักษ,ขวัน-สิ-หริ-ลัก,ขวัญอันมีสิริและลักษณะงดงาม
ขวัญสรวง,ขวัน-สวง,ขวัญอันสูงส่งดุจสรวงสวรรค์
ขวัญเอิง,ขวัน-เอิง,ขวัญอันสดใสและน่ารัก
ขวัณนนท์,ขวัน-นน,ขวัญแห่งความสุขยินดี
ขวัณภรณ์,ขวัน-พอน,ขวัญอันประดับด้วยความงดงาม
ขวาจอมทอง,ขวาม-จอม-ทอง,ผู้มีความเป็นเลิศและความมั่งคั่ง
ขวานทองคำ,ขวธ-นาง-คำ,ผู้มีความมั่งคั่ง
ขอนทอง,ขอน-ทอง,ท่อนไม้ทองหรือสิ่งมั่นคงที่มีคุณค่า
ขันคำ,ขัน-คำ,ภาชนะทองคำหรือผู้รองรับสิ่งล้ำค่า
ขันทอง,ขัน-ทอง,ภาชนะทองคำ สื่อถึงความมั่งคั่งและคุณค่า
ขันทะ,ขัน-ทะ,ความพอใจใฝ่ดีและความเพียร
ขันธ์,ขัน,หมวดหมู่หรือองค์ประกอบแห่งชีวิต
ขันธม่วง,ขัน-ทะ-ม่วง,ผู้เปี่ยมด้วยองค์ประกอบแห่งชีวิต
ขันธรรม,ขัน-ทำ,ผู้ยึดมั่นในธรรมและความถูกต้อง
ขันธสรณ์,ขัน-ทะ-สอน,ผู้ระลึกถึงหลักธรรมและองค์ประกอบแห่งชีวิต
ขันธาวาร,ขัน-ทา-วาน,ผู้มีฐานแห่งชีวิตอันมั่นคง
ขันธุลา,ขัน-ทุ-ลา,ผู้มีความสง่างามและความอ่อนโยน
ขัมน์,ขำ,ผู้เปี่ยมด้วยพลังมั่นคง
ขิม,ขิม,เครื่องดนตรีไทยชนิดหนึ่ง สื่อถึงความไพเราะอ่อนหวาน
ขิม่,ขิ-ม่,ผู้เปี่ยมด้วยความมั่นคง
ขิมจันทร์,ขิม-จัน,ผู้งดงามหรือไพเราะดุจพระจันทร์และเสียงขิม
ขิมน,ขิ-มน,ผู้มีใจไพเราะอ่อนหวาน
ขิมนนท์,ขิม-นน,ผู้เป็นความสุขอันไพเราะอ่อนหวาน
เขตประกร,เขด-ประ-กอน,ผู้สร้างขอบเขตและหลักฐานให้มั่นคง
เขตอนันต์,เขด-อัน-ตะ,ขอบเขตอันกว้างใหญ่ไร้ประมาณ
เขมจิรา,เขม-จิ-รา,ผู้มีความสุขปลอดภัยยั่งยืนนาน
เขมนิจ,เข-มะ-นิด,ผู้มีความปลอดภัยหรือความเกษมอยู่เสมอเป็นนิตย์
เขมิณทรา,เข-มิน-ทรา,ผู้เป็นใหญ่ในความสงบและความปลอดภัย
เขมินทรา,เข-มิน-ทรา,ผู้เป็นใหญ่ในความเกษมและความร่มเย็น
เขรกรรินทร์,เข-ระ-กริน,ผู้มีความมั่นคง ความสร้างสรรค์ และความเป็นผู้นำ
เขรกรลักษณ์,เขด-รก-ลัก,ผู้มีความมั่นคง ความสร้างสรรค์ และความงดงาม
เขรคุณณัฐ,เขด-คุน-นัด,ผู้มีความมั่นคง คุณธรรม และปัญญา
เขรจิราณัฐ,เขด-ริ-จา-รัน-นะ-ดิ,ผู้มีความมั่นคง ความยั่งยืน และปัญญา
เขรจิราธรรม,เขด-จิ-รา-ทำ,ผู้มีความมั่นคง ความยั่งยืน และความดีงาม
เขรจิราวรรณ,เขด-จะ-ริ-วา-รัน,ผู้มีความมั่นคง ความยั่งยืน และความงดงาม
เขรญารินทร์,เข-ยา-ริน,ผู้มีความมั่นคง ปัญญา และความเป็นผู้นำ
เขรญาลักษณ์,เขด-รา-ยัล,ผู้มีความมั่นคง ปัญญา และความงดงาม
เขรณัฐคุณ,เขด-นัด-คุน,ผู้มีความมั่นคง ปัญญา และคุณธรรม
เขรณัฐจิรา,เขด-นัน-จิ-รา,ผู้มีความมั่นคง ปัญญา และความยั่งยืน
เขรณัฐนนท์,เข-ระ-นัน-ทะ,ผู้มีความมั่นคง ปัญญา และความยินดี
เขรณัฐภัทร,เข-ระ-นัด-พัด,ผู้มีความมั่นคง ปัญญา และความดีงาม
เขรณัฐวรรณ,เขด-นัน-วัด,ผู้มีความมั่นคง ปัญญา และความงดงาม
เขรณัฐวิชญ์,เข-ระ-นัด-ถะ-วิด,ผู้มีความมั่นคง ปัญญา และความรู้
เขรณัฐอร,เข-ระ-นัด-ออน,ผู้มีความมั่นคง ปัญญา และความงดงาม
เขรธรนนท์,เขด-ทอ-ระ-นน,ผู้มีความมั่นคงและความยินดี
เขรธรรมจิรา,เข-ทอน-มิ-จิ-รา,ผู้มีความมั่นคง ความดีงาม และความยั่งยืน
เขรธรรมนนท์,เขด-ทำ-มะ-นน,ผู้มีความมั่นคง ความดีงาม และความยินดี
เขรธรรมวรรณ,เขด-ซำ-มะ-วัน,ผู้มีความมั่นคง ความดีงาม และความงดงาม
เขรธรลักษณ์,เขด-ระ-ลัก,ผู้มีความมั่นคงและความงดงาม
เขรธรวิชญ์,เข-ระ-ทระ-วิด,ผู้มีความมั่นคงและความรู้
เขรนนท์ณัฐ,เข-รน-นะ-นัด,ผู้มีความมั่นคง ความยินดี และปัญญา
เขรนนท์ธร,เข-รน-ทอน,ผู้มีความมั่นคงและความยินดี
เขรนนท์ธรรม,เข-นอน-ทำ,ผู้มีความมั่นคง ความยินดี และความดีงาม
เขรภัทรณัฐ,เข-ระ-พัด-ทระ-นัด,ผู้มีความมั่นคง ความดีงาม และปัญญา
เขรรินทร์กร,เขด-นิ-ทะ-กอน,ผู้มีความมั่นคง ความเป็นผู้นำ และความสร้างสรรค์
เขรรินทร์ญา,เข-ระ-นิ-ยา,ผู้มีความมั่นคง ความเป็นผู้นำ และปัญญา
เขรวรรณณัฐ,เข-ระ-วัน-นัด,ผู้มีความมั่นคง ความงดงาม และปัญญา
เขรวิชญ์ธร,เข-ระ-วิด-ทอน,ผู้มีความมั่นคงและความรู้
เขรอรณัฐ,เขอ-ระ-นัด,ผู้มีความมั่นคง ความงดงาม และปัญญา
เขรินกรณัฐ,เข-ริน-กอ-ระ-นัด,ผู้มีความรุ่งเรือง ความมั่นคง และความสร้างสรรค์
เขรินญาณัฐ,เข-ริ-ยา-นัด,ผู้มีความรุ่งเรือง ความมั่นคง และปัญญา
เขรินณัฐกร,เข-ริน-นัด-ถะ-กอน,ผู้มีความรุ่งเรือง ความมั่นคง และปัญญา
เขรินณัฐญา,เข-ริน-นัด-ถะ-ยา,ผู้มีความรุ่งเรือง ความมั่นคง และปัญญา
เขรินณัฐอร,เข-ริน-นัด-ถอน,ผู้มีความรุ่งเรือง ความมั่นคง และปัญญา
เขรินวรรณ,เข-ริน-วัน,ผู้มีความรุ่งเรือง ความมั่นคง และความงดงาม
เขรินวิชญ์,เข-ริน-วิด,ผู้มีความรุ่งเรือง ความมั่นคง และความรู้
เขรินอรณัฐ,เข-ริน-อะ-นัด,ผู้มีความรุ่งเรือง ความมั่นคง และความงดงาม
เขวกร,เข-วะ-กอน,ผู้มีความก้าวหน้าและความสร้างสรรค์
เขวกรวิชญ์,เข-วะ-กระ-วิด,ผู้มีความก้าวหน้า ความสร้างสรรค์ และความรู้
เขวคุณนนท์,เขด-คุน-นะ-นน,ผู้มีความก้าวหน้า คุณธรรม และความยินดี
เขวญา,เข-วะ-ยา,ผู้มีความก้าวหน้าและปัญญา
เขวญาวิชญ์,เข-วะ-ยา-วิด,ผู้มีความก้าวหน้า ปัญญา และความรู้
เขวณัฐธร,เข-วะ-นัด-ทอน,ผู้มีความก้าวหน้าและปัญญา
เขวณัฐธรรม,เข-วะ-นัด-ถะ-ทำ,ผู้มีความก้าวหน้า ปัญญา และความดีงาม
เขวธรณัฐ,เข-วะ-ทะ-นัด,ผู้มีความก้าวหน้าและปัญญา
เขวธรรมณัฐ,เข-มะ-ทะ-นัน-ด้,ผู้มีความก้าวหน้า ความดีงาม และปัญญา
เขวนนท์คุณ,เข-วน-คุน,ผู้มีความก้าวหน้า ความยินดี และคุณธรรม
เขวนนท์อร,เข-วน-ออน,ผู้มีความก้าวหน้า ความยินดี และความงดงาม
เขววิชญ์กร,เข-วะ-วิด-กอน,ผู้มีความก้าวหน้า ความรู้ และความสร้างสรรค์
เขววิชญ์ญา,เขว-วิด-ยา,ผู้มีความก้าวหน้า ความรู้ และปัญญา
เขววิชญ์อร,เข-วะ-วิด-ออน,ผู้มีความก้าวหน้า ความรู้ และความงดงาม
เขวอรนนท์,เข-วอ-ระ-นน,ผู้มีความก้าวหน้า ความงดงาม และความยินดี
เขวอรวิชญ์,เข-อะ-วะ-ริด,ผู้มีความก้าวหน้า ความงดงาม และความรู้
เขวิกร,ขะ-เวิน-กอน,ผู้มีความก้าวหน้า ความรู้ และความสร้างสรรค์
เขวิกรญา,เข-วิน-ยะ-กา,ผู้มีความก้าวหน้า ความรู้ และความสร้างสรรค์
เขวิกรธรรม,เข-วิ-กระ-ทำ,ผู้มีความก้าวหน้า ความรู้ และความสร้างสรรค์
เขวิคุณ,เข-วิ-คุน,ผู้มีความก้าวหน้า ความรู้ และคุณธรรม
เขวิคุณณัฐ,เข-วิ-คุน-นัด,ผู้มีความก้าวหน้า ความรู้ และคุณธรรม
เขวิญา,เข-วิ-ยา,ผู้มีความก้าวหน้า ความรู้ และปัญญา
เขวิญาธรรม,เข-วิ-ยา-ทำ,ผู้มีความก้าวหน้า ความรู้ และปัญญา
เขวิณัฐคุณ,เข-วิ-นัด-คุน,ผู้มีความก้าวหน้า ความรู้ และปัญญา
เขวิณัฐธร,เข-วิ-นัด-ถะ-กอน,ผู้มีความก้าวหน้า ความรู้ และปัญญา
เขวิณัฐอร,เข-วิ-นัด,ผู้มีความก้าวหน้า ความรู้ และปัญญา
เขวิธรณัฐ,เข-วิ-ทะ-นะ-รัด,ผู้มีความก้าวหน้า ความรู้ และปัญญา
เขวิธรนนท์,เข-วิ-ทะ-นะ-รน,ผู้มีความก้าวหน้า ความรู้ และความยินดี
เขวิธรรมกร,เข-วิ-ทำ-มะ-กอน,ผู้มีความก้าวหน้า ความรู้ และความดีงาม
เขวิธรรมญา,เข-วิ-ทำ-ยา,ผู้มีความก้าวหน้า ความรู้ และความดีงาม
เขวิธรรมอร,เข-วิ-ทำ-มอน,ผู้มีความก้าวหน้า ความรู้ และความดีงาม
เขวิธรวรรณ,เข-วิ-ทอน-วัน,ผู้มีความก้าวหน้า ความรู้ และความงดงาม
เขวินนท์ธร,เข-วิน-ทอน,ผู้มีความก้าวหน้า ความรู้ และความยินดี
เขวินนท์อร,เข-วิน-นอน,ผู้มีความก้าวหน้า ความรู้ และความยินดี
เขวิภัทร,เข-วิ-พัด,ผู้มีความก้าวหน้า ความรู้ และความดีงาม
เขวิรินทร์,เข-วิ-ริน,ผู้มีความก้าวหน้า ความรู้ และความเป็นผู้นำ
เขวิวรรณธร,เข-วิ-นัน,ผู้มีความก้าวหน้า ความรู้ และความงดงาม
เขวิอร,เข-วิ-ออน,ผู้มีความก้าวหน้า ความรู้ และความงดงาม
เขวิอรณัฐ,เข-วิ-ออน-นัด,ผู้มีความก้าวหน้า ความรู้ และความงดงาม
เขวิอรธรรม,เข-วิ-ทอน-มำ,ผู้มีความก้าวหน้า ความรู้ และความงดงาม
เขวิอรนนท์,เข-วิ-ออน-นน,ผู้มีความก้าวหน้า ความรู้ และความงดงาม
แข็งแรง,แข็ง-แรง,มีกำลังสมบูรณ์ มั่นคง และทนทาน
โขธรกร,โข-ทะ-ระ-กอน,ผู้มีคุณธรรม ความมั่นคง และความสร้างสรรค์
โขธรกรญา,โข-ทอน-กะ-ระ-ยา,ผู้มีคุณธรรม ความมั่นคง และความสร้างสรรค์
โขธรกรธรรม,โขด-ซะ-กำ-ทะ-ระ,ผู้มีคุณธรรม ความมั่นคง และความสร้างสรรค์
โขธรกรวิชญ์,โข-ทะ-ระ-กอน-วิด,ผู้มีคุณธรรม ความมั่นคง และความสร้างสรรค์
โขธรคุณ,โขด-ทะ-รุน,ผู้มีคุณธรรมและความมั่นคง
โขธรคุณณัฐ,โขด-ทะ-รุน-นัด,ผู้มีคุณธรรม ความมั่นคง และปัญญา
โขธรคุณธรรม,โขด-คะ-ทะ-รุน-คุ-ทำ,ผู้มีคุณธรรม ความมั่นคง และความดีงาม
โขธรคุณนนท์,โขด-ทะ-รุน-นน,ผู้มีคุณธรรม ความมั่นคง และความยินดี
โขธรญา,โขด-ทะ-ระ-ยา,ผู้มีคุณธรรม ความมั่นคง และปัญญา
โขธรญาธรรม,โขด-ซะ-ทา-ระ-ยะ-ทำ,ผู้มีคุณธรรม ความมั่นคง และปัญญา
โขธรญาวิชญ์,โขด-ทรา-ยา-วิด,ผู้มีคุณธรรม ความมั่นคง และปัญญา
โขธรณัฐคุณ,โขด-ทะ-นัน-คุ-นะ,ผู้มีคุณธรรม ความมั่นคง และปัญญา
โขธรณัฐธร,โข-ทะ-ระ-นัด-ถะ-ทอน,ผู้มีคุณธรรม ความมั่นคง และปัญญา
โขธรณัฐภัทร,โข-ทะ-นะ-รัด-ถะ-พัด,ผู้มีคุณธรรม ความมั่นคง และปัญญา
โขธรณัฐวรรณ,โขด-ทะ-นัน-ระ-วัด,ผู้มีคุณธรรม ความมั่นคง และปัญญา
โขธรณัฐอร,โข-ทะ-นอ-ระ-อัด,ผู้มีคุณธรรม ความมั่นคง และปัญญา
โขธรธรณัฐ,โข-ทอ-ระ-ทะ-นัด,ผู้มีคุณธรรม ความมั่นคง และปัญญา
โขธรธรนนท์,โขด-ทะ-ระ-ทน,ผู้มีคุณธรรม ความมั่นคง และความยินดี
โขธรธรรมกร,โขด-ซะ-ทำ-มะ-กอน,ผู้มีคุณธรรม ความมั่นคง และความดีงาม
โขธรธรรมคุณ,โขด-ทำ-มะ-ทุน-คอน,ผู้มีคุณธรรม ความมั่นคง และความดีงาม
โขธรธรรมญา,โขด-ทำ-มะ-ทะ-ยา,ผู้มีคุณธรรม ความมั่นคง และความดีงาม
โขธรธรรมอร,โข-ทอ-ระ-ทำ-มะ-ออน,ผู้มีคุณธรรม ความมั่นคง และความดีงาม
โขธรธรวรรณ,โขด-ซะ-ทะ-ระ-วัน,ผู้มีคุณธรรม ความมั่นคง และความงดงาม
โขธรนนท์คุณ,โขด-ซะ-นะ-คุน,ผู้มีคุณธรรม ความมั่นคง และความยินดี
โขธรนนท์ธร,โขด-ซะ-นะ-นน,ผู้มีคุณธรรม ความมั่นคง และความยินดี
โขธรนนท์อร,โขด-ทอน-นอน,ผู้มีคุณธรรม ความมั่นคง และความยินดี
โขธรภัทร,โข-ทอน-รัด,ผู้มีคุณธรรม ความมั่นคง และความดีงาม
โขธรภัทรณัฐ,โข-ทอน-รัด-นัด,ผู้มีคุณธรรม ความมั่นคง และความดีงาม
โขธรรินทร์,โข-ทะ-ระ-นิน,ผู้มีคุณธรรม ความมั่นคง และความเป็นผู้นำ
โขธรวรรณณัฐ,โข-ทะ-วัน-นะ-วัด,ผู้มีคุณธรรม ความมั่นคง และความงดงาม
โขธรวรรณธร,โข-ทะ-วัน-ทะ-ระ-นะ,ผู้มีคุณธรรม ความมั่นคง และความงดงาม
โขธรวิชญ์กร,โข-ทะ-ระ-วิด-ชะ-กอน,ผู้มีคุณธรรม ความมั่นคง และความรู้
โขธรวิชญ์ญา,โขด-ซะ-วิด-ชะ-ยา,ผู้มีคุณธรรม ความมั่นคง และความรู้
โขธรอร,โข-ทอ-รอน,ผู้มีคุณธรรม ความมั่นคง และความงดงาม
โขธรอรณัฐ,โข-ทอ-รอน-นัด,ผู้มีคุณธรรม ความมั่นคง และความงดงาม
โขธรอรธรรม,โขด-อะ-ทอน-ระ-มี,ผู้มีคุณธรรม ความมั่นคง และความงดงาม
โขธรอรนนท์,โข-ทอ-รอน-นน,ผู้มีคุณธรรม ความมั่นคง และความงดงาม
โขรินกร,ขะ-เริน-กอน,ผู้มีความรุ่งเรืองและความสร้างสรรค์
โขรินกรณัฐ,ขะ-เริน-กอน-นัด,ผู้มีความรุ่งเรือง ความสร้างสรรค์ และปัญญา
โขรินกรธรรม,ขะ-โริน-กรม-รด,ผู้มีความรุ่งเรือง ความสร้างสรรค์ และความดีงาม
โขรินกรนนท์,ขะ-เริน-กอน-นน,ผู้มีความรุ่งเรือง ความสร้างสรรค์ และความยินดี
โขรินญา,โข-ริน-ยา,ผู้มีความรุ่งเรืองและปัญญา
โขรินญาณัฐ,โข-ริน-ยา-นัด,ผู้มีความรุ่งเรืองและปัญญา
โขรินณัฐกร,โข-ริน-นัด-ถะ-กอน,ผู้มีความรุ่งเรือง ปัญญา และความสร้างสรรค์
โขรินณัฐญา,โข-ริน-นัด-ยา,ผู้มีความรุ่งเรืองและปัญญา
โขรินณัฐธร,โข-ริน-นัด-ทะ-นะ,ผู้มีความรุ่งเรืองและปัญญา
โขรินธรณัฐ,ขะ-ริน-ทอ-ระ-นัด,ผู้มีความรุ่งเรืองและปัญญา
โขรินธรรม,ขะ-ริน-ทำ,ผู้มีความรุ่งเรืองและความดีงาม
โขรินวิชญ์,โข-ริน-วิด,ผู้มีความรุ่งเรืองและความรู้
โขวิทญาณัฐ,ขะ-วิด-ยา-นัด,ผู้มีความรู้และปัญญา
โขวิทณัฐกร,โข-วิด-ทะ-นัด-ถะ-กอน,ผู้มีความรู้ ปัญญา และความสร้างสรรค์
โขวิทณัฐญา,โขว-ทิด-นัด-ยา,ผู้มีความรู้และปัญญา
โขวิทณัฐอร,โขว-ทิด-อะ-นัด,ผู้มีความรู้ ปัญญา และความงดงาม
โขวิทวรรณ,โข-วิด-ทะ-วัน,ผู้มีความรู้และความงดงาม
โขวิทวิชญ์,โข-วิด-ทะ-ยิด,ผู้มีความรู้
โขวิทอรณัฐ,โขว-ทิ-อะ-นัด,ผู้มีความรู้ ความงดงาม และปัญญา
โขวินกรคุณ,ขวิ-วน-กอน-คน,ผู้มีความก้าวหน้า ความสร้างสรรค์ และคุณธรรม
โขวินกรณัฐ,ขวิ-วอน-กะ-นัด,ผู้มีความก้าวหน้า ความสร้างสรรค์ และปัญญา
โขวินกรอร,ขวา-วิน-กรอน,ผู้มีความก้าวหน้า ความสร้างสรรค์ และความงดงาม
โขวินคุณกร,โขว-นิน-คุน-กะ-รบ,ผู้มีความก้าวหน้า คุณธรรม และความสร้างสรรค์
โขวินคุณญา,โขว-นิ-คุ-ยา,ผู้มีความก้าวหน้า คุณธรรม และปัญญา
โขวินคุณอร,ขวะ-เหนิน-คุน-ออน,ผู้มีความก้าวหน้า คุณธรรม และความงดงาม
โขวินจิรา,โขว-จิน-จิ-รา,ผู้มีความก้าวหน้าและความยั่งยืน
โขวินญาคุณ,โขว-นิ-ยา-คุน,ผู้มีความก้าวหน้า ปัญญา และคุณธรรม
โขวินญาณัฐ,โขว-ลิ-ยา-นัด,ผู้มีความก้าวหน้าและปัญญา
โขวินญาอร,ขวิ-ยาน-ออน,ผู้มีความก้าวหน้า ปัญญา และความงดงาม
โขวินณัฐกร,โข-วิน-นัด-ถะ-กอน,ผู้มีความก้าวหน้า ปัญญา และความสร้างสรรค์
โขวินณัฐญา,โขว-ลิด-นัด,ผู้มีความก้าวหน้าและปัญญา
โขวินนนท์,ขวิ-นิน,ผู้มีความก้าวหน้าและความยินดี
โขวินวรรณ,โขว-วิ-นัน,ผู้มีความก้าวหน้าและความงดงาม
โขวินวิชญ์,โข-วิน-วิด,ผู้มีความก้าวหน้าและความรู้
โขวินอรกร,โข-วิน-อะ-ระ-กอน,ผู้มีความก้าวหน้า ความงดงาม และความสร้างสรรค์
โขวินอรคุณ,โขว-นิ-อะ-คุน,ผู้มีความก้าวหน้า ความงดงาม และคุณธรรม
โขวินอรญา,โข-วิน-อะ-ยา,ผู้มีความก้าวหน้า ความงดงาม และปัญญา
ไขธรกร,ไข-ทะ-ระ-กอน,ผู้มีคุณธรรมและความสร้างสรรค์
ไขธรกรณัฐ,ไข-ทะ-ระ-กอน-นัด,ผู้มีคุณธรรม ความสร้างสรรค์ และปัญญา
ไขธรกรธรรม,ไข-ทอ-ระ-กำ,ผู้มีคุณธรรม ความสร้างสรรค์ และความดีงาม
ไขธรกรนนท์,ไข-ทะ-ระ-กอน-นน,ผู้มีคุณธรรม ความสร้างสรรค์ และความยินดี
ไขธรจิราธร,ไข-ทระ-รา-จิ-ทอน,ผู้มีคุณธรรมและความยั่งยืน
ไขธรจิราอร,ไข-ทริ-จาน-อิ-รา,ผู้มีคุณธรรม ความยั่งยืน และความงดงาม
ไขธรญา,ไข-ทะ-ระ-ยา,ผู้มีคุณธรรมและปัญญา
ไขธรญาณัฐ,ไข-ทะ-ระ-ยา-นัด,ผู้มีคุณธรรมและปัญญา
ไขธรญาธรรม,ไข-ทะ-ระ-ยา-ระ-ทำ,ผู้มีคุณธรรม ปัญญา และความดีงาม
ไขธรญานนท์,ไข-ทะ-ระ-ยา-นน,ผู้มีคุณธรรม ปัญญา และความยินดี
ไขธรณัฐกร,ไข-ทะ-รัน-นะ-กอน,ผู้มีคุณธรรม ปัญญา และความสร้างสรรค์
ไขธรณัฐญา,ไข-ทะ-รัน-ดา,ผู้มีคุณธรรมและปัญญา
ไขธรณัฐธร,ไข-ทะ-ระ-นัด-ถะ-ทอน,ผู้มีคุณธรรมและปัญญา
ไขธรธรจิรา,ไข-ทระ-รา-จิ-ทรา,ผู้มีคุณธรรมและความยั่งยืน
ไขธรธรณัฐ,ไข-ทอ-ระ-นะ-ทัด,ผู้มีคุณธรรมและปัญญา
ไขธรธรธรรม,ไข-ทะ-ระ-ทำ,ผู้มีคุณธรรมและความดีงาม
ไขธรธรรม,ไข-ทำ-ระ-ทิม,ผู้มีคุณธรรมและความดีงาม
ไขธรธรรมกร,ไข-ทำ-ระ-ทิม-กอน,ผู้มีคุณธรรม ความดีงาม และความสร้างสรรค์
ไขธรธรรมญา,ไข-ทำ-กะ-ระ-ยา,ผู้มีคุณธรรม ความดีงาม และปัญญา
ไขธรธรรมธร,ไข-ทำ-ทะ-ระ-ทอม,ผู้มีคุณธรรมและความดีงาม
ไขธรธรรมอร,ไข-ทำ-ระ-ทิม-ออน,ผู้มีคุณธรรม ความดีงาม และความงดงาม
ไขธรธรวรรณ,ไข-ทระ-ทอ-ระ-วัน,ผู้มีคุณธรรมและความงดงาม
ไขธรนนท์กร,ไข-ทอ-ระ-นะ-กน,ผู้มีคุณธรรม ความยินดี และความสร้างสรรค์
ไขธรนนท์ญา,ไข-ทอ-ระ-นะ-ยา,ผู้มีคุณธรรม ความยินดี และปัญญา
ไขธรรินทร์,ไข-ทัน-นิ,ผู้มีคุณธรรมและความเป็นผู้นำ
ไขธรวรรณธร,ไข-ทอ-ระ-วัน,ผู้มีคุณธรรมและความงดงาม
ไขธรวิชญ์,ไข-ทะ-ระ-วิด,ผู้มีคุณธรรมและความรู้
ไขธรอรจิรา,ไข-ทอ-ระ-อะ-จิ-รา,ผู้มีคุณธรรม ความงดงาม และความยั่งยืน
ไขธรอรธรรม,ไข-ทอ-ระ-ทอน,ผู้มีคุณธรรม ความงดงาม และความดีงาม
ไขรินคุณธร,ไข-ริน-คุน-นะ-คอน,ผู้มีความรุ่งเรืองและคุณธรรม
ไขรินคุณอร,ไข-ริน-คุน-ออน,ผู้มีความรุ่งเรือง คุณธรรม และความงดงาม
ไขรินณัฐ,ไข-ริน-นัด,ผู้มีความรุ่งเรืองและปัญญา
ไขรินณัฐธร,ไข-ริน-นะ-ทัด,ผู้มีความรุ่งเรืองและปัญญา
ไขรินธรคุณ,ไข-ริน-ทอ-ระ-คุน,ผู้มีความรุ่งเรืองและคุณธรรม
ไขรินธรณัฐ,ไข-ริน-ทอน-นัด,ผู้มีความรุ่งเรืองและปัญญา
ไขรินธรรม,ไข-ริน-ทำ,ผู้มีความรุ่งเรืองและความดีงาม
ไขรินธรอร,ไข-ริน-ทอ-ระ,ผู้มีความรุ่งเรืองและความงดงาม
ไขรินนนท์,ไข-ริ-นน,ผู้มีความรุ่งเรืองและความยินดี
ไขรินอรธร,ไข-ริน-ออน,ผู้มีความรุ่งเรืองและความงดงาม
ไขวรกรคุณ,ไขว-ระ-กอน-คุน,ผู้มีความประเสริฐ ความสร้างสรรค์ และคุณธรรม
ไขวรกรณัฐ,ไข-วอ-ระ-นะ-กอน-รัด,ผู้มีความประเสริฐ ความสร้างสรรค์ และปัญญา
ไขวรกรอร,ไข-วอน-กรอ,ผู้มีความประเสริฐ ความสร้างสรรค์ และความงดงาม
ไขวรคุณกร,ไขว-ระ-คุน-นะ-กอน,ผู้มีความประเสริฐ คุณธรรม และความสร้างสรรค์
ไขวรคุณญา,ไขว-รุน-คุ-ยา,ผู้มีความประเสริฐ คุณธรรม และปัญญา
ไขวรคุณอร,ไขว-คอน-อุ-นอน,ผู้มีความประเสริฐ คุณธรรม และความงดงาม
ไขวรจิรา,ไขว-ริ-จะ-รา,ผู้มีความประเสริฐและความยั่งยืน
ไขวรญาคุณ,ไขร-อะ-นา-ยุก,ผู้มีความประเสริฐ ปัญญา และคุณธรรม
ไขวรญาณัฐ,ไข-รอ-ยา-นัด,ผู้มีความประเสริฐและปัญญา
ไขวรญาอร,ไข-วอน-ยา-ออน,ผู้มีความประเสริฐ ปัญญา และความงดงาม
ไขวรณัฐกร,ไข-วอ-ระ-นัด-ถะ-กอน,ผู้มีความประเสริฐ ปัญญา และความสร้างสรรค์
ไขวรณัฐญา,ไข-ระ-นะ-วัด-ถะ-ยา,ผู้มีความประเสริฐและปัญญา
ไขวรนนท์,ไข-วะ-รน,ผู้มีความประเสริฐและความยินดี
ไขวรวรรณ,ไขว-ระ-วัน,ผู้มีความประเสริฐและความงดงาม
ไขวรวิชญ์,ไข-รวด-ชิ,ผู้มีความประเสริฐและความรู้
ไขวรอรกร,ไขว-รอ-ระ-กอน,ผู้มีความประเสริฐ ความงดงาม และความสร้างสรรค์
ไขวรอรคุณ,ไขว-รอ-คุน,ผู้มีความประเสริฐ ความงดงาม และคุณธรรม
ไขวรอรญา,ไข-รอน-อา-ยา,ผู้มีความประเสริฐ ความงดงาม และปัญญา
ไขวินกรญา,ไข-วิน-กอ-ระ-ยา,ผู้มีความรู้ ความสร้างสรรค์ และปัญญา
ไขวินกรอร,ไขว-นิก-ขอ-รอ,ผู้มีความรู้ ความสร้างสรรค์ และความงดงาม
ไขวินคุณ,ไขว-นิน,ผู้มีความรู้และคุณธรรม
ไขวินจิรา,ไข-วิน-จิ-รา,ผู้มีความรู้และความยั่งยืน
ไขวินญาอร,ไขว-นิ-ยา,ผู้มีความรู้ ปัญญา และความงดงาม
ไขวินณัฐ,ไขว-นิ-ถั,ผู้มีความรู้และปัญญา
ไขวินธรอร,ไข-วิน-ทอน,ผู้มีความรู้และความงดงาม
ไขวินนนท์,ไข-วิน-นน,ผู้มีความรู้และความยินดี
ไขวินภัทร,ไข-วิน-พัด,ผู้มีความรู้และความดีงาม
ไขวินวรรณ,ไขว-นิว,ผู้มีความรู้และความงดงาม
ไขวินอร,ไขว-นิ-ออน,ผู้มีความรู้และความงดงาม
ไขวินอรกร,ไขว-นิ-ออน-กอน,ผู้มีความรู้ ความงดงาม และความสร้างสรรค์
ไขวินอรญา,ไข-วิน-อะ-ยา,ผู้มีความรู้ ความงดงาม และปัญญา
ไขวินอรธร,ไขว-อิน-ทรอ,ผู้มีความรู้และความงดงาม
คคนะ,คะ-คะ-นะ,ท้องฟ้า อากาศ หรือความสูงโปร่ง
คคนานต์,คะ-คะ-นาน,ผู้กว้างไกลดุจท้องฟ้าอันไม่มีที่สุด
คง,คง,มั่นคง แน่วแน่ และไม่เปลี่ยนแปลงง่าย
คงคา,คง-คา,แม่น้ำคงคา สายน้ำศักดิ์สิทธิ์และอุดมสมบูรณ์
คงแคล้ว,คง-แคล้ว,ผู้มั่นคงและแคล้วคลาดจากภัย
คงจันทร์,คง-จัน,ผู้มั่นคงและงดงามเย็นใจดุจจันทร์
คงเจริญ,คง-จะ-เริน,ผู้มั่นคงในความเจริญรุ่งเรือง
คงเพชร,คง-เพ็ด,ผู้มั่นคงแข็งแกร่งดุจเพชร
คงวัดใหม่,คง-วัด-ไหม่,ผู้มั่นคงในถิ่นฐานและศรัทธาใหม่
คงวิไล,คง-วิ-ไล,ผู้มั่นคงในความงดงาม
คงเวหน,คง-เวน,ผู้มั่นคงสูงส่งดุจฟากฟ้า
คงอ่อน,คง-อ่อน,ผู้มีความมั่นคงแต่อ่อนโยน
คงอาจหาญ,คง-อาด-หาน,ผู้มั่นคงและกล้าหาญ
คชษิน,คด-สะ-ชิน,ผู้สง่างามดุจช้างและมีความสงบมั่นคง
คชาธร,คะ-ชา-ทอน,ผู้ทรงไว้ซึ่งช้าง
คชิน,คะ-ชิน,ชื่อประดิษฐ์ สื่อถึงความดีงามและความเจริญ
คณกมลทอง,คะ-นะ-กะ-มน-ทอง,ผู้มีความบริสุทธิ์ ความงดงาม และความมั่งคั่ง
คณกร,คะ-นะ-กอน,ผู้สร้างคุณประโยชน์แก่หมู่ชน
คณทอง,คน-ทอง,ผู้มีความมั่งคั่ง
คณทองคำ,คน-ทอง-คำ,ผู้มีความมั่งคั่ง
คณนภัค,คะ-นน-นะ-พัก,ผู้มีโชคดีในหมู่ชนและสูงส่งดั่งฟ้า
คณนันท์,คะ-นะ-นัน,ผู้เป็นความยินดีของหมู่ชน
คณภณ,คะ-นะ-พน,ผู้มีวาจาดีในหมู่ชน
คณภร,คะ-นะ-พอน,ผู้ค้ำจุนหมู่ชน
คณภรณ์,คะ-นะ-พอน,ผู้เป็นเครื่องประดับของหมู่ชน
คณภัทร,คะ-นะ-พัด,ผู้เป็นมงคลแก่หมู่ชน
คณม,คะ-นม,ชื่อประดิษฐ์ สื่อถึงความดีงามและความเจริญ
คณวัท,คะ-นะ-วัด,ผู้เป็นที่ยกย่องของหมู่คณะ
คณวิน,คะ-นะ-วิน,ผู้มีชัยชนะในหมู่ชน
คณวินธร,คะ-นะ-วิน-ทอน,ผู้มีความก้าวหน้า
คณัช,คะ-นัด,ผู้เกิดมาเพื่อหมู่ชน
คณัท,คะ-นัด,ผู้เปี่ยมความรู้ในหมู่ชน
คณัทธร,คะ-นัด-ทอน,ผู้นำหมู่คณะผู้มีอำนาจ
คณัทวิน,คะ-นัด-วิน,ผู้นำหมู่คณะผู้มีชัยชนะ
คณา,คะ-นา,หมู่ คณะ หรือชุมชน
คณาธร,คะ-นา-ทอน,ผู้ค้ำจุนหมู่ชน
คณาธิป,คะ-นา-ทิบ,ผู้นำหรือผู้เป็นใหญ่ในหมู่ชน
คณานัท,คะ-นา-นัด,ผู้เป็นที่รักและมีความรู้ในหมู่ชน
คณามัน,คะ-นา-มัน,ผู้มีหมู่ชนและความมั่นคง
คณาวัน,คะ-นา-วัน,ผู้เป็นมงคลแก่หมู่ชนในวันดี
คณิญา,คะ-นิ-ยา,หญิงผู้เป็นที่รักของหมู่ชน
คณิณ,คะ-นิน,ผู้มีคุณค่า
คณิณวิน,คะ-นิน-วิน,ผู้มีคุณค่าและความก้าวหน้า
คณิน,คะ-นิน,ผู้เป็นใหญ่ในหมู่คณะ
คณินท์,คะ-นิน,ผู้เป็นใหญ่ในหมู่คณะ
คณินทน,คะ-นิน-ทน,ผู้เป็นใหญ่และมั่นคงในหมู่ชน
คณินทร์,คะ-นิน,ผู้เป็นใหญ่ในหมู่ชน
คณินธร,คะ-นิน-ทอน,ผู้ค้ำจุนกลุ่มให้เป็นใหญ่
คณิศ,คะ-นิด,ผู้เป็นใหญ่ในหมู่คณะ
คณิศธร,คะ-นิด-ทอน,ผู้ค้ำจุนกลุ่มให้เป็นใหญ่
คณิศร,คะ-นิด-สอน,ผู้มีความมุ่งมั่น
คณิสร,คะ-นิ-สอน,ผู้มีความเป็นผู้นำและความเป็นอิสระ
คณิสรน,คะ-นิ-สอน-สน,ผู้เป็นที่พึ่งของหมู่ชน
คนานถ์,คะ-นาด,ผู้เป็นที่พึ่งอันกว้างใหญ่
คนารัน,คะ-นา-รัน,ผู้เปี่ยมด้วยความกว้างใหญ่
คนิศร,คะ-นิ-สอน,ผู้เป็นใหญ่เหนือหมู่ชน
คปิน,คะ-ปิน,ชื่อประดิษฐ์ สื่อถึงความดีงามและความเจริญ
คม,คม,แหลม เฉียบ หรือมีไหวพริบดี
คมกร,คม-กอน,ผู้มีฝีมือเฉียบคม
คมคณินณ์,คม-คะ-นิน,ผู้เฉียบคมและเป็นใหญ่ในหมู่ชน
คมฐณิษฎ์,คม-ถะ-นิด,ผู้เฉียบคมและมั่นคงในความดี
คมธันวา,คม-มะ-ทัน-วา,ผู้เฉียบคมดุจคันธนูแห่งเดือนธันวา
คมน,คะ-มน,จิตใจ
คมภัทร,คม-พัด-ทรอ,ผู้มีความเฉลียวฉลาดดีงามและเจริญรุ่งเรือง
คมศักดิ์,คม-สัก,ผู้มีเกียรติยศ
คมอนันต์,คม-อะ-นัน,ผู้มีปัญญาเฉียบคมไร้ขอบเขต
คมัก,คะ-มัก,ผู้เปี่ยมด้วยปัญญาเฉียบคม
คมิก,คะ-มิก,ผู้ก้าวหน้า
ครคง,คระ-คง,ผู้มั่นคงในวิถีแห่งตน
ครองใจ,ครอง-ไจ,ผู้เป็นเจ้าของดวงใจและความรัก
ครองตน,ครอง-ตน,ผู้รู้จักรักษาตนและดำรงตนอย่างเหมาะสม
ครองรัก,ครอง-รัก,ผู้รักษาความรักให้มั่นคง
คริณ,คริน,ผู้มีค่าดุจทอง
คริณท์,คะ-ริน,ผู้มีค่าดุจทองผู้เป็นใหญ่
คริณธร,คะ-ริน-ทอน,ผู้มีค่าดุจทองผู้ค้ำจุน
คริณธา,คะ-ริน-ทา,ผู้ทรงไว้ซึ่งสิ่งสร้าง
คริณธิน,คะ-ริน-ทิน,ผู้มีค่าดุจทองและมีทรัพย์
คริณภัทร,คริน-พัด-ทรอ,ผู้มีค่าดุจทองและเป็นสิริมงคล
คริณวิน,คริน-วิน,ผู้มีค่าดุจทองและประสบความสำเร็จ
คริณา,คะ-ริ-นา,ผู้มีค่าดุจทอง
คริณาวิน,คะ-ริ-นา-วิน,ผู้มีค่าดุจทอง และเป็นผู้ชนะ
คริศ,คะ-ริด,ผู้เปี่ยมด้วยความรุ่งเรือง
คริสตินา,คริด-ติ-นา,ชื่อนี้ไม่ใช่คำสมาส/สนธิ บาลี-สันสกฤต แต่เป็นชื่อสากลที่ม…
ครุธโกษา,ครุ-โกด-สา,ผู้มีทรัพย์หรือคลังอันยิ่งใหญ่ดุจพญาครุฑ
ครุธหอม,ครุด-หอม,ผู้สง่างามและมีเสน่ห์ดุจกลิ่นหอม
คล่อง,คล่อง,ว่องไว ชำนาญ และทำสิ่งต่าง ๆ ได้ราบรื่น
คลังเพชร,คลัง-เพ็ด,แหล่งรวมคุณค่าล้ำค่าดุจเพชร
ควร,ควน,เหมาะสม สมควร และคู่ควรแก่ความดี
ควิณ,ควิน,ผู้เปี่ยมด้วยความฉลาดว่องไว
ควินท์,ควิน,ผู้มีความก้าวหน้า
ควินธร,ควิน-ทอน,ผู้มีความก้าวหน้า
ควินน์,ควิน,ผู้มีผู้นำที่สง่างามและชัยชนะ
ควินภัทร,ควิน-พัด,ผู้มีความก้าวหน้าและความดีงาม
คหรุโจด,คะ-หรุ-โจด,ผู้เปี่ยมด้วยเรือนอันมั่นคง
คหัง,คะ-หัง,เรือนหรือเคหสถาน สื่อถึงความมั่นคงในบ้าน
คหัสธรรม,คะ-หัด-ทำ,ธรรมของผู้ครองเรือนหรือหลักชีวิตคฤหัสถ์
คอมแพงจันทร์,คอง-แพง-จัน,ผู้เป็นที่รักและงดงามดุจจันทร์
คะณา,คะ-นา,หมู่คณะหรือกลุ่มชน
คักนาม,คัก-นาม,ผู้เปี่ยมด้วยความอ่อนโยน
คันทะมน,คัน-ทะ-มน,ผู้มีใจใฝ่ดีและพอใจในสิ่งงาม
คันทะมาร์ต,คัน-ทะ-มาด,ผู้เปี่ยมด้วยความพึงใจ
คันทะราษฎร์,คัน-ทะ-ราด,ผู้เป็นที่รักและพึงใจของประชาชน
คันทะวัน,คัน-ทะ-วัน,ผู้มีสิริมงคล
คันทิวัน,คัน-ทิ-วัน,วันที่งดงามและน่าพึงใจ
คาคำลุน,คา-คำ-ลุน,ผู้มีทองคำและความละมุน
คานทอง,คาน-ทอง,คานทองหรือสิ่งค้ำจุนอันมีคุณค่า
คาม,คาม,หมู่บ้านหรือถิ่นฐาน สื่อถึงความอบอุ่นมั่นคง
คามิน,คา-มิน,ผู้เดินทางหรือผู้แสวงหาหนทาง
คามิม,คา-มิม,ผู้เปี่ยมด้วยถิ่นฐาน
คาร,คาน,การเคารพหรือการยกย่อง
คารม,คา-รม,ผู้มีถ้อยคำคมคาย
คาราห์,คา-รา,ผู้เปี่ยมด้วยความเคารพ
คาริน,คา-ริน,ผู้มีรัศมี เป็นใหญ่
คาเรน,คา-เรน,เป็นชื่อสากลที่มีเสียงไพเราะ
คำ,คำ,ทองคำหรือสิ่งมีค่าสูง
คำจวง,คำ-จวง,ผู้เปี่ยมด้วยทองคำ
คำจอง,คำ-จอง,ทองคำที่หมายมั่นหรือสิ่งล้ำค่าที่คู่ควร
คำนวน,คำ-นวน,การคิดคำนวณ สื่อถึงผู้มีเหตุผลและไหวพริบ
คำมัน,คำ-มัน,ผู้มีทองคำและความมั่นคง
คำมั่น,คำ-มั่น,วาจาสัญญาอันหนักแน่น
คำรน,คำ-รน,ผู้เป็นที่เกรงขาม
คำรอบ,คำ-รอบ,ถ้อยคำครบถ้วนหรือคำกล่าวที่สมบูรณ์
คำอ้อ,คำ-อ้อ,ผู้มีทองคำและความอ่อนโยน
คำออน,คำ-ออน,ผู้มีทองคำและความนุ่มนวล
คิณภัทร,คิน-นะ-พัด,ผู้มีความสว่างและสิริมงคล
คิมนท์,คิ-มน,ผู้มีใจงามและอ่อนโยน
คิมหันต์,คิม-หัน,ฤดูร้อน
คิราจน,คิ-ราด,ผู้เปี่ยมด้วยภูผาสูงส่ง
คิราธา,คิ-รา-ทา,ผู้มีวาจาอันประเสริฐ
คิราธิน,คิ-รา-ทิน,ผู้มีวาจาหลักแหลม
คิริ,คิ-ริ,ภูเขา ผู้มั่นคงและสูงส่ง
คิริน,คิ-ริน,ผู้มีพลังและความสง่างาม
คิรินทน,คิ-ริน-ทน,ผู้มั่นคงสูงส่งและเป็นที่ยินดี
คิรินธิน,คิ-ริ-นะ-ทิน,ผู้หนักแน่นและฉลาด
คิรินา,คิ-ริ-นา,ผู้มีความแข็งแกร่งและมั่นคงดุจภูเขา
คิริว,คิ-ริว,ผู้มีความมั่นคงและยอดเยี่ยม
คีตะภัทร,คี-ตะ-พัด,ผู้มีความงามดุจเสียงเพลงที่ไพเราะ
คีรณ,คี-รน,ผู้เผยแพร่ความดีงามหรือชื่อเสียง
คีรธร,คี-ระ-ทอน,ผู้มีวาจาอันหนักแน่นและทรงพลัง
คีรวัน,คี-ระ-วัน,วันแห่งภูผาหรือความมั่นคงอันสูงส่ง
คีรัช,คี-รัด,ผู้มีวาทศิลป์อันไพเราะ หรือผู้มีชื่อเสียง
คีรัน,คี-รัน,แสงรัศมีหรือผู้เปล่งประกาย
คีรันต์,คี-รัน,ผู้เปล่งประกายรุ่งเรือง
คีรันท์,คี-รัน,ผู้มีแสงรัศมีและความรุ่งเรือง
คีรา,คี-รา,ผู้มีเสียงอันงดงาม
คีราธา,คี-รา-ทา,ผู้ให้คำพูดอันเป็นคุณ
คีราธิน,คี-รา-ทิน,ผู้มีวาจาหลักแหลม
คีริน,คี-ริน,ผู้มีพลังและความสง่างาม
คีรินทร์,คี-ริน,ผู้มีความเป็นผู้นำ
คีรินธา,คี-ริน-ทา,ผู้เป็นหลักชัย
คีรินา,คี-ริ-นา,ผู้มีความมั่นคงดุจภูเขาและงดงาม
คีรี,คี-รี,ภูเขา ผู้มั่นคงสูงส่ง
คุณกณนต,คุน-นะ-กะ-นะ-นะ,ผู้มีคุณธรรม
คุณกร,คุ-นา-กอน,ผู้มีคุณธรรมและความสร้างสรรค์
คุณกะ,คุน-นะ-กะ,ผู้มีคุณธรรม
คุณกานต์,คุน-นะ-กาน,ผู้มีความดีงามและความรัก
คุณกิ,คุน-นะ-กิ,ผู้มีคุณธรรม
คุณคุณ,คุน-คุน,ผู้เปี่ยมด้วยคุณความดีอันอุดม
คุณณัฏฐ์,คุน-นัด,ผู้มีคุณธรรมและปัญญา
คุณณัฐนต,คุน-นัด-ถะ-นด,ผู้มีคุณธรรมและปัญญา
คุณโณ,คุ-นะ-โน,ผู้มีคุณธรรม
คุณโณกร,คุ-นะ-โน-กอน,ผู้มีคุณธรรมและความสร้างสรรค์
คุณโณกะ,คุน-โน-โกะ,ผู้มีคุณธรรม
คุณโณกิ,คุน-นะ-โกิ,ผู้มีคุณธรรม
คุณดร,คุน-นะ-ดอน,ผู้ค้ำจุนคุณธรรมและความดี
คุณดล,คุน-ดน,ผู้ส่งเสริมคุณงามความดี
คุณดา,คุน-นะ-ดา,ผู้มอบแต่คุณงามความดี
คุณเดช,คุน-เดด,ผู้มีคุณธรรมและอำนาจ
คุณนนต,คุน-นะ-นน,ผู้มีคุณธรรม
คุณนาม,คุน-นะ-นาม,ชื่ออันมีคุณค่าและความดีงาม
คุณภัทรา,คุน-นะ-พัด-ทรา,ผู้มีคุณธรรมและความดีงาม
คุณภา,คุน-นะ-พา,ผู้มีคุณธรรมและความสว่าง
คุณภาณุ,คุน-นะ-พา-นุ,ผู้มีคุณธรรม ความสว่าง และความก้าวหน้า
คุณมณี,คุน-นะ-มะ-นี,ผู้มีคุณธรรม คุณค่า และความงดงาม
คุณมิน,คุน-นิม,ผู้มีคุณธรรม
คุณเมธา,คุน-เม-ทา,ผู้มีคุณธรรมและปัญญา
คุณรณ,คุน-นะ-รน,ผู้มีคุณธรรม
คุณรณกร,คุน-นะ-รน-กอน,ผู้มีคุณธรรมและความสร้างสรรค์
คุณรณกะ,คุ-นัน-นะ-กะ,ผู้มีคุณธรรม
คุณรณกิ,คุ-นะ-ระ-นะ-กิ,ผู้มีคุณธรรม
คุณรพ,คุน-นะ-รบ,ผู้ความดีงามเป็นที่ยกย่อง
คุณรวิ,คุน-นะ-ระ-วิ,ผู้มีคุณธรรม ความสว่าง และความก้าวหน้า
คุณรัตน์,คุน-นะ-รัด,ผู้มีคุณธรรม คุณค่า และความงดงาม
คุณรัตนา,คุน-นะ-รัด-ตะ-นา,ผู้มีคุณความดีอันประเสริฐ
คุณรา,คุน-นะ-รา,ผู้เปี่ยมด้วยคุณค่าและความเจริญ
คุณรินี,คุน-นะ-ริ-นี,ผู้มีคุณธรรม
คุณเรศ,คุน-เรด,ผู้เป็นยอดแห่งคุณงามความดี
คุณลักษณา,คุน-นัก-สะ-ลา,ผู้มีลักษณะแห่งคุณงามความดีและสิริมงคล
คุณลินา,คุน-นิ-นา,ผู้มีคุณธรรมและความอ่อนโยน
คุณวร,คุน-นะ-วอน,ผู้มีคุณธรรมและความประเสริฐ
คุณวรา,คุน-วะ-รา,ผู้มีคุณธรรมและความประเสริฐ
คุณวรี,คุน-วะ-ระ-วี,ผู้ประเสริฐด้วยคุณธรรม
คุณวัฒ,คุน-นะ-วัด,ผู้มีคุณงามความดีอันเจริญรุ่งเรือง
คุณวันอณ,คุน-นะ-วัน,ผู้มีคุณธรรม
คุณวินา,คุน-นะ-วิ-นา,ผู้มีคุณธรรมและความก้าวหน้า
คุณวุฒิ,คุน-นะ-วุด,ผู้มีคุณสมบัติและความรู้ความสามารถอันเจริญ
คุณอณวัน,คุน-อะ-วะ-รัน,ผู้มีคุณธรรม
คุณอณอิม,คุน-นอ-อิม,ผู้มีคุณธรรม
คุณอรวิณ,คุน-อะ-ระ-วิน,ผู้มีคุณธรรมและความงดงาม
คุณอิมอณ,คุน-อิ-มอน,ผู้มีคุณธรรม
คุณะ,คุ-นะ,ผู้มีคุณธรรมและเปี่ยมคุณธรรม
คุณัญญา,คุ-นัน-ยา,ผู้มีคุณธรรม ความรู้ และความอ่อนโยนสง่างาม
คุณานัน,คุ-นา-นัน,ผู้เปี่ยมคุณธรรมและมีความยินดี
คุณาไม,คุ-นา-ไม,ผู้เปี่ยมด้วยคุณธรรม
คุณาวัน,คุ-นา-วัน,ผู้เปี่ยมด้วยคุณธรรม
คุณาวุธ,คุ-นา-วุด,ผู้มีคุณธรรม
คุณิน,คุ-นิน,ผู้เปี่ยมด้วยคุณธรรม
คุน,คุน,ผู้เปี่ยมด้วยปัญญาและคุณธรรม
คุลิก,คุ-ลิก,ผู้เปี่ยมด้วยความละมุน
เค,เค,ไม่มีรากศัพท์ในภาษาบาลี-สันสกฤต หรือความหมายเฉพาะในภาษาไทย
เคน,เคน,ผู้มีความฉลาดและแข็งแรง
เคนโซ,เคน-โซ,ผู้แข็งแรงและถ่อมตน
เคนดัล,เคน-ดัน,ชื่อที่มาจากหุบเขา
เคบลู,เค-บลู,ผู้เชื่อมโยงกับสีน้ำเงิน
เคโปร,เค-โปร,ผู้มีความเป็นมืออาชีพ
เคลวา,เคน-วา,ไม่มีรากศัพท์ในภาษาบาลี-สันสกฤต หรือความหมายเฉพาะในภาษาไทย
เคลวิน,เคน-วิน,ชื่อที่มีที่มาจากแม่น้ำเคลวิน
เคลิงค์,เคิง,ผู้เชื่อมโยงหรือเชื่อมต่อ
เควิน,เค-วิน,ผู้มีรูปงามและเป็นที่รัก
เคไวบ์,เค-ไว,ผู้มีบรรยากาศหรือความรู้สึกที่ดี
เคส,เคด,ไม่มีรากศัพท์ในภาษาบาลี-สันสกฤต หรือความหมายเฉพาะในภาษาไทย
เคโอ,เค-โอ,ผู้มีสิริมงคล
โคกคำ,โคก-คำ,โคกหรือเนินดินอันมีคุณค่าดุจทองคำ
ไคโตะ,ไค-โตะ,ผู้มีความสว่าง
ไคล์,ไค,'ฟยอร์ด' มักสื่อถึงความเป็นธรรมชาติ
ไคลด์,ไคล,'เป็นมิตร' หรือ 'ผู้ทรงพลัง'
ไคลิน,ไค-ลิน,ผู้มีความงดงาม
ฆจรัส,คะ-จะ-รัด,ผู้มีพลังรุ่งเรืองสว่างไสว
ฆจรูญ,คะ-จูน,ผู้รุ่งเรืองงดงาม
ฆจรูญนันท์,คะ-จะ-รู-นัน,ผู้รุ่งเรืองงดงามและมีความยินดี
ฆจรูญภัทร,คะ-จูน-พัด-ทรอ,ผู้รุ่งเรืองงดงามและดีงามเป็นมงคล
ฆจรูญวรา,คะ-จะ-รู-วะ-รา,ผู้รุ่งเรืองงดงามและประเสริฐ
ฆจิรา,คะ-จิ-รา,ผู้ยั่งยืนยาวนาน
ฆจิรานันท์,คะ-จิ-รา-นัน,ผู้ยั่งยืนยาวนานและมีความยินดี
ฆจิราวรา,คะ-จิ-รา-วะ-รา,ผู้ยั่งยืนยาวนานและประเสริฐ
ฆชล,คะ-ชน,ผู้เย็นใสดุจสายน้ำ
ฆชลนันท์,คะ-ชะ-ละ-นัน,ผู้เย็นใสดุจสายน้ำและมีความยินดี
ฆชลภัทร,คะ-ชน-พัด-ทรอ,ผู้เย็นใสดุจสายน้ำและดีงามเป็นมงคล
ฆชลวรา,คะ-ชน-วะ-รา,ผู้เย็นใสดุจสายน้ำและประเสริฐ
ฆณวัณณ์,คะ-นะ-วัน,ผู้เปี่ยมด้วยพลังหนักแน่น
ฆณัฏฐ์กณ,คะ-นัด-กน,ผู้มีปัญญา
ฆณัฏฐ์กร,คะ-นัด-กอน,ผู้มีปัญญาและความสร้างสรรค์
ฆณัฏฐ์กะ,คะ-นัด-ถะ-กะ,ผู้มีปัญญา
ฆณัฏฐ์กิ,คะ-นัด-ถะ-กิ,ผู้มีปัญญา
ฆณัฏฐ์ดน,คะ-นัด-ดน,ผู้มีปัญญา
ฆณัฏฐ์ภณ,คะ-นัด-พน,ผู้มีปัญญา
ฆณัฏฐ์อณ,คะ-นัด-ถะ-ออน,ผู้มีปัญญา
ฆณัฐ,คะ-นัด,ผู้มีพลังหนักแน่นและปัญญา
ฆณัฐนนท์,คะ-นัด-นน,ผู้มีปัญญาและความยินดี
ฆณัฐนันท์,คะ-นัด-ถะ-นัน,ผู้มีความยินดี
ฆณัฐภัทร,คะ-นัด-พัด-ทรอ,ผู้ดีงามเป็นมงคล
ฆณัฐวรา,คะ-นัด-ถะ-วะ-รา,ผู้ประเสริฐ
ฆณัฐวัณ,คะ-นัด-ถะ-วัน,ผู้มีปัญญา
ฆณัฐอิม,คะ-นัด-อิม,ผู้มีปัญญา
ฆตนุ,คะ-ตะ-นุ,ผู้เปี่ยมด้วยพลังหนักแน่น
ฆตนุนันท์,คะ-ตะ-นุ-นัน,ผู้มีความยินดี
ฆตนุวรา,คะ-ตะ-นะ-วุ-รา,ผู้ประเสริฐ
ฆน,คน,ผู้เปี่ยมด้วยพลังหนักแน่น
ฆนจิรา,คน-จิ-รา,ผู้หนักแน่นมั่นคงและยั่งยืนยาวนาน
ฆนจิรานันท์,คะ-นิด-จะ-รัน,ผู้ยั่งยืนยาวนานและมีความยินดี
ฆนจิราวรา,คะ-นิ-จะ-รา-วะ-รา,ผู้ยั่งยืนยาวนานและประเสริฐ
ฆนดลคุณ,คะ-นด-คน,ผู้เปี่ยมคุณธรรมและบันดาล
ฆนดลธีร์,คน-ดน-ละ-ที,ผู้หนักแน่นมั่นคงและบันดาล
ฆนตนต,คะ-ตะ-นด,ชื่อประดิษฐ์ สื่อถึงความดีงามและความเจริญ
ฆนทินคุณ,คะ-นิน-ทิน,ผู้เปี่ยมคุณธรรมและสว่างดุจวัน
ฆนทินธีร์,คะ-นิน-ที,ผู้หนักแน่นมั่นคงและสว่างดุจวัน
ฆนธนธีร์,คน-ทะ-นะ-ที,ผู้หนักแน่นมั่นคงและมีทรัพย์
ฆนธร,คะ-นะ-ทอน,ผู้หนักแน่นมั่นคงและค้ำจุน
ฆนธรรม,คะ-นะ-ทำ,ผู้ค้ำจุนและตั้งมั่นในธรรม
ฆนนท์ณัฐ,คะ-นะ-นัน-ถี,ผู้มีความยินดีและปัญญา
ฆนนาวาคุณ,คะ-นะ-นา-วา-คุน,ผู้เปี่ยมคุณธรรม ผู้นำพาชีวิตดุจเรือ และนำพาดุจเรือ
ฆนนาวาธีร์,คน-นา-วา-ที,ผู้นำพาชีวิตดุจเรือและนำพาดุจเรือ
ฆนภัทร,คน-พัด-ทรอ,ผู้หนักแน่นมั่นคงและดีงามเป็นมงคล
ฆนภัทรคุณ,คะ-นะ-พัด-ทระ-คุน,ผู้เปี่ยมคุณธรรมและดีงามเป็นมงคล
ฆนภัทรธีร์,คะ-นะ-พัด-ที,ผู้หนักแน่นมั่นคงและดีงามเป็นมงคล
ฆนมนต์,คะ-นะ-มน,ผู้หนักแน่นมั่นคงและมีถ้อยคำศักดิ์สิทธิ์
ฆนรส,คะ-นะ-รด,ผู้หนักแน่นมั่นคงและมีรสเสน่ห์
ฆนรุจ,คะ-นะ-รุ,ผู้หนักแน่นมั่นคงและรุ่งเรือง
ฆนรุจคุณ,คะ-นะ-รุน-คุด,ผู้เปี่ยมคุณธรรมและรุ่งเรือง
ฆนรุจธีร์,คะ-นะ-รุ-ที,ผู้หนักแน่นมั่นคงและรุ่งเรือง
ฆนโรจน์,คะ-นะ-โรด,ผู้หนักแน่นมั่นคงและรุ่งเรืองสว่างไสว
ฆนโรจน์คุณ,คะ-นะ-รุด-คูน,ผู้เปี่ยมคุณธรรมและรุ่งเรืองสว่างไสว
ฆนโรจน์ธีร์,คะ-นะ-โรด-ที,ผู้หนักแน่นมั่นคงและรุ่งเรืองสว่างไสว
ฆนฤมล,คะ-นะ-รึ-มน,ผู้หนักแน่นมั่นคงและบริสุทธิ์งดงาม
ฆนฤมลนันท์,คะ-นะ-รึ-มน-ละ-นัน,ผู้มีความยินดีและบริสุทธิ์งดงาม
ฆนฤมลภัทร,คะ-นะ-รึ-มน-พัด-ทรอ,ผู้ดีงามเป็นมงคลและบริสุทธิ์งดงาม
ฆนฤมลวรา,คะ-นะ-รึ-มะ-เล-วา,ผู้ประเสริฐและบริสุทธิ์งดงาม
ฆนวร,คะ-นะ-วอน,ผู้หนักแน่นมั่นคงและประเสริฐ
ฆนวรคุณ,คะ-นะ-วะ-รุน,ผู้เปี่ยมคุณธรรมและประเสริฐ
ฆนวรธีร์,คะ-นะ-วอน-ที,ผู้หนักแน่นมั่นคงและประเสริฐ
ฆนวัชร์,คะ-นะ-วัด,ผู้หนักแน่นมั่นคงและแข็งแกร่งดุจเพชร
ฆนวัชร์คุณ,คะ-นะ-วัด-คุน,ผู้เปี่ยมคุณธรรมและแข็งแกร่งดุจเพชร
ฆนวัชร์ธีร์,คะ-นะ-วัด-ที,ผู้หนักแน่นมั่นคงและแข็งแกร่งดุจเพชร
ฆนวิชญ์,คะ-นะ-วิด,ผู้หนักแน่นมั่นคงและนักปราชญ์ผู้รู้
ฆนวิชญ์คุณ,คะ-นะ-วิด-ชุน,ผู้เปี่ยมคุณธรรมและนักปราชญ์ผู้รู้
ฆนวิชญ์ธีร์,คะ-นะ-วิด-ที,ผู้หนักแน่นมั่นคงและนักปราชญ์ผู้รู้
ฆนัท,คะ-นัด,ผู้หนักแน่นมั่นคงดุจหมู่เมฆ
ฆนันท์โณ,คะ-นัน-โท,ผู้มีความยินดี
ฆนันท์รณ,คะ-นัน-รอน,ผู้มีความยินดี
ฆนาคม,คะ-นา-คม,ผู้หนักแน่นมั่นคงดุจหมู่เมฆ
ฆนาธิป,คะ-นา-ทิบ,ผู้หนักแน่นมั่นคงและเป็นใหญ่
ฆนานนท์,คะ-นา-นน,ผู้หนักแน่นมั่นคงและเปี่ยมความสุขยินดี
ฆนารักษ์,คะ-นา-รัก,ผู้เป็นที่รักและปกป้องรักษา
ฆนาวา,คะ-นา-วา,ผู้นำพาชีวิตดุจเรือและนำพาดุจเรือ
ฆนาวานันท์,คะ-นา-วา-นัน,ผู้มีความยินดี ผู้นำพาชีวิตดุจเรือ และนำพาดุจเรือ
ฆนาวาวรา,คะ-นา-วา-วะ-รา,ผู้ประเสริฐ ผู้นำพาชีวิตดุจเรือ และนำพาดุจเรือ
ฆบวร,คะ-บอ-วอน,ผู้ประเสริฐและประเสริฐเลิศล้ำ
ฆบวรนันท์,คะ-บอ-วอน-นัน,ผู้ประเสริฐ ผู้มีความยินดี และประเสริฐเลิศล้ำ
ฆบวรภัทร,คะ-บอ-วอน-พัด-ทรอ,ผู้ประเสริฐ ผู้ดีงามเป็นมงคล และประเสริฐเลิศล้ำ
ฆบวรวรา,คะ-บอ-วอ-ระ-วะ-รา,ผู้ประเสริฐและประเสริฐเลิศล้ำ
ฆปฐม,ปะ-ปะ-ถะ-มด,ผู้เป็นเบื้องต้นอันดี
ฆปฐมนันท์,ปะ-ปะ-ถะ-มะ-ทัน,ผู้มีความยินดีและเป็นเบื้องต้นอันดี
ฆปฐมภัทร,ปะ-ปะ-ถะ-มด-พัด-ทรอ,ผู้ดีงามเป็นมงคลและเป็นเบื้องต้นอันดี
ฆปฐมวรา,ปะ-ถะ-ปะ-มะ-ตา-วะ-รา,ผู้ประเสริฐและเป็นเบื้องต้นอันดี
ฆปริญญา,ปะ-คอน-ยิ,ผู้มีความรู้รอบ
ฆปริญญานันท์,ปะ-คะ-ริน-ยา-นัน,ผู้มีความยินดีและมีความรู้รอบ
ฆปริญญาวรา,ปะ-ปริน-ยา-วา,ผู้ประเสริฐและมีความรู้รอบ
ฆปัญญา,คะ-ปัน-ยา,ผู้มีปัญญา
ฆปัญญานันท์,คะ-ปัน-ยา-นัน,ผู้มีความยินดีและมีปัญญา
ฆปัญญาวรา,คะ-ปัน-ยา-วะ-รา,ผู้ประเสริฐและมีปัญญา
ฆมนต์,คะ-มน,ผู้มีถ้อยคำศักดิ์สิทธิ์
ฆมนต์กิจ,คะ-มน-กิด,ผู้มีสิริมงคล
ฆมนต์นันท์,คะ-มน-นัน,ผู้มีความยินดีและมีถ้อยคำศักดิ์สิทธิ์
ฆมนต์ภัทร,คะ-มน-พัด-ทรอ,ผู้ดีงามเป็นมงคลและมีถ้อยคำศักดิ์สิทธิ์
ฆมนต์วรา,คะ-มน-วะ-รา,ผู้ประเสริฐและมีถ้อยคำศักดิ์สิทธิ์
ฆมนต์วัณ,คะ-มน-วัน,ผู้มีสิริมงคล
ฆมนต์อณ,คะ-มะ-นอน,ผู้มีสิริมงคล
ฆมนต์อิม,คะ-มน-อิม,ผู้มีสิริมงคล
ฆมนัส,คะ-มะ-นัด,ผู้มีจิตใจดี
ฆลณ,คะ-ละ-นะ,ชื่อประดิษฐ์ สื่อถึงความดีงามและความเจริญ
ฆวน,ควน,ชื่อประดิษฐ์ สื่อถึงความดีงามและความเจริญ
ฆวรกณ,ควน-กระ-เวน,ผู้มีความประเสริฐ
ฆวรกม,คะ-วะ-กำ,ผู้มีความประเสริฐ
ฆวรชิน,ควน-ชิน,ผู้มีความประเสริฐ
ฆวรดน,ควน-ดน,ผู้มีความประเสริฐ
ฆวรภณ,ควน-พอน,ผู้มีความประเสริฐ
ฆวรอณ,ควน-ออน,ผู้มีความประเสริฐ
ฆวริน,คะ-วะ-ริน,ผู้ประเสริฐและประเสริฐดุจสายน้ำ
ฆวรินนันท์,คะ-วะ-ริน-นัน,ผู้ประเสริฐ ผู้มีความยินดี และประเสริฐดุจสายน้ำ
ฆวรินภัทร,คะ-วะ-ริน-พัด-ทรอ,ผู้ประเสริฐ ผู้ดีงามเป็นมงคล และประเสริฐดุจสายน้ำ
ฆวรินวรา,คะ-วะ-ริน-วะ-รา,ผู้ประเสริฐและประเสริฐดุจสายน้ำ
ฆวัณกณ,คะ-วัน-กะ-นะ,ชื่อประดิษฐ์ สื่อถึงความดีงามและความเจริญ
ฆวัณกม,คะ-วัน-กะ-มะ-ไก,ชื่อประดิษฐ์ สื่อถึงความดีงามและความเจริญ
ฆวัณณัฐ,คะ-วัน-นัด,ผู้มีปัญญา
ฆวัณดน,คะ-วัน-ด้น,ชื่อประดิษฐ์ สื่อถึงความดีงามและความเจริญ
ฆวัณภณ,คะ-วัน-นะ-พง,ชื่อประดิษฐ์ สื่อถึงความดีงามและความเจริญ
ฆวิณกณ,คะ-วิน-กะ-นะ,ชื่อประดิษฐ์ สื่อถึงความดีงามและความเจริญ
ฆวิณกม,คะ-วิน-กะ-มะ-ไส,ชื่อประดิษฐ์ สื่อถึงความดีงามและความเจริญ
ฆวิณณัฐ,คะ-วิ-นัด,ผู้มีปัญญา
ฆวิณดน,ควิ-นิด,ชื่อประดิษฐ์ สื่อถึงความดีงามและความเจริญ
ฆวิณภณ,คะ-วิน-พะ-นะ,ชื่อประดิษฐ์ สื่อถึงความดีงามและความเจริญ
ฆวิณมนต์,คะ-วิน-มน,ผู้มีสิริมงคล
ฆ้อง,ค้อง,เครื่องตีทำด้วยโลหะ ให้เสียงกังวาน
ฆอณ,คอ,ชื่อประดิษฐ์ สื่อถึงความดีงามและความเจริญ
ฆอณกร,คอ-กอน,ผู้มีความสร้างสรรค์
ฆอณกะ,คอน-กะ,ชื่อประดิษฐ์ สื่อถึงความดีงามและความเจริญ
ฆอณกัณ,คอน-กัน,ชื่อประดิษฐ์ สื่อถึงความดีงามและความเจริญ
ฆอณกัน,คอน-กัน,ชื่อประดิษฐ์ สื่อถึงความดีงามและความเจริญ
ฆอณกิ,คอน-กิ,ชื่อประดิษฐ์ สื่อถึงความดีงามและความเจริญ
ฆอณกิณ,คอน-กิน,ชื่อประดิษฐ์ สื่อถึงความดีงามและความเจริญ
ฆอณกิม,คอน-กิม,ชื่อประดิษฐ์ สื่อถึงความดีงามและความเจริญ
ฆอณคุณ,คอน-คุน,ผู้มีคุณธรรม
ฆอณณัฏฐ์,คอ-นัด,ผู้มีปัญญา
ฆอณดิณ,คอน-ดิน,ชื่อประดิษฐ์ สื่อถึงความดีงามและความเจริญ
ฆอณธาม,คอ-ทาม,ชื่อประดิษฐ์ สื่อถึงความดีงามและความเจริญ
ฆอณมนต์,คอน-มน,ผู้มีสิริมงคล
ฆอณอร,คอ-ออน,ผู้มีความงดงาม
ฆอรกณ,คอ-ระ-กน,ผู้มีความงดงาม
ฆอรกม,คอ-ระ-กะ-มะ-ไก,ผู้มีความงดงาม
ฆอรกิจ,คอ-ระ-กิด,ผู้มีความงดงาม
ฆอรชิน,คอ-ระ-ชิน,ผู้มีความงดงาม
ฆอรดน,คอ-ระ-ดน,ผู้มีความงดงาม
ฆอรภณ,คอ-ระ-พน,ผู้มีความงดงาม
ฆอรอณ,คอ-รอน,ผู้มีความงดงาม
ฆอินทร์,คอ-นิ,ผู้เป็นใหญ่
ฆอินทรนันท์,คอ-ริน-ทอ-ระ-นัน,ผู้เป็นใหญ่และมีความยินดี
ฆอินทรภัทร,คอ-นิน-ทระ-พัด,ผู้เป็นใหญ่และดีงามเป็นมงคล
ฆอินทรวรา,คอ-นิน-ทะ-ระ-วะ-รา,ผู้ประเสริฐและเป็นใหญ่
ฆอิมกณ,คอ-มิ-กอน,ชื่อประดิษฐ์ สื่อถึงความดีงามและความเจริญ
ฆอิมกม,คอ-อิ-กม,ชื่อประดิษฐ์ สื่อถึงความดีงามและความเจริญ
ฆอิมณัฐ,คอ-มิ-นัด,ผู้มีปัญญา
ฆอิมภณ,คอ-มิ-พน,ชื่อประดิษฐ์ สื่อถึงความดีงามและความเจริญ
งจิรา,ง-จ-ร,ผู้ยั่งยืนยาวนาน
งจิรานันท์,ง-จ-ภ,ผู้ยั่งยืนยาวนานและมีความยินดี
งจิราวรา,งิ-จิ-รา-วะ-รา,ผู้ยั่งยืนยาวนานและประเสริฐ
งชล,ง-ชน,ผู้เย็นใสดุจสายน้ำ
งชลนันท์,งด-ชะ-นัน,ผู้เย็นใสดุจสายน้ำและมีความยินดี
งชลภัทร,ง-ชน-พัด-ทรอ,ผู้เย็นใสดุจสายน้ำและดีงามเป็นมงคล
งชลวรา,งด-ชะ-ละ-วะ-รา,ผู้เย็นใสดุจสายน้ำและประเสริฐ
งธนภัทร,งะ-นะ-พัด,ผู้ดีงามเป็นมงคลและมีทรัพย์
งธนวรา,งน-ทะ-วะ-รา,ผู้ประเสริฐและมีทรัพย์
งธนันท์,งะ-นะ-ทัน,ผู้มีความยินดีและมีทรัพย์
งธนา,งะ-ทะ-นา,ผู้มีทรัพย์
งบวร,งบ-วะ-รน,ผู้ประเสริฐและประเสริฐเลิศล้ำ
งบวรนันท์,งบ-วะ-รัน-นะ,ผู้ประเสริฐ ผู้มีความยินดี และประเสริฐเลิศล้ำ
งบวรภัทร,งบ-วะ-รน-พัด-ทรอ,ผู้ประเสริฐ ผู้ดีงามเป็นมงคล และประเสริฐเลิศล้ำ
งบวรวรา,งบ-วอ-ระ-วะ-รา,ผู้ประเสริฐและประเสริฐเลิศล้ำ
งปัญญา,งิน-ปัน-ยา,ผู้มีปัญญา
งปัญญานันท์,ง-ปัน-ยา-นัน,ผู้มีความยินดีและมีปัญญา
งปัญญาวรา,ง-ปัน-ยา-วะ-รา,ผู้ประเสริฐและมีปัญญา
งยศ,งง-ยด,ผู้เปี่ยมด้วยเกียรติยศ
งวริน,งอ-วะ-ริน,ผู้ประเสริฐและประเสริฐดุจสายน้ำ
งวรินนันท์,งอ-วะ-นิ-ทัน,ผู้ประเสริฐ ผู้มีความยินดี และประเสริฐดุจสายน้ำ
งวรินภัทร,งอ-วะ-ริน-พัด-ทรอ,ผู้ประเสริฐ ผู้ดีงามเป็นมงคล และประเสริฐดุจสายน้ำ
งวรินวรา,งง-วะ-ริ-วา,ผู้ประเสริฐและประเสริฐดุจสายน้ำ
งอินทร์,งอ-ริ,ผู้เป็นใหญ่
งอินทรนันท์,งอ-ริน-ทอน-นัน,ผู้เป็นใหญ่และมีความยินดี
งอินทรภัทร,งอ-ริน-ทะ-หรัด,ผู้เป็นใหญ่และดีงามเป็นมงคล
งอินทรวรา,งอ-ริน-ทะ-วะ-รา,ผู้ประเสริฐและเป็นใหญ่
งัดโชค,งัด-โชก,ผู้พลิกเปิดหนทางสู่โชคดี
งันกมล,งัน-กะ-มน,ผู้มีใจงดงาม
งันไกร,งัน-ไกร,ผู้มีความมั่นคงภายใน ความยิ่งใหญ่ และความมั่นคงสูงส่ง
งันโชค,งัน-โชก,ผู้มีโชคดี
งันดัง,งัน-ดัง,ผู้เปี่ยมด้วยความมั่นคงภายใน
งันทอง,งัน-ทอง,ผู้มีคุณค่าดุจทองคำ
งันธร,งัน-ทอน,ผู้ค้ำจุน
งันธรรม,งัน-ทำ,ผู้ค้ำจุนและตั้งมั่นในธรรม
งันธรา,งัน-ทรา,ผู้ค้ำจุน
งันธวัช,งัน-ทะ-วัด,ผู้เป็นธงแห่งเกียรติ
งันธิมา,งัน-ทิ-มา,ผู้มีความมั่นคงภายในและความอ่อนโยนสง่างาม
งันนนท์,งัน-นน,ผู้เปี่ยมความสุขยินดี
งันนันท์,งัน-นัน,ผู้มีความยินดี
งันนับ,งัน-นับ,ผู้เปี่ยมด้วยความมั่นคงภายใน
งันนา,งัน-นา,ผู้มีความมั่นคงภายในและความอ่อนโยนสง่างาม
งันนารถ,งัน-นา-รด,ผู้เปี่ยมด้วยความมั่นคงภายใน
งันนำ,งัน-นำ,ผู้นำพาไปสู่ความดีงาม
งันนิรันดร์,งัน-นิ-รัน,ผู้ยั่งยืนไม่สิ้นสุด
งันนิส,งัน-นิด,ผู้เปี่ยมด้วยความมั่นคงภายใน
งันภัทร,งัน-พัด,ผู้ดีงามเป็นมงคล
งันโภคิน,งัน-โพ-คิน,ผู้มั่งมีโภคทรัพย์
งันมหิทธา,งัน-มะ-หิ-ทา,ผู้มีฤทธิ์อำนาจยิ่งใหญ่
งันมิน,งัน-มิน,ผู้เปี่ยมด้วยความมั่นคงภายใน
งันระ,งัน-ระ,ผู้เปี่ยมด้วยความมั่นคงภายใน
งันระริน,งัน-ระ-ริน,ผู้มีความมั่นคงภายในและความอ่อนละมุนดุจสายน้ำ
งันรัก,งัน-รัก,ผู้เป็นที่รัก
งันรักษ์,งัน-รัก,ผู้เป็นที่รักและปกป้องรักษา
งันรัช,งัน-รัด,ผู้รุ่งเรืองด้วยอำนาจ
งันริน,งัน-ริน,ผู้มีความมั่นคงภายในและความอ่อนละมุนดุจสายน้ำ
งันรินทร์,งัน-นะ-ริน,ผู้เป็นใหญ่
งันรุจ,งัน-รุด,ผู้รุ่งเรือง
งันรุจา,งัน-รุ-จา,ผู้รุ่งเรือง
งันรุจินนท์,งัน-รุ-จิน-นน,ผู้เปี่ยมความสุขยินดีและรุ่งเรือง
งันรุจิรา,งัน-รุ-จิ-รา,ผู้ยั่งยืนยาวนานและรุ่งเรือง
งันโรจน์,งัน-โรด,ผู้รุ่งเรืองสว่างไสว
งันล้วน,งัน-ล้วน,ผู้บริสุทธิ์ตรงแท้ไม่เจือปน
งันลักษณ์,งัน-ลัก,ผู้มีความมั่นคงภายใน ความละมุน และลักษณะงดงาม
งันวร,งัน-วอน,ผู้ประเสริฐ
งันวราธร,งัน-วะ-ราด,ผู้ประเสริฐและค้ำจุน
งันวราวุธ,งัน-วา-ระ-วุด,ผู้มีความประเสริฐ
งันวรินทร์,งัน-วะ-ริน,ผู้ประเสริฐ ผู้เป็นใหญ่ และประเสริฐดุจสายน้ำ
งันวัลลภ,งัน-วัน-ลบ,ผู้มีความมั่นคงภายในและความละมุน
งันวิชญ์,งัน-วิด,นักปราชญ์ผู้รู้
งันวิน,งัน-วิน,ผู้มีความมั่นคงภายในและชัยชนะ
งันวิมล,งัน-วิ-มน,ผู้มีความมั่นคงภายในและความละมุน
งันวิโรจน์,งัน-วิ-โรด,ผู้รุ่งเรืองสว่างไสว
งันไว,งัน-ไว,ผู้ว่องไว
งันหลัก,งัน-หลัก,ผู้เป็นหลักมั่นคง
งันใหม่,งัน-ไหม่,ผู้สดใหม่
งันอดิเรก,งัน-อะ-ดิ-เหรก,ผู้ยิ่งใหญ่เป็นพิเศษ
งันอนันต์,งัน-อะ-นัน,ผู้ไม่มีที่สิ้นสุดและมีความยินดี
งันอนุรักษ์,งัน-อะ-นุ-รัก,ผู้เป็นที่รักและปกป้องรักษา
งันอภินันท์,งัน-อะ-พิ-นัน,ผู้มีความยินดีและมีความยินดียิ่ง
งันอภิสิทธิ์,งัน-อะ-พิ-สิด,ผู้มีสิทธิอันยิ่ง
งันอรรถ,งัน-ออด,ผู้เปี่ยมด้วยความมั่นคงภายใน
งันอรุณ,งัน-อะ-รุน,ผู้รุ่งเรืองดุจแสงอรุณ
งันอัคร,งัน-อัก,ผู้ยอดเยี่ยม
งันอานนท์,งัน-อา-นน,ผู้เปี่ยมความสุขยินดีและมีความสุขยินดี
งันอำนาจ,งัน-อำ-นาด,ผู้มีอำนาจบารมี
งันอำไพ,งัน-อำ-ไพ,ผู้สว่างงดงาม
งันอิสระ,งัน-อิด-สะ-หระ,ผู้เป็นไทแก่ตน
งันอิสรา,งัน-อิด-สะ-รา,ผู้เป็นไทแก่ตน
งันโอ,งัน-โอ,ผู้เปี่ยมด้วยความมั่นคงภายใน
งันโอดม,งัน-โอ-ดม,ผู้บริบูรณ์และอุดมพร้อม
งันโอฬาร,งัน-โอ-ลาน,ผู้ยิ่งใหญ่กว้างขวาง
งันัน,งัน-ยัน,ผู้เปี่ยมด้วยความมั่นคงภายใน
เงธรกร,เงธ-รก,ผู้มีคุณธรรม ความมั่นคง และความสร้างสรรค์
เงธรคุณ,เง-ระ-คุน,ผู้มีคุณธรรมและความมั่นคง
เงธรจิรา,เง-ทระ-จิ-รา,ผู้มีคุณธรรม ความมั่นคง และความยั่งยืน
เงธรณัฐ,เง-ระ-ทัด,ผู้มีคุณธรรม ความมั่นคง และปัญญา
เงธรณัฐกร,เง-ระ-ทัด-กอน,ผู้มีคุณธรรม ความมั่นคง และปัญญา
เงธรณัฐธร,เง-ระ-ทัด-นอน,ผู้มีคุณธรรม ความมั่นคง และปัญญา
เงธรธนา,เง-ระ-ทะ-นา,ผู้มีคุณธรรม ความมั่นคง และความมั่งคั่ง
เงธรธนาธร,เง-ทรา-นะ-ทอน,ผู้มีคุณธรรม ความมั่นคง และความมั่งคั่ง
เงธรธนาอร,เง-ระ-ทะ-นา-ออน,ผู้มีคุณธรรม ความมั่นคง และความมั่งคั่ง
เงธรธร,เงธ-ระ-ทอน,ผู้มีคุณธรรมและความมั่นคง
เงธรธรรม,เงธ-ระ-ทำ,ผู้มีคุณธรรม ความมั่นคง และความดีงาม
เงธรธีร์,เงง-ทรี,ผู้มีคุณธรรม ความมั่นคง และปัญญา
เงธรนภัส,เง-ทระ-นะ-พัด,ผู้มีคุณธรรม ความมั่นคง และความกว้างไกล
เงธรภัทร,เง-ทระ-พัด,ผู้มีคุณธรรม ความมั่นคง และความดีงาม
เงธรรินทร์,เง-ทะ-ริน,ผู้มีคุณธรรม ความมั่นคง และความเป็นผู้นำ
เงธรวร,เงธ-รวน,ผู้มีคุณธรรม ความมั่นคง และความประเสริฐ
เงธรวรกร,เงธ-รวน-กอน,ผู้มีคุณธรรม ความมั่นคง และความประเสริฐ
เงธรวรธร,เง-ธอ-ระ-วัด,ผู้มีคุณธรรม ความมั่นคง และความประเสริฐ
เงธรวรรณ,เงธ-รัน-วัน,ผู้มีคุณธรรม ความมั่นคง และความงดงาม
เงธรวรอร,เงธ-รวน-ออน,ผู้มีคุณธรรม ความมั่นคง และความประเสริฐ
เงธรวริศ,เงธ-ระ-วิด,ผู้มีคุณธรรม ความมั่นคง และความประเสริฐ
เงธรวิชญ์,เงอ-ระ-วิด,ผู้มีคุณธรรม ความมั่นคง และความรู้
เงธรศรี,เงง-รี-สี,ผู้มีคุณธรรม ความมั่นคง และสิริมงคล
เงธรสิริ,เง-ทระ-สิ-หริ,ผู้มีคุณธรรม ความมั่นคง และสิริมงคล
เงธรสิริกร,เง-ทระ-สิ-หริ-กอน,ผู้มีคุณธรรม ความมั่นคง และสิริมงคล
เงธรสิรินันท์,เง-ระ-ทิ-สะ-นัน,ผู้มีคุณธรรม ความมั่นคง และสิริมงคล
เงธรสิริวรรณ,เง-ระ-สิ-วิ-รัน,ผู้มีคุณธรรม ความมั่นคง และสิริมงคล
เงธรสิริวิชญ์,เง-ระ-สิ-หริ-วิด,ผู้มีคุณธรรม ความมั่นคง และสิริมงคล
เงธรสิริอร,เง-ทระ-สิ-หริ-ออน,ผู้มีคุณธรรม ความมั่นคง และสิริมงคล
เงธรอร,เงอ-ระ-ทอน,ผู้มีคุณธรรม ความมั่นคง และความงดงาม
เงธรอรุณ,เงอ-ระ-อะ-รุน,ผู้มีคุณธรรมและความมั่นคง
เงธรอัคร,เง-ระ-อัก,ผู้มีคุณธรรมและความมั่นคง
เงธรอารี,เงง-รา-อี,ผู้มีคุณธรรม ความมั่นคง และความเมตตา
เงรินกร,เง-ริน-กอน,ผู้มีความรุ่งเรืองและความสร้างสรรค์
เงรินคุณ,เง-ริน-คุน,ผู้มีความรุ่งเรืองและคุณธรรม
เงรินจิรา,เง-ริน-จิ-รา,ผู้มีความรุ่งเรืองและความยั่งยืน
เงรินณัฐ,เง-ริน-นัด,ผู้มีความรุ่งเรืองและปัญญา
เงรินธนา,เงิน-ทะ-นา,ผู้มีความรุ่งเรืองและความมั่งคั่ง
เงรินธร,เง-ริน-ทอน,ผู้มีความรุ่งเรือง
เงรินธรรม,เง-ริน-ทำ,ผู้มีความรุ่งเรืองและความดีงาม
เงรินธีร์,เง-ริน-ที,ผู้มีความรุ่งเรืองและปัญญา
เงรินนภัส,เง-ริน-นะ-พัด,ผู้มีความรุ่งเรืองและความกว้างไกล
เงรินนรินทร์,เง-ริน-นะ-ริน,ผู้มีความรุ่งเรืองและความเป็นผู้นำ
เงรินภัทร,เง-ริน-นะ-พัด,ผู้มีความรุ่งเรืองและความดีงาม
เงรินวร,เง-ริน-วอน,ผู้มีความรุ่งเรืองและความประเสริฐ
เงรินวริศ,เง-ริน-วะ-ริด,ผู้มีความรุ่งเรืองและความประเสริฐ
เงรินอร,เง-ริ-นอน,ผู้มีความรุ่งเรืองและความงดงาม
เงรินอรุณ,เง-ริน-อะ-รุน,ผู้มีความรุ่งเรือง
เงรินอัคร,เงิน-อะ-หัน,ผู้มีความรุ่งเรือง
เงรินอารี,เง-ริน-อา-รี,ผู้มีความรุ่งเรืองและความเมตตา
เงวินคุณ,เง-วิน-คุน,ผู้มีความก้าวหน้าและคุณธรรม
เงวินจิรา,เงิน-วิ-จิ-รา,ผู้มีความก้าวหน้าและความยั่งยืน
เงวินณัฐ,เง-นิน-นัด,ผู้มีความก้าวหน้าและปัญญา
เงวินธนา,เงิน-วิน-ทะ-นา,ผู้มีความก้าวหน้าและความมั่งคั่ง
เงวินธร,เงิน-วอน,ผู้มีความก้าวหน้า
เงวินธีร์,เง-วี-ทิน,ผู้มีความก้าวหน้าและปัญญา
เงวินนภัส,เงิน-นิ-พด,ผู้มีความก้าวหน้าและความกว้างไกล
เงวินนันท์,เงิน-นิน,ผู้มีความก้าวหน้าและความยินดี
เงวินภัทร,เงิน-วิด,ผู้มีความก้าวหน้าและความดีงาม
เงวินลักษณ์,เง-วิน-ลัก,ผู้มีความก้าวหน้าและความงดงาม
เงวินวร,เงิน-วัน,ผู้มีความก้าวหน้าและความประเสริฐ
เงวินวรรณ,เงิน-วัน,ผู้มีความก้าวหน้าและความงดงาม
เงวินวรินทร์,เง-วิน-วิน,ผู้มีความก้าวหน้าและความประเสริฐ
เงวินวริศ,เง-วิน-วะ-ริด,ผู้มีความก้าวหน้าและความประเสริฐ
เงวินอร,เง-วิ-นอน,ผู้มีความก้าวหน้าและความงดงาม
เงวินอรุณ,เง-วิ-นอน-รุน,ผู้มีความก้าวหน้า
เงวินอัคร,เง-วิ-นัก,ผู้มีความก้าวหน้า
เงวินอารี,เง-วิน-อา-รี,ผู้มีความก้าวหน้าและความเมตตา
เงินกมล,เงิน-กะ-มน,ผู้มีทรัพย์และความมั่งคั่งและมีใจงดงาม
เงินกอง,เงิน-กอง,ผู้มีทรัพย์และความมั่งคั่งและรวบรวมพลังและทรัพย์
เงินกอบ,เงิน-กอบ,ผู้มีทรัพย์และความมั่งคั่งและเก็บรักษาและเพิ่มพูน
เงินโชค,เงิน-โชก,ผู้มีทรัพย์และความมั่งคั่งและมีโชคดี
เงินถม,เงิน-ถม,ผู้มีทรัพย์และความมั่งคั่งและมีความอุดมเต็มเปี่ยม
เงินทอง,เงิน-ทอง,ผู้มีทรัพย์และความมั่งคั่งและมีคุณค่าดุจทองคำ
เงินทอด,เงิน-ทอด,ผู้เปี่ยมด้วยทรัพย์อันมั่งคั่ง
เงินธวัช,เงิน-ทะ-วัด,ผู้มีทรัพย์และความมั่งคั่งและเป็นธงแห่งเกียรติ
เงินธีระ,เงีน-ที-ระ,ผู้มีทรัพย์และความมั่งคั่งและปราชญ์ผู้กล้าหาญ
เงินนก,เงิน-กน,ผู้เปี่ยมด้วยทรัพย์อันมั่งคั่ง
เงินนนท์,เงิน-นน,ผู้มีทรัพย์และความมั่งคั่งและเปี่ยมความสุขยินดี
เงินนอง,เงิน-นอง,ผู้มีทรัพย์และความมั่งคั่งและมากล้นอุดมสมบูรณ์
เงินนิรันดร์,เงิน-นิ-รัน,ผู้มีทรัพย์และความมั่งคั่งและยั่งยืนไม่สิ้นสุด
เงินมัด,เงิน-มัด,เงินที่ผูกมัดไว้เป็นหลักประกัน
เงินมัดใจ,เงิน-มัด-ไจ,ทรัพย์หรือคุณค่าที่ผูกใจผู้คน
เงินมั่น,เงิน-มั่น,ผู้มีทรัพย์และความมั่งคั่งและหนักแน่นมั่นคง
เงินมา,เงิน-มา,ทรัพย์สินหลั่งไหลเข้ามา
เงินวร,เงิน-วอน,ผู้มีทรัพย์และความมั่งคั่งและประเสริฐ
เงินวิชญ์,เงิน-วิด,ผู้มีทรัพย์และความมั่งคั่งและนักปราชญ์ผู้รู้
เงินวิโรจน์,เงิน-วิ-โรด,ผู้มีทรัพย์และความมั่งคั่งและรุ่งเรืองสว่างไสว
เงินหนุน,เงิน-หนุน,ผู้มีทรัพย์และความมั่งคั่งและเกื้อหนุนค้ำจุน
เงินหาญ,เงิน-หาน,ผู้มีทรัพย์และความมั่งคั่งและกล้าหาญ
เงินไหล,เงิน-ไหล,ผู้มีความมั่งคั่ง
เงินอนันต์,เงิน-อะ-นัน,ผู้มีความมั่งคั่งและความยินดี
เงินออม,เงิน-ออม,ผู้มีทรัพย์และความมั่งคั่งและรู้จักเก็บรักษา
เงินอำนาจ,เงิน-อำ-นาด,ผู้มีทรัพย์และความมั่งคั่งและมีอำนาจบารมี
เงินอิ่ม,เงิน-อิ่ม,ผู้มีทรัพย์และความมั่งคั่งและสมบูรณ์พูนสุข
โงธรศรีธร,โง-ทอ-ระ-สี-ทอน,ผู้มีสิริมงคล
โงธรศรีรินทร์,โง-ทรา-สี-ริน,ผู้มีสิริมงคลและความเป็นผู้นำ
โงธรสิริธร,โง-ทระ-สิ-ริ-ทอน,ผู้มีสิริมงคล
โงธรสิริรินทร์,โทง-สิ-ริ-ริน,ผู้มีสิริมงคลและความเป็นผู้นำ
โงรินนภัส,โรง-นิน-พัด,ผู้มีความกว้างไกล
โงรินวริศ,โง-ริน-วะ-ริด,ผู้มีความประเสริฐ
โง้วจิรา,โง้ย-จิ-วาร,ผู้มีความยั่งยืน
โง้วชญา,โง้ย-ชะ-วะ-ยา,ผู้มีปัญญา
โง้วณัฐ,โง้-วะ-นัด,ผู้มีปัญญา
โง้วธร,โง้-ทะ-วอน,รากเสียงจีน
โง้วธรรม,โง้-ทะ-วัม,ผู้มีความดีงาม
โง้วธีร์,โง้ว-ที,ผู้มีปัญญา
โง้วนภัส,โง้ง-พะ-วัด,ผู้มีความกว้างไกล
โงวรรณนภัส,โง-วัน-นะ-พัด,ผู้มีความงดงามและความกว้างไกล
โงวรรณวริศ,โง-วัน-นะ-วะ-สิด,ผู้มีความงดงามและความประเสริฐ
โงวินธีร์,โง-วิน-ที,ผู้มีความก้าวหน้าและปัญญา
โงวินวริศ,โง-วิน-วะ-ริด,ผู้มีความก้าวหน้าและความประเสริฐ
ไงธรคุณ,ไท-รง-ทุน,ผู้มีคุณธรรมและความมั่นคง
ไงธรจิรา,ไง-ทรา-จิ-รา,ผู้มีคุณธรรม ความมั่นคง และความยั่งยืน
ไงธรชญา,ไท-รง-ชะ-ยา,ผู้มีคุณธรรม ความมั่นคง และปัญญา
ไงธรณัฐ,ไท-ระ-นัด,ผู้มีคุณธรรม ความมั่นคง และปัญญา
ไงธรธนา,ไท-รง-ทะ-นา,ผู้มีคุณธรรม ความมั่นคง และความมั่งคั่ง
ไงธรธร,ไท-ระ-ทอน,ผู้มีคุณธรรมและความมั่นคง
ไงธรธีร์,ไท-ระ-ที,ผู้มีคุณธรรม ความมั่นคง และปัญญา
ไงธรนภัส,ไง-ทอน-พัด,ผู้มีคุณธรรม ความมั่นคง และความกว้างไกล
ไงธรภัทร,ไท-ระ-ทะ-พัด,ผู้มีคุณธรรม ความมั่นคง และความดีงาม
ไงธรวร,ไท-ระ-วอน,ผู้มีคุณธรรม ความมั่นคง และความประเสริฐ
ไงธรวริศ,ไท-ระ-วอ-ระ-สิด,ผู้มีคุณธรรม ความมั่นคง และความประเสริฐ
ไงธรศรี,ไท-รง-สี,ผู้มีคุณธรรม ความมั่นคง และสิริมงคล
ไงธรศรีธร,ไง-ทรัด-สี-ทอน,ผู้มีคุณธรรม ความมั่นคง และสิริมงคล
ไงธรศรีรินทร์,ไง-ทรี-สิน-ริน,ผู้มีคุณธรรม ความมั่นคง และสิริมงคล
ไงธรสิริธร,ไท-รง-ทะ-ริ-สิด,ผู้มีคุณธรรม ความมั่นคง และสิริมงคล
ไงธรสิริรินทร์,ไท-รง-สิ-ริน,ผู้มีคุณธรรม ความมั่นคง และสิริมงคล
ไงธรสิริวิชญ์,ไง-ทระ-สิ-หริ-วิ-เชด,ผู้มีคุณธรรม ความมั่นคง และสิริมงคล
ไงธรอร,ไท-รอง,ผู้มีคุณธรรม ความมั่นคง และความงดงาม
ไงรินกร,ไร-งิน-กอน,ผู้มีความรุ่งเรืองและความสร้างสรรค์
ไงรินธร,ไร-งิน-ทอน,ผู้มีความรุ่งเรือง
ไงรินนภัส,ไง-ริน-พัด,ผู้มีความรุ่งเรืองและความกว้างไกล
ไงรินวร,ไร-งิน,ผู้มีความรุ่งเรืองและความประเสริฐ
ไงรินวริศ,ไร-งิ-ระ-วิด,ผู้มีความรุ่งเรืองและความประเสริฐ
ไงรินอร,ไร-งิน-ออน,ผู้มีความรุ่งเรืองและความงดงาม
ไงรินอารี,ไง-ริน-อา-รี,ผู้มีความรุ่งเรืองและความเมตตา
ไงวรรณธีร์,ไง-วัน-ที,ผู้มีความงดงามและปัญญา
ไงวรรณวริศ,ไง-วัน-นะ-วะ-ริด,ผู้มีความงดงามและความประเสริฐ
ไงวาคุณ,ไง-วา-คุน,ผู้มีคุณธรรม
ไงวาธนา,ไง-วาด-นา,ผู้มีความมั่งคั่ง
ไงวาธร,ไง-วาด,ผู้มีความคล่องแคล่ว
ไงวาธีร์,ไง-วา-ที,ผู้มีปัญญา
ไงวาวร,ไง-วา-วอน,ผู้มีความประเสริฐ
ไงวาอร,ไง-วา-ออน,ผู้มีความงดงาม
ไงวาอารี,ไง-วา-อา-รี,ผู้มีความเมตตา
จงจิ,จง-จิ,ผู้ตั้งใจมั่นและมีจิตมุ่งสู่ความดี
จงจินต์,จง-จิน,ผู้ตั้งใจคิดอย่างมั่นคง
จงเจต,จง-เจด,ผู้ตั้งมั่นในเจตนา
จงเจตน์,จง-เจด,ผู้มีเจตจำนงแน่วแน่
จงรัก,จง-รัก,ผู้มีความรักมั่นคงและเป็นที่รัก
จงรักษ์,จง-รัก,ผู้มีความมั่นคงและความรัก
จตุรงค์,จะ-ตุ-รง,ผู้มีความสมบูรณ์พร้อมด้วยองค์ประกอบสำคัญทั้งสี่
จมิ,จิม,ชื่อประดิษฐ์ สื่อถึงความดีงามและความเจริญ
จรกรรณ,จะ-ระ-กัน,ผู้ดำเนินชีวิตด้วยการรับฟังและปัญญา
จรณ,จะ-รน,ผู้มีความประพฤติดีงาม
จรณ์,จอน,ผู้ก้าวหน้า
จรณรัญ,จะ-รน-รัน,ผู้มีความประพฤติดีและความกล้าหาญ
จรณะ,จะ-ระ-นะ,ผู้ก้าวเดินไปข้างหน้า
จรณา,จะ-ระ-นา,ผู้มีความประพฤติดี ความกล้าหาญ และความอ่อนโยนสง่างาม
จรณิน,จะ-ระ-นิน,ผู้มีความประพฤติดีและความกล้าหาญ
จรณินท์,จะ-ระ-นิน,ผู้มีความประพฤติดี ความกล้าหาญ และความสุขยินดี
จรณินทร์,จะ-ระ-นิน,ผู้ก้าวหน้าอย่างยิ่งใหญ่
จรัญญา,จะ-รัน-ยา,ผู้มีการดำเนินชีวิต ความรู้ และความอ่อนโยนสง่างาม
จรัดไช,จะ-รัด-ไช,ผู้มีการดำเนินชีวิตและชัยชนะ
จรัดรรม,จะ-รัด-รม,ผู้เปี่ยมด้วยการดำเนินชีวิต
จรัดราวัน,จะ-รัด-รา-วัน,ผู้เปี่ยมด้วยการดำเนินชีวิต
จรัดวาริน,จะ-หรัด-วา-ริน,ผู้มีการดำเนินชีวิต ความอ่อนละมุนดุจสายน้ำ และสายน้ำ
จรัดอมร,จะ-หรัด-อะ-มอน,ผู้มีการดำเนินชีวิต ความยั่งยืน และความมั่นคงสูงส่ง
จรัล,จะ-รัน,ผู้มีการดำเนินชีวิตและความละมุน
จรัลทร,จะ-รัน-ทอน,ผู้มีการดำเนินชีวิต ความละมุน และความมั่นคง
จรัลรมณ์,จะ-รัน-รม,ผู้มีการดำเนินชีวิต ความละมุน และความรื่นรมย์
จริญญา,จะ-ริน-ยา,ผู้มีการดำเนินชีวิต ความรู้ และความอ่อนโยนสง่างาม
จริน,จะ-ริน,ผู้มีการดำเนินชีวิตและความอ่อนละมุนดุจสายน้ำ
จรินทร,จะ-ริน-ทอน,ผู้ประพฤติดีอันยิ่งใหญ่
จรินทร์,จะ-ริน,ผู้ประพฤติดีและเป็นใหญ่
จรินรสิน,จะ-ริน-ริด,ผู้มีการดำเนินชีวิต ความอ่อนละมุนดุจสายน้ำ และเสน่ห์ละมุน
จรินรา,จะ-ริน-รา,ผู้ประพฤติงามและสง่างาม
จรินราคาน,จะ-ริน-รา-คาน,ผู้มีการดำเนินชีวิตและความอ่อนละมุนดุจสายน้ำ
จรินราณน,จะ-ริน-ราน,ผู้มีการดำเนินชีวิตและความอ่อนละมุนดุจสายน้ำ
จรินรานาน,จะ-ริน-รา-นาน,ผู้มีการดำเนินชีวิตและความอ่อนละมุนดุจสายน้ำ
จรินรารวัน,จะ-ริน-รา-วัน,ผู้มีการดำเนินชีวิตและความอ่อนละมุนดุจสายน้ำ
จรินรารี,จะ-ริน-รา-รี,ผู้มีการดำเนินชีวิตและความอ่อนละมุนดุจสายน้ำ
จรินราวัน,จะ-ริน-รา-วัน,ผู้มีการดำเนินชีวิตและความอ่อนละมุนดุจสายน้ำ
จรินริน,จะ-ริน-ริน,ผู้ประพฤติงามและอ่อนละมุนดุจสายน้ำ
จรินรินน,จะ-ริน-ริน,ผู้มีการดำเนินชีวิตและความอ่อนละมุนดุจสายน้ำ
จรินรูจด,จะ-ริน-รูด,ผู้มีการดำเนินชีวิตและความอ่อนละมุนดุจสายน้ำ
จรินรูเจต,จะ-ริน-รู-เจด,ผู้มีการดำเนินชีวิตและความอ่อนละมุนดุจสายน้ำ
จรินรูไช,จะ-ริน-รู-ไช,ผู้มีการดำเนินชีวิต ความอ่อนละมุนดุจสายน้ำ และชัยชนะ
จรินวร,จะ-ริน-วอน,ผู้ประพฤติดีและประเสริฐ
จรินวารา,จะ-ริน-วา-รา,ผู้มีความสง่างามและความอ่อนโยน
จรินวาริน,จะ-ริน-วา-ริน,ผู้มีการดำเนินชีวิต ความอ่อนละมุนดุจสายน้ำ และสายน้ำ
จรินวิทร,จะ-ริน-วิด,ผู้มีความมั่นคง
จริม,จิ-หมิ,ผู้เป็นที่สุดและยอดเยี่ยม
จรุญวงษ์,จะ-รุน-สะ-วง,ผู้มีการดำเนินชีวิตและวงศ์ตระกูล
จรูญ,จะ-รูน,ผู้เปี่ยมด้วยการดำเนินชีวิต
จรูญไชย,จะ-รูน-ไช,ผู้รุ่งเรืองงดงามและมีชัยชนะ
จรูญญ์,จะ-รูน,ผู้เปี่ยมด้วยการดำเนินชีวิต
จรูญภ์,จะ-รูน,ผู้เปี่ยมด้วยการดำเนินชีวิต
จรูญเลิศ,จะ-รู-เลิด,ผู้รุ่งเรืองงดงามและยอดเยี่ยม
จรูญศิลป์,จะ-รูน-สิน,ผู้รุ่งเรืองงดงามและมีศิลปะ
จรูญสิน,จะ-รูน-สิน,ผู้รุ่งเรืองงดงามและมีทรัพย์สิน
จรูญสิริ,จะ-รูน-สิ-หริ,ผู้รุ่งเรืองงดงามและมีสิริมงคล
จวรรณภรณ์,จะ-วัน-พอน,ผู้ประดับด้วยวรรณะงดงาม
จฬิ,จะ-หริ,ชื่อประดิษฐ์ สื่อถึงความดีงามและความเจริญ
จ้อง,จ้อง,เพ่งมองอย่างตั้งใจ
จอนลา,จอน-ลา,ผู้มีความละมุนและความอ่อนโยนสง่างาม
จอมกมล,จอม-กะ-มน,ผู้มีความเป็นเลิศ ความบริสุทธิ์ และความงดงาม
จอมใจ,จอม-ใจ,ผู้เป็นยอดดวงใจ
จอมทอง,จอม-ทอง,ผู้มีความเป็นเลิศและความมั่งคั่ง
จอมทองคำ,จอม-ทอง-คำ,ผู้มีความเป็นเลิศและความมั่งคั่ง
จักร,จัก,ผู้ขับเคลื่อนชีวิตด้วยพลังและอำนาจ
จักรกริช,จัก-กริด,ผู้เปี่ยมด้วยพลังขับเคลื่อน
จักรธร,จัก-กระ-ทอน,ผู้ทรงอำนาจอันยิ่งใหญ่
จักรพงศ์,จัก-กระ-พง,วงศ์ตระกูลที่ยิ่งใหญ่
จักรเพชร,จัก-เพ็ด,ผู้มีความมั่นคง
จักรภัทร,จัก-พัด-ทรอ,ผู้มีความสร้างสรรค์และความดีงาม
จักรวาล,จัก-กระ-วาน,โลกหรือเอกภพอันกว้างใหญ่
จักรวุธ,จัก-กระ-วุด,ผู้มีอำนาจ
จักราวิชช์,จัก-กรา-วิด,ผู้มีพลังขับเคลื่อนและความรู้
จักริน,จัก-กริน,ผู้ทรงอำนาจยิ่งใหญ่
จักรี,จัก-กรี,ผู้มีจักร เป็นนามแห่งพระมหากษัตริย์
จัดณรงค์,จัด-นะ-รง,ผู้จัดการต่อสู้หรือรณรงค์อย่างกล้าหาญ
จันจิรา,จัน-จิ-รา,ผู้มีความยั่งยืนและความอ่อนโยนสง่างาม
จันทจร,จัน-ทะ-จอน,ผู้มีการดำเนินชีวิตและความมั่นคงสูงส่ง
จันทนา,จัน-ทะ-นา,ไม้จันทน์หอม สื่อถึงความหอมละมุนและมีค่า
จันทนานนท์,จัน-ทะ-นา-นน,ผู้เย็นงามดุจจันทร์และเปี่ยมความสุขยินดี
จันทร์,จัน,ผู้เย็นงามและสว่างละมุนดุจแสงจันทร์
จันทรขจร,จัน-ทะ-ขะ-จอน,ผู้มีการดำเนินชีวิต ความมั่นคง และความมั่นคงสูงส่ง
จันทร์คง,จัน-คง,ผู้มีแสงจันทร์และความมั่นคง
จันทร์จรัส,จัน-จะ-หรัด,งามผ่องใส
จันทร์จิรา,จัน-จิ-รา,ผู้มีความสง่างามและความยั่งยืน
จันทร์เจริญ,จัน-จะ-เริน,ผู้ประพฤติดี ผู้เย็นงามดุจจันทร์ และเจริญรุ่งเรือง
จันทร์แจ้ง,จัน-แจ้ง,ดวงจันทร์สว่างกระจ่าง
จันทร์เชย,จัน-เชย,จันทร์อ่อนหวานน่าชื่นชม
จันทร์ทรง,จัน-ทรง,ผู้มีแสงจันทร์และความมั่นคง
จันทร์ประภัส,จัน-ประ-พัด,ผู้เย็นงามดุจจันทร์ ผู้เปล่งแสงสว่าง และมีแสงสว่าง
จันทร์แปลง,จัน-แปลง,ผู้มีแสงจันทร์ ความละมุน และความมั่นคง
จันทร์ยี,จัน-ยี,ผู้มีแสงจันทร์และความมั่นคง
จันทร์ลิ้ม,จัน-ลิ้ม,ผู้มีแสงจันทร์ ความละมุน และความมั่นคง
จันทร์วัน,จัน-วัน,ผู้มีแสงจันทร์และความมั่นคง
จันทร์ศิริ,จัน-สิ-หริ,ผู้เย็นงามดุจจันทร์และมีสิริมงคล
จันทร์สม,จัน-สม,ผู้มีแสงจันทร์และความมั่นคง
จันทร์หอม,จัน-หอม,ผู้มีความสง่างาม
จันทร์หาญ,จัน-หาน,ผู้เย็นงามดุจจันทร์และกล้าหาญ
จันทร์โอ,จัน-โอ,ผู้มีแสงจันทร์และความมั่นคง
จันทรังษ์,จัน-ทะ-รัง,ผู้เย็นงามดุจจันทร์และมีรัศมี
จันทรัช,จัน-ทะ-รัด,ผู้เย็นงามดุจจันทร์และรุ่งเรืองด้วยอำนาจ
จันทรากิณะ,จัน-ทา-ระ-กิ-นะ,ผู้มีแสงจันทร์ ความฉลาดว่องไว และความมั่นคง
จันทรานนท์,จัน-ทรา-นน,ผู้มีความสง่างามและความยินดี
จันทราวรรณ,จัน-ทรา-วัน,ผู้มีความสง่างามและความงดงาม
จันทวารา,จัน-ทะ-วา-รา,ผู้มีความเย็นงามและความอ่อนโยนสง่างาม
จันทะคัด,จัน-ทะ-คัด,ผู้เปี่ยมด้วยความเย็นงาม
จันทะวงษ์,จัน-ทะ-วง,ผู้เย็นงามดุจจันทร์และสืบวงศ์ดีงาม
จันทะวัง,จัน-ทะ-วัง,ผู้เปี่ยมด้วยความเย็นงาม
จันทิรา,จัน-ทิ-รา,งามผ่องใสดุจดวงจันทร์
จันธนนิโรจน์,จัน-ทะ-นา-โร-ดิน,ผู้มีทรัพย์และรุ่งเรืองสว่างไสว
จันธิมา,จัน-ทิ-มา,ผู้มีธรรมะและความอ่อนโยนสง่างาม
จับใจ,จับ-ไจ,งดงามประทับใจอย่างลึกซึ้ง
จามิกรณ์,จา-มิ-กอน,ผู้มีฐานะแห่งความดีและความกล้าหาญ
จาร์มิกรณ์,จา-มิ-กอน,ผู้มีฐานะแห่งความดีและความกล้าหาญ
จารุกิตต์,จา-รุ-กิด,ผู้มีชื่อเสียงดี
จารุจันท์โชค,จา-รุ-จัน-โชก,ผู้เย็นงามดุจจันทร์ ผู้งดงามน่ารัก และมีโชคดี
จารุธำรง,จา-รุด-ทำ-มง,ผู้เปี่ยมด้วยความงามน่ารัก
จารุนภัทร์,จา-รุน-พัด,ผู้งดงามน่ารักและดีงามเป็นมงคล
จารุนันท์,จา-รุ-นัน,ผู้มีความยินดีอันน่ารัก
จารุรินทร์,จา-รุ-ริน,ผู้มีความเป็นผู้นำ
จารุวรรณ,จา-รุ-วัน,ผู้มีความงามที่น่ารัก
จารูญ,จา-รูน,ผู้เปี่ยมด้วยความเจริญ
จาลิบ,จา-ลิบ,ผู้เปี่ยมด้วยความละมุน
จำนาน,จำ-นาน,ผู้เปี่ยมด้วยความเจริญ
จำรอง,จำ-รอง,ผู้ดำรงไว้หรือรับรองไว้
จำรูญ,จำ-รูน,ผู้เปี่ยมด้วยความเจริญ
จำรูญศรี,จำ-รูน-สี,ผู้มีศรีสง่าและความมุ่งมั่น
จำลอง,จำ-ลอง,สิ่งที่ถอดแบบหรือสร้างขึ้นแทนของจริง
จิณณ์,จิน,ผู้ได้กระทำคุณงามความดี
จิณณ์เจษฎ์,จิน-เจด,ผู้มีชัยชนะและความเป็นใหญ่
จิณณ์ณัฏฐี,จิน-นัด-ถี,ผู้เป็นนักปราชญ์ที่ได้กระทำคุณงามความดีมาแล้ว
จิณณ์วินท์,จิน-นะ-วิน,ผู้มีชัยชนะที่ได้สั่งสมมา
จิณณ์ศร,จิน-สอน,ผู้ได้ปฏิบัติจนถึงแก่นสาร
จิณณะ,จิน-นะ,ผู้ได้ประพฤติปฏิบัติมาแล้ว
จิณธร,จิน-ทอน,ผู้มีชัยชนะ การค้ำจุน และความมั่นคงสูงส่ง
จิณห์วรา,จิน-วะ-รา,ผู้มีเครื่องหมายหรือคุณงามความดีอันดีเลิศ
จิดาภา,จิ-ดา-พา,ผู้มีรัศมีแห่งจิต
จิตติพร,จิด-ติ-พอน,ผู้มีพรสวรรค์ด้านความคิด
จิตติมา,จิด-ติ-มา,ผู้มีความเฉลียวฉลาด
จิตรดิลก,จิด-ดิ-หลก,ผู้เป็นเลิศอันวิจิตร
จิตรเทพ,จิด-ตระ-เทบ,จิตใจ
จิตรภณ,จิด-ตระ-พน,จิตใจ
จิตริน,จิด-ริน,จิตใจ
จิธิมา,จิ-ทิ-มา,ผู้มีธรรมะและความอ่อนโยนสง่างาม
จิน,จิน,ความคิดหรือจิตใจ
จินณ์,จิน,ผู้ชนะหรือผู้รู้แจ้ง
จินตณัฐ,จิน-ตะ-นัด,ผู้มีความคิดและปัญญา
จินตนภรณ์,จิน-ตะ-นะ-พอน,ผู้มีความคิด ความกล้าหาญ และการค้ำจุน
จินตนา,จิน-ตะ-นา,การจินตนาการ
จินต์ลภัส,จิน-ละ-พัด,ผู้ประสบความสำเร็จตามที่คิดปรารถนา
จินนะ,จิน-นะ,ผู้ชนะ
จินนะธรรม,จิน-นะ-ทำ,ผู้ค้ำจุนและตั้งมั่นในธรรม
จินนะวิทร,จิน-นะ-วิด,ผู้มีความคิด ความมั่นคง และความรู้
จินวิทร,จิน-วิ-ทอน,ผู้มีความคิด ความมั่นคง และความรู้
จินาวา,จิ-นา-วา,ผู้นำพาชีวิตดุจเรือและนำพาดุจเรือ
จิรกร,จิ-รา-กอน,ผู้มีความยั่งยืนและความสร้างสรรค์
จิรญา,จิ-ระ-ยา,ผู้มีความยั่งยืน ความรู้ และความอ่อนโยนสง่างาม
จิรฐา,จิ-ระ-ถา,ผู้มีความยั่งยืน
จิรดล,จิ-ระ-ดน,ผู้ยั่งยืนยาวนานและบันดาล
จิรเดช,จิ-ระ-เดด,ผู้มีความยั่งยืนและอำนาจ
จิรทีปต์,จิ-ระ-ทีบ,ผู้มีความรุ่งโรจน์อันยั่งยืน
จิรนันท์,จิ-ระ-นัน,ผู้มีความยั่งยืนและความยินดี
จิรนาฏ,จิ-ระ-นาด,ผู้ยั่งยืนยาวนานและมีศิลปะงดงาม
จิรบวรภัทร,จิ-ระ-บอ-วอ-ระ-พัด,ผู้ยั่งยืนยาวนาน ผู้ประเสริฐ และดีงามเป็นมงคล
จิรเปรมธนิก,จิ-ระ-เปรม-กะ-นิด,ผู้ยั่งยืนยาวนาน ผู้มีทรัพย์ และเปี่ยมความรักยินดี
จิรพรรณ,จิ-ระ-พัน,ผู้มีความยั่งยืนและความงดงาม
จิรภัทร,จิ-ระ-พัด,ผู้มีความยั่งยืนและความดีงาม
จิรภิญญา,จิ-ระ-พิน-ยา,ผู้มีความยั่งยืน ความรู้ และปัญญายิ่ง
จิรเมธ,จิ-ระ-เมด,ผู้มีปัญญาอันยั่งยืน
จิรวัฒน์,จิ-ระ-วัด,ผู้มีความยั่งยืนและความเจริญ
จิรเวช,จิ-ระ-เวด,ผู้มีความรู้หรือปัญญาอันยั่งยืน
จิรศักดิ์,จิ-ระ-สัก,ผู้มีความยั่งยืนและเกียรติยศ
จิระคุณ,จิ-ระ-คุน,ผู้เปี่ยมคุณธรรมและยั่งยืนยาวนาน
จิระเจริญรุจน์,จิ-ระ-เร-จุ-ริน,ผู้ยั่งยืนยาวนาน ผู้ประพฤติดี และเจริญรุ่งเรือง
จิระนันท์,จิ-ระ-นัน,ผู้มีความยั่งยืนและความยินดี
จิระประไพ,จิ-ระ-ปะ-ไพ,ผู้มีความงามหรือความรุ่งเรืองอันยั่งยืน
จิรัชญา,จิ-รัด-ชะ-ยา,ผู้มีความรุ่งเรือง ความรู้ และความยั่งยืน
จิรัฎฐ์,จิ-รัด,ผู้ตั้งมั่นหรือดำรงอยู่อย่างยั่งยืน
จิรัฏฐ,จิ-ระ-จัด,ผู้เปี่ยมด้วยความยั่งยืน
จิรัฏฐ์,จิ-รัด,ผู้มีความมั่นคงถาวร
จิรัฏฐา,จิ-รัด-ถา,ผู้ดำรงอยู่อย่างมั่นคงยืนนาน
จิรันธนิน,จิ-รัน-ทะ-นิน,ผู้ยั่งยืนยาวนานและมีทรัพย์
จิรันธร,จิ-รัน-ทอน,ผู้มีความยั่งยืน
จิรัส,จิ-รัด,ผู้มีชีวิตอันยั่งยืน หรือผู้เป็นอยู่ยาวนาน
จิรา,จิ-รา,ผู้มีความยั่งยืนและความอ่อนโยนสง่างาม
จิราธร,จิ-รา-ทอน,ผู้ยั่งยืนยาวนานและค้ำจุน
จิรานุวัจน์,จิ-รา-นุ-วัด,ผู้ยั่งยืนยาวนานและมีวาจางดงาม
จิรายุ,จิ-รา-ยุ,ผู้มีอายุยืนยาว
จิรายุทธ,จิ-รา-ยุด,ผู้ชำนาญการยุทธที่ยั่งยืน หรือผู้มีความกล้าหาญยั่งยืน
จิราวุธ,จิ-รา-วุด,ผู้มีความยั่งยืน
จิริญา,จิ-ริ-ยา,ผู้มีความยั่งยืน ความรู้ และความอ่อนโยนสง่างาม
จิลลภัทร,จิน-ละ-พัด,ผู้มีความละมุน ความดีงามเป็นมงคล และความมั่นคง
จีรณะ,จี-ระ-นะ,ความยืนนาน
จุฑามาศ,จุ-ทา-มาด,ผู้มีคุณค่า
จุนันท์,จุ-นัน,ผู้เปี่ยมด้วยความสุขยินดี
จุลจักร,จุน-ละ-จัก,ผู้มีพลังขับเคลื่อน ความละมุน และความมั่นคงสูงส่ง
จุลอักษร,จุ-ละ-อัก-สอน,ผู้มีความละเอียดประณีต อักษรอันงดงาม และความละมุน
จุลินทร์,จุ-ลิน,ผู้เป็นใหญ่แต่กำเนิดเล็ก
จุฬารักษ์,จุ-รา-รัก,ผู้เป็นที่รักและปกป้องรักษา
จุฬาลักษณ์,จุ-รา-ลัก,ผู้มีเครื่องหมายแห่งความเป็นเลิศ
จุฬาวรรณ,จุ-รา-วัน,ผู้ประเสริฐและมีวรรณะงดงาม
จูงใจ,จูง-ไจ,ผู้ชักนำหัวใจให้คล้อยตาม
จูมนา,จูม-นา,ผู้มีความเจริญและความอ่อนโยนสง่างาม
เจดับบลิว,เจ-ดับ-วิน,อักษรย่อ JW รอการตรวจสอบความหมายเฉพาะ
เจตณัฐ,เจด-ตะ-นัด,นักปราชญ์ผู้มีจิตใจและความคิดอันเฉลียวฉลาด
เจตณัฐว์,เจด-ตะ-นัด,ผู้มีความตั้งใจและปัญญา
เจตน์,เจด,ผู้เปี่ยมด้วยความตั้งใจ
เจตนจันทร์,เจด-ตะ-นะ-จัน,ผู้เย็นงามดุจจันทร์และมีความตั้งใจมั่น
เจตนิพัทธ์,เจด-นิ-พัด,ผู้มีความคิดที่ยั่งยืน
เจน,เจน,ผู้ชำนาญและคล่องแคล่ว
เจนจบ,เจน-จบ,ผู้ชำนาญรอบด้าน
เจนจาคะ,เจน-จา-คะ,ผู้เสียสละและชำนาญ
เจนจิรา,เจน-จิ-รา,ผู้มีความชำนาญอย่างยั่งยืน
เจนจิรารีย์,เจน-จิ-รา-รี,ผู้มีความชำนาญที่ยั่งยืนและประเสริฐ
เจนภณ,เจน-พน,ผู้มีวาทศิลป์
เจนรบ,เจน-รบ,ผู้เชี่ยวชาญในการต่อสู้
เจนลักษณ์,เจน-ลัก,ผู้มีลักษณะงามและเฉลียวฉลาด
เจนวร,เจน-วะ-ระ,ผู้ประเสริฐและชำนาญ
เจนวิน,เจน-วิน,ผู้ชนะที่เชี่ยวชาญ
เจนอักษร,เจน-อัก-สอน,ผู้มีความรู้ทางอักษรและชำนาญ
เจริญ,จะ-เริน,ผู้ประพฤติดีและเจริญรุ่งเรือง
เจริญกัลป์,จะ-เริน-กัน,ผู้ประพฤติดี ผู้เจริญรุ่งเรือง และยืนยาวดุจกาล
เจริญขวัญ,จะ-เริน-ขวัน,ผู้ประพฤติดี ผู้เจริญรุ่งเรือง และเป็นมิ่งขวัญ
เจริญใจ,จะ-เริน-ไจ,ผู้ประพฤติดี ผู้เจริญรุ่งเรือง และมีจิตใจมั่นคง
เจริญรักษ์,จะ-เริน-รัก,ผู้ประพฤติดี ผู้เจริญรุ่งเรือง และเป็นที่รัก
เจริญโรจน์ปัญญา,จะ-เริน-จัน-ยะ-ปา,ผู้ประพฤติดี ผู้เจริญรุ่งเรือง และมีปัญญา
เจริญวงษ์,จะ-เริน-งว,ผู้ประพฤติดี ผู้เจริญรุ่งเรือง และสืบวงศ์ดีงาม
เจริญไว,จะ-เริน-ไว,ผู้ประพฤติดี ผู้เจริญรุ่งเรือง และว่องไว
เจริญใหญ่,จะ-เริน-ใหย่,ผู้ประพฤติดีและเจริญรุ่งเรือง
เจษฎ์ภัทร,เจด-พัด,ผู้มีความเจริญและสิริมงคล
เจษฎา,เจด-สะ-ดา,ผู้เจริญที่สุด
เจษฎาวิน,เจด-สะ-ดา-วิน,ผู้เป็นเลิศและมีชัยชนะ
เจษฎาวุธ,เจด-สะ-ดา-วุด,ผู้มีความเป็นผู้นำและความประเสริฐ
เจษฏา,เจด-สะ-ตา,ผู้เป็นใหญ่และน่าเคารพและประเสริฐและเป็นใหญ่
เจษภัทร,เจด-สะ-พัด,ผู้ประเสริฐและเป็นใหญ่และดีงามเป็นมงคล
เจษรินทร์,เจด-สะ-ริน,ผู้ประเสริฐและเป็นใหญ่และเป็นใหญ่
เจษวิชญ์,เจด-สะ-วิด,ผู้มีความรู้เป็นเลิศ
เจะดิง,เจ-ดิง,ผู้เปี่ยมด้วยความเป็นสิริมงคลเฉพาะตน
เจะเละ,เจะ-เละ,ผู้เปี่ยมด้วยความละมุน
เจะโวะ,เจะ-โวะ,ผู้เปี่ยมด้วยความเป็นสิริมงคลเฉพาะตน
เจิมจันทร์,เจิม-จัน,ผู้มีความสง่างามดุจจันทร์
แจ้งคำ,แจ้ง-คำ,ผู้มีคุณค่าดุจทองคำและสว่างชัดเจน
แจ้งประดิษฐ์,แจ้ง-ประ-ดิด,ผู้สร้างสรรค์และสว่างชัดเจน
แจวทอง,แจว-ทอง,ไม้พายทอง สื่อถึงการนำพาชีวิตด้วยคุณค่า
ใจแคล้ว,ไจ-แคล้ว,ผู้มีจิตใจมั่นคงและแคล้วคลาดปลอดภัย
ใจหลัก,ไจ-หลัก,ผู้เป็นหลักมั่นคงและมีจิตใจมั่นคง
ฉกณนต,ฉะ-กะ-หนด,ชื่อประดิษฐ์ สื่อถึงความดีงามและความเจริญ
ฉกมนต,ฉก-มะ-นด,จิตใจ
ฉกรกะ,ฉะ-กอ-ระ-กะ,ผู้มีความสร้างสรรค์
ฉกรกิ,ฉะ-กอน-กิ,ผู้มีความสร้างสรรค์
ฉกรณัฏฐ์,ฉะ-กอ-ระ-นัด,ผู้มีความสร้างสรรค์และปัญญา
ฉกรมิน,ฉะ-กะ-มะ-ลิน,ผู้มีความสร้างสรรค์
ฉกรรจ์,ฉะ-กัน,ผู้แข็งแรง องอาจ และเปี่ยมพลัง
ฉกะกร,ฉะ-กอน,ผู้มีความสร้างสรรค์
ฉกะมิน,ฉะ-กะ-มะ-นิ,ชื่อประดิษฐ์ สื่อถึงความดีงามและความเจริญ
ฉกัณ,ฉะ-กัน,ชื่อประดิษฐ์ สื่อถึงความดีงามและความเจริญ
ฉกัณโณ,ฉะ-กัน-โน,ชื่อประดิษฐ์ สื่อถึงความดีงามและความเจริญ
ฉกัน,ฉะ-กัน,ชื่อประดิษฐ์ สื่อถึงความดีงามและความเจริญ
ฉกันโณ,ฉะ-กัน-โน,ชื่อประดิษฐ์ สื่อถึงความดีงามและความเจริญ
ฉกันรณ,ฉะ-กัน-ระ-กอน,ชื่อประดิษฐ์ สื่อถึงความดีงามและความเจริญ
ฉกิกะ,ฉะ-กิ-กะ,ชื่อประดิษฐ์ สื่อถึงความดีงามและความเจริญ
ฉกิกิ,ฉะ-กิ-โก,ชื่อประดิษฐ์ สื่อถึงความดีงามและความเจริญ
ฉกิจชล,ฉะ-กิด-ชน,สายน้ำ
ฉกิจนต,ฉะ-กิ-จน,ชื่อประดิษฐ์ สื่อถึงความดีงามและความเจริญ
ฉกิจนนท์,ฉิ-กิ-นน,ผู้มีความยินดี
ฉกิณ,ฉะ-กิน,ชื่อประดิษฐ์ สื่อถึงความดีงามและความเจริญ
ฉกิณโณ,ฉะ-กิน-โน,ชื่อประดิษฐ์ สื่อถึงความดีงามและความเจริญ
ฉกิณรณ,ฉะ-กิ-ระ-นะ,ชื่อประดิษฐ์ สื่อถึงความดีงามและความเจริญ
ฉกิณัฏฐ์,ฉะ-กิ-นัด,ผู้มีปัญญา
ฉกิม,ฉะ-กิม,ชื่อประดิษฐ์ สื่อถึงความดีงามและความเจริญ
ฉกิมโณ,ฉะ-กิ-โมน,ชื่อประดิษฐ์ สื่อถึงความดีงามและความเจริญ
ฉกิมรณ,ฉะ-กิ-มน,ชื่อประดิษฐ์ สื่อถึงความดีงามและความเจริญ
ฉกิมิน,ฉะ-กิ-มิน,ชื่อประดิษฐ์ สื่อถึงความดีงามและความเจริญ
ฉคะภิ,ฉะ-คะ-พิ,ชื่อประดิษฐ์ สื่อถึงความดีงามและความเจริญ
ฉคุณ,ฉะ-คุน,ผู้มีคุณธรรม
ฉคุณโณ,ฉะ-คุน-โน,ผู้มีคุณธรรม
ฉคุณรณ,ฉะ-คุน-ระ-นะ,ผู้มีคุณธรรม
ฉณัฏฐ์,ฉะ-นัด,ผู้มีปัญญา
ฉณัฏฐ์กะ,ฉะ-หนัด-กะ,ผู้มีปัญญา
ฉณัฏฐ์โณ,ฉะ-หนัด-โน,ผู้มีปัญญา
ฉณัฏฐ์รณ,ฉะ-รัน-ดอน,ผู้มีปัญญา
ฉณัฏฐ์วร,ฉะ-หระ-วัด,ผู้มีปัญญาและความประเสริฐ
ฉณัฏฐ์อร,ฉะ-นัด-ออน,ผู้มีปัญญาและความงดงาม
ฉณัฐณัฐ,ฉะ-หรัด-ถะ-นัด,ผู้มีปัญญา
ฉณัฐมนต์,ฉะ-นัด-ถะ-มน,ผู้มีปัญญาและสิริมงคล
ฉโณ,ฉะ-โหน,ชื่อประดิษฐ์ สื่อถึงความดีงามและความเจริญ
ฉโณกร,ฉะ-โหน-กอน,ผู้มีความสร้างสรรค์
ฉโณกัน,ฉะ-โน-โกน,ชื่อประดิษฐ์ สื่อถึงความดีงามและความเจริญ
ฉโณกิม,ฉะ-โน-กิม,ชื่อประดิษฐ์ สื่อถึงความดีงามและความเจริญ
ฉโณณัฏฐ์,ฉะ-โหน-นัด,ผู้มีปัญญา
ฉโณดิณ,โฉ-โน-ดิน,ชื่อประดิษฐ์ สื่อถึงความดีงามและความเจริญ
ฉโณธาม,ฉะ-โหน-ทาม,ชื่อประดิษฐ์ สื่อถึงความดีงามและความเจริญ
ฉโณภิณ,ฉะ-โน-นิบ,ชื่อประดิษฐ์ สื่อถึงความดีงามและความเจริญ
ฉโณมนต์,ฉะ-โน-มน,ผู้มีสิริมงคล
ฉโณวร,โฉ-โน-วอน,ผู้มีความประเสริฐ
ฉดนนด,ฉะ-ดะ-หนด,ชื่อประดิษฐ์ สื่อถึงความดีงามและความเจริญ
ฉดิณ,ฉะ-ดิน,ชื่อประดิษฐ์ สื่อถึงความดีงามและความเจริญ
ฉดิณรณ,ฉะ-ดิ-ระ-นะ-ระ,ชื่อประดิษฐ์ สื่อถึงความดีงามและความเจริญ
ฉธาม,ฉะ-ทาม,ชื่อประดิษฐ์ สื่อถึงความดีงามและความเจริญ
ฉธามโณ,ฉะ-ทา-โมน,ชื่อประดิษฐ์ สื่อถึงความดีงามและความเจริญ
ฉธามรณ,ทะ-ทา-ระ-มน,ชื่อประดิษฐ์ สื่อถึงความดีงามและความเจริญ
ฉนตอณ,ฉะ-หนอน,ชื่อประดิษฐ์ สื่อถึงความดีงามและความเจริญ
ฉนนท์กิจ,ฉะ-หน-นะ-กิด,ผู้มีความยินดี
ฉนนท์วิณ,ฉะ-หนน-วิน,ผู้มีความยินดี
ฉนนท์อณ,ฉะ-หนน-ออน,ผู้มีความยินดี
ฉนันท์อณ,ฉะ-หนัน-ออน,ผู้มีความยินดี
ฉมน,ฉะ-มน,จิตใจ
ฉมนต์ณัฐ,ฉะ-มะ-นัด,ผู้มีสิริมงคลและปัญญา
ฉมนต์โณ,ฉะ-มน-โน,ผู้มีสิริมงคล
ฉมนต์รณ,ฉะ-มน-รน,ผู้มีสิริมงคล
ฉมนต์รวิ,ฉม-นะ-ริ,ผู้มีสิริมงคล ความสว่าง และความก้าวหน้า
ฉมนต์วิณ,ฉะ-มน-วิน,ผู้มีสิริมงคล
ฉมนต์อิม,ฉะ-มน-อิม,ผู้มีสิริมงคล
ฉมา,ฉะ-มา,การให้อภัยหรือความอดทน
ฉมิน,ฉะ-หมิน,ชื่อประดิษฐ์ สื่อถึงความดีงามและความเจริญ
ฉมินกร,ฉะ-หมิน-กอน,ผู้มีความสร้างสรรค์
ฉมินกิ,ฉะ-มิน-นิก,ชื่อประดิษฐ์ สื่อถึงความดีงามและความเจริญ
ฉมินมนต์,ฉะ-มิน-มน,ผู้มีสิริมงคล
ฉรณ,ฉะ-ระ-ณ,ชื่อประดิษฐ์ สื่อถึงความดีงามและความเจริญ
ฉรณกร,ฉะ-ระ-ณ-กอน,ผู้มีความสร้างสรรค์
ฉรณกะ,ฉะ-ระ-นะ-กะ,ชื่อประดิษฐ์ สื่อถึงความดีงามและความเจริญ
ฉรณกัน,ฉะ-ระ-นะ-กัน,ชื่อประดิษฐ์ สื่อถึงความดีงามและความเจริญ
ฉรณกิ,ฉะ-ระ-นะ-กิด,ชื่อประดิษฐ์ สื่อถึงความดีงามและความเจริญ
ฉรณกิณ,ฉะ-ระ-นะ-กิน,ชื่อประดิษฐ์ สื่อถึงความดีงามและความเจริญ
ฉรณคุณ,ฉะ-ระ-นะ-คุน,ผู้มีคุณธรรม
ฉรณณัฏฐ์,ฉะ-ระ-ณ-นัด,ผู้มีปัญญา
ฉรณดิณ,ฉอ-ระ-นะ-ดิน,ชื่อประดิษฐ์ สื่อถึงความดีงามและความเจริญ
ฉรณธาม,ฉะ-ระ-ณ-ทาม,ชื่อประดิษฐ์ สื่อถึงความดีงามและความเจริญ
ฉรณมนต์,ฉะ-ระ-มน,ผู้มีสิริมงคล
ฉรณวร,ฉะ-ระ-นะ-วอน,ผู้มีความประเสริฐ
ฉรณอร,ฉะ-ระ-ณ-ออน,ผู้มีความงดงาม
ฉรวิ,ฉะ-ระ-วิ,ผู้มีความสว่างและความก้าวหน้า
ฉรวิกร,ฉะ-ระ-วิ-กอน,ผู้มีความสว่าง ความก้าวหน้า และความสร้างสรรค์
ฉรวิกะ,ฉะ-หระ-วิ-กะ,ผู้มีความสว่างและความก้าวหน้า
ฉรวิกิ,ฉะ-หระ-วิ-กิ,ผู้มีความสว่างและความก้าวหน้า
ฉรวิมนต์,ฉะ-ระ-วิม-นะ,ผู้มีความสว่าง ความก้าวหน้า และสิริมงคล
ฉลอง,ฉะ-หลอง,ผู้เป็นมงคลและนำความยินดี
ฉลองขวัญ,ฉะ-หลอง-ขวัน,ผู้เฉลิมเกียรติและยินดีและเป็นมิ่งขวัญ
ฉลองคุณ,ฉะ-หลอง-คุน,ผู้เปี่ยมคุณธรรมและเฉลิมเกียรติและยินดี
ฉลองใจ,ฉะ-หลอง-ไจ,ผู้เฉลิมเกียรติและยินดีและมีจิตใจมั่นคง
ฉลองรัช,ฉะ-หลอง-รัด,ผู้เฉลิมเกียรติและยินดีและรุ่งเรืองด้วยอำนาจ
ฉลอม,ฉะ-หลอม,ภาชนะสานชนิดหนึ่ง สื่อถึงความเรียบง่ายและเกื้อกูล
ฉลาจ,ฉะ-หลาด,ผู้เฉลียวฉลาด
ฉลาจเลิศ,ฉะ-หลาด-เลิด,ผู้เฉลียวฉลาดเป็นเลิศ
ฉวร,ฉะ-หวัน,ผู้มีความประเสริฐ
ฉวรณัฏฐ์,ฉะ-หวัน-นัด,ผู้มีความประเสริฐและปัญญา
ฉวัณนนท์,ฉะ-หวัน-นน,ผู้มีความยินดี
ฉวัณมนต์,ฉะ-หวัน-มน,ผู้มีสิริมงคล
ฉวิณนนท์,ฉะ-วิน-นน,ผู้มีความยินดี
ฉวิณมนต์,ฉะ-วิ-มน,ผู้มีสิริมงคล
ฉอณนนท์,ฉอ-นะ-นน,ผู้มีความยินดี
ฉอณนันท์,ฉอ-นะ-นัน,ผู้มีความยินดี
ฉอร,ฉอ-ระ,ผู้มีความงดงาม
ฉอิมนนท์,ฉอ-มิน-มน,ผู้มีความยินดี
ฉอิมมนต์,ฉอ-มิน-มะ-ทิ,ผู้มีสิริมงคล
ฉัน,ฉัน,ผู้เปี่ยมด้วยความพึงใจ
ฉันถัน,ฉัน-ถัน,ผู้เปี่ยมด้วยความพึงใจ
ฉันถิช,ฉัน-ถิด,ผู้เปี่ยมด้วยความพึงใจ
ฉันท์,ฉัน,ผู้มีความพอใจและศรัทธาและมีความพอใจ
ฉันท์กิจ,ฉัน-กิด,ผู้มีความพอใจและศรัทธาและมีความพอใจ
ฉันท์ชนก,ฉัน-ชะ-นก,ผู้มีความสร้างสรรค์
ฉันท์ทัต,ฉัน-ทัด,ผู้มีความพอใจ
ฉันทพล,ฉัน-ทะ-พน,ผู้มีกำลังอันเกิดจากความยินดี
ฉันทพัฒน์,ฉัน-ทะ-พัด,ผู้มีความก้าวหน้าตามความปรารถนา
ฉินนรณ,ฉิน-นะ-ระ-นะ,ผู้สงบสุข
ฉิม,ฉิม,ชื่อประดิษฐ์ สื่อถึงความดีงามและความเจริญ
เฉลิมพล,ฉะ-เหลิม-พน,ผู้มีความรุ่งเรืองด้วยกำลัง
ไฉน,ฉะ-ไหน,เหตุใดหรืออย่างไร เป็นคำไทยเชิงถาม
ชคินทร์,ชะ-คิน,ผู้ปกครองโลก
ชชญ,ชะ-ยะ-ชน,ผู้เปี่ยมปัญญาและชัยชนะ
ชญ์,ชะ,ผู้มีความรู้
ชญภัษ,ชะ-ยะ-พัด,ผู้มีปัญญาและถ้อยคำงดงาม
ชญาญาลักษณ์,ชะ-ยา-ลัก,ผู้มีปัญญาและความงดงาม
ชญาญาวรัญญา,ชะ-ยาน-วา-นัน-ยา,ผู้มีปัญญาและความยินดี
ชญาณ์นันท์,ชะ-ยา-นัน,ผู้เปี่ยมความรู้ ผู้มีญาณปัญญา และมีความยินดี
ชญาธร,ชะ-ยา-ทอน,ผู้มีปัญญา
ชญานนท์,ชะ-ยา-นน,ผู้มีปัญญาและความยินดี
ชญาน์นันท์,ชะ-ยา-นัน,ผู้มีปัญญาและความยินดี
ชญานภัส,ชะ-ยาน-พัด,ผู้มีปัญญาและความกว้างไกล
ชญานวล,ชะ-ยา-นวน,ผู้มีปัญญา ความละมุน และความรู้
ชญานันท์,ชะ-ยา-นัน,ผู้มีปัญญาและความยินดี
ชญานันทน์,ชะ-ยา-นัน,ผู้เปี่ยมความรู้และมีความยินดี
ชญานารี,ชะ-ยา-นา-รี,ผู้มีปัญญา ความรู้ และความสง่างาม
ชญานิธิ,ชะ-ยา-นิ-ทิ,ผู้มีปัญญา ขุมทรัพย์ และความรู้
ชญานิน,ชะ-ยา-นิน,ผู้มีปัญญาอันยิ่งใหญ่และรอบรู้
ชญานิศ,ชะ-ยา-นิด,ผู้มีปัญญาอันยิ่งใหญ่
ชญานิษฐ์,ชะ-ยา-นิด,ผู้มีปัญญาและความมั่นคง
ชญาริน,ชะ-ยา-ริน,ผู้มีปัญญา
ชญาลักษณ์,ชะ-ยา-ลัก,ผู้มีปัญญา ความละมุน และลักษณะงดงาม
ชญาวรรณ,ชะ-ยา-วัน,ผู้มีปัญญาและความงดงาม
ชญาวรศิริ,ชะ-ยาน-วอ-ระ-สิ-หริ,ผู้เปี่ยมความรู้ ผู้ประเสริฐ และมีสิริมงคล
ชญาวรัญญา,ชะ-ยา-วะ-รัน-ยา,ผู้มีปัญญาและความยินดี
ชญาวริน,ชะ-ยา-วะ-ริน,ผู้มีปัญญา
ชญาวิน,ชะ-ยา-วิน,ผู้มีปัญญาและความก้าวหน้า
ชญาอริน,ชะ-ยา-อะ-ริน,ผู้มีปัญญา
ชนมภูมิ,ชน-มะ-พูม,พื้นที่แห่งการเกิด
ชนิดาภา,ชะ-นิ-ดา-พา,ผู้เกิดมาเป็นแสงสว่าง
ชนิตพล,ชะ-นิด-พน,ผู้เกิดมาพร้อมพลัง
ชนุดม,ชะ-นุ-ดม,ผู้มีชาติกำเนิดอันอุดม
ชนุตร์,ชะ-นุด,ผู้มีกำเนิดอันสูงส่ง
ชโนดม,ชะ-โน-ดม,ผู้เปี่ยมด้วยชัยชนะ
ชไมภรณ์,ชะ-ไม-พอน,ผู้ประดับด้วยความงามสองประการ
ชยณี,ชะ-ยะ-นี,ผู้ทรงชัยชนะ
ชยเดชน์,ชะ-ยะ-เดด,ผู้มีเดชานุภาพแห่งชัย
ชยปัญญา,ชะ-ยะ-ปัน-ยา,ผู้มีปัญญาแห่งชัยชนะ
ชยพล,ชะ-ยะ-พน,ผู้มีกำลังแห่งชัยชนะ
ชยพัทธ์,ชะ-ยะ-พัด,ผู้มีชัยชนะเป็นที่พึ่ง
ชยรพ,ชะ-ยะ-รบ,ผู้มีชื่อเสียงในชัยชนะ
ชยศร,ชะ-ยะ-สอน,ผู้ดุจศรแห่งชัยชนะ
ชยศิลป์,ชะ-ยะ-สิน,ผู้มีชัยชนะ
ชยังกูร,ชะ-ยัง-กูน,ผู้เป็นต้นกำเนิดแห่งชัย
ชยากร,ชะ-ยา-กอน,ผู้เป็นบ่อเกิดแห่งชัยชนะ
ชยานันท์,ชะ-ยะ-นัน,ผู้มีความสุขในชัยชนะ
ชยิน,ชะ-ยิน,ผู้ชนะ
ชยุตรา,ชะ-ยุด-ตรา,ผู้มีชัยชนะอันสูงสุด
ชเยศ,ชะ-เยด,ผู้เป็นใหญ่ในชัยชนะ
ชเยส,ชะ-เยด,ผู้เป็นใหญ่ในชัยชนะ
ชริณทร์,ชะ-ริน,ผู้มีความเจริญประเสริฐ
ชริน,ชะ-ริน,ผู้มีความสง่างามและความอ่อนละมุนดุจสายน้ำ
ชรินทร์,ชะ-ริน,ผู้มีความสง่างาม ความอ่อนละมุนดุจสายน้ำ และความเป็นใหญ่
ชรูญ,ชะ-รูน,ผู้รุ่งเรืองงดงาม
ชลกมล,ชน-กะ-มน,ผู้มีความบริสุทธิ์และความงดงาม
ชลกมลทอง,ชน-กะ-มน-ทอง,ผู้มีความบริสุทธิ์ ความงดงาม และความมั่งคั่ง
ชลกร,ชน-ละ-กอน,ผู้มีความสร้างสรรค์
ชลณัฐ,ชน-ละ-นัด,ผู้มีปัญญา
ชลทอง,ชน-ละ-ทอง,ผู้มีความมั่งคั่ง
ชลทองคำ,ชน-ละ-ทอง-คำ,ผู้มีความมั่งคั่ง
ชลธร,ชน-ละ-ทอน,ผู้เย็นใสดุจสายน้ำและค้ำจุน
ชลธรรม์,ชน-ละ-ทำ,ผู้เย็นใสดุจสายน้ำ ผู้ค้ำจุน และตั้งมั่นในธรรม
ชลธวัช,ชน-ละ-ทะ-วัด,ผู้เย็นใสดุจสายน้ำและเป็นธงแห่งเกียรติ
ชลธาร,ชน-ละ-ทาน,ลำธาร
ชลธารา,ชน-ละ-ทา-รา,ลำธาร
ชลธาริน,ชน-ละ-ทา-ริน,ผู้เป็นเจ้าของน้ำ
ชลธิชา,ชน-ทิ-ชา,ผู้เกิดจากน้ำ
ชลธิภัสร์,ชน-ทิ-พัด,ผู้เย็นใสดุจสายน้ำและเปล่งแสงสว่าง
ชลธิศ,ชน-ละ-ทิด,เจ้าแห่งน้ำ
ชลธิษา,ชน-ทิ-สา,เจ้าแห่งน้ำ
ชลธี,ชน-ละ-ที,มหาสมุทร
ชลธีร์,ชน-ละ-ที,ผู้มีปัญญาอันสุขุมลุ่มลึกดุจสายน้ำ
ชลธีรา,ชน-ละ-ที-รา,ผู้มีปัญญา
ชลนภัส,ชน-ละ-นะ-พัด,ผู้มีความกว้างไกล
ชลภัทร,ชน-ละ-พัด,ผู้เย็นใสดุจสายน้ำและดีงามเป็นมงคล
ชลภัส,ชน-ละ-พัด,ผู้มีความสว่าง
ชลวรรณ,ชน-ละ-วัน,ผู้มีความงดงาม
ชลวรรณา,ชน-ละ-วัน-นา,ผู้มีความงดงาม
ชลวรศิริ,ชน-ละ-วอ-ริ-สิน,ผู้มีความรุ่งเรืองดีเลิศดุจน้ำ
ชลวานิช,ชน-ละ-วา-นิด,ผู้มีสายน้ำและความละมุน
ชลวิทย์,ชน-ละ-วิด,ผู้มีความรู้ดุจน้ำ
ชลวิธ,ชน-ละ-วิด,ผู้มีรูปแบบแห่งน้ำ
ชลวิน,ชน-ละ-วิน,ผู้มีความก้าวหน้า
ชลวิศา,ชน-ละ-วิ-สา,ผู้มีความรุ่งเรืองแผ่ไพศาลดุจน้ำ
ชลอ,ชะ-ลอ,ชะลอหรือทำให้ช้าลง สื่อถึงความสุขุมรอบคอบ
ชลอริน,ชะ-ลอ-ริน,สายน้ำ
ชลัช,ชะ-ลัด,ผู้เกิดจากน้ำ
ชลันทร,ชะ-ลัน-ทอน,ผู้ทรงน้ำไว้ หรือ ผู้ยิ่งใหญ่ดุจเมฆหรือมหาสมุทร
ชลันธร,ชะ-ลัน-ทอน,ผู้ทรงน้ำไว้ หรือ ผู้ยิ่งใหญ่ดุจเมฆหรือมหาสมุทร
ชลิตา,ชะ-ลิ-ตา,ผู้มีความรุ่งเรืองสว่างไสว
ชวกร,ชะ-วะ-กอน,ผู้มีความว่องไวและความมั่นคงสูงส่ง
ชวณัฏฐ์,ชะ-วะ-นัด,ผู้มีความว่องไวและปัญญา
ชวดล,ชะ-วะ-ดน,ผู้ว่องไวและเปล่งประกายและบันดาล
ชวนอาจ,ชะ-วะ-อาด,ผู้มีความว่องไวและความกล้าหาญ
ชวนันท์,ชะ-วะ-นัน,ผู้ว่องไวและเปล่งประกายและมีความยินดี
ชวนันทร์,ชะ-วะ-นัน,ผู้ว่องไวและเปล่งประกายและมีความยินดี
ชวนินทร์,ชะ-วะ-นิน,ผู้มีความว่องไวและความมั่นคง
ชวภณ,ชะ-วะ-พน,ผู้มีความว่องไวและวาจาไพเราะ
ชวโรจน์,ชะ-วะ-โรด,ผู้มีความรุ่งโรจน์อย่างว่องไว
ชวลานิช,ชะ-วะ-ลา-นิด,ผู้มีความว่องไวและความละมุน
ชวัลนุช,ชะ-วัน-นุด,หญิงงามผู้รุ่งเรืองสว่างไสว
ชวัลภ์,ชะ-วัน,ผู้ว่องไวและเปล่งประกายและรุ่งเรืองเปล่งประกาย
ชวัลรัชต์,ชะ-วัน-รัด,ผู้มีความรุ่งเรืองและอำนาจ
ชวัลวิทย์,ชะ-วัน-วิด,ผู้มีความรู้และปัญญาสว่างไสวรุ่งเรือง
ชวาลา,ชะ-วา-ลา,ผู้ว่องไวและเปล่งประกายและมีเปลวแสงรุ่งเรือง
ชวิน,ชะ-วิน,ผู้มีความว่องไวและชัยชนะ
ชวินทร์,ชะ-วิน,ผู้เป็นใหญ่ผู้รวดเร็วและมีชัยชนะ
ชวินภัทร,ชะ-วิน-พัด-ทรอ,ผู้ว่องไวและเปล่งประกายและดีงามเป็นมงคล
ชวิศ,ชะ-วิด,ผู้มีอำนาจ
ชอน,ชอน,ชื่อประดิษฐ์ สื่อถึงความดีงามและความเจริญ
ช้อน,ช้อน,เครื่องใช้สำหรับตักอาหาร
ชะวรลัทธิ์,ชะ-วะ-ลัด,ผู้มีธรรมะ ความละมุน และความประเสริฐ
ชะเอม,ชะ-เอม,พืชรสหวาน สื่อถึงความอ่อนหวานละมุน
ชัชธนันท์,ชัด-ชะ-ทะ-นัน,ผู้มีความยินดีและมีทรัพย์
ชัชวิน,ชัด-ชะ-วิน,ผู้มีความว่องไวและชัยชนะ
ชัญญา,ชัน-ยา,ผู้มีปัญญา
ชัญญานุษา,ชัน-ยา-นุ-สา,ผู้มีความรู้ ความละเอียดอ่อน และความอ่อนโยนสง่างาม
ชัญญารินทร์,ชัน-ยา-ริน,ผู้มีปัญญาและความเป็นผู้นำ
ชัพวิชญ์,ชับ-พะ-วิด,ผู้มีความรู้เฉลียวฉลาดว่องไว
ชัยพงศ์,ไช-ยะ-พง,ผู้สืบเชื้อสายแห่งชัยชนะ
ชัยรัตน์,ไช-รัด,ผู้มีชัยชนะ คุณค่า และความงดงาม
ชัยวัฒน์,ไช-ยะ-วัด,ผู้มีชัยชนะและความเจริญ
ชัยศักดิ์,ไช-ยะ-สัก,ผู้มีชัยชนะและเกียรติยศ
ชิณณวิธ,ชิน-นะ-วิด,ผู้มีฐานะแห่งความดีและแนวทางปัญญา
ชิณวงษ์,ชิน-นะ-วง,ผู้มีฐานะแห่งความดีและวงศ์ตระกูล
ชินกร,ชิน-นะ-กอน,ผู้มีชัยชนะและความมั่นคงสูงส่ง
ชินณภัทร,ชิน-นะ-พัด,ผู้มีความดีงาม
ชินณวิท,ชิน-นะ-วิด,ผู้มีชัยชนะและความรู้
ชินณวิธ,ชิน-นะ-วิด,ผู้มีชัยชนะและแนวทางปัญญา
ชินรุจน์,ชิน-รุด,ผู้ชนะและรุ่งเรือง
ชินวงษ์,ชิน-นะ-วง,ผู้ชนะและสืบวงศ์ดีงาม
ชินวรณ์,ชิน-นะ-วอน,ผู้ชนะและประเสริฐ
ชินวัจน์,ชิน-นะ-วัด,ผู้ชนะและมีวาจางดงาม
ชินาธิป,ชิ-นา-ทิบ,ผู้เป็นเลิศในชัยชนะ
ชิษณ์,ชิด,ผู้พิชิต
ชิษณ์ภัทร,ชิด-พัด-ทรอ,ผู้มีชัยชนะและความเจริญ
ชิษณุ,ชิด-สะ-นุ,ผู้เปี่ยมด้วยฐานะแห่งความดี
ชิษณุธร,ชิด-สะ-นุ-ทอน,ผู้มีชัยชนะ
ชิษณุวินท์,ชิด-สะ-นุ-วัน,ผู้มีชัยชนะ
ชีวันธร,ชี-วัน-ทอน,ผู้ค้ำจุนชีวิต
ชุติกาญจน์,ชุ-ติ-กาน,ผู้มีความรุ่งเรืองดุจทอง
ชุติญา,ชุ-ติ-ยา,ผู้มีปัญญาอันสว่างไสว
ชุติเดช,ชุ-ติ-เดด,ผู้มีอำนาจและตบะอันรุ่งโรจน์
ชุติพนธ์,ชุ-ติ-พน,ผู้รวบรวมความรุ่งเรือง
ชุติวัต,ชุ-ติ-วัด,ผู้มีแสงสว่าง
ชูเวช,ชู-เวด,ผู้เชิดชูการรักษาและความผาสุก
เชษฐ์วิสิฐ,เชด-วิ-สิด,ผู้เปี่ยมด้วยความเป็นใหญ่
เชิด,เชิด,ผู้เปี่ยมด้วยการเชิดชู
โชคอนันต์,โชก-อะ-นัน,ผู้มีโชคดีมากมายไม่สิ้นสุด
ไชย,ไช,ผู้มีชัยชนะและความสำเร็จ
ไชยเจริญ,ไช-จะ-เริน,ผู้ประพฤติดี ผู้เจริญรุ่งเรือง และมีชัยชนะ
ไชยเพชร,ไช-เพ็ด,ผู้มีชัยชนะ ความแข็งแกร่งล้ำค่า และความมั่นคงสูงส่ง
ไชยยงค์,ไช-ยง,องค์แห่งชัยชนะอันสง่างาม
ซพ,ซอบ,ชื่อประดิษฐ์ สื่อถึงความดีงามและความเจริญ
ซฟ,ซฟ,ชื่อประดิษฐ์ สื่อถึงความดีงามและความเจริญ
ซิขัข,ซิ-ขัก,ชื่อประดิษฐ์ สื่อถึงความดีงามและความเจริญ
ซิขัง,ซิ-ขัง,ชื่อประดิษฐ์ สื่อถึงความดีงามและความเจริญ
ซิขัช,ซิ-ขัด,ชื่อประดิษฐ์ สื่อถึงความดีงามและความเจริญ
ซิขับ,ซิ-ขับ,ชื่อประดิษฐ์ สื่อถึงความดีงามและความเจริญ
ซิขัป,ซิ-ขับ,ชื่อประดิษฐ์ สื่อถึงความดีงามและความเจริญ
ซิขิง,ซิ-ขิง,ชื่อประดิษฐ์ สื่อถึงความดีงามและความเจริญ
ซิขิช,ซิ-ขิด,ชื่อประดิษฐ์ สื่อถึงความดีงามและความเจริญ
ซิขิบ,ซิ-ขิบ,ชื่อประดิษฐ์ สื่อถึงความดีงามและความเจริญ
ซิขิป,ซิ-ขิบ,ชื่อประดิษฐ์ สื่อถึงความดีงามและความเจริญ
ซินรนร,ซิน-นะ-รน,ชื่อประดิษฐ์ สื่อถึงความดีงามและความเจริญ
ซินรนะ,ซิน-ระ-นะ,ชื่อประดิษฐ์ สื่อถึงความดีงามและความเจริญ
ซินรนิ,ซิน-นะ-ริน,ชื่อประดิษฐ์ สื่อถึงความดีงามและความเจริญ
ซินะฉค,ซิน-ฉะ-หะ-คะ,ผู้มีความคล่องแคล่ว
ซินะฉญ,ซิ-นะ-ฉะ-ยะ,ผู้มีความคล่องแคล่ว
ซินะฉธ,ซิน-ฉะ-ทด,ผู้มีความคล่องแคล่ว
ซินะฉร,ซิน-ฉะ-หระ,ผู้มีความคล่องแคล่ว
ซินะฉษ,ซิ-นะ-ฉัด,ผู้มีความคล่องแคล่ว
ซินะฉะ,ซิ-นะ-ฉะ,ผู้มีความคล่องแคล่ว
ซินะฌธ,ซิ-ชน-ทะ,ผู้มีความคล่องแคล่ว
ซินะฌร,ซิ-นะ-ชอน,ผู้มีความคล่องแคล่ว
ซินะฌะ,ซิ-ชะ-นะ,ผู้มีความคล่องแคล่ว
ซินะฌิ,ซิน-ชิ,ผู้มีความคล่องแคล่ว
ซินะฎร,ซิ-นะ-ดอน,ผู้มีความคล่องแคล่ว
ซินะฎะ,ซิ-นะ-ดะ,ผู้มีความคล่องแคล่ว
ซินะฎิ,ซิ-นะ-ดิ,ผู้มีความคล่องแคล่ว
ซินะณค,ซิน-นะ-คะ,ผู้มีความคล่องแคล่ว
ซินะณญ,ซิ-นิ-ยน,ผู้มีความคล่องแคล่ว
ซินะณธ,ซิ-นะ-นด,ผู้มีความคล่องแคล่ว
ซินะณร,ซิ-นะ-นอน,ผู้มีความคล่องแคล่ว
ซินะณษ,ซิ-นะ-สะ-นะ,ผู้มีความคล่องแคล่ว
ซินะนค,ซิ-นะ-นะ-คง,ผู้มีความคล่องแคล่ว
ซินะนญ,ซิ-นะ-นน,ผู้มีความคล่องแคล่ว
ซินะนธ,ซิ-นะ-นน,ผู้มีความคล่องแคล่ว
ซินะนร,ซิ-นะ-ระ-นะ,ผู้มีความคล่องแคล่ว
ซินะนะ,ซิ-นะ-นะ,ผู้มีความคล่องแคล่ว
ซินะนิ,ซิ-นะ-นิ,ผู้มีความคล่องแคล่ว
ซินะมค,ซิ-นะ-มะ-คะ,ผู้มีความคล่องแคล่ว
ซินะมญ,ซิ-นะ-มน,ผู้มีความคล่องแคล่ว
ซินะมธ,ซิ-นะ-มะ-ทะ,ผู้มีความคล่องแคล่ว
ซินะมร,ซิ-นะ-มอน,ผู้มีความคล่องแคล่ว
ซินะมษ,ซิ-นะ-มะ-สม,ผู้มีความคล่องแคล่ว
ซินะมะ,ซิ-นะ-มะ,ผู้มีความคล่องแคล่ว
ซินะมิ,ซิ-นะ-มิ,ผู้มีความคล่องแคล่ว
ซินะหค,ซิ-นะ-หะ-คก,ผู้มีความคล่องแคล่ว
ซินะหญ,ซิ-นะ-หน,ผู้มีความคล่องแคล่ว
ซินะหธ,ซิน-หะ-ทด,ผู้มีความคล่องแคล่ว
ซินะหร,ซิ-นะ-หอน,ผู้มีความคล่องแคล่ว
ซินะหษ,ซิน-หะ-หะ-สะ,ผู้มีความคล่องแคล่ว
ซินะหิ,ซิน-หิ-หิ,ผู้มีความคล่องแคล่ว
ซินะฬค,ซิน-ยะ-คน,ผู้มีความคล่องแคล่ว
ซินะฬญ,ซิน-นะ-ยน,ผู้มีความคล่องแคล่ว
ซินะฬธ,ซิน-ละ-ทอน,ผู้มีความคล่องแคล่ว
ซินะฬร,ซิน-ละ-ระ,ผู้มีความคล่องแคล่ว
ซินะฬษ,ซิน-ละ-สะ-ทะ,ผู้มีความคล่องแคล่ว
ซินะฬิ,ซิน-ลิ,ผู้มีความคล่องแคล่ว
ซินะฮค,ซิน-ฮะ-ค้า,ผู้มีความคล่องแคล่ว
ซินะฮญ,ซิ-นะ-ฮย,ผู้มีความคล่องแคล่ว
ซินะฮธ,ซิน-ยะ-ทะ,ผู้มีความคล่องแคล่ว
ซินะฮร,ซิ-นะ-ฮัน,ผู้มีความคล่องแคล่ว
ซินะฮะ,ซิ-นะ-ฮะ,ผู้มีความคล่องแคล่ว
ซินะฮิ,ซิ-นิ-ฮิ,ผู้มีความคล่องแคล่ว
ซินิฎร,ซิ-นิ-ดอน,ชื่อประดิษฐ์ สื่อถึงความดีงามและความเจริญ
ซินิฎิ,ซิ-นิ-ดิ,ชื่อประดิษฐ์ สื่อถึงความดีงามและความเจริญ
เซน,เซน,ผู้รู้แจ้ง
ไซรอน,ไซ-รอน,ผู้มีความสามารถ
ไซรัส,ไซ-รัด,ผู้มีความสามารถ
ไซรา,ไซ,ไม่ปรากฏรากศัพท์บาลี-สันสกฤตโดยตรงในพจนานุกรมราชบัณฑิตยสถ…
ไซริน,ไซ-ริน,'ไพเราะ' หรือชื่อจากเทพนิยาย
ฌกณนต,ก-ชะ-นน,ชื่อประดิษฐ์ สื่อถึงความดีงามและความเจริญ
ฌกมนต,กำ-มะ-นด,จิตใจ
ฌกรกะ,ชก-กระ,ผู้มีความสร้างสรรค์
ฌกรกิ,ชอ-กริ-กิ,ผู้มีความสร้างสรรค์
ฌกรณัฏฐ์,ชะ-กอน-นัด,ผู้มีความสร้างสรรค์และปัญญา
ฌกรริน,ช-ก,ผู้มีความสร้างสรรค์
ฌกะ,ชะ-กะ,ชื่อประดิษฐ์ สื่อถึงความดีงามและความเจริญ
ฌกะกิ,ช-กะ-เกิ,ชื่อประดิษฐ์ สื่อถึงความดีงามและความเจริญ
ฌกัน,ชะ-กัน,ชื่อประดิษฐ์ สื่อถึงความดีงามและความเจริญ
ฌกันโณ,ชะ-กัน-โน,ชื่อประดิษฐ์ สื่อถึงความดีงามและความเจริญ
ฌกันรณ,ชะ-กัน-ระ-นะ,ชื่อประดิษฐ์ สื่อถึงความดีงามและความเจริญ
ฌกิกะ,กะ-กิ-กะ,ชื่อประดิษฐ์ สื่อถึงความดีงามและความเจริญ
ฌกิการ,ชะ-กิ-กาน,ชื่อประดิษฐ์ สื่อถึงความดีงามและความเจริญ
ฌกิกิ,ชะ-กิ-กิ,ชื่อประดิษฐ์ สื่อถึงความดีงามและความเจริญ
ฌกิจชล,กะ-กิด-ชน,สายน้ำ
ฌกิณรณ,กะ-กิน-ระ-นะ,ชื่อประดิษฐ์ สื่อถึงความดีงามและความเจริญ
ฌกิณัฏฐ์,กะ-กิ-นัด,ผู้มีปัญญา
ฌกิมรณ,ชะ-กิ-มน,ชื่อประดิษฐ์ สื่อถึงความดีงามและความเจริญ
ฌกิมิน,กะ-กิ-มิน,ชื่อประดิษฐ์ สื่อถึงความดีงามและความเจริญ
ฌคมิน,คะ-คะ-มิน,ชื่อประดิษฐ์ สื่อถึงความดีงามและความเจริญ
ฌคะกร,ชะ-กอน,ผู้มีความสร้างสรรค์
ฌคำนนท์,คะ-ชำ-นน,ผู้มีความยินดี
ฌคุณ,ชะ-คุน,ผู้มีคุณธรรม
ฌคุณโณ,ชะ-คุน-โน,ผู้มีคุณธรรม
ฌคุณรณ,ชะ-คุน-นะ,ผู้มีคุณธรรม
ฌณม,ชะ-นม,ชื่อประดิษฐ์ สื่อถึงความดีงามและความเจริญ
ฌณัฏฐ์โณ,ชะ-นัด-โน,ผู้มีปัญญา
ฌณัฏฐ์มนตรี,ชะ-นัด-มน-ตรี,ผู้มีปัญญา
ฌณัฐกิณ,ชะ-นัด-ถะ-กิน,ผู้มีปัญญา
ฌณัฐฐ์,ชะ-นัด,ชื่อประดิษฐ์ สื่อถึงความดีงามและความเจริญ
ฌณัฐฐ์อร,ชะ-นัด-ออน,ผู้มีความงดงาม
ฌณิศร์,ชะ-นิด,ผู้มีปัญญาลึกซึ้งและความมุ่งมั่น
ฌโณ,กะ-โน,ชื่อประดิษฐ์ สื่อถึงความดีงามและความเจริญ
ฌโณกร,กะ-โน-กอน,ผู้มีความสร้างสรรค์
ฌโณกะ,สะ-โน-กะ,ชื่อประดิษฐ์ สื่อถึงความดีงามและความเจริญ
ฌโณกัน,สะ-โน-กัน,ชื่อประดิษฐ์ สื่อถึงความดีงามและความเจริญ
ฌโณกิ,สะ-โน-กิ,ชื่อประดิษฐ์ สื่อถึงความดีงามและความเจริญ
ฌโณคุณ,ชะ-โน-คุน,ผู้มีคุณธรรม
ฌโณณัฏฐ์,กะ-โน-นัด,ผู้มีปัญญา
ฌโณดิณ,ชะ-โน-ดิน,ชื่อประดิษฐ์ สื่อถึงความดีงามและความเจริญ
ฌโณดิน,ชะ-โน-ดิน,ชื่อประดิษฐ์ สื่อถึงความดีงามและความเจริญ
ฌโณธาม,กะ-โน-ทาม,ชื่อประดิษฐ์ สื่อถึงความดีงามและความเจริญ
ฌโณมนต์,โม-โน-มน,ผู้มีสิริมงคล
ฌโณมิน,กะ-โน-มิน,ชื่อประดิษฐ์ สื่อถึงความดีงามและความเจริญ
ฌโณวร,โช-นะ-วอน,ผู้มีความประเสริฐ
ฌโณษณะ,กะ-โน-สะ-นะ,ชื่อประดิษฐ์ สื่อถึงความดีงามและความเจริญ
ฌดิณ,ชะ-ดิน,ชื่อประดิษฐ์ สื่อถึงความดีงามและความเจริญ
ฌดิณรณ,ดะ-ดิน-ระ-นะ,ชื่อประดิษฐ์ สื่อถึงความดีงามและความเจริญ
ฌตนนต,ชะ-ตะ-นน-ตะ,ชื่อประดิษฐ์ สื่อถึงความดีงามและความเจริญ
ฌติดโณ,ชะ-ดิด-โน,ชื่อประดิษฐ์ สื่อถึงความดีงามและความเจริญ
ฌธณธาม,ทอน-ทะ-ทาม,ชื่อประดิษฐ์ สื่อถึงความดีงามและความเจริญ
ฌธาม,ทะ-สาม,ชื่อประดิษฐ์ สื่อถึงความดีงามและความเจริญ
ฌธามโณ,ทะ-ทา-โมน,ชื่อประดิษฐ์ สื่อถึงความดีงามและความเจริญ
ฌธามรณ,ชะ-ทา-มอน,ชื่อประดิษฐ์ สื่อถึงความดีงามและความเจริญ
ฌนตอณ,ชน-ตอน,ชื่อประดิษฐ์ สื่อถึงความดีงามและความเจริญ
ฌนนท์กัณ,ชน-นะ-กัน,ผู้มีความยินดี
ฌนนท์กิจ,ชน-นะ-กิด,ผู้มีความยินดี
ฌนนท์วัน,ชน-นะ-วัน,ผู้มีความยินดี
ฌนนท์อณ,ชน-นะ-ออน,ผู้มีความยินดี
ฌนันญา,ชะ-นัน-ยา,ผู้มีปัญญาลึกซึ้ง ความรู้ และความอ่อนโยนสง่างาม
ฌนันท์อณ,ชะ-นัน-ออน,ผู้มีความยินดี
ฌภัน,ชะ-พัน,ชื่อประดิษฐ์ สื่อถึงความดีงามและความเจริญ
ฌมนต์โณ,ชม-นน,ผู้มีสิริมงคล
ฌมนต์มิน,ชม-นิม,ผู้มีสิริมงคล
ฌมนต์รวิ,ชะ-มน-ระ-วิ,ผู้มีสิริมงคล ความสว่าง และความก้าวหน้า
ฌมนต์วัน,ชม-นัน,ผู้มีสิริมงคล
ฌมิน,ชะ-มิน,ชื่อประดิษฐ์ สื่อถึงความดีงามและความเจริญ
ฌมินกะ,ชิ-มน-กะ,ชื่อประดิษฐ์ สื่อถึงความดีงามและความเจริญ
ฌมินกิ,ชิ-มิน-กิ,ชื่อประดิษฐ์ สื่อถึงความดีงามและความเจริญ
ฌมินกิณ,ชะ-มิน-กิน,ชื่อประดิษฐ์ สื่อถึงความดีงามและความเจริญ
ฌมินมนต์,ชะ-มิน-มน,ผู้มีสิริมงคล
ฌร,ชอน,ผู้มีปัญญาลึกซึ้งและความมั่นคงสูงส่ง
ฌรณกัน,ช-ร-น,ชื่อประดิษฐ์ สื่อถึงความดีงามและความเจริญ
ฌรณกิ,ช-ร-น,ชื่อประดิษฐ์ สื่อถึงความดีงามและความเจริญ
ฌรณกิจน,ช-ร-น-ก,ชื่อประดิษฐ์ สื่อถึงความดีงามและความเจริญ
ฌรณคะ,ชอ-ระ-นะ-คะ,ชื่อประดิษฐ์ สื่อถึงความดีงามและความเจริญ
ฌรณจิ,ชอ-ระ-นะ-จิ,ชื่อประดิษฐ์ สื่อถึงความดีงามและความเจริญ
ฌรณณัฏฐ์,ชอ-ระ-นะ-นัด,ผู้มีปัญญา
ฌรณดิณ,ชอ-ระ-นะ-ดิน,ชื่อประดิษฐ์ สื่อถึงความดีงามและความเจริญ
ฌรณอณ,ชะ-ระ-นอน,ชื่อประดิษฐ์ สื่อถึงความดีงามและความเจริญ
ฌรณอร,ชะ-ระ-นอน,ผู้มีความงดงาม
ฌรธ,ชะ-รด,ชื่อประดิษฐ์ สื่อถึงความดีงามและความเจริญ
ฌรมรณ,ชอ-ระ-มน,ชื่อประดิษฐ์ สื่อถึงความดีงามและความเจริญ
ฌรวิ,ชอ-ระ-วิ,ผู้มีความสว่างและความก้าวหน้า
ฌริฏฐ์,ชะ-ริด,ผู้เปี่ยมด้วยปัญญาลึกซึ้ง
ฌรินทร์,ชะ-ริน,ผู้มีความเป็นผู้นำและปัญญา
ฌรินทรา,ชะ-ริน-ทรา,ผู้มีปัญญาลึกซึ้ง ความอ่อนละมุนดุจสายน้ำ และความมั่นคง
ฌลา,ชะ-ลา,ผู้มีปัญญาลึกซึ้ง ความละมุน และความอ่อนโยนสง่างาม
ฌวร,ชะ-วอน,ผู้มีความประเสริฐ
ฌวัฒนต์,ชะ-วัด,ชื่อประดิษฐ์ สื่อถึงความดีงามและความเจริญ
ฌวัณนนท์,ชะ-วัน-นน,ผู้มีความยินดี
ฌวิมนมนต์,ชะ-วิ-มน-มน,ผู้มีสิริมงคล
ฌอณนนต,ออน-นน,ชื่อประดิษฐ์ สื่อถึงความดีงามและความเจริญ
ฌอณนนท์,ออน-นน,ผู้มีความยินดี
ฌอร,ชอ-ระ,ผู้มีความงดงาม
ฌอรณัฏฐ์,ชอ-ระ-นัด,ผู้มีความงดงามและปัญญา
ฌอิมนนท์,ชอ-มิน-นะ,ผู้มีความยินดี
ฌอิมมนต์,ชอ-มิน-มน,ผู้มีสิริมงคล
ฌัญชญ์,ชัน,ผู้เปี่ยมด้วยปัญญา
ฌัญฌา,ชัน-ชา,ผู้มีปัญญาลึกซึ้งและความอ่อนโยนสง่างาม
ฌัลล์,ชัน,ผู้มีปัญญาลึกซึ้งและความละมุน
ฌาน,ชาน,ผู้มีสมาธิและปัญญาลึกซึ้ง
ฌานกร,ชาน-กอน,ผู้มีสมาธิและความมั่นคงสูงส่ง
ฌานดล,ชาน-ดน,ผู้มีสมาธิและปัญญาลึกซึ้งและบันดาล
ฌานธีร์,ชาน-ที,ผู้มีปัญญาอันเกิดจากฌาน
ฌานภัทร,ชาน-พัด-ทรอ,ผู้มีสมาธิและปัญญาลึกซึ้งและดีงามเป็นมงคล
ฌานภัทร์,ชาน-พัด,ผู้มีสมาธิและปัญญาลึกซึ้งและดีงามเป็นมงคล
ฌานวิน,ชาน-วิน,ผู้มีสมาธิและชัยชนะ
ฌานิษา,ชา-นิ-สา,ผู้มีสมาธิและความอ่อนโยนสง่างาม
ฌาร์ม,ชาม,ชื่อประดิษฐ์ สื่อถึงความดีงามและความเจริญ
ฌิม,ชิม,ชื่อประดิษฐ์ สื่อถึงความดีงามและความเจริญ
ญกณกร,ยะ-นะ-กอน,ผู้มีความสร้างสรรค์
ญกมกะ,ยะ-กม-กะ,ชื่อประดิษฐ์ สื่อถึงความดีงามและความเจริญ
ญกร,ยะ-กอน,ผู้มีความสร้างสรรค์
ญกรกร,ยะ-กอน-กอน,ผู้มีความสร้างสรรค์
ญกรกะ,ยะ-กระ-กะ,ผู้มีความสร้างสรรค์
ญกรกิม,ยะ-กอน-กิม,ผู้มีความสร้างสรรค์
ญกรคณ,ยก-คะ-ระ-คน,ผู้มีความสร้างสรรค์
ญกรคุณ,ยก-ระ-คุน,ผู้มีความสร้างสรรค์และคุณธรรม
ญกรรม,ยก-ระ-มะ,ผู้มีความสร้างสรรค์
ญกรริน,ยะ-กอน-ริน,ผู้มีความสร้างสรรค์
ญกรอร,ยะ-กอน-ออน,ผู้มีความสร้างสรรค์และความงดงาม
ญกรอิม,ยะ-กอน-อิม,ผู้มีความสร้างสรรค์
ญกลรวิ,ยะ-กน-ระ-วิ,ผู้มีความสว่างและความก้าวหน้า
ญกะ,ยะ-กะ,ชื่อประดิษฐ์ สื่อถึงความดีงามและความเจริญ
ญกะกร,ยะ-กะ-กอน,ผู้มีความสร้างสรรค์
ญกะคณ,ยะ-กะ-คน,ชื่อประดิษฐ์ สื่อถึงความดีงามและความเจริญ
ญกะดิณ,ยะ-กะ-ดิน,ชื่อประดิษฐ์ สื่อถึงความดีงามและความเจริญ
ญกะวัน,ยะ-กะ-วัน,ชื่อประดิษฐ์ สื่อถึงความดีงามและความเจริญ
ญกัณ,ยก-กัน,ชื่อประดิษฐ์ สื่อถึงความดีงามและความเจริญ
ญกัณคุณ,ยะ-กัน-คุน,ผู้มีคุณธรรม
ญกัณดิณ,ยก-นัด-ดิน,ชื่อประดิษฐ์ สื่อถึงความดีงามและความเจริญ
ญกัน,ยะ-กัน,ชื่อประดิษฐ์ สื่อถึงความดีงามและความเจริญ
ญกันกะ,กะ-นัน-กะ,ชื่อประดิษฐ์ สื่อถึงความดีงามและความเจริญ
ญกันกัน,ยะ-กัน-กัน,ชื่อประดิษฐ์ สื่อถึงความดีงามและความเจริญ
ญกันกิณ,ยะ-กัน-กิน,ชื่อประดิษฐ์ สื่อถึงความดีงามและความเจริญ
ญกัอร,ยะ-กัน,ผู้มีความงดงาม
ญกิ,ยะ-กิ,ชื่อประดิษฐ์ สื่อถึงความดีงามและความเจริญ
ญกิกร,ยะ-กิ-กอน,ผู้มีความสร้างสรรค์
ญกิกล,ยะ-กิ-กน,ชื่อประดิษฐ์ สื่อถึงความดีงามและความเจริญ
ญกิติ,ยะ-กิด,ชื่อประดิษฐ์ สื่อถึงความดีงามและความเจริญ
ญกิม,ยะ-กิม,ชื่อประดิษฐ์ สื่อถึงความดีงามและความเจริญ
ญกิมกิ,ยะ-กิม-มะ-กิ,ชื่อประดิษฐ์ สื่อถึงความดีงามและความเจริญ
ญขิน,ยะ-ขิน,ชื่อประดิษฐ์ สื่อถึงความดีงามและความเจริญ
ญคณ,ยะ-คะ-นะ,ชื่อประดิษฐ์ สื่อถึงความดีงามและความเจริญ
ญคณกิ,ยก-นะ-กิ,ชื่อประดิษฐ์ สื่อถึงความดีงามและความเจริญ
ญคณโณ,ยก-นะ-โน,ชื่อประดิษฐ์ สื่อถึงความดีงามและความเจริญ
ญคมกร,ยะ-คะ-มะ-กอน,ผู้มีความสร้างสรรค์
ญคมกิ,ยะ-คะ-มะ-กิ,ชื่อประดิษฐ์ สื่อถึงความดีงามและความเจริญ
ญคมโณ,ยก-มะ-โน,ชื่อประดิษฐ์ สื่อถึงความดีงามและความเจริญ
ญคำณธาม,ยก-นำ-นะ-ทา,ชื่อประดิษฐ์ สื่อถึงความดีงามและความเจริญ
ญคิมคุณ,ยิก-คะ-มิด,ผู้มีคุณธรรม
ญชิน,ยะ-ชิน,ชื่อประดิษฐ์ สื่อถึงความดีงามและความเจริญ
ญซันโณ,ยะ-ซัน-โน,ชื่อประดิษฐ์ สื่อถึงความดีงามและความเจริญ
ญณณิน,ยน-นิน,ชื่อประดิษฐ์ สื่อถึงความดีงามและความเจริญ
ญณทรวิ,ยน-นะ-ทะ-ริว,ผู้มีความสว่างและความก้าวหน้า
ญณธิมนท์,ยน-ทะ-นิ-มน,จิตใจ
ญณักกร,ยะ-นัก-กอน,ผู้มีความสร้างสรรค์
ญณัฏฐ์,นะ-รัด,ผู้มีปัญญา
ญณัฐ,ยะ-นัด,ผู้มีปัญญานักปราชญ์และปัญญา
ญณัฐฐ์กร,ยะ-นัด-กอน,ผู้มีความสร้างสรรค์
ญณัฐฐ์กิ,ยะ-นัด-กิ,ชื่อประดิษฐ์ สื่อถึงความดีงามและความเจริญ
ญณัฐฐ์กิม,ยะ-นัด-กิม,ชื่อประดิษฐ์ สื่อถึงความดีงามและความเจริญ
ญณัฐฐ์ตน,ยะ-นัด-ตะ-นะ,ชื่อประดิษฐ์ สื่อถึงความดีงามและความเจริญ
ญณัฐฐ์อณ,ยะ-นัด-ออน,ชื่อประดิษฐ์ สื่อถึงความดีงามและความเจริญ
ญณัฐนันท์,ยะ-นัด-ถะ-นัน,ผู้มีปัญญานักปราชญ์ ปัญญา และความสุขยินดี
ญโณ,ยะ-โน,ชื่อประดิษฐ์ สื่อถึงความดีงามและความเจริญ
ญดิณ,ยะ-ดิน,ชื่อประดิษฐ์ สื่อถึงความดีงามและความเจริญ
ญดิณกัน,ยะ-ดิน-กัน,ชื่อประดิษฐ์ สื่อถึงความดีงามและความเจริญ
ญดิณกิ,ยะ-ดิน-กิ,ชื่อประดิษฐ์ สื่อถึงความดีงามและความเจริญ
ญดิณวร,ยะ-ดิน-วอน,ผู้มีความประเสริฐ
ญดินกัณ,ยะ-ดิน-กัน,ชื่อประดิษฐ์ สื่อถึงความดีงามและความเจริญ
ญเตียนมนต์,ยะ-เยียน-มน,ผู้มีสิริมงคล
ญนคริน,ยน-คริน,ผู้มีความรื่นไหล
ญนนท์,ยะ-นน,ผู้มีความยินดี
ญนม,นะ-นม,ชื่อประดิษฐ์ สื่อถึงความดีงามและความเจริญ
ญนันท์นต,ยะ-นัน-ตะ,ผู้มีความยินดี
ญมนต์กัน,ยะ-มน-กัน,ผู้มีสิริมงคล
ญมนต์กิม,ยะ-มน-กิม,ผู้มีสิริมงคล
ญมนต์ณัฐ,ยะ-มน-นัด,ผู้มีสิริมงคลและปัญญา
ญมนต์ดิณ,ยะ-มน-ดิน,ผู้มีสิริมงคล
ญมนต์มิน,ยะ-มน-มิน,ผู้มีสิริมงคล
ญมนต์รวิ,ยะ-มน-ระ-วิ,ผู้มีสิริมงคล ความสว่าง และความก้าวหน้า
ญมินกณ,ยะ-มิน-กน,ชื่อประดิษฐ์ สื่อถึงความดีงามและความเจริญ
ญมินคณ,ยะ-มิน-คน,ชื่อประดิษฐ์ สื่อถึงความดีงามและความเจริญ
ญวร,ยะ-วอน,ผู้มีความประเสริฐ
ญวรกัณ,ยะ-วอน-กัน,ผู้มีความประเสริฐ
ญวรวร,ยะ-วอ-ระ-วอน,ผู้มีความประเสริฐ
ญวรอร,ยะ-วอน-ออน,ผู้มีความประเสริฐและความงดงาม
ญวิณ,ยะ-วิน,ชื่อประดิษฐ์ สื่อถึงความดีงามและความเจริญ
ญวิณกร,ยะ-วิน-กอน,ผู้มีความสร้างสรรค์
ญวิณกะ,ยะ-วิน-กะ,ชื่อประดิษฐ์ สื่อถึงความดีงามและความเจริญ
ญวิณมนต์,ยะ-วิน-มน,ผู้มีสิริมงคล
ญสายโม,ยะ-สาย-โม,ชื่อประดิษฐ์ สื่อถึงความดีงามและความเจริญ
ญอร,ยอน,ผู้มีความงดงาม
ญอรกร,ยอน-กอน,ผู้มีความงดงามและความสร้างสรรค์
ญอรกัณ,ยอ-ระ-กัน,ผู้มีความงดงาม
ญอรคิม,ยอ-ระ-คิม,ผู้มีความงดงาม
ญอรณ,ยอ-ระ-นะ,ผู้มีความงดงาม
ญอรณัฐฐ์,ยอ-ระ-นัด,ผู้มีความงดงาม
ญอรวร,ยอ-ระ-วอน,ผู้มีความงดงามและความประเสริฐ
ญอรอร,ยอน-ออน,ผู้มีความงดงาม
ญอิม,ยอ-มิ,ชื่อประดิษฐ์ สื่อถึงความดีงามและความเจริญ
ญอิมกร,ยอ-มิ-กอน,ผู้มีความสร้างสรรค์
ญอิมกะ,ยอ-มิ-กะ,ชื่อประดิษฐ์ สื่อถึงความดีงามและความเจริญ
ญอิมกิ,อะ-มิ-มะ-กิ,ชื่อประดิษฐ์ สื่อถึงความดีงามและความเจริญ
ญาณกร,ยา-นะ-กอน,ผู้มีปัญญาและความสร้างสรรค์
ญาณณัช,ยา-นัน-ดัด,ผู้มีญาณปัญญาและความรู้
ญาณธร,ยา-นะ-ทอน,ผู้มีญาณปัญญาและค้ำจุน
ญาณธรรม,ยาน-ทำ,ผู้มีญาณปัญญา ผู้ค้ำจุน และตั้งมั่นในธรรม
ญาณธิป,ยาน-ทิบ,ผู้มีญาณปัญญาและเป็นใหญ่
ญาณพัฒน์,ยาน-นะ-พัด,ผู้มีปัญญาและความเจริญ
ญาณภัค,ยา-นะ-พัก,ผู้มีญาณปัญญาและมีโชค
ญาณภัทร,ยา-นะ-พัด,ผู้มีญาณปัญญาและดีงามเป็นมงคล
ญาณโรจน์,ยาน-นะ-โรด,ผู้มีญาณปัญญาและรุ่งเรืองสว่างไสว
ญาณวร,ยา-นะ-วอน,ผู้มีญาณปัญญาและประเสริฐ
ญาณวรรธน์,ยา-นะ-วัด,ผู้มีญาณปัญญา ผู้ประเสริฐ และเจริญงอกงาม
ญาณวารี,ยาน-วา-รี,ผู้มีญาณปัญญาและใสดุจสายน้ำ
ญาณวุฒิ,ยา-นะ-วุด,ผู้มีความรู้และปัญญาอันเจริญงอกงาม
ญาณอร,ยา-นะ-ออน,ผู้มีญาณปัญญา ความรู้ และความมั่นคงสูงส่ง
ญาณัจฉรา,ยา-นัด-ฉะ-ยา,ผู้มีญาณปัญญา ความรู้ และความอ่อนโยนสง่างาม
ญาณัช,ยา-นัด,ผู้รู้แจ้งด้วยปัญญา
ญาณัท,ยา-นัด,ผู้มีความรู้อันประเสริฐ
ญาณันธร,ยา-นัน-ทอน,ผู้มีญาณปัญญาและค้ำจุน
ญาณากร,ยา-นา-กอน,แหล่งรวมปัญญา
ญาณาธร,ยา-นา-ทอน,ผู้ค้ำจุนปัญญา
ญาณาธิป,ยา-นา-ทิบ,ผู้มีญาณปัญญาและเป็นใหญ่
ญาณิณ,ยา-นิน,ผู้มีญาณปัญญาและความรู้
ญาณิน,ยา-นิน,ผู้มีปัญญา
ญาณินท์,ยา-นิน,ผู้มีความรู้ ความดีงาม และปัญญา
ญาณินทร,ยา-นิน-ทอน,ผู้มีความรู้ ความดีงาม และปัญญา
ญาธิป,ยา-ทิบ,ผู้มีความรู้และเป็นใหญ่
ญานธร,ยา-นะ-ทอน,ผู้มีปัญญารู้แจ้ง ผู้มีความรู้ และค้ำจุน
ญานิอร,ยา-นิ-ออน,ผู้มีปัญญารู้แจ้ง ผู้มีความรู้ และมีความงามอ่อนหวาน
ญานุจจัย,ยา-นุด-ไจ,ผู้สะสมปัญญา
ญาวงค์,ยา-วง,ผู้เปี่ยมด้วยความรู้
ญิฮาด,ยิ-ฮาด,การต่อสู้ดิ้นรนในหนทางของพระเจ้า
ฎาธรชญา,ดา-ทะ-ระ-ชะ-ยา,ผู้มีคุณธรรมและปัญญา
ฎาธรณัฐ,ดา-ทะ-รัน-ถะ,ผู้มีคุณธรรมและปัญญา
ฎาธรณัฐศรี,ดา-ทะ-นัด-สะ-รี,ผู้มีคุณธรรม ปัญญา และสิริมงคล
ฎาธรธร,ดา-ทะ-ระ-ทอน,ผู้มีคุณธรรม
ฎาธรธรศรี,ดา-ทะ-ระ-สี,ผู้มีคุณธรรมและสิริมงคล
ฎาธรธรสิริ,ดา-ทอน-ทริ-สิน,ผู้มีคุณธรรมและสิริมงคล
ฎาธรธรอารี,ดา-ทะ-ระ-ทอน-อา-รี,ผู้มีคุณธรรมและความเมตตา
ฎาธรวรศรี,ดา-ทอน-วอ-ระ-สี,ผู้มีคุณธรรม ความประเสริฐ และสิริมงคล
ฎาธรวรอารี,ดา-ทอน-วอ-ระ-รา-วี,ผู้มีคุณธรรม ความประเสริฐ และความเมตตา
ฎาธรศรี,ดา-ทะ-รี,ผู้มีคุณธรรมและสิริมงคล
ฎาธรศรีธนา,ดา-ทะ-รี-ทะ-นา,ผู้มีคุณธรรม สิริมงคล และความมั่งคั่ง
ฎาธรศรีธร,ดา-ทะ-รี-สอน,ผู้มีคุณธรรมและสิริมงคล
ฎาธรศิลป์,ดา-ทะ-ริน,ผู้มีคุณธรรม
ฎาธรสิริธร,ดา-ทะ-ริ-สิ-หริ,ผู้มีคุณธรรมและสิริมงคล
ฎาธรอรศรี,ดา-ทอน-รอ-สี,ผู้มีคุณธรรม ความงดงาม และสิริมงคล
ฎาธรอรอารี,ดา-ทอ-รอ-อา-รี,ผู้มีคุณธรรม ความงดงาม และความเมตตา
ฎาธรอารีธร,ดา-ทะ-รา-อี-ทอน,ผู้มีคุณธรรมและความเมตตา
ฎาธรอิศร์,ดา-ทะ-ริด,ผู้มีคุณธรรมและความเป็นผู้นำ
ฎาธินกรศรี,ดา-ทิน-กอ-ระ-สี,ผู้มีความสร้างสรรค์และสิริมงคล
ฎาธินธร,ดา-ทิน-ทอน,ผู้ทรงไว้
ฎาธินธรศรี,ดา-ทิน-ทะ-รี-สอน,ผู้มีสิริมงคล
ฎาธินนภัส,ดา-ทิน-นะ-พัด,ผู้มีความกว้างไกล
ฎาธินวร,ดา-ทิ-นะ-วอน,ผู้มีความประเสริฐ
ฎาธินวริศ,ดา-ทิน-วะ-ริด,ผู้มีความประเสริฐ
ฎาธินอร,ดา-ทิ-นอน,ผู้มีความงดงาม
ฎานิกร,ดา-นิ-กอน,ผู้มีความสุขและความสร้างสรรค์
ฎานิคุณ,ดา-นิ-คุน,ผู้มีความสุขและคุณธรรม
ฎานิชญา,ดา-นิด-ชะ-ยา,ผู้มีความสุขและปัญญา
ฎานิณกร,ดา-นิน-นะ-กอน,ผู้มีความสุขและความสร้างสรรค์
ฎานิณธร,ตา-นิน-ทอน,ผู้มีความสุข
ฎานิณธรศรี,ตา-นิน-ทะ-ระ-สี,ผู้มีความสุขและสิริมงคล
ฎานิณธีร์,ตา-นิน-ที,ผู้มีความสุขและปัญญา
ฎานิณวร,ดา-นิน-วะ-ระ,ผู้มีความสุขและความประเสริฐ
ฎานิณวริศ,ดา-นิน-วะ-ริด,ผู้มีความสุขและความประเสริฐ
ฎานิณอร,ดา-นิ-นอน,ผู้มีความสุขและความงดงาม
ฎานิณอิศร์,ดา-นิ-นิด,ผู้มีความสุขและความเป็นผู้นำ
ฎานิณัฐ,ตา-นิ-นัด,ผู้มีความสุขและปัญญา
ฎานิณัฐศรี,ตา-นิ-นัด-สะ-ยีด,ผู้มีความสุข ปัญญา และสิริมงคล
ฎานิธนา,ดา-นิ-ทะ-นา,ผู้มีความสุขและความมั่งคั่ง
ฎานิธร,ดา-นิ-ทอน,ผู้มีความสุข
ฎานิธรศรี,ดา-นิด-สะ-รี,ผู้มีความสุขและสิริมงคล
ฎานิธรสิริ,ดา-นิด-สะ-หริ-ริ,ผู้มีความสุขและสิริมงคล
ฎานิธรอารี,ดา-นิ-ทอน-อา-รี,ผู้มีความสุขและความเมตตา
ฎานินกร,ดา-นิน-กอน,ผู้มีความสุขและความสร้างสรรค์
ฎานินธร,ตา-นิน-ทอน,ผู้มีความสุข
ฎานินธีร์,ตา-นิน-ที,ผู้มีความสุขและปัญญา
ฎานินวร,ดา-นิน-วะ-ระ,ผู้มีความสุขและความประเสริฐ
ฎานินวริศ,ตา-นิน-วะ-ริด,ผู้มีความสุขและความประเสริฐ
ฎานินอร,ดา-นิ-นอน,ผู้มีความสุขและความงดงาม
ฎานินอิศร์,ดา-นิ-อิด,ผู้มีความสุขและความเป็นผู้นำ
ฎานิวร,ดา-นิ-วอน,ผู้มีความสุขและความประเสริฐ
ฎานิวริศ,ดา-นิ-วะ-ริด,ผู้มีความสุขและความประเสริฐ
ฎานิศรี,ดา-นิด-สะ-รี,ผู้มีความสุขและสิริมงคล
ฎานิศรีธร,ดา-นิด-สะ-ทอน,ผู้มีความสุขและสิริมงคล
ฎานิอร,ดา-นิ-ออน,ผู้มีความสุขและความงดงาม
ฎานิอิศร์,ดา-นิ-อิด,ผู้มีความสุขและความเป็นผู้นำ
ฎามิกร,ดา-มิ-กอน,ผู้มีความเมตตาและความสร้างสรรค์
ฎามิคุณ,ดา-มิก-คุน,ผู้มีความเมตตาและคุณธรรม
ฎามิชญา,ดา-มิด-ชะ-ยา,ผู้มีความเมตตาและปัญญา
ฎามิณกร,ดา-มิน-กอน,ผู้มีความเมตตาและความสร้างสรรค์
ฎามิณธร,ตา-มิน-ทอน,ผู้มีความเมตตา
ฎามิณธีร์,กา-มิน-ที,ผู้มีความเมตตาและปัญญา
ฎามิณวร,กา-มิน-วะ-ระ,ผู้มีความเมตตาและความประเสริฐ
ฎามิณวริศ,กา-มิน-วะ-ริด,ผู้มีความเมตตาและความประเสริฐ
ฎามิณอร,ดา-มิน-ออน,ผู้มีความเมตตาและความงดงาม
ฎามิณอิศร์,กา-มิน-นิ-อิด,ผู้มีความเมตตาและความเป็นผู้นำ
ฎามิณัฐ,กา-มิ-นัด,ผู้มีความเมตตาและปัญญา
ฎามิธนา,กา-มิด-ทะ-นา,ผู้มีความเมตตาและความมั่งคั่ง
ฎามิธร,กา-มิ-ทอน,ผู้มีความเมตตา
ฎามิธรศรี,กา-มิด-ทอ-ระ-สี,ผู้มีความเมตตาและสิริมงคล
ฎามินกร,ดา-มิน-กอน,ผู้มีความเมตตาและความสร้างสรรค์
ฎามินธร,กา-มิน-ทอน,ผู้มีความเมตตา
ฎามินธีร์,กา-มิน-ที,ผู้มีความเมตตาและปัญญา
ฎามินวร,ดา-มิน-วอน,ผู้มีความเมตตาและความประเสริฐ
ฎามินวริศ,กา-มิน-วะ-ริด,ผู้มีความเมตตาและความประเสริฐ
ฎามินอร,ดา-มิน-ออน,ผู้มีความเมตตาและความงดงาม
ฎามินอิศร์,กา-มิน-อิด,ผู้มีความเมตตาและความเป็นผู้นำ
ฎามิวร,ดา-มิ-วอน,ผู้มีความเมตตาและความประเสริฐ
ฎามิวริศ,ดา-มิ-วะ-ริด,ผู้มีความเมตตาและความประเสริฐ
ฎามิศรี,ภา-มิด-สี,ผู้มีความเมตตาและสิริมงคล
ฎามิศรีธร,ดา-มิด-สี-ทอน,ผู้มีความเมตตาและสิริมงคล
ฎามิอร,ดา-มิ-ออน,ผู้มีความเมตตาและความงดงาม
ฎามิอิศร์,ดา-มิ-สิด,ผู้มีความเมตตาและความเป็นผู้นำ
ฎาราคุณ,ดา-รา-คุน,ผู้มีความงดงามและคุณธรรม
ฎาราณัฐ,ตา-รา-นัด,ผู้มีความงดงามและปัญญา
ฎาราธนา,ดา-รา-ทะ-นา,ผู้มีความงดงามและความมั่งคั่ง
ฎาราวร,ดา-รา-วอน,ผู้มีความงดงามและความประเสริฐ
ฎาราอร,ดา-รา-ออน,ผู้มีความงดงาม
ฎาราอิศร์,ดา-รา-อิด,ผู้มีความงดงามและความเป็นผู้นำ
ฎาริณธร,ตา-ริน-ทอน,ผู้มีความรุ่งเรือง
ฎาริณนภัส,ตา-ริน-นะ-พัด,ผู้มีความรุ่งเรืองและความกว้างไกล
ฎาริณวร,ดา-ริน-วอน,ผู้มีความรุ่งเรืองและความประเสริฐ
ฎาริณวริศ,กา-ริน-วะ-ริด,ผู้มีความรุ่งเรืองและความประเสริฐ
ฎาริณอร,ดา-ริน-ออน,ผู้มีความรุ่งเรืองและความงดงาม
ฎารินธร,ตา-ริน-ทอน,ผู้มีความรุ่งเรือง
ฎารินนภัส,กา-ริน-นะ-พัด,ผู้มีความรุ่งเรืองและความกว้างไกล
ฎารินวริศ,กา-ริน-วะ-ริด,ผู้มีความรุ่งเรืองและความประเสริฐ
ฎารุณธีร์,ดา-รุน-ที,ผู้มีปัญญา
ฎารุณอิศร์,กา-รุน-นิด,ผู้มีความเป็นผู้นำ
ฎาลิณธีร์,ดา-ลิน-ที,ผู้มีความอ่อนโยนและปัญญา
ฎาลิณวริศ,กา-ลิน-วิ-ระ-สิด,ผู้มีความอ่อนโยนและความประเสริฐ
ฎาลิณอิศร์,กา-ลิน-นิด,ผู้มีความอ่อนโยนและความเป็นผู้นำ
ฎาลินธีร์,ลา-ลิน-ที,ผู้มีความอ่อนโยนและปัญญา
ฎาลินวริศ,ดา-ลิน-วะ-ริด,ผู้มีความอ่อนโยนและความประเสริฐ
ฎาลินอิศร์,ดา-ลิ-นิด,ผู้มีความอ่อนโยนและความเป็นผู้นำ
ฎาวรกร,ดา-วะ-ระ-กอน,ผู้มีความประเสริฐและความสร้างสรรค์
ฎาวรธรศรี,ดา-วะ-ระ-ทะ-ระ-สี,ผู้มีความประเสริฐและสิริมงคล
ฎาวรธีร์,ดาว-วะ-ที,ผู้มีความประเสริฐและปัญญา
ฎาวรวร,ดา-วอ-ระ-วอน,ผู้มีความประเสริฐ
ฎาวรวรศรี,ดา-วอน-สะ-หวี,ผู้มีความประเสริฐและสิริมงคล
ฎาวรศรีธร,ดา-วะ-รีด-สะ-ทอน,ผู้มีความประเสริฐและสิริมงคล
ฎาวรศิลป์,ดา-วะ-ริน-สะ-ปะ,ผู้มีความประเสริฐ
ฎาวรอร,ดา-วะ-รอน,ผู้มีความประเสริฐและความงดงาม
ฎาวรอรศรี,ดาว-รอ-ระ-สี,ผู้มีความประเสริฐ ความงดงาม และสิริมงคล
ฎาวรอิศร์,ดา-วะ-ริ-สอ,ผู้มีความประเสริฐและความเป็นผู้นำ
ฎาวิณธีร์,กา-วิน-ที,ผู้มีปัญญา
ฎาวิณวริศ,กา-วิน-วะ-ริด,ผู้มีความประเสริฐ
ฎาวิณอิศร์,กา-วิน-นิด,ผู้มีความเป็นผู้นำ
ฎาวินธีร์,กา-วิน-ที,ผู้มีความก้าวหน้าและปัญญา
ฎาวินวริศ,ดา-วิน-วะ-ริด,ผู้มีความก้าวหน้าและความประเสริฐ
ฎาวินอิศร์,ดา-วิ-นิด,ผู้มีความก้าวหน้าและความเป็นผู้นำ
ฎิณาธร,ดิ-นา-ทอน,ผู้มีคุณค่า
ฎิณาธรศรี,ดิ-นา-ทอ-ระ-สี,ผู้มีคุณค่าและสิริมงคล
ฎิณาวร,ดิ-นา-วอน,ผู้มีคุณค่าและความประเสริฐ
ฎิณาวริศ,ดิ-นา-วะ-ริด,ผู้มีคุณค่าและความประเสริฐ
ฎิณาอร,ดิ-นา-ออน,ผู้มีคุณค่าและความงดงาม
ฎิณาอิศร์,ดิ-นา-อิด,ผู้มีคุณค่าและความเป็นผู้นำ
ฎินาธร,นิ-ดา-ทอน,ผู้มีความมั่นคง
ฎินาธรศรี,ดิ-นา-ทอ-ระ-สี,ผู้มีความมั่นคงและสิริมงคล
ฎินาวร,ดิ-นา-วอน,ผู้มีความมั่นคงและความประเสริฐ
ฎินาวริศ,ดิ-นา-วะ-ริด,ผู้มีความมั่นคงและความประเสริฐ
ฎินาอร,ดิ-นา-ออน,ผู้มีความมั่นคงและความงดงาม
ฎินาอิศร์,ดิ-นา-อิด,ผู้มีความมั่นคงและความเป็นผู้นำ
ฎิมาธร,ติ-มา-ทอน,ผู้มีความเมตตา
ฎิมาธรศรี,ดิ-มา-ทอน-สี,ผู้มีความเมตตาและสิริมงคล
ฎิมาวร,ดิ-มา-วอน,ผู้มีความเมตตาและความประเสริฐ
ฎิมาวริศ,ดิ-มา-ระ-วิด,ผู้มีความเมตตาและความประเสริฐ
ฎิมาอร,ดิ-มา-ออน,ผู้มีความเมตตาและความงดงาม
ฎิมาอิศร์,ดิ-มา-อิด,ผู้มีความเมตตาและความเป็นผู้นำ
ฎิราธร,ดิ-รา-ทอน,ผู้มีความรุ่งเรือง
ฎิราธรศรี,ดิ-รา-ทอ-ระ-สี,ผู้มีความรุ่งเรืองและสิริมงคล
ฎิราวรศรี,ดิ-รา-วะ-สี,ผู้มีความรุ่งเรือง ความประเสริฐ และสิริมงคล
ฎิราอรศรี,ดิ-รา-ออน-สี,ผู้มีความรุ่งเรือง ความงดงาม และสิริมงคล
ฎิราอิศร์,ดิ-รา-อิด,ผู้มีความรุ่งเรืองและความเป็นผู้นำ
ฎุรินนภัส,ตุ-ริน-นะ-พัด,ผู้มีความกว้างไกล
ฎุรินวริศ,บุ-ริน-วะ-ริด,ผู้มีความประเสริฐ
ฎุวินธีร์,ดุ-วิน-ที,ผู้มีความก้าวหน้าและปัญญา
ฎุวินวริศ,ดุ-วิน-วะ-ริด,ผู้มีความก้าวหน้าและความประเสริฐ
ฎุวินอิศร์,ดุ-วิ-นิด,ผู้มีความก้าวหน้าและความเป็นผู้นำ
ฏานณณคี,ตาน-นะ-คี,ผู้มีคุณค่า
ฏานณณญี,ตาน-นะ-ยะ-ยี,ผู้มีคุณค่า
ฏานณณธี,ตาน-นน-ที,ผู้มีคุณค่า
ฏานณณรี,ตาน-นะ-รี,ผู้มีคุณค่า
ฏานณณษี,ตาน-นะ-นะ-สี,ผู้มีคุณค่า
ฏานณนคี,ตาน-นะ-คะ-นี,ผู้มีคุณค่า
ฏานณนญี,ตาน-นะ-นะ-ยี,ผู้มีคุณค่า
ฏานณนธี,ตาน-นน-ที,ผู้มีคุณค่า
ฏานณนรี,ตาน-นะ-นะ-รี,ผู้มีคุณค่า
ฏานณนษี,ตาน-นะ-นะ-สี,ผู้มีคุณค่า
ฏานณมคี,ตาน-นะ-มะ-คี,ผู้มีคุณค่า
ฏานณมญี,ตาน-นม-ยี,ผู้มีคุณค่า
ฏานณมธี,ตาน-นะ-มะ-ที,ผู้มีคุณค่า
ฏานณมรี,ตาน-นะ-รม-รี,ผู้มีคุณค่า
ฏานณมษี,ตาน-นะ-สะ-มี,ผู้มีคุณค่า
ฏานณหคี,ตาน-นะ-หะ-คี,ผู้มีคุณค่า
ฏานณหญี,ตาน-นะ-หยี,ผู้มีคุณค่า
ฏานณหธี,ตาน-นะ-หะ-ที,ผู้มีคุณค่า
ฏานณหรี,ตาน-นะ-หะ-รี,ผู้มีคุณค่า
ฏานณหษี,ตาน-นะ-หะ-สี,ผู้มีคุณค่า
ฏานนฉคี,ตาน-นะ-คะ-ฉะ-หี,ผู้มีความมั่นคง
ฏานนฉญี,ตาน-นะ-ฉะ-หยี,ผู้มีความมั่นคง
ฏานนฉธี,ตาน-นะ-ฉะ-ที,ผู้มีความมั่นคง
ฏานนฉรี,ตาน-นะ-ฉะ-หรี,ผู้มีความมั่นคง
ฏานนฉษี,ตาน-นะ-ฉะ-หรี,ผู้มีความมั่นคง
ฏานนฌคี,ตาน-นะ-คะ-ชะ-คี,ผู้มีความมั่นคง
ฏานนฌญี,ตาน-นะ-ชะ-ยี,ผู้มีความมั่นคง
ฏานนฌธี,ตาน-นะ-ชะ-ที,ผู้มีความมั่นคง
ฏานนฌรี,ตาน-นะ-ระ-ชี,ผู้มีความมั่นคง
ฏานนฌษี,ตาน-นะ-สะ-สี,ผู้มีความมั่นคง
ฏานนณคี,ตาน-นะ-คะ-นี,ผู้มีความมั่นคง
ฏานนณญี,ตาน-นะ-นะ-ยี,ผู้มีความมั่นคง
ฏานนณธี,ตา-นน-นะ-ที,ผู้มีความมั่นคง
ฏานนณรี,ตาน-นะ-นะ-รี,ผู้มีความมั่นคง
ฏานนณษี,ตา-นะ-นะ-นะ-สี,ผู้มีความมั่นคง
ฏานนนคี,ตาน-นะ-คะ-นี,ผู้มีความมั่นคง
ฏานนนญี,ตาน-นะ-นะ-ยี,ผู้มีความมั่นคง
ฏานนนธี,ตาน-นน-นะ-ที,ผู้มีความมั่นคง
ฏานนนรี,ตาน-นะ-นะ-รี,ผู้มีความมั่นคง
ฏานนนษี,ตา-นะ-นะ-นะ-สี,ผู้มีความมั่นคง
ฏานนมคี,ตาน-นะ-คะ-มี,ผู้มีความมั่นคง
ฏานนมญี,ตาน-นม-ยี,ผู้มีความมั่นคง
ฏานนมธี,ตาน-นน-มะ-ที,ผู้มีความมั่นคง
ฏานนมรี,ตาน-นะ-มะ-รี,ผู้มีความมั่นคง
ฏานนมษี,ตาน-นะ-มะ-สี,ผู้มีความมั่นคง
ฏานนหคี,ตาน-นี-หะ-คี,ผู้มีความมั่นคง
ฏานนหญี,ตาน-นะ-หยี,ผู้มีความมั่นคง
ฏานนหธี,ตาน-นะ-หะ-ที,ผู้มีความมั่นคง
ฏานนหรี,ตาน-นะ-หะ-รี,ผู้มีความมั่นคง
ฏานนหษี,ตาน-นะ-หะ-สี,ผู้มีความมั่นคง
ฏานนฬคี,ตาน-นะ-คอน-คี,ผู้มีความมั่นคง
ฏานนฬญี,ตาน-นะ-ยะ-ยี,ผู้มีความมั่นคง
ฏานนฬธี,ตาน-นน-ที,ผู้มีความมั่นคง
ฏานนฬรี,ตาน-นะ-ลี-รี,ผู้มีความมั่นคง
ฏานนฬษี,ตาน-นะ-สี,ผู้มีความมั่นคง
ฏานนฮคี,ตาน-นะ-นี-ฮะ-คี,ผู้มีความมั่นคง
ฏานนฮญี,ตาน-น้าม-ยี,ผู้มีความมั่นคง
ฏานนฮธี,ตาน-นน-ฮีด,ผู้มีความมั่นคง
ฏานนฮรี,ตาน-น้าม-ฮี,ผู้มีความมั่นคง
ฏานนฮษี,ตาน-นะ-ฮส-ยี,ผู้มีความมั่นคง
ฏานมฉคี,ตาน-มะ-ฉะ-หมี,ผู้มีความเมตตา
ฏานมฉญี,ตาน-มะ-ฉะ-หยี,ผู้มีความเมตตา
ฏานมฉธี,ตาน-มะ-ฉะ-หมี,ผู้มีความเมตตา
ฏานมฉรี,ตาน-มะ-ฉะ-หรี,ผู้มีความเมตตา
ฏานมฉษี,ตาน-มะ-ฉะ-หี,ผู้มีความเมตตา
ฏานมฌคี,ตาน-มะ-ชี-คะ-เช,ผู้มีความเมตตา
ฏานมฌญี,ตาน-มะ-ชะ-ยี,ผู้มีความเมตตา
ฏานมฌธี,ตาน-มะ-ชา-ที,ผู้มีความเมตตา
ฏานมฌรี,ตาน-มะ-ชะ-รี,ผู้มีความเมตตา
ฏานมฌษี,ตาน-มะ-ชะ-สี,ผู้มีความเมตตา
ฏานมณคี,ตาน-นม-คี,ผู้มีความเมตตา
ฏานมณญี,ตาน-มน-นี,ผู้มีความเมตตา
ฏานมณธี,ตาน-มน-ที,ผู้มีความเมตตา
ฏานมณรี,ตาน-มน-มะ-รี,ผู้มีความเมตตา
ฏานมณษี,ตาน-นม-สะ-สี,ผู้มีความเมตตา
ฏานมนคี,ตาน-มน-นะ-คี,ผู้มีความเมตตา
ฏานมนญี,ตาน-มน-นี,ผู้มีความเมตตา
ฏานมนธี,ตาน-มน-ที,ผู้มีความเมตตา
ฏานมนรี,ตาน-มน-รี,ผู้มีความเมตตา
ฏานมนษี,ตาน-มน-สะ-หนี,ผู้มีความเมตตา
ฏานมมคี,ตาน-มะ-มี-คม,ผู้มีความเมตตา
ฏานมมญี,ตาน-มะ-มะ-ยี,ผู้มีความเมตตา
ฏานมมธี,ตาน-มน-มะ-ที,ผู้มีความเมตตา
ฏานมมรี,ตาน-มะ-มะ-รี,ผู้มีความเมตตา
ฏานมมษี,ตาน-มะ-มะ-สี,ผู้มีความเมตตา
ฏานมหคี,ตาน-มะ-หมี-คะ,ผู้มีความเมตตา
ฏานมหญี,ตาน-มะ-หยี,ผู้มีความเมตตา
ฏานมหธี,ตาน-มะ-หม-ที,ผู้มีความเมตตา
ฏานมหรี,ตาน-มะ-หรี,ผู้มีความเมตตา
ฏานมหษี,ตาน-มะ-หะ-สี,ผู้มีความเมตตา
ฏานมฬคี,ตาน-มน-ละ-คี,ผู้มีความเมตตา
ฏานมฬญี,ตาน-มน-ยะ-ยี,ผู้มีความเมตตา
ฏานมฬธี,ตาน-มน-ทะ-ลี,ผู้มีความเมตตา
ฏานมฬรี,ตาน-มน-รี,ผู้มีความเมตตา
ฏานมฬษี,ตาน-มน-ละ-สี,ผู้มีความเมตตา
ฏานมฮคี,ตาน-มะ-ฮี-ค,ผู้มีความเมตตา
ฏานมฮญี,ตาน-มะ-ฮีย,ผู้มีความเมตตา
ฏานมฮธี,ตาน-มะ-ฮีด,ผู้มีความเมตตา
ฏานมฮรี,ตาน-มะ-ฮี-รี,ผู้มีความเมตตา
ฏานมฮษี,ตาน-มะ-ฮีด,ผู้มีความเมตตา
ฏานัณฉ,ตา-นัน-ฉอ,ผู้มีความมุ่งมั่น
ฏานัณฌ,ตา-นัน-ชุ,ผู้มีความมุ่งมั่น
ฏานัณณ,ตา-นัน,ผู้มีความมุ่งมั่น
ฏานัณน,ตา-นัน-นะ,ผู้มีความมุ่งมั่น
ฏานัณม,ตา-นัน-มะ,ผู้มีความมุ่งมั่น
ฏานัณห,ตา-นัน-หั,ผู้มีความมุ่งมั่น
ฏานัณฬ,ตา-นัน,ผู้มีความมุ่งมั่น
ฏานัณฮ,ตา-นัน-ฮะ,ผู้มีความมุ่งมั่น
ฏานันฉ,ตา-นัน-ฉอน,ผู้มีความมุ่งมั่น
ฏานันฌ,ตา-นัน-ชะ-สุ,ผู้มีความมุ่งมั่น
ฏานันณ,ตา-นัน,ผู้มีความมุ่งมั่น
ฏานันน,ตา-นัน-นะ,ผู้มีความมุ่งมั่น
ฏานันม,ตา-นัน-มะ-ไน,ผู้มีความมุ่งมั่น
ฏานันห,ตา-นัน-หะ,ผู้มีความมุ่งมั่น
ฏานันฬ,ตา-นัน-ละ,ผู้มีความมุ่งมั่น
ฏานันฮ,ตา-นัน-ฮะ,ผู้มีความมุ่งมั่น
ฏานัมฉ,ตา-รัน-ฉอ,ผู้มีความมุ่งมั่น
ฏานัมฌ,ตา-นะ-มัด,ผู้มีความมุ่งมั่น
ฏานัมณ,ตา-นัม-นะ,ผู้มีความมุ่งมั่น
ฏานัมน,ตา-นัม-นน,ผู้มีความมุ่งมั่น
ฏานัมม,ตา-นัม-มะ,ผู้มีความมุ่งมั่น
ฏานัมห,ตำ-หนัม-หอ,ผู้มีความมุ่งมั่น
ฏานัมฬ,ตา-นัม-ลอน,ผู้มีความมุ่งมั่น
ฏานัมฮ,ตา-นัม-ฮอ,ผู้มีความมุ่งมั่น
ฏานัหฉ,ตา-นัด-ฉั,ผู้มีความมุ่งมั่น
ฏานัหฌ,ตา-นัด-หัด,ผู้มีความมุ่งมั่น
ฏานัหณ,ตา-นัด-หน,ผู้มีความมุ่งมั่น
ฏานัหน,ตา-นั่น,ผู้มีความมุ่งมั่น
ฏานัหม,ตา-นั่-หม,ผู้มีความมุ่งมั่น
ฏานัหห,ตา-นัด-หั่,ผู้มีความมุ่งมั่น
ฏานัหฬ,ตา-นา-หัน,ผู้มีความมุ่งมั่น
ฏานัหฮ,ตา-นัด-หั้,ผู้มีความมุ่งมั่น
ฏานัฬณ,ตา-นัน,ผู้มีความมุ่งมั่น
ฏานัฬน,ตา-นัน,ผู้มีความมุ่งมั่น
ฏานัฬม,ตา-นัน-ลม,ผู้มีความมุ่งมั่น
ฏานัฬห,ตา-นัน-หะ,ผู้มีความมุ่งมั่น
ฏานิฉฉ,ตา-นิ-ฉอน,ผู้มีความสุข
ฏานิฉฌ,ตา-นิด-ชะ-สะ,ผู้มีความสุข
ฏานิฉณ,ตา-นิ-ฉะ-หน,ผู้มีความสุข
ฏานิฉน,ตา-นิ-ฉน,ผู้มีความสุข
ฏานิฉม,ตา-นิด-ไม,ผู้มีความสุข
ฏานิฉห,ตา-นิด-หะ,ผู้มีความสุข
ฏานิฉฬ,ตา-นิ-ฉอน,ผู้มีความสุข
ฏานิฉฮ,ตา-นิ-ฮด,ผู้มีความสุข
ฏานิฌฉ,ตา-นิด-ฉะ,ผู้มีความสุข
ฏานิฌฌ,ตา-นิด,ผู้มีความสุข
ฏานิฌณ,ตา-นิด,ผู้มีความสุข
ฏานิฌน,ตา-นิ-ชน,ผู้มีความสุข
ฏานิฌม,ตา-นิ-ชม,ผู้มีความสุข
ฏานิฌห,ตา-นิด-หะ,ผู้มีความสุข
ฏานิฌฬ,ตา-นิ-ชน,ผู้มีความสุข
ฏานิฌฮ,ตา-นิ-ฮด,ผู้มีความสุข
ฏานิณฉ,ตา-นิน-ฉะ,ผู้มีความสุข
ฏานิณฌ,ตา-นิน-ชน,ผู้มีความสุข
ฏานิณณ,ตา-นิ-นน,ผู้มีความสุข
ฏานิณน,ตา-นิน,ผู้มีความสุข
ฏานิณม,ตา-นิน-มะ,ผู้มีความสุข
ฏานิณห,ตา-นิน-หะ,ผู้มีความสุข
ฏานิณฬ,ตา-นิน,ผู้มีความสุข
ฏานิณฮ,ตา-นิ-ฮิน,ผู้มีความสุข
ฏานินฉ,ตา-นิน-ฉอ,ผู้มีความสุข
ฏานินฌ,ตา-นิน-ชน,ผู้มีความสุข
ฏานินณ,ตา-นิน,ผู้มีความสุข
ฏานินน,ตา-นิน,ผู้มีความสุข
ฏานินม,ตา-นิน-มะ,ผู้มีความสุข
ฏานินห,ตา-นิน-หน,ผู้มีความสุข
ฏานินฬ,ตา-ริน,ผู้มีความสุข
ฏานินฮ,ตา-นิน-ฮะ,ผู้มีความสุข
ฏานิมฉ,ตาน-มิด,ผู้มีความสุข
ฏานิมฌ,ตาน-มิด,ผู้มีความสุข
ฏานิมณ,ตา-นิ-มน,ผู้มีความสุข
ฏานิมน,ตา-นิ-มน,ผู้มีความสุข
ฏานิมม,ตา-นิ-มม,ผู้มีความสุข
ฏานิมห,ตา-นิ-หม,ผู้มีความสุข
ฏานิมฬ,ตา-นิ-ยม,ผู้มีความสุข
ฏานิมฮ,ตา-นิม-ฮอ,ผู้มีความสุข
ฏานิหฉ,ตา-นิ-หะ-ฉะ,ผู้มีความสุข
ฏานิหฌ,ตา-นิ-หะ-ดิ,ผู้มีความสุข
ฏานิหณ,ตา-นิ-หะ-นะ,ผู้มีความสุข
ฏานิหน,ตา-นิ-หน,ผู้มีความสุข
ฏานิหม,ตา-นิ-หม,ผู้มีความสุข
ฏานิหห,ตา-นิ-หะ,ผู้มีความสุข
ฏานิหฬ,ตา-หลิ-หน,ผู้มีความสุข
ฏานิหฮ,ตา-หนิ-ห,ผู้มีความสุข
ฏานิฬฉ,ตา-ริน-ฉะ,ผู้มีความสุข
ฏานิฬฌ,ตา-นิ-ชน,ผู้มีความสุข
ฏานิฬณ,ตา-ริน,ผู้มีความสุข
ฏานิฬน,ตา-นิน,ผู้มีความสุข
ฏานิฬม,ตา-ริน-ลม,ผู้มีความสุข
ฏานิฬห,ตา-นิน,ผู้มีความสุข
ฏานิฬฬ,ตา-ริน,ผู้มีความสุข
ฏานิฬฮ,ตา-ลิน-ฮ้อ,ผู้มีความสุข
ฏานิฮฉ,ตา-หนิ-ฉะ,ผู้มีความสุข
ฏานิฮฌ,ตา-หนิ-ชิด,ผู้มีความสุข
ฏานิฮณ,ตา-นิ-ฮะ-นะ,ผู้มีความสุข
ฏานิฮน,ตา-นิ-ฮน,ผู้มีความสุข
ฏานิฮม,ตา-ฮิน-ฮม,ผู้มีความสุข
ฏานิฮห,ตา-นิ-ห้า,ผู้มีความสุข
ฏานิฮฬ,ตา-หลิน,ผู้มีความสุข
ฏานิฮฮ,ตา-ฮิน-ฮิ,ผู้มีความสุข
ฐกณ,ถะ-กะ-นะ,ชื่อประดิษฐ์ สื่อถึงความดีงามและความเจริญ
ฐกณณัฏฐ์,ถะ-กะ-นะ-นัด,ผู้มีปัญญา
ฐกม,ถะ-กะ-มะ,ชื่อประดิษฐ์ สื่อถึงความดีงามและความเจริญ
ฐกมณัฏฐ์,ถะ-กะ-มะ-นัด,ผู้มีปัญญา
ฐกมโณ,ถะ-กะ-มะ-โน,ชื่อประดิษฐ์ สื่อถึงความดีงามและความเจริญ
ฐกมรณ,ถะ-กะ-มน-ระ,ชื่อประดิษฐ์ สื่อถึงความดีงามและความเจริญ
ฐกร,ถะ-กอน,ผู้มีความสร้างสรรค์
ฐกรกัน,ถะ-กอน-กัน,ผู้มีความสร้างสรรค์
ฐกรดิณ,ถะ-กอน-ดิน,ผู้มีความสร้างสรรค์
ฐกรท์,ถะ-กอน,ผู้ตั้งมั่นและสร้างสรรค์ด้วยความสามารถ
ฐกรอร,ถะ-กอน-ออน,ผู้มีความสร้างสรรค์และความงดงาม
ฐกะ,ถะ-กะ,ชื่อประดิษฐ์ สื่อถึงความดีงามและความเจริญ
ฐกะกัน,ถะ-กะ-กัน,ชื่อประดิษฐ์ สื่อถึงความดีงามและความเจริญ
ฐกะกิม,ถะ-กะ-กิม,ชื่อประดิษฐ์ สื่อถึงความดีงามและความเจริญ
ฐกะมนต์,ถะ-กะ-มน,ผู้มีสิริมงคล
ฐกะวร,ถะ-กะ-วอน,ผู้มีความประเสริฐ
ฐกัณ,ถะ-กัน,ชื่อประดิษฐ์ สื่อถึงความดีงามและความเจริญ
ฐกัณกิ,ถะ-กัน-กิ,ชื่อประดิษฐ์ สื่อถึงความดีงามและความเจริญ
ฐกัด,ถะ-กัด,ผู้เปี่ยมด้วยความตั้งมั่น
ฐกัน,ถะ-กัน,ชื่อประดิษฐ์ สื่อถึงความดีงามและความเจริญ
ฐกันกร,ถะ-กัน-กอน,ผู้มีความสร้างสรรค์
ฐกันกะ,ถะ-กัน-กะ,ชื่อประดิษฐ์ สื่อถึงความดีงามและความเจริญ
ฐกันกิ,ถะ-กัน-กิ,ชื่อประดิษฐ์ สื่อถึงความดีงามและความเจริญ
ฐกิ,ถะ-กิ,ชื่อประดิษฐ์ สื่อถึงความดีงามและความเจริญ
ฐกิกร,ถะ-กิ-กอน,ผู้มีความสร้างสรรค์
ฐกิกัณ,ถะ-กิ-กัน,ชื่อประดิษฐ์ สื่อถึงความดีงามและความเจริญ
ฐกิกิ,ถะ-กิ-หิ,ชื่อประดิษฐ์ สื่อถึงความดีงามและความเจริญ
ฐกิกิณ,ถะ-กิ-กิน,ชื่อประดิษฐ์ สื่อถึงความดีงามและความเจริญ
ฐกิกิม,ถะ-กิ-กิม,ชื่อประดิษฐ์ สื่อถึงความดีงามและความเจริญ
ฐกิจมนต์,ถะ-กิด-มน,ผู้มีสิริมงคล
ฐกิณ,ถะ-กิน,ชื่อประดิษฐ์ สื่อถึงความดีงามและความเจริญ
ฐกิณกิ,ถะ-กิน-นะ-กิ,ชื่อประดิษฐ์ สื่อถึงความดีงามและความเจริญ
ฐกิม,ถะ-กิม,ชื่อประดิษฐ์ สื่อถึงความดีงามและความเจริญ
ฐกิมกร,ถะ-กิม-กอน,ผู้มีความสร้างสรรค์
ฐกิมกิ,ถะ-กิม-กิ,ชื่อประดิษฐ์ สื่อถึงความดีงามและความเจริญ
ฐกิวร,ถะ-กิ-วอน,ผู้มีความประเสริฐ
ฐกิอร,ถะ-กิ-ออน,ผู้มีความงดงาม
ฐคุณ,ถิ-คุน,ผู้มีคุณธรรม
ฐคุณกร,ถิ-คุน-กอน,ผู้มีคุณธรรมและความสร้างสรรค์
ฐคุณกะ,ถุ-คุน-กะ,ผู้มีคุณธรรม
ฐณโชค,ถะ-นะ-โชก,ผู้มีความดีงามและโชคลาภ
ฐณณ,ถะ-นน,ผู้เปี่ยมด้วยฐานะแห่งความดี
ฐณัฏฐ์,ถะ-นัด,ผู้มีปัญญา
ฐณัฏฐ์โณ,ถะ-นัด-โน,ผู้มีปัญญา
ฐณัฏฐ์รณ,ถะ-นัด-ระ-นอน,ผู้มีปัญญา
ฐณัฏฐ์วร,ถะ-นัด-วอน,ผู้มีปัญญาและความประเสริฐ
ฐณัฏฐ์อณ,ถะ-นัด-ออน,ผู้มีปัญญา
ฐณัฐโณ,ถะ-นัด-ถะ-โน,ผู้มีปัญญา
ฐณัฐรณ,ฐ-ณ-ฐ-อน,ผู้มีปัญญา
ฐณัฐรวิ,ถะ-นัด-ถะ-ริ,ผู้มีปัญญา ความสว่าง และความก้าวหน้า
ฐณัฐวิณ,ถะ-นัด-ถะ-วิน,ผู้มีปัญญา
ฐณัฐอิม,ถะ-นัด-อิม,ผู้มีปัญญา
ฐโณกณ,ถะ-นะ-โกน,ชื่อประดิษฐ์ สื่อถึงความดีงามและความเจริญ
ฐโณณัฏฐ์,ถะ-นะ-โนด,ผู้มีปัญญา
ฐโณณัฐ,ถะ-นะ-นัด,ผู้มีปัญญา
ฐโณภณ,ถะ-นะ-โนน,ชื่อประดิษฐ์ สื่อถึงความดีงามและความเจริญ
ฐโณมนต์,ถะ-โน-มน,ผู้มีสิริมงคล
ฐดน,ถะ-ดน,ชื่อประดิษฐ์ สื่อถึงความดีงามและความเจริญ
ฐดนณัฏฐ์,ถะ-ดน-นัด,ผู้มีปัญญา
ฐดนโณ,ถะ-ดะ-นะ,ชื่อประดิษฐ์ สื่อถึงความดีงามและความเจริญ
ฐดิณ,ถะ-ดิน,ชื่อประดิษฐ์ สื่อถึงความดีงามและความเจริญ
ฐดิณกะ,ถะ-ดิน-กะ,ชื่อประดิษฐ์ สื่อถึงความดีงามและความเจริญ
ฐดิณกิ,ถะ-ดิน-กิ,ชื่อประดิษฐ์ สื่อถึงความดีงามและความเจริญ
ฐธาม,ถะ-ทาม,ชื่อประดิษฐ์ สื่อถึงความดีงามและความเจริญ
ฐธามกะ,ถะ-ทาง-มะ-กะ,ชื่อประดิษฐ์ สื่อถึงความดีงามและความเจริญ
ฐธามกิ,ถะ-ทา-มะ,ชื่อประดิษฐ์ สื่อถึงความดีงามและความเจริญ
ฐธามมนต์,ถะ-ทา-มน,ผู้มีสิริมงคล
ฐนกร,ถะ-นะ-กอน,ผู้มีความสร้างสรรค์ ความมั่นคง และความสามารถ
ฐนคร,ถะ-นะ-คอน,ผู้มีฐานมั่นคงและตั้งมั่น
ฐนนท์อิม,ถะ-นัน-อิม,ผู้มีความยินดี
ฐนภัทร,ถะ-นะ-พัด,ผู้มีฐานมั่นคง ผู้ตั้งมั่น และสูงส่งและดีงาม
ฐนโรจน์,ถะ-นะ-โรด,ผู้มีฐานมั่นคง ผู้ตั้งมั่น และรุ่งเรืองสว่างไสว
ฐนันดร,ถะ-นัน-ดอน,ผู้มีฐานมั่นคง ผู้ตั้งมั่น และมีฐานะสูงส่ง
ฐนันท์โณ,ถะ-นัน-โท,ผู้มีความยินดี
ฐนันท์อณ,ถะ-นัน-ออน,ผู้มีความยินดี
ฐภณ,ถะ-พน,ชื่อประดิษฐ์ สื่อถึงความดีงามและความเจริญ
ฐมนต์กร,ถะ-มน-กอน,ผู้มีสิริมงคลและความสร้างสรรค์
ฐมนต์กะ,ถะ-มน-กะ-ตะ,ผู้มีสิริมงคล
ฐมนต์กัณ,ถะ-มน-กัน,ผู้มีสิริมงคล
ฐมนต์กัน,ถะ-มน-กัน,ผู้มีสิริมงคล
ฐมนต์กิ,ถะ-มน-ยะ-กิ,ผู้มีสิริมงคล
ฐมนต์กิณ,ถะ-มน-กิน,ผู้มีสิริมงคล
ฐมนต์โณ,ถะ-นม-โน,ผู้มีสิริมงคล
ฐมนต์ดิณ,ถะ-มน-นิด,ผู้มีสิริมงคล
ฐมนต์มิน,ถะ-มน-มิน,ผู้มีสิริมงคล
ฐมนต์อิม,ถะ-หนม-อิ-มิ,ผู้มีสิริมงคล
ฐรณกณ,ถะ-ระ-นก-นะ,ชื่อประดิษฐ์ สื่อถึงความดีงามและความเจริญ
ฐรณกม,ถะ-ระ-นะ-กะ-มะ,ชื่อประดิษฐ์ สื่อถึงความดีงามและความเจริญ
ฐรณณัฏฐ์,ถะ-ระ-นะ-นัด,ผู้มีปัญญา
ฐรณดน,ถะ-ระ-นะ-ดน,ชื่อประดิษฐ์ สื่อถึงความดีงามและความเจริญ
ฐรณภณ,ถะ-ระ-นะ-พน,ชื่อประดิษฐ์ สื่อถึงความดีงามและความเจริญ
ฐรวิณัฐ,ถะ-ระ-วิ-นัด,ผู้มีความสว่าง ความก้าวหน้า และปัญญา
ฐรัฐ,ถะ-รัด,ผู้ตั้งมั่นและเกี่ยวข้องกับบ้านเมือง
ฐวร,ถะ-วอน,ผู้มีความประเสริฐ
ฐวรกร,ถะ-วอน-กอน,ผู้มีความประเสริฐและความสร้างสรรค์
ฐวรกิ,ถะ-วะ-ริก,ผู้มีความประเสริฐ
ฐวรณัฏฐ์,ถะ-วอน-นัด,ผู้มีความประเสริฐและปัญญา
ฐวรมนต์,ถะ-วะ-ระ-มน,ผู้มีความประเสริฐและสิริมงคล
ฐวัณ,ถะ-หวัน,ชื่อประดิษฐ์ สื่อถึงความดีงามและความเจริญ
ฐวัณมนต์,ถะ-วัน-มน,ผู้มีสิริมงคล
ฐวิณ,ถะ-วิน,ชื่อประดิษฐ์ สื่อถึงความดีงามและความเจริญ
ฐวิณนนท์,ถะ-วิน-นน,ผู้มีความยินดี
ฐวิณมนต์,ถะ-วิน-มน,ผู้มีสิริมงคล
ฐอร,ถอ-ระ,ผู้มีความงดงาม
ฐอรกร,ถอ-ระ-กอน,ผู้มีความงดงามและความสร้างสรรค์
ฐอรกะ,ถอ-ระ-กะ,ผู้มีความงดงาม
ฐอรมนต์,ถอ-ระ-มน,ผู้มีความงดงามและสิริมงคล
ฐอิม,ถิ-มิ,ชื่อประดิษฐ์ สื่อถึงความดีงามและความเจริญ
ฐอิมณัฐ,ถิ-มิ-นัด,ผู้มีปัญญา
ฐอิมนนท์,ถิ-มิ-นน,ผู้มีความยินดี
ฐัชธน,ถัด-ทะ-นะ,ผู้มีทรัพย์เป็นหลักมั่น
ฐาคณิษฐ์,ถา-คะ-นิด,ผู้มั่นคงและประเสริฐน่ารัก
ฐานกร,ถา-นะ-กอน,ผู้มีความสร้างสรรค์ ความมั่นคง และความสามารถ
ฐานนันท์,ถา-นะ-นัน,ผู้มีรากฐานมั่นคง ผู้ตั้งมั่น และมีความสุขยินดี
ฐานภร,ถา-นะ-พอน,ผู้มีรากฐานมั่นคง ผู้ตั้งมั่น และสูงส่งดั่งฟ้า
ฐานมญ,ถา-มน,ผู้เปี่ยมด้วยรากฐานมั่นคง
ฐานรินทร์,ถา-นะ-ริน,ผู้มีรากฐานมั่นคง ผู้ตั้งมั่น และเป็นใหญ่ในหมู่คน
ฐานะ,ถา-นะ,ผู้มีรากฐานมั่นคง ผู้มีฐานะและหลักมั่น และตั้งมั่น
ฐานะนิธิภร,ถา-นะ-นิ-ทิ-พอน,ผู้มีรากฐานมั่นคง ผู้มีฐานะและหลักมั่น และตั้งมั่น
ฐานัน,ถา-นัน,ผู้มีฐานะสูงส่ง
ฐานันดร,ถา-นัน-ดอน,ผู้มีรากฐานมั่นคง ผู้ตั้งมั่น และมีฐานะสูงส่ง
ฐานันดร์,ถา-นัน,ผู้มีรากฐานมั่นคง ผู้ตั้งมั่น และมีฐานะสูงส่ง
ฐานัส,ถา-นัด,ผู้เปี่ยมด้วยรากฐานมั่นคง
ฐานิญา,ถา-นิ-ยา,ผู้มีความรู้ ผู้มีรากฐานมั่นคง และตั้งมั่น
ฐานิฏฐ์,ถา-นิด,ผู้เป็นที่พึงพอใจ
ฐานิน,ถา-นิน,ผู้มีรากฐานมั่นคงและตั้งมั่น
ฐานิสรา,ถา-นิด-สะ-รา,ผู้มีรากฐานมั่นคงและตั้งมั่น
ฐิฌธนัน,จิด-ทะ-นัน,ผู้มีความมั่นคงในทรัพย์สิน
ฐิติพงศ์,ถิ-ติ-พง,ตระกูลที่ดำรงอยู่อย่างมั่นคง
ฐิติมา,ถิ-ติ-มา,ผู้ดำรงอยู่อย่างยั่งยืน
ฐิติวรรณ,ถิ-ติ-วัน,ผู้มีเกียรติยศตั้งมั่นยั่งยืน
ฐิติวัสส์,ถิ-ติ-วัด,ผู้ดำรงอยู่ยืนยาวหลายปี
ฐิรไชย,ถิ-ระ-ไช,ผู้มั่นคงถาวร ผู้ตั้งมั่น และมีชัยชนะ
ฐิรญา,ถิ-ระ-ยา,ผู้มีความรู้ ผู้มั่นคงถาวร และตั้งมั่น
ฐิรดล,ถิ-ระ-ดน,ผู้มั่นคงถาวร ผู้ตั้งมั่น และบันดาลให้เกิดผล
ฐิรนันท์,ถิ-ระ-นัน,ผู้มั่นคงถาวร ผู้ตั้งมั่น และมีความสุขยินดี
ฐิรวรรณ,ถิ-ระ-วัน,ผู้มีความดีงามและความมั่นคง
ฐิรวัชร์,ถิ-ระ-วัด,ผู้มั่นคงถาวร ผู้ตั้งมั่น และแข็งแกร่งดุจเพชร
ฐิรวิชญ์,ถิ-ระ-วิด,ผู้มั่นคงถาวร ผู้ตั้งมั่น และนักปราชญ์ผู้รู้
ฐิรศิลป์,ถิ-ระ-สิน,ผู้มั่นคงถาวร ผู้ตั้งมั่น และมีศิลปะ
ฐิรสิริ,ถิ-ระ-สิ-หริ,ผู้มั่นคงถาวร ผู้ตั้งมั่น และมีเสน่ห์ละมุน
ฑจน,ทด-จะ-นะ,ชื่อประดิษฐ์ สื่อถึงความดีงามและความเจริญ
ฑลน,ทน-ละ-นะ,ชื่อประดิษฐ์ สื่อถึงความดีงามและความเจริญ
ฑลม,ทะ-ลม,ชื่อประดิษฐ์ สื่อถึงความดีงามและความเจริญ
ฑวณ,ทวน,ชื่อประดิษฐ์ สื่อถึงความดีงามและความเจริญ
ฑวน,ทวน,ชื่อประดิษฐ์ สื่อถึงความดีงามและความเจริญ
ฑวม,ทวม,ชื่อประดิษฐ์ สื่อถึงความดีงามและความเจริญ
ฑอณ,ทอน,ชื่อประดิษฐ์ สื่อถึงความดีงามและความเจริญ
ฑอน,ทอน,ชื่อประดิษฐ์ สื่อถึงความดีงามและความเจริญ
ฑอม,ทอม,ชื่อประดิษฐ์ สื่อถึงความดีงามและความเจริญ
ฑอฬ,ทอน,ชื่อประดิษฐ์ สื่อถึงความดีงามและความเจริญ
ฒขจร,ทัด-ขะ-จอน,ผู้เจริญและมีชื่อเสียงเลื่องลือ
ฒจันทร์,ทัด-จะ-ทัน,ผู้เจริญและเย็นงามดุจจันทร์
ฒจิรคุณ,ทะ-จิด-ทิ-รุน,ผู้เจริญและมีถิ่นฐานหรือสถานะแห่งความดี ยั่งยืนยาวนาน
ฒจิรธีร์,ทะ-จิด-ทิ-รี,ผู้เจริญและยั่งยืนยาวนาน มีปัญญามั่นคง
ฒชล,ทะ-ชะ-สะ-ชน,ผู้เจริญและเย็นใสดุจสายน้ำ
ฒชลคุณ,ทะ-ชะ-ชน-ละ-คุน,ผู้เจริญและมีถิ่นฐานหรือสถานะแห่งความดี เย็นใสดุจสายน้ำ
ฒชลธีร์,ทะ-ชะ-สะ-ชน-ที,ผู้เจริญและเย็นใสดุจสายน้ำ มีปัญญามั่นคง
ฒณัช,ทะ-ดั้-ชัด,ผู้มีความดีงาม ปัญญา และความเจริญ
ฒณัฐคุณ,ทะ-ดัด-ชะ-คุน,ผู้เจริญและตั้งมั่น นักปราชญ์ผู้มีปัญญา
ฒณัฐธีร์,ทะ-ดัด-ที,ผู้เจริญและตั้งมั่น นักปราชญ์ผู้มีปัญญา
ฒณัน,ทะ-ดัน-หัน,ผู้เจริญและมีถิ่นฐานหรือสถานะแห่งความดี
ฒณาธิป,ทะ-นะ-ทา-นิ-ปะ,ผู้เจริญและมีถิ่นฐานหรือสถานะแห่งความดี เป็นใหญ่
ฒณาวุธ,ทะ-นะ-ทา-วุด,ผู้เจริญและมีถิ่นฐานหรือสถานะแห่งความดี มีพลังป้องกัน
ฒณิก,ทะ-นิ-กิ,ผู้เจริญและมีถิ่นฐานหรือสถานะแห่งความดี
ฒณิช,ทะ-นิ-ชิด,ผู้เจริญและมีถิ่นฐานหรือสถานะแห่งความดี
ฒณิน,ทะ-ทิ-นิน,ผู้เจริญและมีถิ่นฐานหรือสถานะแห่งความดี
ฒณิมา,ทะ-ทิ-นะ-มา,ผู้เจริญและมีถิ่นฐานหรือสถานะแห่งความดี
ฒณิศ,ทะ-นิ-ทิด,ผู้เจริญและมีถิ่นฐานหรือสถานะแห่งความดี
ฒณิศร,ทะ-นิด-สะ-หริด,ผู้เจริญและมีถิ่นฐานหรือสถานะแห่งความดี
ฒณิษฐา,ทะ-นิด-ถา-แต,ผู้เจริญและตั้งมั่น มีถิ่นฐานหรือสถานะแห่งความดี
ฒนดัง,ทะ-นะ-ทด-ดัง-ดัน,ผู้เจริญและมีชื่อเสียง
ฒนทอง,ทะ-นะ-ทอน-ทอง,ผู้เจริญและล้ำค่าดุจทอง
ฒนธรรม,ทะ-นะ-ทำ-มะ-สะ,ผู้เจริญและค้ำจุน ตั้งมั่นในธรรม
ฒนนท์,ทะ-นะ-ทะ-นน,ผู้เจริญและมีความสุขยินดี
ฒนนำ,ทะ-นะ-ทำ-นะ-ดำ,ผู้เจริญและเป็นผู้นำ
ฒนมั่น,ทะ-นด-มั่น,ผู้เจริญและมั่นคง
ฒนรัก,ทะ-นะ-ทรัก-รัก,ผู้เจริญและเป็นที่รัก
ฒนล้วน,ทะ-นด-ล้วน,ผู้เจริญและบริสุทธิ์ตรงแท้
ฒนวร,ทะ-นะ-ทะ-วะ-นอน,ผู้เจริญและประเสริฐ
ฒนไว,ทะ-นะ-ไท-วะ,ผู้เจริญและว่องไว
ฒนหลัก,ทะ-นะ-หน-หลัก-หลัก,ผู้เจริญและเป็นหลักมั่นคง
ฒนหาญ,ทะ-นะ-ทะ-หาน-หาน,ผู้เจริญและกล้าหาญ
ฒนใหม่,ทะ-นด-ไหม่,ผู้เจริญและสดใหม่
ฒนโอ,ทะ-นะ-โอ-เฮด,ผู้เปี่ยมด้วยความเจริญ
ฒนาวาคุณ,ทะ-นะ-ทาด-วา-นุ-คา,ผู้มีความดีงามและความเจริญ
ฒนาวาธีร์,ทะ-นะ-ทา-วะ-ที-วา,ผู้เจริญและมีปัญญามั่นคง ปราชญ์ผู้กล้าหาญ
ฒนิรันดร์,ทะ-นะ-ทิ-รัน,ผู้เจริญและยั่งยืนไม่สิ้นสุด
ฒบวรคุณ,ทะ-บด-วอ-ระ-คุน,ผู้เจริญและมีถิ่นฐานหรือสถานะแห่งความดี ประเสริฐ
ฒบวรธีร์,ทะ-บวด-ทะ-รี,ผู้เจริญและมีปัญญามั่นคง ปราชญ์ผู้กล้าหาญ
ฒปัญญาคุณ,ปะ-ทะ-ยัด-ปา-นุ-คัน,ผู้เจริญและมีความรู้ มีถิ่นฐานหรือสถานะแห่งความดี
ฒปัญญาธีร์,ปะ-ตะ-ทัน-ยา-ที-รี,ผู้เจริญและมีความรู้ มีปัญญามั่นคง
ฒมกนิษฐ์,ทะ-มะ-กะ-นิด,ผู้เจริญและตั้งมั่น มั่นคงในความดี
ฒมกมล,ทำ-มะ-ทก-มะ-นะ,ผู้เจริญและมีใจงดงาม ผ่องใส
ฒมกัญจน์,ทะ-มะ-กัน-จุน,ผู้เปี่ยมด้วยคุณค่า
ฒมกัลป์,ทะ-มะ-ทะ-กัน,ผู้มีความเจริญและความละมุน
ฒมคง,ทะ-มะ-ตะ-คง,ผู้เจริญและมั่นคง
ฒมคนธร,ทะ-คม-ทน-คะ-นอน,ผู้เจริญและค้ำจุน
ฒมคีรี,ทะ-คม-ที-ระ-คี,ผู้เจริญและมั่นคงดุจภูเขา
ฒมจอมคุณ,ทะ-มะ-จอม-จุ-คน,ผู้เจริญและมีถิ่นฐานหรือสถานะแห่งความดี เป็นยอด
ฒมจอมทอง,ทะ-ชม-จอม-ทาง,ผู้เจริญและล้ำค่าดุจทอง เป็นยอด
ฒมจักริน,ผะ-มด-จัก-กริ-นิด,ผู้เจริญและสร้างสรรค์ด้วยความสามารถ ทรงอำนาจและก้าวหน้า
ฒมจันทร,ทะ-มะ-จัน-ทอ-ระ-นะ-ทิ,ผู้เจริญและเย็นงามดุจจันทร์
ฒมจันทรา,ทะ-ชม-จัน-ทรา-จอน,ผู้เจริญและเย็นงามดุจจันทร์
ฒมจิรโรจน์,ทะ-มะ-จิง-โร-ริน,ผู้เจริญและยั่งยืนยาวนาน รุ่งเรืองสว่างไสว
ฒมญาณวร,ทะ-มะ-ยา-นะ-วะ-นอน,ผู้เจริญและมีญาณปัญญา มีความรู้
ฒมณภัทร,ทะ-มะ-นะ-ทะ-พัด,ผู้เจริญและมีถิ่นฐานหรือสถานะแห่งความดี ดีงามเป็นมงคล
ฒมณรงค์,ทะ-มะ-นะ-รง,ผู้มีความกล้าหาญ ความดีงาม และความเจริญ
ฒมณัฐนนท์,ทะ-มะ-ทะ-นัด-ถะ-นะ,ผู้เจริญและมีฐานมั่นคง ตั้งมั่น
ฒมทองคำ,ทะ-มะ-ตอง-ทอม-คำ,ผู้เจริญและล้ำค่าดุจทองคำ ล้ำค่าดุจทอง
ฒมทองพูล,ทะ-มะ-ทอง-พู-นิน,ผู้เจริญและล้ำค่าดุจทอง
ฒมทักษิณ,ทะ-มะ-ทัก-สะ-มิน,ผู้มีความดีงาม ความสามารถ และความเจริญ
ฒมโทณ,ทำ-มะ-ทะ-โมน,ผู้เปี่ยมด้วยความเจริญ
ฒมธนกร,ท-มด-ทะ-นะ-กอน,ผู้เจริญและมีทรัพย์และคุณค่า สร้างสรรค์ด้วยความสามารถ
ฒมธนดล,ทำ-มะ-ทะ-นะ-ดน,ผู้เจริญและบันดาลให้เกิดผล มีทรัพย์และคุณค่า
ฒมธรรม,ทะ-มะ-ทำ,ผู้เจริญและค้ำจุน ตั้งมั่นในธรรม
ฒมธรรมธร,ทะ-มะ-ทำ-มะ-ทอน,ผู้เจริญและค้ำจุน ตั้งมั่นในธรรม
ฒมธานินทร์,ทำ-มะ-ทา-นิน,ผู้มีความเจริญและความมั่นคง
ฒมธีรธรรม,ทะ-มะ-ที-ระ-ทัด-นีม,ผู้เจริญและค้ำจุน ตั้งมั่นในธรรม
ฒมธีรภัทร,ทะ-มี-ทอน-พัด,ผู้เจริญและปราชญ์ผู้กล้าหาญ ดีงามเป็นมงคล
ฒมนรดิศ,ทะ-มะ-นะ-ทอน-ดิด,ผู้เจริญและเป็นใหญ่ในหมู่คน
ฒมนรินทร์,ทะ-มะ-นะ-ริน,ผู้เจริญและเป็นใหญ่ในหมู่คน เป็นใหญ่
ฒมนัส,ทะ-มะ-หะ-นัด,ผู้เจริญและมีจิตใจ มีจิตใจงดงาม
ฒมนัสคุณ,ทะ-มะ-นัด-คุ-นะ-สะ,ผู้เจริญและมีถิ่นฐานหรือสถานะแห่งความดี มีจิตใจ
ฒมนัสธีร์,ทะ-มะ-หะ-นัด-ที,ผู้เจริญและมีปัญญามั่นคง ปราชญ์ผู้กล้าหาญ
ฒมนิคม,ทะ-มะ-ทะ-นิ-คม,ผู้เจริญและมีถิ่นฐานมั่นคง เฉียบคม
ฒมนิธิกร,ทะ-มะ-นะ-ทิ-มิ-กอน,ผู้เจริญและสร้างสรรค์ด้วยความสามารถ เป็นขุมทรัพย์
ฒมนิภัทร์,ทะ-มะ-นะ-ทิ-พัด,ผู้เจริญและดีงามเป็นมงคล ดีงาม
ฒมนิอร,ชะ-มะ-ทะ-นิ-ออน,ผู้เจริญและมีความงามอ่อนหวาน
ฒมภัทร,ทะ-มะ-ตะ-พัด,ผู้เจริญและดีงามเป็นมงคล ดีงาม
ฒมโภคิน,ทำ-มะ-โพก-คะ-นิ,ผู้เจริญและมั่งมีโภคทรัพย์
ฒมมหาคุณ,ทะ-มะ-ทะ-มะ-คุ-หาน,ผู้มีคุณธรรม ความดีงาม และความเจริญ
ฒมมหิทธา,ชะ-มะ-ทะ-มะ-หา-มะ-หิ-ดา,ผู้เจริญและมีฤทธิ์อำนาจยิ่งใหญ่
ฒมรณกร,ทะ-มะ-ทอน-นะ-กอน,ผู้เจริญและกล้าหาญในการต่อสู้
ฒมลักษณ์,ทะ-มน-ลัก,ผู้เจริญและมีถิ่นฐานหรือสถานะแห่งความดี มีลักษณะงดงาม
ฒมวรภัทร,ทะ-มะ-วัด-สะ-วะ-พัด,ผู้เจริญและดีงามเป็นมงคล ประเสริฐและดีงาม
ฒมวราธร,ทะ-มะ-วะ-ทา-ระ-ดอน,ผู้เจริญและค้ำจุน ค้ำจุนความประเสริฐ
ฒมวราวุธ,ทะ-มะ-วะ-สะ-รา-วุด,ผู้เจริญและมีพลังป้องกัน ประเสริฐ
ฒมวรินทร์ธร,ทะ-มะ-วะ-ทอน-นิ-ระ-ทอน,ผู้เจริญและค้ำจุน เป็นใหญ่
ฒมวริศ,ทะ-มะ-วะ-สิ-ระ-สา,ผู้เจริญและเป็นใหญ่และประเสริฐ ประเสริฐ
ฒมวัชรินทร์,ทะ-มะ-ชะ-วัด-ริน,ผู้เจริญและเป็นใหญ่ ไหลรินอ่อนโยน
ฒมวัลลภ,ทะ-มะ-ทวน-พัน,ผู้มีความเจริญและความละมุน
ฒมวิทวัส,ทะ-มะ-ทะ-วัด-สะ-ดิ,ผู้เจริญและฉลาดรอบรู้
ฒมวิบูรณ์,ทะ-มะ-วัด-บู-ริน,ผู้เจริญและมีถิ่นฐานหรือสถานะแห่งความดี กล้าหาญในการรบ
ฒมวิรุจ,ทะ-มะ-สุ-วิ-รุด,ผู้เจริญและรุ่งเรือง
ฒมวิศิษฏ์,ทำ-มะ-วิ-สิด,ผู้เจริญและยอดเยี่ยมพิเศษ
ฒมวิษณุ,ทะ-มะ-ตะ-วิด-สะ-ดุน,ผู้มีความดีงามและความเจริญ
ฒมอนันต์,ทม-มะ-อัน-ตะ-นัน,ผู้เจริญและไม่มีที่สิ้นสุด
ฒมอรรถ,ทะ-มะ-ทอ-ระ-ถัด,ผู้เจริญและมีความงามอ่อนหวาน มีความหมายและสาระ
ฒมอัคร,ทะ-มัด-อัก-คอน,ผู้เจริญและยอดเยี่ยม
ฒมอานนท์,ทะ-มะ-ทา-อะ-นน,ผู้เจริญและมีความสุขยินดี
ฒมอิสรา,ชะ-มะ-อิด-สะ-รา,ผู้เจริญและเป็นอิสระ
ฒมโอฬาร,ทะ-มะ-โท-รอ-ลาน,ผู้มีความเจริญและความมั่นคงสูงส่ง
ฒวร,ทะ-วะ-ทอน,ผู้เจริญและประเสริฐ
ฒวรินคุณ,ทะ-วะ-ทริ-วะ-คุน,ผู้เจริญและมีถิ่นฐานหรือสถานะแห่งความดี ไหลรินอ่อนโยน
ฒวรินธีร์,ทะ-ตะ-วะ-ริน-ที-รี,ผู้เจริญและมีปัญญามั่นคง ปราชญ์ผู้กล้าหาญ
ฒวิชญ์,ทะ-ตะ-วิด,ผู้เจริญและนักปราชญ์ผู้รู้ มีความรู้
ฒวิน,ทะ-ตะ-วิน,ผู้เจริญและมีชัยชนะ
ฒวิโรจน์,ทะ-ยะ-วิ-โรด,ผู้เจริญและรุ่งเรืองสว่างไสว
ฒวิศ,ทะ-ยะ-วิด,ผู้เปี่ยมด้วยความเจริญ
ฒเวช,ทะ-เวด-เชด,ผู้เจริญด้วยความรู้ในการเยียวยา
ฒหิรัญ,ทะ-ทิด-หรัน-ยะ-รัน,ผู้เจริญและล้ำค่าดุจเงินทอง
ฒอดิเรก,ทะ-ดอ-ดิ-เหรก,ผู้เจริญและยิ่งใหญ่เป็นพิเศษ
ฒอนันต์,ทัด-อะ-นัน,ผู้เจริญและไม่มีที่สิ้นสุด
ฒอนุรักษ์,ธ-อ-น-อ,ผู้เจริญและปกป้องรักษา เป็นที่รัก
ฒอภินันท์,ทะ-อะ-พิ-นัน,ผู้เจริญและมีความยินดียิ่ง มีความสุขยินดี
ฒอภิสิทธิ์,พะ-ทะ-ริ-สิด,ผู้เจริญและมีสิทธิอันยิ่ง
ฒอรุณ,ทะ-ระ-รุน,ผู้มีความงดงาม ความดีงาม และความเจริญ
ฒอำนาจ,ทำ-อำ-นาด,ผู้เจริญและมีอำนาจบารมี
ฒอินทรคุณ,ทิด-ทอน-ทุ-ระ-คิน,ผู้เจริญและมีถิ่นฐานหรือสถานะแห่งความดี เป็นใหญ่
ฒอินทรธีร์,ทิ-ทอน-ทิ-รี,ผู้เจริญและมีปัญญามั่นคง ปราชญ์ผู้กล้าหาญ
ฒเอกนิธิ,ทอก-เท้อ-นิ-ทิ,ผู้มีความมั่งคั่งและความเจริญ
ณ,นะ,ณ แปลว่า ที่ หรือ ใน ใช้สื่อถึงผู้มีที่ตั้งแห่งความดี
ณกนก,นะ-กะ-หนก,ผู้มีคุณค่าและความมั่งคั่ง
ณกมล,นะ-กะ-มน,ผู้มีความดีงามและความงดงาม
ณกร,นะ-กอน,ผู้มีความสร้างสรรค์ ความดีงาม และความสามารถ
ณกรณ์,นะ-กอน,ผู้มีความสร้างสรรค์ ความดีงาม และความสามารถ
ณกัญญา,นะ-กัน-ยา,ผู้มีความรู้และความดีงาม
ณคณัฐ,นะ-คะ-นัด,ผู้เป็นศูนย์รวมของปัญญาชน
ณคณา,นะ-คะ-นา,ผู้มีความดีงามและความรัก
ณคุณ,นะ-คุน,ผู้มีความดีงาม
ณจอมทอง,นะ-จอม-ทอง,ผู้มีความเป็นเลิศและความมั่งคั่ง
ณฏชย,นะ-ตะ-ชะ-ยะ,ผู้เปี่ยมด้วยฐานะแห่งความดี
ณฐกร,นะ-ถะ-กอน,ผู้มีความสร้างสรรค์
ณฐณณ,นะ-ถะ-นน,ผู้เปี่ยมด้วยฐานะแห่งความดี
ณฐนน,นะ-ถะ-นน,ผู้เปี่ยมด้วยฐานะแห่งความดี
ณฐพร,นะ-ถะ-พอน,พร
ณฐภัทร,นะ-ถะ-พัด,ผู้มีความดีงามและสิริมงคล
ณฐมน,นะ-ถะ-มน,จิตใจ
ณฐา,นะ-ถา,ผู้ตั้งมั่นและมีถิ่นฐานหรือสถานะแห่งความดี
ณฐารินทร์,นะ-ถา-ริน,ผู้มีความเป็นผู้นำ
ณณรงค์,นะ-นะ-รง,ผู้มีความรู้ความสามารถในการรบ
ณดล,นะ-ดน,ผู้มีถิ่นฐานหรือสถานะแห่งความดีและบันดาลให้เกิดผล
ณดวง,นะ-ดะ-วง,ชื่อประดิษฐ์ สื่อถึงความดีงามและความเจริญ
ณทอง,นะ-ทอง,ผู้มีความมั่งคั่ง
ณทองคำ,นะ-ทอง-คำ,ผู้มีความมั่งคั่ง
ณธน,นะ-ทน,ผู้มั่งคั่งด้วยทรัพย์
ณธร,นะ-ทอน,ผู้มีถิ่นฐานหรือสถานะแห่งความดีและค้ำจุน
ณธรส,นะ-ทะ-รด,ผู้มีฐานะแห่งความดี การค้ำจุน และเสน่ห์ละมุน
ณธษา,นะ-ทะ-สา,ผู้เป็นที่แห่งปัญญา ผู้มีความรู้
ณธัช,นะ-ทัด,ผู้เป็นเลิศ
ณธีร์,นะ-ที,ผู้มีความกล้าหาญ ความดีงาม และความมั่นคง
ณธีรัช,นะ-ที-รัด,ผู้มีความรุ่งเรือง ความกล้าหาญ และความดีงาม
ณนน,นะ-นน,ผู้เป็นที่แห่งความยินดีและความรุ่งเรือง
ณนันท์,นะ-นัน,ผู้มีถิ่นฐานหรือสถานะแห่งความดีและมีความสุขยินดี
ณนันทน์,นะ-นัน,ผู้มีถิ่นฐานหรือสถานะแห่งความดีและมีความสุขยินดี
ณภคมล,นะ-พะ-คะ-มน,ผู้มีถิ่นฐานหรือสถานะแห่งความดี ผู้เฉียบคม และผ่องใส
ณภณ,นะ-พน,ผู้มีถิ่นฐานหรือสถานะแห่งความดีและมีวาจาดี
ณภรณ์,นะ-พอน,ผู้มีความดีงามและความเกื้อหนุน
ณภัค,นะ-พัก,ผู้มีโชคลาภ
ณภัท,นะ-พัด,ผู้มีถิ่นฐานหรือสถานะแห่งความดีและดีงาม
ณภัทธ,นะ-พัด,ผู้ดีงามและมั่นคง
ณภัทร,นะ-พัด,ผู้มีความดีงาม
ณภัทรดา,นะ-พัด-ระ-ดา,ผู้ให้ความเจริญรุ่งเรือง
ณภัทรพ,นะ-พัด-ทระ-พบ,ผู้มีพรประเสริฐอันดีงาม
ณภัทรภา,นะ-พัด-ทระ-พา,ผู้มีความดีงามและความสว่าง
ณภัทรเรศ,นะ-พัด-ทระ-เรด,ผู้ยิ่งใหญ่ด้วยความเจริญ
ณภัทรวร,นะ-พัด-ทระ-วะ-ระ,ผู้มีความดีงามและความประเสริฐ
ณภัทรวรา,นะ-พัด-ทระ-วะ-รา,ผู้มีความดีงามและความประเสริฐ
ณภัทรวุฒิ,นะ-พัด-ทระ-วุด,ผู้มีความเจริญรุ่งเรืองเป็นอย่างดี
ณภัทร์ษธร,นะ-พัด-สะ-ทอน,ผู้มีฐานะแห่งความดี ความดีงามเป็นมงคล และการค้ำจุน
ณภัทรัตน์,นะ-พัด-ทะ-รัด,ผู้มีค่าดุจแก้วอันประเสริฐด้วยความดีงาม
ณภัทรัตนา,นะ-พัด-ทรัด-ตะ-นา,ผู้มีความประเสริฐและความดีงาม
ณภัทรา,นะ-พัด-ทรา,ผู้มีความดีงามและสิริมงคล
ณภัทริน,นะ-พัด-ริน,ผู้เป็นที่แห่งผู้มีความดีและความเจริญ
ณภัทรินี,นะ-พัด-ทริ-นี,ผู้เป็นที่แห่งผู้มีความดีและความเจริญ
ณมน,นะ-มน,ผู้มีจิตใจดีงาม
ณมนวรรณ,นะ-มน-วัน,ผู้มีความประเสริฐ ความกล้าหาญ และความดีงาม
ณรงค์,นะ-รง,ผู้เป็นนักรบ
ณรงค์กร,นะ-รง-กอน,ผู้มีความงดงามและความสร้างสรรค์
ณรงค์รัชช์,นะ-รง-รัด,ผู้มีความรุ่งเรือง ความกล้าหาญ และความดีงาม
ณรรวิฆม์,นะ-ระ-วิ-คม,ผู้เปี่ยมด้วยพลังหนักแน่น
ณรัชช์อร,นะ-รัด-ชอน,ผู้มีความรุ่งเรือง ความงดงาม และความดีงาม
ณรัชต์,นะ-รัด,ผู้มีถิ่นฐานหรือสถานะแห่งความดีและรุ่งเรืองด้วยอำนาจ
ณรัฐ,นะ-รัด,ผู้มีความดีงามและความมั่นคง
ณรัณธกรณ์,นะ-รัน-ทะ-กอน,ผู้มีฐานะแห่งความดีและความกล้าหาญ
ณราวิชญ์,นะ-รา-วิด,ผู้รู้ผู้เป็นใหญ่ด้วยปัญญา
ณริช,นะ-ริด,ผู้เปี่ยมด้วยฐานะแห่งความดี
ณลภัส,นะ-ละ-พัด,ผู้มีถิ่นฐานหรือสถานะแห่งความดีและมีแสงแห่งโชคลาภ
ณลัลอร,นะ-ลัน-ออน,ผู้มีความงดงาม ความดีงาม และความน่ารัก
ณวร,นะ-วอน,ผู้ดีเลิศ
ณวรรณ,นะ-วัน,ผู้มีความงดงาม
ณวโรจน์,นะ-วะ-โรด,ผู้มีปัญญาอันประเสริฐและรุ่งเรือง
ณวัชรีย์,นะ-วัด-ชะ-ยี,ผู้มีฐานะแห่งความดีและเพชร
ณวิธ,นะ-วิด,ผู้มีปัญญาอันรู้แจ้งในวิถีทาง
ณวิน,นะ-วิน,ผู้ทรงความรู้
ณอรัญ,นะ-อะ-รัน,ผู้มีความงดงาม ความดีงาม และความสงบ
ณักษ์ธนัฏฐ์,นัก-ทะ-นัด,ผู้รอบรู้และร่ำรวย
ณัชช์พงษ์,นัด-พง,ผู้มีความดีงามและปัญญา
ณัชชรญ์,นัด-ชะ-ยา,ผู้เปี่ยมด้วยฐานะแห่งความดี
ณัชชา,นัด-ชา,ผู้มีกำเนิดแห่งความรู้
ณัชธภัค,นัด-ทะ-พัก,ผู้มีความดีงาม ปัญญา และโชคลาภ
ณัชวาริน,นัด-ชะ-วา-ริน,ผู้มีความอ่อนโยน ความดีงาม และปัญญา
ณัญภ์ณัฐ,นัน-นัด,ผู้เปี่ยมปัญญาและคุณค่า
ณัฏญ์ธิฎา,นัด-ทิ-ดา,ชื่อประดิษฐ์ สื่อถึงความดีงามและความเจริญ
ณัฏฐ์,นัด,ผู้คงแก่เรียน
ณัฏฐ์ณธรณ์,นัด-ตะ-นะ-ทอน,นักปราชญ์ผู้ทรงความรู้ยิ่งใหญ่ดุจแผ่นดิน
ณัฏฐ์ณลิน,นัด-นะ-ลิน,ผู้มีความดีงามและปัญญา
ณัฏฐ์ธิญา,นัด-ทิ-ยา,ผู้มีความรู้ ผู้ตั้งมั่น และนักปราชญ์ผู้มีปัญญา
ณัฏฐนันท์,นัด-ถะ-นัน,ผู้มีความยินดี
ณัฏฐ์ปวัล,นัด-ปะ-วัน,ผู้มีปัญญา
ณัฏฐ์พงษ์,นัด-พง,ผู้มีความดีงามและปัญญา
ณัฏฐ์ภณ,นัด-พน,ผู้มีความดีงามและปัญญา
ณัฏฐ์ภัค,นัด-พัก,ผู้มีความดีงามและปัญญา
ณัฏฐรินทร์,นัด-ถะ-ริน,ผู้มีความเป็นผู้นำ
ณัฏฐวรรณ,นัด-ถะ-วัน,ผู้มีความงดงาม
ณัฏฐา,นัด-ถา,ผู้ตั้งมั่นและมีถิ่นฐานหรือสถานะแห่งความดี
ณัฐ,นัด,ผู้มีความดีงามและปัญญา
ณัฐกมล,นัด-กะ-มน,ผู้มีปัญญา ความบริสุทธิ์ และความงดงาม
ณัฐกมาล,นัด-กะ-มะ-ลาน,ผู้มีความดีงามและปัญญา
ณัฐกร,นัด-กอน,ผู้มีความดีงามและปัญญา
ณัฐกรณ์,นัด-กอน,ผู้มีความดีงามและปัญญา
ณัฐกฤต,นัด-ถะ-กริด,ผู้มีปัญญาและความสำเร็จ
ณัฐกอน,นัด-ถะ-กอน,ผู้มีรากฐานและปัญญา
ณัฐกักัญ,นัด-ถะ-กัน-กัน,ผู้มีคุณค่าและปัญญา
ณัฐกัญจ์,นัด-ถะ-กัน,ผู้มีความดีงามและปัญญา
ณัฐกิก,นัด-ถะ-กิก,ผู้มีปัญญานักปราชญ์ ปัญญา และความฉลาดว่องไว
ณัฐกิจ,นัด-กิด,ผู้มีความดีงามและปัญญา
ณัฐครินทร์,นัด-ถะ-คะ-ริน,ผู้มีความดีงามและปัญญา
ณัฐจิร,นัด-ถะ-จิง,นักปราชญ์ผู้ยืนยง
ณัฐชญา,นัด-ชะ-ยา,ผู้มีปัญญา
ณัฐชญานันท์,นัด-ชะ-ยา-นัน,ผู้มีปัญญารู้แจ้ง ผู้มีความรู้ และตั้งมั่น
ณัฐใช,นัด-ถะ-ไช,ผู้มีปัญญานักปราชญ์และปัญญา
ณัฐฌา,นัด-ชา,ผู้มีปัญญาลึกซึ้ง ปัญญา และความอ่อนโยนสง่างาม
ณัฐญา,นัด-ถะ-ยา,ผู้มีความรู้ ผู้ตั้งมั่น และนักปราชญ์ผู้มีปัญญา
ณัฐฐา,นัด-ถา,ผู้มีความดีงามและปัญญา
ณัฐฐารินทร์,นัด-ถา-ริน,ผู้มีความดีงามและปัญญา
ณัฐฐิญา,นัด-ถิ-ยา,ผู้มีความรู้ ผู้ตั้งมั่น และนักปราชญ์ผู้มีปัญญา
ณัฐฐินันท์,นัด-ถิ-นัน,ผู้มีความดีงามและปัญญา
ณัฐฐิมน,นัด-ถิ-มน,ผู้มีความดีงามและปัญญา
ณัฐณรงค์,นัด-นะ-รง,ผู้มีปัญญาและความงดงาม
ณัฐดล,นัด-ถะ-นด,ผู้มีความดีงามและปัญญา
ณัฐดา,นัด-ถะ-ดา,ผู้มีปัญญา
ณัฐเดช,นัด-ถะ-เดด,ผู้มีปัญญาและอำนาจ
ณัฐไดน,นัด-ได-นัก,ผู้มีปัญญานักปราชญ์ ปัญญา และเสียงดนตรี
ณัฐตอน,นัด-ตะ-ออน,ผู้มีปัญญานักปราชญ์และปัญญา
ณัฐทนันต์,นัด-ทะ-นัน,ผู้มีความดีงามและปัญญา
ณัฐทิมา,นัด-ทิ-มา,ผู้มีความดีงามและปัญญา
ณัฐธภรณ์,นัด-ทะ-พอน,ผู้มีความดีงามและปัญญา
ณัฐธัญ,นัด-ทัน,ผู้มีความดีงามและปัญญา
ณัฐธารา,นัด-ทา-รา,นักปราชญ์ผู้มีความรู้หลั่งไหลไม่หยุดยั้ง
ณัฐธาริน,นัด-ทา-ริน,ผู้มีความดีงามและปัญญา
ณัฐธิดา,นัด-ทิ-ดา,ผู้มีปัญญาและความดีงาม
ณัฐ์ธิวรรณ,นัด-ทิ-วัน,ผู้มีความดีงามและปัญญา
ณัฐธีรินทร์,นัด-ถะ-ที-ริน,ผู้มีความดีงามและปัญญา
ณัฐนน,นัด-ถะ-นน,ผู้มีฐานมั่นคง ผู้ตั้งมั่น และนักปราชญ์ผู้มีปัญญา
ณัฐนนท์,นัด-นน,ผู้มีปัญญาและความยินดี
ณัฐนภ,นัด-ถะ-นบ,ผู้มีฐานมั่นคง ผู้ตั้งมั่น และนักปราชญ์ผู้มีปัญญา
ณัฐนัน,นัด-ถะ-นัน,ผู้มีฐานมั่นคง ผู้ตั้งมั่น และนักปราชญ์ผู้มีปัญญา
ณัฐนันท์,นัด-ถะ-นัน,ผู้มีปัญญาและความยินดี
ณัฐนา,นัด-ถะ-นา,ผู้มีคุณค่าเป็นที่พึ่ง
ณัฐนิช,นัด-นิด,ผู้มีฐานมั่นคง ผู้ตั้งมั่น และนักปราชญ์ผู้มีปัญญา
ณัฐนิดอน,นัด-ถะ-นิ-ดอน,ผู้มีปัญญานักปราชญ์และปัญญา
ณัฐนินทร์,นัด-ถะ-นิน,ผู้มีฐานมั่นคง ผู้ตั้งมั่น และนักปราชญ์ผู้มีปัญญา
ณัฐนินนท์,นัด-ถะ-นิน,ผู้มีฐานมั่นคง ผู้ตั้งมั่น และนักปราชญ์ผู้มีปัญญา
ณัฐบูรณ์,นัด-บูน,ผู้มีความดีงามและปัญญา
ณัฐปคัลภ์,นัด-ปะ-คัน,นักปราชญ์ผู้มีความกล้าหาญและสามารถ
ณัฐปัญญา,นัด-ปัน-ยา,ผู้มีปัญญา
ณัฐปัณฑ์,นัด-ถะ-ปัน,ผู้มีความดีงามและปัญญา
ณัฐพง,นัด-ถะ-พง,ผู้มีความดีงามและปัญญา
ณัฐพงค์,นัด-ถะ-พง,ผู้มีความดีงามและปัญญา
ณัฐพงษ์,นัด-ถะ-พง,ผู้มีปัญญาและเกียรติยศ
ณัฐพล​,นัด-ถะ-พลอ,ผู้มีความดีงามและปัญญา
ณัฐพศิน,นัด-พะ-สิน,ผู้มีปัญญาและอำนาจ
ณัฐพสิษฐ์,นัด-พะ-สิด,ผู้มีปัญญา
ณัฐพีร์,นัด-พี,ผู้เป็นวีรบุรุษ
ณัฐภณ,นัด-พน,ผู้มีความดีงามและปัญญา
ณัฐภร,นัด-ถะ-พอน,ผู้มีความดีงามและปัญญา
ณัฐภวิน,นัด-พะ-วิน,ผู้มีปัญญาและความก้าวหน้า
ณัฐภัค,นัด-พัก,ผู้มีปัญญาและโชคลาภ
ณัฐภัคิน,นัด-พัน-คิน,ผู้มีปัญญาและโชคลาภ
ณัฐภัทร,นัด-พัด-ทรอ,ผู้มีปัญญาและความดีงาม
ณัฐภา,นัด-ถะ-พา,ผู้มีปัญญาและความสว่าง
ณัฐมน,นัด-ถะ-มน,ผู้มีปัญญา
ณัฐมล,นัด-ถะ-มน,ผู้มีความดีงามและปัญญา
ณัฐมา,นัด-ถะ-มา,ผู้มีความดีงามและปัญญา
ณัฐรน,นัด-ถะ-รน,ผู้มีปัญญานักปราชญ์และปัญญา
ณัฐรพ,นัด-ถะ-รบ,นักปราชญ์ผู้มีชื่อเสียงกึกก้องเป็นที่รู้จัก
ณัฐรมณ์,นัด-ถะ-รม,ผู้มีความดีงามและปัญญา
ณัฐรอม,นัด-ถะ-รอม,ผู้มีปัญญานักปราชญ์และปัญญา
ณัฐรัชต์,นัด-ถะ-รัด,ผู้มีค่าดุจเงิน
ณัฐรัตน์,นัด-ถะ-รัด,ผู้มีปัญญา คุณค่า และความงดงาม
ณัฐรัตนา,นัด-ถะ-รัด-ดาน,นักปราชญ์ผู้เป็นดุจแก้วอันประเสริฐและมีคุณค่า
ณัฐราม,นัด-ถะ-ราม,ผู้มีความดีงามและปัญญา
ณัฐรินี,นัด-ถะ-ริ-นี,ผู้มีปัญญา
ณัฐรุจา,นัด-รุ-จา,ผู้มีความดีงามและปัญญา
ณัฐเรศ,นัด-ถะ-เรด,นักปราชญ์ผู้เป็นใหญ่และสูงสุด
ณัฐวดี,นัด-ถะ-วะ-ดี,ผู้มีปัญญาและวาจาดี
ณัฐวร,นัด-ถะ-วอน,ผู้มีปัญญาอันเลิศ
ณัฐวรรณา,นัด-ถะ-วัน-นา,ผู้มีปัญญาและความงดงาม
ณัฐวรรธน์,นัด-ถะ-วัด,ผู้มีปัญญาและความเจริญ
ณัฐวรศิริ,นัด-ถะ-วอ-ระ-สิ-หริ,นักปราชญ์ผู้ประเสริฐและมีความรุ่งเรืองเป็นมงคล
ณัฐวรา,นัด-วะ-รา,ผู้มีปัญญาและความประเสริฐ
ณัฐวริน,นัด-วะ-ริน,ผู้มีปัญญา
ณัฐวรินทร,นัด-วะ-ริน-ทอน,ผู้มีความดีงามและปัญญา
ณัฐวริศ,นัด-ถะ-วะ-ริด,ผู้มีความดีงามและปัญญา
ณัฐวรีย์,นัด-ถะ-วะ-รี,ผู้มีความดีงามและปัญญา
ณัฐวโร,นัด-ถะ-วะ-โร,นักปราชญ์ผู้ประเสริฐ
ณัฐวโรจน์,นัด-ถะ-วะ-โรด,ผู้มีปัญญาและความรุ่งเรือง
ณัฐวลัญช์,นัด-วะ-ลัน,ผู้มีความดีงามและปัญญา
ณัฐวอน,นัด-ถะ-วอน,ผู้มีปัญญานักปราชญ์และปัญญา
ณัฐวัชต์,นัด-ถะ-วัด,ผู้มีความดีงามและปัญญา
ณัฐวัฒน์,นัด-ถะ-วัด,นักปราชญ์ผู้มีความเจริญรุ่งเรือง
ณัฐวาน,นัด-ถะ-วาน,ผู้มีความดีงามและปัญญา
ณัฐวารา,นัด-ถะ-วา-รา,ผู้มีความดีงามและปัญญา
ณัฐวาริด,นัด-ถะ-วา-ริด,ผู้มีความดีงามและปัญญา
ณัฐวารี,นัด-ถะ-วา-รี,ผู้มีความดีงามและปัญญา
ณัฐวาลัน,นัด-ถะ-วา-ลัน,ผู้มีปัญญานักปราชญ์ ความละมุน และปัญญา
ณัฐวาไล,นัด-ถะ-วา-ไล,ผู้มีความดีงามและปัญญา
ณัฐวิ,นัด-ถะ-วิ,นักปราชญ์ผู้มีความรู้
ณัฐวิกรม,นัด-ถะ-กิ-รม,ผู้มีปัญญาและพลังอันกล้าแกร่ง
ณัฐวิชช์,นัด-ถะ-วิด,ผู้มีความดีงามและปัญญา
ณัฐวิน,นัด-วิน,ผู้มีชัยชนะและปัญญา
ณัฐวินท์,นัด-ถะ-วิน,ผู้มีปัญญาและความก้าวหน้า
ณัฐวินิจ,นัด-ถะ-วิ-นิด,ผู้มีปัญญาและความก้าวหน้า
ณัฐวิมน,นัด-ถะ-วิ-มน,ผู้มีปัญญานักปราชญ์และปัญญา
ณัฐวิโรจน์,นัด-ถะ-วิ-โรด,ผู้มีปัญญาและความรุ่งเรือง
ณัฐวุฒิ,นัด-ถะ-วุด,ผู้มีปัญญาอันงอกงาม
ณัฐวุธ,นัด-ถะ-วุด,ผู้มีความดีงามและปัญญา
ณัฐศร,นัด-ถะ-สอน,ผู้มีปัญญาและความมุ่งมั่น
ณัฐศรา,นัด-สะ-รา,ผู้มีปัญญาและความมุ่งมั่น
ณัฐศรี,นัด-สะ-รี,ผู้มีความดีงามและปัญญา
ณัฐศักดิ์,นัด-ถะ-สัก,ผู้มีปัญญาและเกียรติยศ
ณัฐศิรา,นัด-สิ-รา,หัวหน้านักปราชญ์
ณัฐศิริ,นัด-ถะ-สิ-หริ,นักปราชญ์ผู้มีสิริมงคลและความรุ่งเรือง
ณัฐศิริวรรณ,นัด-ถิ-สิ-วัน,ผู้มีความดีงามและปัญญา
ณัฐศิลป์,นัด-ถะ-สิน,ผู้มีความดีงามและปัญญา
ณัฐศิษฐ์,นัด-ถะ-สิด,ผู้มีความดีงามและปัญญา
ณัฐสัณห์,นัด-สัน,นักปราชญ์ผู้ละเอียดอ่อนและประณีต
ณัฐสิณี,นัด-สิ-นี,นักปราชญ์หญิงผู้สวยงาม
ณัฐสิทธิ์,นัด-ถะ-สิด,ผู้มีปัญญาและความสำเร็จ
ณัฐสิรี,นัด-สิ-รี,นักปราชญ์ผู้มีสิริมงคลและความรุ่งเรือง
ณัฐสิษฐ์,นัด-ถะ-สิด,ผู้มีความดีงามและปัญญา
ณัฐสุชา,นัด-สุ-ชา,นักปราชญ์ผู้เกิดมาดี
ณัฐอร,นัด-ออน,นักปราชญ์หญิงผู้สวยงาม
ณัฐอริญา,นัด-อะ-ริ-ยา,ผู้มีปัญญาและความงดงาม
ณัฐอริน,นัด-อะ-ริน,ผู้มีปัญญา
ณัฐอริศรา,นัด-อะ-ริด-สะ-รา,ผู้มีความดีงามและปัญญา
ณัฐอาคม,นัด-ถะ-อา-คม,ผู้มีวิชาอาคม
ณัฐา,นัด-ถา,ผู้ตั้งมั่น นักปราชญ์ผู้มีปัญญา และเปี่ยมปัญญา
ณัฐินันท์,นัด-ถิ-นัน,ผู้มีความดีงามและปัญญา
ณัทญา,นัด-ทะ-ยา,ผู้มีความรู้และปัญญาอันลึกซึ้ง
ณัธมล,นัด-ทะ-มน,ผู้มีถิ่นฐานหรือสถานะแห่งความดีและผ่องใส
ณาธิป,นา-ทิบ,ผู้มีถิ่นฐานหรือสถานะแห่งความดีและเป็นใหญ่
ณาม์ร,นา-รอ,ผู้มีฐานะแห่งความดีและความมั่นคงสูงส่ง
ณารา,นา-รา,ผู้มีความรู้ที่สว่างรุ่งโรจน์
ณาราธา,นา-รา-ทา,ผู้มีความรู้ ความสำเร็จ และความเจริญ
ณาริน,นา-ริน,ผู้มีถิ่นฐานหรือสถานะแห่งความดีและไหลรินอ่อนโยน
ณารินา,นา-ริ-นา,สตรีผู้มีความรู้และประเสริฐ
ณาวา,นา-วา,ผู้เป็นดุจเรือที่นำพาความรู้
ณาวาริน,นา-วา-ริน,ผู้มีความรู้ที่บริสุทธิ์และไหลรินดุจสายน้ำ
ณาวิน,นา-วิน,ผู้มีความรู้และชัยชนะ
ณาวินธา,นา-วิน-ทา,ผู้มีชัยชนะและปัญญา
ณาวินล์,นา-วิน,ผู้มีชัยชนะ
ณาวินา,นา-วิ-นา,หญิงผู้มีชัยชนะด้วยปัญญา
ณาวิลน์,นา-วิน,ผู้มีฐานะแห่งความดีและความละมุน
ณิชคุณ,นิด-ชะ-คุน,ผู้เปี่ยมด้วยคุณธรรม
ณิชเชฏฐ์,นิด-ชะ-เดด,ผู้มีความเป็นผู้นำ ความประเสริฐ และความดีงาม
ณิชญา,นิ-ชะ-ยา,ผู้มีความรู้และมีถิ่นฐานหรือสถานะแห่งความดี
ณิชญาลักษณ์,นิ-ชะ-ยา-ลัก,ผู้มีความบริสุทธิ์ ปัญญา และความงดงาม
ณิชญาวรัญญา,นิ-ชะ-ยา-วะ-รัน-ยา,ผู้มีความบริสุทธิ์ ปัญญา และความยินดี
ณิชลักษณ์,นิ-ชะ-ลัก,ผู้มีลักษณะอันบริสุทธิ์
ณิซพ,นิ-ซพ,ชื่อประดิษฐ์ สื่อถึงความดีงามและความเจริญ
ณิซฟ,นิด-ซะ,ชื่อประดิษฐ์ สื่อถึงความดีงามและความเจริญ
ณิณัฌ,นิ-นัด,ผู้มีคุณค่า
ณิณัฎ,นิ-นัด,ผู้มีคุณค่า
ณิณัณ,นิ-นัน,ผู้มีคุณค่า
ณิณัน,นิ-นัน,ผู้มีคุณค่า
ณิณัม,นิ-นัม,ผู้มีคุณค่า
ณิณัฬ,นิ-นัน,ผู้มีคุณค่า
ณิณิฉ,นิ-นิด,ผู้มีความอ่อนโยน
ณิณิฌ,นิ-นิด,ผู้มีความอ่อนโยน
ณิณิฎ,นิ-นิด,ผู้มีความอ่อนโยน
ณิณิณ,นิ-นิน,ผู้มีความอ่อนโยน
ณิณิม,นิ-นิม,ผู้มีความอ่อนโยน
ณิณิห,นิ-นิด,ผู้มีความอ่อนโยน
ณิณิฬ,นิ-นิน,ผู้มีความอ่อนโยน
ณิณิฮ,นิ-นิ,ผู้มีความอ่อนโยน
ณิน,นิน,ชื่อประดิษฐ์ สื่อถึงความดีงามและความเจริญ
ณินัฉ,นิ-นัด,ชื่อประดิษฐ์ สื่อถึงความดีงามและความเจริญ
ณินัฌ,นิ-ชัด,ชื่อประดิษฐ์ สื่อถึงความดีงามและความเจริญ
ณินัฎ,นิ-ดัด,ชื่อประดิษฐ์ สื่อถึงความดีงามและความเจริญ
ณินัณ,นิ-นัน,ชื่อประดิษฐ์ สื่อถึงความดีงามและความเจริญ
ณินัน,นิ-นัน,ชื่อประดิษฐ์ สื่อถึงความดีงามและความเจริญ
ณินัม,นิ-นัม,ชื่อประดิษฐ์ สื่อถึงความดีงามและความเจริญ
ณินัห,นิ-หัด,ชื่อประดิษฐ์ สื่อถึงความดีงามและความเจริญ
ณินัฬ,นิ-นัน,ชื่อประดิษฐ์ สื่อถึงความดีงามและความเจริญ
ณินิฉ,นิ-นิด,ผู้มีความสุข
ณินิฌ,นิ-นิด,ผู้มีความสุข
ณินิฎ,นิ-นิด,ผู้มีความสุข
ณินิณ,นิ-นิน,ผู้มีความสุข
ณินิน,นิ-นิน,ผู้มีความสุข
ณินิม,นิ-นิม,ผู้มีความสุข
ณินิฬ,นิ-นิน,ผู้มีความสุข
ณิภัทร์,นิ-พัด,ผู้มีความดีงามและสิริมงคล
ณิมัฉ,นิ-ฉัด,ชื่อประดิษฐ์ สื่อถึงความดีงามและความเจริญ
ณิมัฌ,นิ-มัด,ชื่อประดิษฐ์ สื่อถึงความดีงามและความเจริญ
ณิมัฎ,นิ-มัด,ชื่อประดิษฐ์ สื่อถึงความดีงามและความเจริญ
ณิมัณ,นิ-มัน,ชื่อประดิษฐ์ สื่อถึงความดีงามและความเจริญ
ณิมัน,นิ-มัน,ชื่อประดิษฐ์ สื่อถึงความดีงามและความเจริญ
ณิมัม,นิ-มัด,ชื่อประดิษฐ์ สื่อถึงความดีงามและความเจริญ
ณิมัฬ,นิ-มัน,ชื่อประดิษฐ์ สื่อถึงความดีงามและความเจริญ
ณิมิฉ,นิ-มิด,ผู้มีความเมตตา
ณิมิฌ,นิ-มิด,ผู้มีความเมตตา
ณิมิฎ,นิ-มิด,ผู้มีความเมตตา
ณิมิณ,นิ-มิน,ผู้มีความเมตตา
ณิมิน,นิ-มิน,ผู้มีความเมตตา
ณิมิม,นิ-มิม,ผู้มีความเมตตา
ณิมิฬ,นิ-มิน,ผู้มีความเมตตา
ณิรัชญา,นิ-รัด-ชะ-ยา,ผู้มีความรุ่งเรือง ความรู้ และความดีงาม
ณิรารัช,นิ-รา-รัด,ผู้มีถิ่นฐานหรือสถานะแห่งความดีและรุ่งเรืองด้วยอำนาจ
ณิศพ,นิ-สบ,ชื่อประดิษฐ์ สื่อถึงความดีงามและความเจริญ
ณิศฟ,นิ-สฟ,ชื่อประดิษฐ์ สื่อถึงความดีงามและความเจริญ
ณิสพ,นิด-สบ,ชื่อประดิษฐ์ สื่อถึงความดีงามและความเจริญ
ณิสฟ,นิด-สะ-ฟ,ชื่อประดิษฐ์ สื่อถึงความดีงามและความเจริญ
ณิหัฌ,นิ-หัด,ชื่อประดิษฐ์ สื่อถึงความดีงามและความเจริญ
ณิหัฎ,นิ-หัด,ชื่อประดิษฐ์ สื่อถึงความดีงามและความเจริญ
ณิหัณ,นิ-หัน,ชื่อประดิษฐ์ สื่อถึงความดีงามและความเจริญ
ณิหัน,นิ-หัน,ชื่อประดิษฐ์ สื่อถึงความดีงามและความเจริญ
ณิหัม,นิ-หัม,ชื่อประดิษฐ์ สื่อถึงความดีงามและความเจริญ
ณิหิฌ,นิ-หิด,ชื่อประดิษฐ์ สื่อถึงความดีงามและความเจริญ
ณิหิฎ,นิ-หิด,ชื่อประดิษฐ์ สื่อถึงความดีงามและความเจริญ
โณน,โนน,ชื่อประดิษฐ์ สื่อถึงความดีงามและความเจริญ
ดณิน,ดะ-นิน,ชื่อประดิษฐ์ สื่อถึงความดีงามและความเจริญ
ดนกมล,ดน-กะ-มน,ผู้มีความบริสุทธิ์และความงดงาม
ดนวินท์,ดน-นะ-วิน,ผู้มีเสียงดนตรี ชัยชนะ และความสุขยินดี
ดนัทธ์,ดะ-นัด,ผู้มีเสียงดนตรีและความรู้
ดนิน,ดะ-นิน,ชื่อประดิษฐ์ สื่อถึงความดีงามและความเจริญ
ดนิษฐ์,ดะ-นิด,ผู้ตั้งมั่นและมั่นคงในความดี
ดนุนันท์,ดะ-นุ-นัน,ผู้มีตัวตนอ่อนน้อมและมีความสุขยินดี
ดนุวัศ,ดะ-นุ-วัด,ผู้มีความอ่อนน้อมและเสียงดนตรี
ดนุวิช,ดะ-นุ-วิด,ผู้มีตัวตนอ่อนน้อมและมีความรู้
ดนุวิน,ดะ-นุ-วิน,ผู้มีตัวตนอ่อนน้อมและมีชัยชนะ
ดมิน,ดะ-มิน,ชื่อประดิษฐ์ สื่อถึงความดีงามและความเจริญ
ดรงค์,ดะ-รง,ผู้เปี่ยมด้วยการบันดาลผล
ดรณ์,ดอน,ผู้พ้นทุกข์
ดรัณ,ดะ-รัน,ผู้พ้นภัย
ดรัณภัทร,ดะ-รัน-พัด-ทรอ,ผู้มีความดีงามและสิริมงคล
ดรุณ,ดะ-รุน,ผู้มีถิ่นฐานหรือสถานะแห่งความดีและเยาว์วัยสดใส
ดลกมล,ดน-ละ-กะ-มน,ผู้บันดาลให้เกิดผล ผู้มีใจงดงาม และผ่องใส
ดลจอมทอง,ดน-จอม-ทอง,ผู้มีความเป็นเลิศและความมั่งคั่ง
ดลณัฐ,ดน-ละ-นัด,ผู้มีความดีงามและปัญญา
ดลดา,ดน-ละ-ดา,ผู้ให้สิ่งที่ปรารถนา
ดลทอง,ดน-ทอง,ผู้มีความมั่งคั่ง
ดลทองคำ,ดน-ทอง-คำ,ผู้มีความมั่งคั่ง
ดลธร,ดน-ละ-ทอน,ผู้ค้ำจุนความดีงามให้บังเกิด
ดลธรรม,ดน-ละ-ทำ,ผู้ให้ความดีงามบังเกิด
ดลธริน,ดน-ทระ-ทิน,ผู้มีอำนาจ
ดลธีร์,ดน-ละ-ที,ผู้บันดาลปัญญาและความเฉลียวฉลาด
ดลภณ,ดน-ละ-พน,ผู้มีความดีงามและวาจาดี
ดลภัทร,ดน-ละ-พัด,ผู้บันดาลให้เกิดผล ผู้ดีงามเป็นมงคล และดีงาม
ดลภัส,ดน-ละ-พัด,ผู้มีความสว่าง
ดลภา,ดน-ละ-พา,ผู้ให้แสงสว่าง
ดลภิญญ์,ดน-ลิบ,ผู้มีการบันดาลและความละมุน
ดลรพ,ดน-รบ,ผู้บันดาลให้เกิดชื่อเสียงอันกึกก้อง
ดลรัตน์,ดน-ละ-รัด,ผู้มีคุณค่า
ดลรัตนา,ดน-รัด-ตะ-นา,หญิงผู้บันดาลให้เกิดสิ่งประเสริฐ
ดลรินี,ดน-ริ-นี,ผู้บันดาลสิ่งดีงามให้หลั่งริน
ดลเรศ,ดน-ละ-เรด,ผู้บันดาลความสำเร็จอันยิ่งใหญ่
ดลวร,ดน-ละ-วอน,ผู้ทำให้เกิดความดีเลิศ
ดลวรา,ดน-ละ-วะ-รา,ผู้ทำให้เกิดความดีเลิศ
ดลวิชญ์,ดน-ละ-วิด,ผู้บันดาลให้เกิดผล นักปราชญ์ผู้รู้ และมีความรู้
ดลวิน,ดน-ละ-วิน,ผู้บันดาลให้เกิดผลและมีชัยชนะ
ดลวุฒิ,ดน-ละ-วุด,ผู้ทำให้เกิดความงอกงาม
ดวง,ดวง,ผู้เป็นมิ่งขวัญ
ดวงคำ,ดวง-คำ,ผู้เป็นมิ่งขวัญ
ดวงจันคำ,ดวง-จัน-คำ,ผู้เป็นมิ่งขวัญ
ดวงจันทร์,ดวง-จัน,ผู้เป็นมิ่งขวัญและเย็นงามดุจจันทร์
ดวงใจ,ดวง-ใจ,ผู้เป็นมิ่งขวัญ
ดวงประดับ,ดวง-ประ-ดับ,ผู้เป็นมิ่งขวัญและตกแต่งให้งดงาม
ดวงฤทัย,ดวง-รึ-ไท,ดวงใจอันบริสุทธิ์
ดวงวงษา,ดวง-งะ-สา,ผู้เป็นมิ่งขวัญ
ดวงอมร,ดวง-อะ-มอน,ผู้เป็นมิ่งขวัญ
ดวิน,ดะ-วิน,ผู้เปี่ยมด้วยชัยชนะ
ดอกไม้,ดอก-ไม้,ผู้สดใสงดงามดุจดอกไม้
ดอรอหะ,ดอ-ระ-หอ-สะ,ผู้เปี่ยมด้วยการบันดาลผล
ดอเลาะมิ,ดอ-เล-ะะ-มิ,ผู้เปี่ยมด้วยความละมุน
ดะ,ดะ,ผู้เปี่ยมด้วยการบันดาลผล
ดัชญาลักษณ์,ดัด-ชะ-ยา-ลัก,ผู้มีความรู้ ความดีงาม และความงดงาม
ดารารัตน์,ดา-รา-รัด,ผู้มีความสว่าง คุณค่า และความงดงาม
ดิฐ,ดิด,ผู้ตั้งมั่นและมีความเห็นมั่นคง
ดิฐกันต์,ดิด-กัน,ผู้ตั้งมั่นและมีความเห็นมั่นคง
ดิฐา,ดิ-ถา,ผู้ตั้งมั่นและมีความเห็นมั่นคง
ดิณกณนต,ดิน-กะ-นน,ชื่อประดิษฐ์ สื่อถึงความดีงามและความเจริญ
ดิณกมนต,ดิน-นะ-กะ-มน,จิตใจ
ดิณกร,ดิน-นะ-กอน,ผู้มีความสร้างสรรค์
ดิณกะ,ดิน-นะ-กะ,ชื่อประดิษฐ์ สื่อถึงความดีงามและความเจริญ
ดิณกิ,ดิน-นิ,ชื่อประดิษฐ์ สื่อถึงความดีงามและความเจริญ
ดิณณัฏฐ์,ดิน-นัด,ผู้มีปัญญา
ดิณณัฐนต,ดิน-นัด-ถะ-ตน,ผู้มีปัญญา
ดิณโณ,ดิน-โน,ชื่อประดิษฐ์ สื่อถึงความดีงามและความเจริญ
ดิณโณกะ,ดิน-นะ-โกะ-ยะ,ชื่อประดิษฐ์ สื่อถึงความดีงามและความเจริญ
ดิณโณกิ,ดิน-นะ-โกิ,ชื่อประดิษฐ์ สื่อถึงความดีงามและความเจริญ
ดิณตนนต,ดิน-ตะ-นน,ชื่อประดิษฐ์ สื่อถึงความดีงามและความเจริญ
ดิณมิน,ดิน-มิน,ชื่อประดิษฐ์ สื่อถึงความดีงามและความเจริญ
ดิณรณ,ดิน-นะ-ระ,ชื่อประดิษฐ์ สื่อถึงความดีงามและความเจริญ
ดิณรณกร,ดิน-นะ-ระ-กอน,ผู้มีความสร้างสรรค์
ดิณรณกะ,ดิน-นะ-ระ-กะ,ชื่อประดิษฐ์ สื่อถึงความดีงามและความเจริญ
ดิณรวิ,ดิน-นะ-ระ-วิ,ผู้มีความสว่างและความก้าวหน้า
ดิณวิณอณ,ดิน-วะ-นอน,ชื่อประดิษฐ์ สื่อถึงความดีงามและความเจริญ
ดิณอณวัณ,ดิน-อะ-นะ-วัน,ชื่อประดิษฐ์ สื่อถึงความดีงามและความเจริญ
ดิณอณวิณ,ดิน-อะ-นะ-วิน,ชื่อประดิษฐ์ สื่อถึงความดีงามและความเจริญ
ดิณออิม,ดิน-อิ-หมิอ,ชื่อประดิษฐ์ สื่อถึงความดีงามและความเจริญ
ดินน,ดิน-นน,ชื่อประดิษฐ์ สื่อถึงความดีงามและความเจริญ
ดิมน,ดิ-มน,จิตใจ
ดิเรก,ดิ-เหรก,ผู้ยิ่งใหญ่เป็นพิเศษ
ดิลก,ดิ-หลก,ผู้เป็นยอดหรือเครื่องประดับ
ดิลกธรรม,ดิ-หลก-ทำ,ผู้มีความเกื้อหนุน
ดิษเจริญ,ดิด-จะ-เริน,ผู้เปี่ยมด้วยการดำเนินชีวิต
ดิษญา,ดิด-สะ-ยา,ผู้มีความรู้และความอ่อนโยนสง่างาม
ดิษฐ์ธนิน,ดิด-ทะ-นิน,ผู้ตั้งมั่น ผู้มีทรัพย์และคุณค่า และมั่งคั่ง
ดิษฐพงษ์,ดิด-ถะ-พง,ผู้ตั้งมั่นและสืบวงศ์อันดี
ดิษถ์,ดิด,ผู้เปี่ยมด้วยการสร้างสรรค์
ดิษทับ,ดิด-สะ-ทับ,ผู้เปี่ยมด้วยการสร้างสรรค์
ดิษบงค์,ดิด-สะ-บง,ผู้เปี่ยมด้วยการสร้างสรรค์
ดิสรณ์,ดิ-สอน,ผู้มีถิ่นฐานหรือสถานะแห่งความดีและกล้าหาญในการรบ
โดโรธี,โด-โร-ที,ชื่อจากภาษาตะวันตก หมายถึงของขวัญจากพระเจ้า
ไดร,ไดร,ชื่อประดิษฐ์ สื่อถึงความดีงามและความเจริญ
ตชัส,ตะ-หรัด,ผู้เปี่ยมด้วยความตั้งใจ
ตนกรนต,ตะ-หนก-ตะ-หนด,ผู้มีความสร้างสรรค์
ตนกัณนต,ตน-กัน-นด,ชื่อประดิษฐ์ สื่อถึงความดีงามและความเจริญ
ตนกันนต,ตะ-นะ-กัน-ตะ-นะ,ชื่อประดิษฐ์ สื่อถึงความดีงามและความเจริญ
ตนคุณนต,ตะ-นะ-คุน-นะ-ตะ-ไจ,ผู้มีคุณธรรม
ตนณัฏฐ์,ตน-นะ-นัด,ผู้มีปัญญา
ตนณัฐ,ตน-นะ-นัด,ผู้มีปัญญา
ตนณัฐชล,ตะ-นะ-นัด-ถะ-ชน,ผู้มีปัญญา
ตนโณ,ตน-โน,ชื่อประดิษฐ์ สื่อถึงความดีงามและความเจริญ
ตนโณโณ,ตน-โน-โน,ชื่อประดิษฐ์ สื่อถึงความดีงามและความเจริญ
ตนโณรณ,ตน-โน-รน,ชื่อประดิษฐ์ สื่อถึงความดีงามและความเจริญ
ตนดิณนต,ตน-ดิน-นด,ชื่อประดิษฐ์ สื่อถึงความดีงามและความเจริญ
ตนแต,ตน-แต,ชื่อประดิษฐ์ สื่อถึงความดีงามและความเจริญ
ตนแตวร,ตน-ตะ-แวน,ผู้มีความประเสริฐ
ตนแตอร,ตน-แต-ออน,ผู้มีความงดงาม
ตนนท์วร,ตะ-นน-วอน,ผู้มีความยินดีและความประเสริฐ
ตนนท์อร,ตะ-นน-ออน,ผู้มีความยินดีและความงดงาม
ตนมนต์นต,ตะ-หนม-นน,ผู้มีสิริมงคล
ตนรณ,ตะ-นะ-ระ-นะ,ชื่อประดิษฐ์ สื่อถึงความดีงามและความเจริญ
ตนรณรณ,ตะ-นะ-ระ-นะ-ระ,ชื่อประดิษฐ์ สื่อถึงความดีงามและความเจริญ
ตนวรนนท์,ตะ-นะ-วะ-รน,ผู้มีความประเสริฐและความยินดี
ตนวันวัณ,ตะ-นะ-วัน-วัน,ชื่อประดิษฐ์ สื่อถึงความดีงามและความเจริญ
ตนวันอิม,ตะ-นะ-วัน-อิม,ชื่อประดิษฐ์ สื่อถึงความดีงามและความเจริญ
ตนวิณวัล,ตะ-นะ-วิน-วัน,ชื่อประดิษฐ์ สื่อถึงความดีงามและความเจริญ
ตนอรชล,ตะ-นอน-ชน,ผู้มีความงดงาม
ตนอรนต,ตะ-นอน-ตน,ผู้มีความงดงาม
ตนอิมวัณ,ตะ-นะ-อิม-วัน,ชื่อประดิษฐ์ สื่อถึงความดีงามและความเจริญ
ตนอิมวิณ,ตะ-นะ-อิ-มวน,ชื่อประดิษฐ์ สื่อถึงความดีงามและความเจริญ
ตนิษฐ์,ตะ-นิด,ผู้ตั้งมั่นและมั่นคงในความดี
ตนุธิป,ตะ-นุ-ทิบ,ผู้มีความละเอียดอ่อนและความเป็นใหญ่
ตนุนันท์,ตะ-นุ-นัน,ผู้มีความละเอียดอ่อนและความสุขยินดี
ตนุวร,ตะ-นุ-วอน,ผู้มีความละเอียดอ่อน ความประเสริฐ และความมั่นคงสูงส่ง
ตรีสุคนธ์,ตรี-สุ-คน,กลิ่นหอมสามชนิด
ตลม,ตะ-หลม,ชื่อประดิษฐ์ สื่อถึงความดีงามและความเจริญ
ตลมณ,ตะ-หละ-มน,ชื่อประดิษฐ์ สื่อถึงความดีงามและความเจริญ
ตลห,ตะ-หลอย,ชื่อประดิษฐ์ สื่อถึงความดีงามและความเจริญ
ตวงจอมทอง,ตะ-หวง-จอม-ทอง,ผู้มีความเป็นเลิศและความมั่งคั่ง
ตวณ,ตวน,ชื่อประดิษฐ์ สื่อถึงความดีงามและความเจริญ
ตวน,ตวน,ชื่อประดิษฐ์ สื่อถึงความดีงามและความเจริญ
ตวนน,ตวน-นน,ชื่อประดิษฐ์ สื่อถึงความดีงามและความเจริญ
ตวันนา,ตะ-วัน-นา,พระอาทิตย์แห่งท้องทุ่ง
ต้องครรลอง,ต้อง-คัน-ลอง,ผู้เปี่ยมด้วยความละมุน
ต้องใจ,ต้อง-ไจ,ผู้เปี่ยมด้วยความตั้งใจ
ต้ออาษา,ต้อ-อา-สา,ผู้มีความตั้งใจและความอ่อนโยนสง่างาม
ตอฮา,ตอ-ฮา,ผู้มีความตั้งใจและความอ่อนโยนสง่างาม
ตะวันฉาย,ตะ-วัน-ฉาย,แสงแห่งความรุ่งโรจน์ของตะวัน
เตชธร,เต-ชะ-ทอน,ผู้มีเดชและบารมีและค้ำจุน
เตชธรรม,เต-ชะ-ทำ,ผู้มีอำนาจและความรุ่งเรืองด้วยคุณธรรม
เตชวัชร์,เต-ชะ-วัด,ผู้มีเดชานุภาพอันแกร่งกล้าดุจเพชร
เตชะธร,เต-ชะ-ทอน,ผู้มีเดชและบารมีและค้ำจุน
เตชิน,เต-ชิน,ผู้มีเดชและบารมี
เตชินท์,เต-ชิน,ผู้มีเดชและบารมี
เตชินี,เต-ชิ-นี,ผู้มีอำนาจและความรุ่งเรือง
เตปิน,เต-ปิน,ผู้เปี่ยมด้วยการคุ้มครอง
ไตละนันทน์,ตะ-หละ-นัน,ผู้เปี่ยมด้วยความละมุน
ถนอม,ถะ-หนอม,ผู้รักษาทะนุถนอม
ถนอมกมล,ถะ-หนอม-กะ-มน,ผู้มีความบริสุทธิ์และความงดงาม
ถนอมทอง,ถะ-หนอม-ทอง,ผู้มีความมั่งคั่ง
ถนอมรัก,ถะ-หนอม-รัก,ผู้รักษาทะนุถนอมและเป็นที่รัก
ถนัด,ถะ-หนัด,ผู้ชำนาญคล่องแคล่ว
ถนัดรบ,ถะ-หนัด-รบ,ผู้ชำนาญคล่องแคล่ว
ถนิน,ถะ-หนิน,ชื่อประดิษฐ์ สื่อถึงความดีงามและความเจริญ
ถนิม,ถะ-หนิม,ผู้เปี่ยมด้วยการทะนุถนอม
ถนิมทอง,ถะ-หนิม-ทอง,ผู้ประดับตกแต่งงดงามและล้ำค่าดุจทอง
ถนิมภรณ์,ถะ-หนม-พอน,ผู้มีความดีงาม ความเกื้อหนุน และความงดงาม
ถนิมภัทร,ถะ-หนิม-พัด-ทรอ,ผู้ประดับตกแต่งงดงาม ผู้ดีงามเป็นมงคล และดีงาม
ถมทอง,ถม-ทอง,ผู้เต็มเปี่ยมอุดมและล้ำค่าดุจทอง
ถวิล,ถะ-หวิน,ผู้ใฝ่ปรารถนา
ถวิลหวัง,ถะ-หวิน-หวัง,ผู้ใฝ่ปรารถนา
ถวิลา,ถะ-หวิ-ลา,ผู้ใฝ่ปรารถนา
ถัทธ,ถัด,ผู้เปี่ยมด้วยธรรมะ
ถิร,ถิ-ระ,ผู้มีความมั่นคงยั่งยืน
ถิรกร,ถิ-ระ-กอน,ผู้มั่นคงถาวรและสร้างสรรค์ด้วยความสามารถ
ถิรคุณ,ถิ-ระ-คุน,ผู้มีคุณธรรมอันยั่งยืน
ถิรเจต,ถิ-ระ-เจด,ผู้มั่นคงถาวรและมีความตั้งใจ
ถิรเจตน์,ถิ-ระ-เจด,ผู้มั่นคงถาวร ผู้มีความตั้งใจ และมีเจตจำนงมั่นคง
ถิรณัท,ถิ-ระ-นัด,ผู้มีความกล้าหาญ ความดีงาม และความมั่นคง
ถิรธนา,ถิ-ระ-ทะ-นา,ผู้มีความมั่งคั่ง คุณค่า และความมั่นคง
ถิรภร,ถิ-ระ-พอน,ผู้มั่นคงถาวรและค้ำจุน
ถิรภัทร,ถิ-ระ-พัด-ทรอ,ผู้มั่นคงถาวร ผู้ดีงามเป็นมงคล และดีงาม
ถิรมน,ถิ-ระ-มน,ผู้มีจิตใจที่เข้มแข็งและยั่งยืน
ถิรมนัส,ถิ-ระ-มะ-นัด,ผู้มั่นคงถาวร ผู้มีจิตใจ และมีจิตใจงดงาม
ถิรวรรธน์,ถิ-ระ-วัด,ผู้มั่นคงถาวร ผู้มีทรัพย์และคุณค่า และประเสริฐ
ไถร,ไถ-ร,ชื่อประดิษฐ์ สื่อถึงความดีงามและความเจริญ
ทณิน,ทะ-นิน,ชื่อประดิษฐ์ สื่อถึงความดีงามและความเจริญ
ทน,ทน,ผู้เปี่ยมด้วยความมั่นคง
ทนิน,ทะ-นิน,ชื่อประดิษฐ์ สื่อถึงความดีงามและความเจริญ
ทนุธรรม,ทะ-นุ-ทำ,ผู้ส่งเสริมคุณธรรม
ทนุรัฐ,ทะ-นุ-รัด,ผู้ตั้งมั่น ผู้ค้ำจุนรักษา และเกี่ยวข้องกับบ้านเมือง
ทมิน,ทะ-มิน,ชื่อประดิษฐ์ สื่อถึงความดีงามและความเจริญ
ทรงกลด,ซง-กลด,ผู้ทรงไว้ซึ่งกลด
ทรงขวัญ,ทรง-ขวัน,ผู้มีการดำรงไว้และความมั่นคง
ทรงธรรม,ทง-ทำ,ผู้ดำรงอยู่ในคุณธรรม
ทรงบัณดิษฐ,ซง-บัน-ดิด,ผู้มีความดีงาม
ทรงประกอบ,ซง-ประ-กอบ,ผู้ดำรงไว้และสร้างสรรค์ให้ครบถ้วน
ทรงประดับ,ซง-ประ-ดับ,ผู้ดำรงไว้และตกแต่งให้งดงาม
ทรงเพชร,ทรง-เพ็ด,ผู้ดำรงไว้และแข็งแกร่งล้ำค่า
ทรงยศ,ทรง-ยด,ผู้ดำรงไว้และมีเกียรติยศ
ทรงรัฐ,ทรง-รัด,ผู้ปกครองบ้านเมือง
ทรงลักษณ์,ทรง-ลัก,ผู้มีความดีงามและความงดงาม
ทรงอำนาจเจ,ซง-อำ-นาด-เจ,ผู้ดำรงไว้และมีอำนาจบารมี
ทรงอำนาจเจริญ,ซง-อำ-นาด-จะ-เริน,ผู้ดำรงไว้และมีอำนาจบารมี
ทรรศิน,ทัด-สิน,ผู้มีทัศนะและความมั่นคง
ทวิช,ทะ-วิด,ผู้มีสองคุณลักษณะและมีความรู้
ทวิชช์,ทะ-วิด,ผู้มีสองคุณลักษณะ ผู้มีความรู้แจ้ง และมีความรู้
ทวิน,ทะ-วิน,ผู้มีสองคุณลักษณะและมีชัยชนะ
ทวินันท์,ทะ-วิ-นัน,ผู้มีสองคุณลักษณะ ผู้มีชัยชนะ และมีความสุขยินดี
ทวิร,ทะ-วิ-ระ,ผู้มีคุณสองประการและความมั่นคงสูงส่ง
ทวิรัฐ,ทะ-วิ-รัด,ผู้มีความมั่นคง
ทองคง,ทอง-คง,ผู้ล้ำค่าดุจทองและมั่นคง
ทองคำ,ทอง-คำ,ผู้ล้ำค่าดุจทองคำและล้ำค่าดุจทอง
ทองจันทร์,ทอง-จัน,ผู้ล้ำค่าดุจทองและเย็นงามดุจจันทร์
ทองเจริญ,ทอง-จะ-เริน,ผู้ล้ำค่าดุจทอง
ทองยศ,ทอง-ยด,ผู้ล้ำค่าดุจทองและมีเกียรติยศ
ทองล้วน,ทอง-ล้วน,ผู้ล้ำค่าดุจทองและบริสุทธิ์ตรงแท้
ทองไหม,ทอง-ไหม,ผู้ล้ำค่าดุจทอง
ทองไหลรวม,ทอง-ไหล-รวม,ทรัพย์ทองหลั่งไหลมารวมกัน
ทองอนันต์,ทอ-รง-อะ-นัน,ผู้ล้ำค่าดุจทองและไม่มีที่สิ้นสุด
ทอทอง,ทอ-ทอง,ผู้เปี่ยมด้วยความล้ำค่า
ทะกอง,ทะ-กอง,ผู้เปี่ยมด้วยรากฐาน
ทะเลหลวง,ทะ-เล-หลวง,ทะเลใหญ่หรือผืนน้ำอันกว้างใหญ่
ทักษ์,ทัก,ผู้ชำนาญ
ทักษกร,ทัก-สะ-กอน,ผู้มีความสามารถชำนาญและสร้างสรรค์ด้วยความสามารถ
ทักษญา,ทัก-สะ-ยา,ผู้มีความรู้และมีความสามารถชำนาญ
ทักษนนท์,ทัก-สะ-นน,ผู้มีความสามารถชำนาญและมีความสุขยินดี
ทักษภร,ทัก-สะ-พอน,ผู้มีความสามารถชำนาญและค้ำจุน
ทักษมน,ทัก-สะ-มน,ผู้เปี่ยมด้วยความชำนาญ
ทักษ์วณิช,ทัก-วะ-นิด,ผู้มีความดีงามและความสามารถ
ทักษวร,ทัก-สะ-วอน,ผู้มีความสามารถชำนาญและประเสริฐ
ทักษอร,ทัก-สะ-ออน,ผู้มีความสามารถชำนาญและมีความงามอ่อนหวาน
ทักษิณ,ทัก-สิน,ผู้ฉลาด
ทักษิณา,ทัก-สิ-นา,ผู้มีความสามารถและความดีงาม
ทัชช,ทัด-ชะ,ผู้เปี่ยมด้วยการสัมผัสความสำเร็จ
ทัชชวร,ทัด-ชะ-วอน,ผู้สัมผัสถึงความสำเร็จและประเสริฐ
ทัชธร,ทัด-ชะ-ทอน,ผู้สัมผัสถึงความสำเร็จและค้ำจุน
ทัด,ทัด,เสมอ เท่าเทียม หรือประดับไว้
ทัดธน,ทัด-ทะ-นะ,ผู้เปี่ยมด้วยความเสมองาม
ทับลา,ทับ-ลา,ผู้มีความละมุนและความอ่อนโยนสง่างาม
ทัศนี,ทัด-สะ-นี,ผู้มีความงามน่าชม
ทัฬอิญ,ทัน-อิน,ผู้เปี่ยมด้วยความมั่นคง
ทิฐินันท์,ทิ-ถิ-นัน,ผู้ตั้งมั่น ผู้มีความเห็นตั้งมั่น และมีความสุขยินดี
ทิณภัทร์เพชร,ทิน-นะ-พัด,ผู้มีความดีงามและสิริมงคล
ทิณม,ทิน-นะ-มะ,ชื่อประดิษฐ์ สื่อถึงความดีงามและความเจริญ
ทินกร,ทิน-นะ-กอน,ผู้มีความสว่าง ความสร้างสรรค์ และความสามารถ
ทินโชค,ทิน-นะ-โชก,ผู้สว่างดุจวันและมีโชคดี
ทินภัทร,ทิน-นะ-พัด,ผู้สว่างดุจวัน ผู้สูงส่งและดีงาม และสูงส่งดั่งฟ้า
ทินารมภ์,ทิ-นา-รม,ผู้เปี่ยมด้วยแสงแห่งวัน
ทิวธร,ทิว-ทอน,ผู้ให้แสงสว่าง
ทิวภัทร,ทิว-พัด,ผู้ดีงามเป็นมงคลและดีงาม
ทิววินท์,ทิว-นิด,ผู้บรรลุแสงสว่าง
ไทกะ,ไท-กะ,ผู้เป็นใหญ่และเป็นอิสระในตนเอง
ไทคม,ไท-คม,ผู้เป็นไทและมีปัญญาเฉียบคม
ไทม,ไท,ชื่อประดิษฐ์ สื่อถึงความดีงามและความเจริญ
ไทร,ไทร,ชื่อประดิษฐ์ สื่อถึงความดีงามและความเจริญ
ไทรทอง,ไทร-ทอง,ต้นไทรทอง สื่อถึงความร่มเย็นและมีคุณค่า
ธกร,ทะ-กอน,ผู้มีธรรมะและความมั่นคงสูงส่ง
ธง,ทง,ผู้เป็นธงชัยแห่งเกียรติ
ธงไชย,ทง-ไช,ผู้เป็นธงชัยแห่งเกียรติและมีชัยชนะ
ธชรัฐ,ทะ-ชะ-รัด,ผู้ตั้งมั่น ผู้เป็นธงชัย และเกี่ยวข้องกับบ้านเมือง
ธชษร,ทะ-ชะ-สอน,ผู้มีธรรมะ อักษรอันงดงาม และความมั่นคงสูงส่ง
ธชิน,ทะ-ชิน,ชื่อประดิษฐ์ สื่อถึงความดีงามและความเจริญ
ธญธร,ทะ-ยะ-ทอน,ผู้มีธรรมะ การค้ำจุน และความมั่นคงสูงส่ง
ธณน,ทะ-นน,ผู้เปี่ยมด้วยฐานะแห่งความดี
ธณัฏฐ์,ทะ-นัด,ผู้มีความดีงามและปัญญา
ธน,ทะ-นะ,ผู้มีทรัพย์และคุณค่า
ธนกมล,ทะ-นะ-กะ-มน,ผู้มีความมั่งคั่ง ความบริสุทธิ์ และความงดงาม
ธนกร,ทะ-นะ-กอน,ผู้ทำให้เกิดทรัพย์
ธนกรณ์,ทะ-นะ-กอน,ผู้มีความมั่งคั่ง
ธนกฤต,ทะ-นะ-กริด,ผู้มีความมั่งคั่งและความสำเร็จ
ธนกานต์,ทะ-นะ-กาน,ผู้มีความมั่งคั่งและความรัก
ธนจอมทอง,ทะ-นะ-จอม-ทอง,ผู้มีความมั่งคั่งและความเป็นเลิศ
ธนจิร,ทะ-นะ-จิน,ผู้มีทรัพย์ยั่งยืน
ธนชัย,ทะ-นะ-ไช,ผู้มีชัยชนะเรื่องทรัพย์
ธนโชค,ทะ-นะ-โชก,ผู้มีทรัพย์และคุณค่าและมีโชคดี
ธนณ,ทะ-นน,ผู้เปี่ยมด้วยฐานะแห่งความดี
ธนณรงค์,ทะ-นน-รง,ผู้มีความมั่งคั่งและความงดงาม
ธนณัฎฐ์,ทะ-นะ-นัด,ผู้มีความมั่งคั่ง คุณค่า และความดีงาม
ธนณัฏฐ์,ทะ-นะ-นัด,ผู้มีความดีงามและปัญญา
ธนณัท,ทะ-นะ-นัด,ผู้มีถิ่นฐานหรือสถานะแห่งความดีและมีทรัพย์และคุณค่า
ธนดร,ทะ-นะ-ดอน,ผู้มีทรัพย์และคุณค่า
ธนดล,ทะ-นะ-ดน,ผู้เป็นเหตุแห่งทรัพย์
ธนดา,ทะ-นะ-ดา,ผู้มีทรัพย์
ธนเดช,ทะ-นะ-เดด,ผู้มีเดชอำนาจในทรัพย์
ธนทอง,ทะ-นะ-ทอง,ผู้มีความมั่งคั่ง
ธนทองคำ,ทะ-นะ-ทอง-คำ,ผู้มีความมั่งคั่ง
ธนธร,ทะ-นะ-ทอน,ผู้มีทรัพย์
ธนธรณ์,ทะ-นะ-ทอน,ผู้มีความมั่งคั่ง คุณค่า และความดีงาม
ธนธัช,ทะ-นะ-ทัด,ผู้มีทรัพย์และคุณค่าและเป็นธงแห่งเกียรติ
ธนน,ทะ-นน,ผู้มีทรัพย์และความมั่นคง
ธนนท์,ทะ-นน,ผู้มีความยินดี
ธนนน,ทะ-นะ-นน,ผู้เปี่ยมด้วยทรัพย์
ธนนนท์,ทะ-นะ-นน,ผู้มีทรัพย์และคุณค่าและมีความสุขยินดี
ธนนัญ,ทะ-นะ-นัน,ผู้มีทรัพย์และปัญญา
ธนนันท์,ทะ-นะ-นัน,ผู้มีความมั่งคั่งและความยินดี
ธนนา,ทะ-นะ-นา,ผู้เป็นเจ้าของทรัพย์
ธนบดี,ทะ-นะ-บอ-ดี,ผู้เป็นใหญ่ในทรัพย์
ธนพงศ์,ทะ-นะ-พง,ผู้มีทรัพย์สืบวงศ์ตระกูล
ธนภณ,ทะ-นะ-พน,ผู้มีโวหารอันมีค่า
ธนภณัฐ,ทะ-นะ-พัน-ดะ,ผู้มีความกว้างไกลและปัญญา
ธนภร,ทะ-นะ-พอน,ผู้มีทรัพย์และคุณค่า ผู้สูงส่งดั่งฟ้า และค้ำจุน
ธนภรณ์,ทะ-นะ-พอน,ผู้มีความมั่งคั่งและความงดงาม
ธนภัค,ทะ-นะ-พัก,ผู้มีทรัพย์และคุณค่า ผู้สูงส่งดั่งฟ้า และมีโชค
ธนภัทร,ทะ-นะ-พัด-ทรอ,ผู้มีความมั่งคั่งและความดีงาม
ธนภัทร์,ทะ-นะ-พัด,ผู้มีความมั่งคั่ง คุณค่า และความดีงาม
ธนภา,ทะ-นะ-พา,ผู้มีความมั่งคั่งและความสว่าง
ธนม,ทะ-นม,ผู้มีความมั่งคั่ง
ธนรพ,ทะ-นะ-รบ,ผู้มีชื่อเสียงด้านทรัพย์สิน
ธนรัช,ทะ-นะ-รัด,ผู้มีอำนาจในทรัพย์
ธนรัฐ,ทะ-นะ-รัด,ผู้มีความมั่งคั่ง คุณค่า และความมั่นคง
ธนรัตน์,ธะ-นะ-รัด,ผู้มีความมั่งคั่ง คุณค่า และความงดงาม
ธนรัตนา,ทะ-นะ-รัด-ตะ-นา,ผู้มีทรัพย์สมบัติอันมีค่าดุจแก้ว
ธนรา,ทะ-นะ-รา,ผู้เป็นใหญ่ในทรัพย์สมบัติ
ธนรินี,ทะ-นะ-ริ-นี,ผู้มีความมั่งคั่ง
ธนเรศ,ทะ-นะ-เรด,ผู้มีความเป็นผู้นำและความมั่งคั่ง
ธนวชิร,ทะ-นะ-วะ-ชิ-ระ,ผู้มีทรัพย์สมบัติอันแข็งแกร่งดุจเพชร
ธนวร,ทะ-นะ-วอน,ผู้มีความมั่งคั่งและความประเสริฐ
ธนวรรณ,ทะ-นะ-วัน,ผู้มีความกล้าหาญ ความมั่งคั่ง และคุณค่า
ธนวรรธน์,ทะ-นะ-วัด,ผู้มีความมั่งคั่งและความเจริญ
ธนวรันญ์,ทะ-นะ-วัน,ผู้มีทรัพย์อันประเสริฐและเปี่ยมปัญญา
ธนวรา,ทะ-นะ-วะ-รา,ผู้มีความมั่งคั่งและความประเสริฐ
ธนวโรจน์,ทะ-นะ-วะ-โรด,ผู้มีความมั่งคั่งและความรุ่งเรือง
ธนวัชร์,ทะ-นะ-วัด,ผู้มีทรัพย์และคุณค่าและแข็งแกร่งดุจเพชร
ธนวัฒน์,ทะ-นะ-วัด,ผู้มีความมั่งคั่งและความเจริญ
ธนวัท,ทะ-นะ-วัด,ผู้มีความมั่งคั่ง
ธนวันต์,ทะ-นะ-วัน,ผู้เป็นเจ้าของทรัพย์
ธนวิช,ทะ-นะ-วิด,ผู้มีทรัพย์และคุณค่าและมีความรู้
ธนวิชญ์,ทะ-นะ-วิด,ผู้มีความมั่งคั่งและความรู้
ธนวิน,ทะ-นะ-วิน,ผู้มีทรัพย์
ธนวินท์,ทะ-นะ-วิน,ผู้มีความมั่งคั่งและความก้าวหน้า
ธนวินธร,ทะ-นะ-วิน-ทอน,ผู้มีความมั่งคั่งและความก้าวหน้า
ธนวินภัทร,ทะ-นะ-วิน-พัด-ทรอ,ผู้มีความมั่งคั่ง ความก้าวหน้า และความดีงาม
ธนวินิจ,ทะ-นะ-วิ-นิด,ผู้มีความรู้ในการจัดการทรัพย์
ธนวุฒิ,ทะ-นะ-วุด,ผู้มีทรัพย์เพิ่มพูน
ธนศักดิ์,ทะ-นะ-สัก,ผู้มีอำนาจและเกียรติด้วยทรัพย์
ธนะธน,ทะ-นะ-ทน,ผู้มีทรัพย์และคุณค่าและมีทรัพย์
ธนะโรจน์,ทะ-นะ-โรด,ผู้มีความรุ่งเรือง ความมั่งคั่ง และคุณค่า
ธนะสังข์,ทะ-นะ-สัง,ผู้เปี่ยมด้วยทรัพย์
ธนัช,ทะ-นัด,ผู้เป็นแหล่งแห่งทรัพย์
ธนัชกร,ทะ-นัด-กอน,ผู้มีทรัพย์และคุณค่าและสร้างสรรค์ด้วยความสามารถ
ธนัชญ์พงษ์,ทะ-นัด-พง,ผู้มีทรัพย์และคุณค่าและสืบวงศ์อันดี
ธนัชญา,ทะ-นัด-ชะ-ยา,ผู้มีความรู้และมีทรัพย์และคุณค่า
ธนัชธร,ทะ-นัด-ชะ-ทอน,ผู้มีทรัพย์และคุณค่าและค้ำจุน
ธนัญกรณ์,ทะ-นัน-ยะ-กอน,ผู้มีความมั่งคั่ง
ธนัญจา,ทะ-นัน-จา,ผู้มีทรัพย์และความอ่อนโยนสง่างาม
ธนัญชญา,ทะ-นัน-ยะ-ชะ-ยา,ผู้มีความรู้และมีทรัพย์และคุณค่า
ธนัญญ์,ทะ-นัน,ผู้มีทรัพย์และคุณค่า
ธนัญญา,ทะ-นัน-ยา,ผู้มีความรู้และมีทรัพย์และคุณค่า
ธนัฏฐา,ทะ-นัด-ถา,ผู้ตั้งมั่นในทรัพย์
ธนัฐจักร,ทะ-นัด-จัก,ผู้มีความสร้างสรรค์ ความมั่งคั่ง และคุณค่า
ธนัท,ทะ-นัด,ผู้ให้ทรัพย์
ธนัทธร,ทะ-นัด-ทอน,ผู้มีทรัพย์และคุณค่าและค้ำจุน
ธนัน,ทะ-นัน,ผู้มีทรัพย์และคุณค่า
ธนันดร,ทะ-นัน-ดอน,ผู้มีทรัพย์และคุณค่าและมีฐานะสูงส่ง
ธนันต์ธรญ์,ทะ-นัน-ทอน,ผู้มีความยินดี
ธนันท์,ทะ-นัน,ผู้มีทรัพย์และคุณค่าและมีความสุขยินดี
ธนันธร,ทะ-นัน-ทอน,ผู้มีทรัพย์และคุณค่าและค้ำจุน
ธนันนท์,ทะ-นัน,ผู้มีทรัพย์และคุณค่าและมีความสุขยินดี
ธนา,ทะ-นา,ผู้มีทรัพย์และคุณค่าและมั่งคั่งด้วยทรัพย์
ธนากร,ทะ-นา-กอน,แหล่งรวมทรัพย์
ธนาคช,ทะ-นา-คด,ผู้มีทรัพย์และคุณค่าและมั่งคั่งด้วยทรัพย์
ธนาคม,ทะ-นา-คม,ผู้มีความมั่งคั่งและคุณค่า
ธนาคาร,ทะ-นา-คาน,ผู้มีความมั่งคั่ง คุณค่า และความรัก
ธนาธรณ์,ทะ-นา-ทอน,ผู้มีความมั่งคั่ง
ธนาธาร,ทะ-นา-ทาน,ผู้มีความมั่งคั่งและคุณค่า
ธนาธิป,ทะ-นา-ทิบ,ผู้เป็นใหญ่ในทรัพย์
ธนาธิษณ์,ทะ-นา-ทิด,ผู้มีความมั่งคั่ง คุณค่า และความดีงาม
ธนานันต์,ทะ-นา-นัน,ผู้มีทรัพย์และคุณค่าและมั่งคั่งด้วยทรัพย์
ธนานิษฐ์,ทะ-นา-นิด,ผู้มีความมั่งคั่งและคุณค่า
ธนารักษ์,ทะ-นา-รัก,ผู้มีความมั่งคั่ง คุณค่า และความรัก
ธนาวรรณ,ทะ-นา-วัน,ผู้มีความมั่งคั่ง คุณค่า และความดีงาม
ธนิก,ทะ-นิก,ผู้มีทรัพย์
ธนิกธน,ทะ-นิก-ทะ-นะ,ผู้มีทรัพย์และคุณค่าและมั่งคั่ง
ธนิช,ทะ-นิด,ผู้มีความมั่งคั่งและคุณค่า
ธนิฐา,ทะ-นิด-ถา,ผู้ตั้งมั่น ผู้มีทรัพย์และคุณค่า และมั่งคั่ง
ธนิณัช,ทะ-นิ-ชัน,ผู้มีความมั่งคั่ง คุณค่า และความดีงาม
ธนิทธิ,ทะ-นิด-ทิ,ผู้มีทรัพย์และคุณค่าและมั่งคั่ง
ธนิน,ทะ-นิน,ผู้มีทรัพย์
ธนินท์,ทะ-นิน,ผู้เป็นใหญ่ในทรัพย์
ธนินท์ธร,ทะ-นิน-ทอน,ผู้มีทรัพย์และคุณค่า ผู้มั่งคั่ง และค้ำจุน
ธนินทร,ทะ-นิน-ทอน,ผู้มีความมั่งคั่งและความเป็นผู้นำ
ธนินทร์,ธะ-นิน,ผู้มีความมั่งคั่งและความเป็นผู้นำ
ธนินท์รัฐ,ทะ-นิน-รัด,ผู้มีความมั่งคั่งและคุณค่า
ธนินทรา,ทะ-นิน-ทรา,ผู้มีความมั่งคั่งและความเป็นผู้นำ
ธนินนัทธ์,ทะ-นิน-นัด,ผู้มีความมั่งคั่งและคุณค่า
ธนิวรรณ,ทะ-นิ-วัน,ผู้มั่งคั่ง ผู้มีทรัพย์และคุณค่า และใหม่และสดใส
ธนิศร์,ทะ-นิด,ผู้มั่งคั่งและมีทรัพย์และคุณค่า
ธนิษฐ์,ทะ-นิด,ผู้มั่งคั่ง ผู้มีทรัพย์และคุณค่า และมั่นคงในความดี
ธนิษฐา,ทะ-นิด-ถา,ผู้มั่งคั่ง ผู้มีทรัพย์และคุณค่า และมั่นคงในความดี
ธนิสร,ทะ-นิ-สอน,ผู้มั่งคั่งและมีทรัพย์และคุณค่า
ธบัณจ์ภณ,ทะ-บัน-พบ,ผู้มีฐานะแห่งความดีและวาจาไพเราะ
ธบิน,ทะ-บิน,ชื่อประดิษฐ์ สื่อถึงความดีงามและความเจริญ
ธภัทร,ทะ-พัด,ผู้มีธรรมะ ความดีงามเป็นมงคล และความมั่นคง
ธมกร,ทะ-มะ-กอน,ผู้กระทำความดี
ธมธร,ทะ-มน,ผู้มีธรรมะ การค้ำจุน และความมั่นคงสูงส่ง
ธมน,ทะ-มน,เครื่องประดับ
ธมนณัฏฐ,ทะ-มน-นัด,ผู้เปี่ยมด้วยฐานะแห่งความดี
ธมนณัฏฐ์,ทะ-มน-นัด,ผู้มีปัญญานักปราชญ์และปัญญา
ธมนณัท,ทะ-มน-นัด,ผู้เปี่ยมด้วยฐานะแห่งความดี
ธมนต์วรรณธ์,ทะ-มน-วัน,ผู้มีสิริมงคลและความงดงาม
ธมนภัค,ทะ-มน-พัก,ผู้สูงส่งดั่งฟ้าและมีโชค
ธมนภัทร,ทะ-มน-พัด-ทรอ,ผู้สูงส่งและดีงาม ผู้สูงส่งดั่งฟ้า และดีงามเป็นมงคล
ธมนวรรณ,ทะ-มน-วัน,ผู้ใหม่ สดใส และก้าวหน้า ผู้มีวรรณะงดงาม และประเสริฐ
ธมนันท์,ทะ-มะ-นัน,ผู้มีธรรมะและความสุขยินดี
ธมล,ทะ-มน,ผู้มีใจงดงามและมั่งคั่ง
ธมลกัญ,ทะ-มน-กัน,ผู้มีคุณค่าและความละมุน
ธมลณัฏฐ,ทะ-มน-นัด,ผู้มีฐานะแห่งความดีและความละมุน
ธมลณัฏฐ์,ทะ-มน-นัด,ผู้มีปัญญานักปราชญ์ ความละมุน และปัญญา
ธมลธน,ทะ-มน-ทะ-นะ,ผู้มีทรัพย์และความละมุน
ธมลธร,ทะ-มน-ทอน,ผู้มีธรรมะ ความละมุน และการค้ำจุน
ธมลนิษฐ์,ทะ-มน-นิด,ผู้มีธรรมะและความละมุน
ธมลวรรณ,ทะ-มน-วัน,ผู้มีวรรณะงดงามและประเสริฐ
ธมลเอก,ทะ-มน-เอก,ผู้มีใจงดงามเป็นเลิศ
ธรกร,ทะ-ระ-กอน,ผู้มีความสร้างสรรค์
ธรกานต์,ทะ-ระ-กาน,ผู้มีความรัก
ธรคุณ,ทะ-ระ-คุน,ผู้มีคุณธรรม
ธรณ์,ทอน,ผู้ค้ำจุนและค้ำจุนไว้
ธรณ์ธวัล,ทอน-ทะ-วัน,ผู้มีความบริสุทธิ์
ธรณัส,ทะ-ระ-นัด,ผู้ค้ำจุน
ธรณินทร์,ทอ-ระ-นิน,ผู้เป็นใหญ่แห่งแผ่นดิน หรือ ราชาแห่งแผ่นดิน
ธรดล,ทะ-ระ-ดน,ผู้มีความเกื้อหนุน
ธรดา,ทะ-ระ-ดา,ผู้มีความยินดี
ธรเดช,ทะ-ระ-เดด,ผู้มีอำนาจ
ธรธนันท์,ทอ-ระ-ทะ-นัน,ผู้ค้ำจุน ผู้มีทรัพย์และคุณค่า และมีความสุขยินดี
ธรธนินท์,ทอ-ระ-ทะ-นิน,ผู้ค้ำจุน ผู้มั่งคั่งด้วยทรัพย์ และมั่งคั่ง
ธรธรรม,ธอ-ระ-ทำ,ผู้ตั้งมั่นในธรรมและค้ำจุน
ธรนันท์,ธ-ร-น,ผู้ค้ำจุนและมีความสุขยินดี
ธรนัส,ทะ-ระ-นัด,ผู้ค้ำจุนและมีจิตใจ
ธรนา,ทะ-ระ-นา,ผู้มีความเกื้อหนุน
ธรนินทร์,ธอ-ระ-นิน,ผู้ค้ำจุน
ธรนิศ,ธอ-ระ-นิด,ผู้ค้ำจุน
ธรภัทร,ทะ-ระ-พัด,ผู้ค้ำจุนและดีงามเป็นมงคล
ธรภัทรา,ทะ-ระ-พัด-ทรา,ผู้มีความดีงาม
ธรภา,ทะ-ระ-พา,ผู้มีความสว่าง
ธรภาณุ,ทะ-ระ-พา-นุ,ผู้มีความสว่างและความก้าวหน้า
ธรมณี,ทอ-ระ-มะ-นี,ผู้มีคุณค่าและความงดงาม
ธรเมธา,ทอ-ระ-เม-ทา,ผู้มีปัญญา
ธรรพ,ทับ,ผู้บำรุง ผู้เลี้ยงดู
ธรรม์,ทำ,ธรรมะหรือความถูกต้องดีงาม
ธรรมขันธ์,ทำ-มะ-ขัน,ผู้ตั้งมั่นในธรรม ผู้ค้ำจุน และองค์ประกอบแห่งชีวิต
ธรรมคุณ,ทำ-มะ-คุน,ผู้ตั้งมั่นในธรรม ผู้ค้ำจุน และเปี่ยมคุณธรรม
ธรรมจารี,ทำ-มะ-จา-รี,ผู้ตั้งมั่นในธรรม ผู้ค้ำจุน และประพฤติตามแบบแผนดีงาม
ธรรมณัฐ,ทำ-มะ-นัด,ผู้ตั้งมั่นในธรรม ผู้ค้ำจุน และนักปราชญ์ผู้มีปัญญา
ธรรมธัช,ทำ-มะ-ทัด,ผู้ตั้งมั่นในธรรม ผู้ค้ำจุน และเป็นธงแห่งเกียรติ
ธรรม์นลัท,ทำ-นะ-ลัด,ผู้มีความดีงาม
ธรรมนันท์,ทำ-มะ-นัน,ผู้ตั้งมั่นในธรรม ผู้ค้ำจุน และมีความสุขยินดี
ธรรมนัส,ทำ-มะ-นัด,ผู้ตั้งมั่นในธรรม ผู้ค้ำจุน และมีจิตใจ
ธรรมภณ,ทำ-มะ-พน,ผู้ตั้งมั่นในธรรม ผู้ค้ำจุน และมีวาจาดี
ธรรมมโนวานิช,ทำ-มะ-โน-วา-นิด,ผู้ตั้งมั่นในธรรม ผู้ค้ำจุน และใหม่ สดใส และก้าวหน้า
ธรรมโม,ทำ-มะ-โม,ธรรมะอันเป็นเครื่องนำชีวิต
ธรรมรักษ์,ทำ-มะ-รัก,ผู้มีความดีงามและความรัก
ธรรมรัฐ,ทำ-มะ-รัด,ผู้มีความเกื้อหนุนและความมั่นคง
ธรรมิก,ทำ-มะ-กิก,ผู้ตั้งมั่นในธรรม ผู้ประพฤติธรรม และค้ำจุน
ธรรศ,ทัด,ผู้มีทัศนะอันลึกซึ้งและค้ำจุน
ธรรศธนัญ,ทัด-ทะ-นัน,ผู้มีทัศนะอันลึกซึ้ง ผู้ค้ำจุน และมีทรัพย์และคุณค่า
ธรรศธรณ์,ทัด-ทอน,ผู้มีทัศนะอันลึกซึ้ง ผู้ค้ำจุน และค้ำจุนไว้
ธรรศธรรม,ทัด-สะ-ทำ,ผู้ตั้งมั่นในธรรม ผู้มีทัศนะอันลึกซึ้ง และค้ำจุน
ธรรศยชญ์,ทัด-ยด,ผู้มีทัศนะอันลึกซึ้ง ผู้ค้ำจุน และบูชาและมีเกียรติ
ธรรัตน์,ทอ-ระ-รัด,ผู้มีคุณค่าและความงดงาม
ธรรัตนา,ทอ-ระ-รัด-ตา,ผู้มีคุณค่า
ธรรินี,ทอ-ระ-นี,ผู้ทรงไว้
ธรเรศ,ทะ-ระ-เรด,ผู้มีความเป็นผู้นำ
ธรลักษณา,ทะ-ระ-ลัก-สะ-หนา,ผู้มีคุณสมบัติแห่งความมั่นคงดุจแผ่นดิน
ธรลินา,ทอ-ระ-ลิ-นา,ผู้มีความอ่อนโยน
ธรวร,ทะ-ระ-วอน,ผู้มีความประเสริฐ
ธรวรา,ทะ-ระ-วะ-รา,ผู้มีความประเสริฐ
ธรวรินทร์,ทะ-ระ-วะ-ริน,ผู้มีความเป็นผู้นำ ความประเสริฐ และความเกื้อหนุน
ธรวัฒ,ทะ-ระ-สัด,ผู้ทำให้แผ่นดินเจริญรุ่งเรือง
ธรวินา,ทะ-ระ-วิ-นา,ผู้มีความก้าวหน้า
ธรวุฒิ,ทะ-ระ-วุด,ผู้ทำให้แผ่นดินมีความเจริญงอกงาม
ธรศร,ทอ-ระ-สอน,ผู้มีความมุ่งมั่น
ธรัช,ทะ-รัด,ผู้ค้ำจุนความรุ่งเรือง
ธรา,ทะ-รา,ผู้ค้ำจุนและมั่นคงดุจแผ่นดิน
ธราดล,ทะ-รา-ดน,ผู้บันดาลให้เกิดแผ่นดิน
ธราธรรม,ทา-ระ-ทำ,ผู้ตั้งมั่นในธรรม ผู้ค้ำจุน และมั่นคงดุจแผ่นดิน
ธราธิป,ทะ-รา-ทิบ,ผู้ค้ำจุนและมั่นคงดุจแผ่นดิน
ธรานนท์,ทะ-รา-นน,ผู้ค้ำจุน ผู้มั่นคงดุจแผ่นดิน และมีความสุขยินดี
ธราลิณ,ทะ-รา-ลิน,ผู้ทรงไว้
ธราวุธ,ทะ-รา-วุด,ผู้ค้ำจุน ผู้มั่นคงดุจแผ่นดิน และมีพลังป้องกัน
ธรินทร์ธร,ทะ-ริน-ทอน,ผู้ค้ำจุนและเป็นใหญ่
ธรุวา,ทะ-รุ-วา,ผู้ทรงไว้
ธฤษณุ,ทริด-สะ-นุ,ผู้ทรงอานุภาพในการคุ้มครอง
ธวัช,ทะ-วัด,ผู้เป็นธงชัยแห่งเกียรติ
ธวัชธรรม,ทะ-วัด-ทำ,ผู้ตั้งมั่นในธรรม ผู้ค้ำจุน และเป็นธงชัยแห่งเกียรติ
ธวัชร์,ทะ-วัด,ผู้เป็นธงชัยแห่งเกียรติและแข็งแกร่งดุจเพชร
ธวัล,ทะ-วัน,ผู้ขาวผ่องบริสุทธิ์
ธวัลกร,ทะ-วัน-กอน,ผู้ขาวผ่องบริสุทธิ์และสร้างสรรค์
ธัชกร,ทัด-ชะ-กอน,ผู้เป็นผู้นำ
ธัชกานต์,ทัด-ชะ-กาน,ผู้นำที่เป็นที่รักและน่าเคารพ
ธัชคุณ,ทัด-ชะ-คุน,ผู้นำแห่งคุณธรรม
ธัชชญา,ทัด-ชะ-ยา,ผู้มีความรู้และเกียรติเป็นธงชัย
ธัชญา,ทัด-ชะ-ยา,ผู้เป็นธงแห่งเกียรติและมีความรู้
ธัชดล,ทัด-ชะ-ดน,ผู้สร้างชื่อเสียงให้แผ่นดิน
ธัชดา,ทัด-ชะ-ดา,ผู้เป็นผู้นำ
ธัชเดช,ทัด-ชะ-เดด,ผู้นำผู้มีอานุภาพ
ธัชธร,ทัด-ชะ-ทอน,ผู้ค้ำจุนและเป็นธงแห่งเกียรติ
ธัชธรรม,ทัด-ทำ,ผู้ตั้งมั่นในธรรม ผู้ค้ำจุน และเป็นธงแห่งเกียรติ
ธัชธรรม์,ทัด-ชะ-ทัน,ผู้นำแห่งความดีงาม
ธัชพล,ทัด-ชะ-พน,ผู้นำผู้มีพลังอันยิ่งใหญ่
ธัชภัทรา,ทัด-ชะ-พัด-ทรา,ผู้นำหญิงผู้เจริญ
ธัชภา,ทัด-ชะ-พา,ผู้นำแห่งความรุ่งเรือง
ธัชภาณุ,ทัด-ชะ-พา-นุ,ผู้รุ่งโรจน์ดุจพระอาทิตย์
ธัชมณี,ทัด-มะ-นี,ผู้มีค่าสูงส่ง
ธัชเมธา,ทัด-ชะ-เมา,ผู้มีปัญญาเลิศ
ธัชรพ,ทัด-ชะ-ระ-พร,ผู้เป็นยอดแห่งเสียง
ธัชรัตน์,ทัด-ชะ-รัด,ผู้มีค่าประดุจแก้ว
ธัชรัตนา,ทัด-ชะ-รัด-ตะ-นา,สตรีผู้มีค่าประดุจแก้ว
ธัชรา,ทัด-ชะ-รา,ผู้มั่งคั่งและสูงส่ง
ธัชรินี,ทัด-ชะ-ริ-นี,สตรีผู้เป็นธงชัย
ธัชเรศ,ทัด-ชะ-เรด,ผู้มีอำนาจยิ่งใหญ่
ธัชลักษณา,ทัด-ลัก-สะ-หนา,ผู้มีคุณงามความดีเด่น
ธัชลินา,ทัด-ชะ-ลิ-นา,สตรีผู้งดงามเลิศ
ธัชวร,ทัด-ชะ-วอน,ผู้ดีเลิศ
ธัชวรา,ทัด-ชะ-วะ-รา,สตรีผู้ดีเลิศ
ธัชวัฒ,ทัด-ชะ-วัด,ผู้มีความเจริญรุ่งเรือง
ธัชวินา,ทัด-ชะ-วิ-นา,ผู้มีเสน่ห์ไพเราะดุจพิณ
ธัชวุฒิ,ทัด-ชะ-วุด,ผู้มีความสำเร็จเป็นเลิศ
ธัญ,ทัน,ผู้มีความเจริญ
ธัญกมล,ทัน-กะ-มน,ผู้มีสิริมงคลและอุดมสมบูรณ์และมีใจงดงาม
ธัญกร,ทัน-กอน,ผู้มีสิริมงคลและอุดมสมบูรณ์และสร้างสรรค์
ธัญจิรา,ทัน-จิ-รา,ผู้มีสิริมงคลและอุดมสมบูรณ์และยั่งยืนยาวนาน
ธัญชญา,ทัน-ยะ-ชะ-ยา,ผู้มีความเจริญและปัญญา
ธัญญชล,ทัน-ยะ-ชน,ผู้มีสิริมงคลและอุดมสมบูรณ์และเย็นใสดุจสายน้ำ
ธัญญธร,ทัน-ยะ-ทอน,ผู้ค้ำจุนและมีสิริมงคลและอุดมสมบูรณ์
ธัญญ์นรี,ทัน-นะ-รี,ผู้มีสิริมงคล ความสง่างาม และคุณค่า
ธัญญ์นลิน,ทัน-นะ-ลิน,ผู้มีความเจริญและความอ่อนโยน
ธัญญ์นิธิ,ทัน-นิ-ทิ,ผู้มีสิริมงคลและอุดมสมบูรณ์และเป็นขุมทรัพย์
ธัญญ์ภูริ,ทัน-พู,ผู้มีปัญญาอันกว้างขวางและเจริญรุ่งเรือง
ธัญญ์รภัสร์,ทัน-ระ-พัด,ผู้มีสิริมงคลและความสว่าง
ธัญญลักษณ์,ทัน-ยะ-ลัก,ผู้มีสิริมงคลและอุดมสมบูรณ์และมีลักษณะงดงาม
ธัญญ์ลิน,ทัน-ลิน,ผู้มีความเจริญและความอ่อนโยน
ธัญญ์วาริณทธ์,ทัน-วา-ริน-ทะ,ผู้มีความเจริญ
ธัญญ์วารินท์,ทัน-วา-ริน,ผู้มีความเจริญ
ธัญญ์วารินทธ์,ทัน-วา-ริน,ผู้มีความเจริญ
ธัญญา,ทัน-ยา,ผู้เจริญรุ่งเรือง
ธัญญานภัส,ทัน-ยา-นะ-พัด,ผู้มีความเจริญและความกว้างไกล
ธัญญานันท์,ทัน-ยา-นัน,ผู้มีความเจริญและความยินดี
ธัญญาริน,ทัน-ยา-ริน,ผู้มีความเจริญ
ธัญญาลักษณ์,ทัน-ยา-ลัก,ผู้มีความเจริญและความงดงาม
ธัญญาวรัญญา,ทัน-ยา-วะ-รัน-ยา,ผู้มีความเจริญและความยินดี
ธัญธร,ทัน-ยะ-ทอน,ผู้ค้ำจุนและมีสิริมงคลและอุดมสมบูรณ์
ธัญธรณ์,ทัน-ทอน,ผู้ค้ำจุน ผู้ค้ำจุนไว้ และมีสิริมงคลและอุดมสมบูรณ์
ธัญนภัทร์,ทัน-นะ-พัด,ผู้มีสิริมงคลและความดีงาม
ธัญนภัส,ทัน-นะ-พัด,ผู้มีความเจริญและความกว้างไกล
ธัญนันทณ์,ทัน-ยะ-นัน,ผู้มีสิริมงคลและความสุขยินดี
ธัญนันทน์,ทัน-ยะ-นัน,ผู้มีสิริมงคลและอุดมสมบูรณ์และมีความสุขยินดี
ธัญบูรณ์,ทัน-บูน,ผู้มีสิริมงคลและอุดมสมบูรณ์และบริบูรณ์
ธัญภัคณันท์,ทัน-ยะ-พัก-คะ-นัน,ผู้มีสิริมงคลและอุดมสมบูรณ์และมีโชค
ธัญภัทรา,ทัน-พัด-ทรา,ผู้มีความเจริญและความดีงาม
ธัญมน,ทัน-ยะ-มน,ผู้มีสิริมงคลและอุดมสมบูรณ์
ธัญมล,ทัน-ยะ-มน,ผู้มีสิริมงคลและอุดมสมบูรณ์
ธัญลักษณ์,ทัน-ยะ-ลัก,ผู้มีความเจริญและความงดงาม
ธัญลักษมณ์,ทัน-ยะ-ลัก,ผู้มีสิริมงคลและอุดมสมบูรณ์และมีลักษณะดีงาม
ธัญวณัฐ,ทัน-ยะ-วะ-นัด,ผู้มีสิริมงคลและปัญญา
ธัญวรรณา,ทัน-ยะ-วัน-นา,ผู้มีความเจริญและความงดงาม
ธัญวรศิริ,ทัน-ยะ-วอ-ระ-สิ-หริ,ผู้มีสิริมงคลและความประเสริฐ
ธัญวรัญญา,ทัน-วะ-รัน-ยา,ผู้มีความเจริญและความยินดี
ธัญวริน,ทัน-วะ-ริน,ผู้มีความเจริญ
ธัญวรินทร์,ทัน-วะ-ริน,ผู้มีสิริมงคล ความเป็นผู้นำ และความประเสริฐ
ธัญวิช,ทัน-ยะ-วิด,ผู้มีสิริมงคลและอุดมสมบูรณ์
ธัญวิน,ทัน-วิน,ผู้มีความเจริญและความก้าวหน้า
ธัญวิสิษฏ์,ทัน-ยะ-วิ-สิด,ผู้มีสิริมงคลและอุดมสมบูรณ์และยอดเยี่ยมพิเศษ
ธัญศรา,ทัน-ยะ-สา,ผู้มีความมุ่งมั่นและสิริมงคล
ธัญศิรา,ทัน-ยะ-สิ-รา,ผู้เป็นยอดแห่งความเจริญ
ธัญสิทธิ์,ทัน-ยะ-สิด,ผู้มีสิริมงคลและความสำเร็จ
ธัญสิริ,ทัน-ยะ-สิ-หริ,ผู้มีสิริมงคลและอุดมสมบูรณ์และมีสิริมงคล
ธัญอนันต์,ทัน-อะ-นัน,ผู้มีความเจริญ
ธัญอริน,ทัน-อะ-ริน,ผู้มีความเจริญ
ธัญอินทร์,ทัน-อิน,ผู้มีสิริมงคลและอุดมสมบูรณ์และเป็นใหญ่
ธันต์นลิน,ทัน-นะ-ลิน,ผู้มั่นคงงดงามดุจดอกบัว
ธันต์นลินต์,ทัน-นะ-ลิน,ผู้มั่นคงงดงามดุจดอกบัว
ธานันท์,ทา-นัน,ผู้มีความสุข ความมั่นคง และความยินดี
ธานินทร์,ทา-นิน,ผู้เป็นใหญ่ในถิ่นฐานและมีถิ่นฐานมั่นคง
ธาม,ทาม,รัศมีหรือความงามอันสว่างไสว
ธามธร,ทาม-ทอน,ผู้มีธรรมะ การค้ำจุน และรัศมีงาม
ธามน,ทา-มน,ผู้มีรัศมีงดงามในใจ
ธามิศ,ทา-มิด,ผู้เป็นใหญ่แห่งความสว่างงาม
ธาร,ทาน,ผู้เป็นสายน้ำแห่งความชุ่มเย็น
ธารกร,ทาน-กอน,ผู้เป็นสายน้ำแห่งความชุ่มเย็นและสร้างสรรค์
ธารณ์,ทาน,ผู้ค้ำจุนหรือรองรับไว้
ธารณา,ทา-ระ-นา,ผู้เป็นสายน้ำแห่งความชุ่มเย็น
ธารธร,ทาน-ทอน,ผู้ทรงไว้ซึ่งสายน้ำ
ธารวัท,ทาน-วัด,ผู้มีถ้อยคำอันไพเราะดุจสายน้ำ
ธารวิน,ทาน-วิน,ผู้เป็นสายน้ำแห่งความชุ่มเย็น
ธารัช,ทา-รัด,ผู้เกิดจากสายน้ำ
ธารา,ทา-รา,สายน้ำที่ไหลริน
ธาราธิน,ทา-รา-ทิน,ผู้มีสายน้ำแห่งปัญญา
ธารารัตน์,ทา-รา-รัด,สายน้ำอันมีค่าดุจอัญมณี
ธาราริน,ทา-รา-ริน,สายน้ำที่ไหลริน
ธาราวร,ทา-รา-วอน,สายน้ำอันประเสริฐ
ธาราวรรณ,ทา-รา-วัน,ผู้มีผิวพรรณงดงามดุจสายน้ำ
ธาราวรรษ,ทา-รา-วัด,ผู้มีความประเสริฐ
ธาราวรศิริ,ทา-รา-วะ-ริน-สอน,ผู้มีความประเสริฐและความงดงาม
ธาราวิน,ทา-รา-วิน,สายน้ำแห่งความสำเร็จและปัญญา / ผู้มีปัญญาดุจสายน้ำ
ธาราอริน,ทา-รา-อะ-ริน,สายน้ำที่งดงามของผู้เป็นใหญ่
ธาราอิน,ทา-รา-อิน,สายน้ำของผู้เป็นใหญ่ / สายน้ำของพระอินทร์
ธาริก,ทา-ริก,ผู้มีความเกื้อหนุนและความสว่าง
ธาริณ,ทา-ริน,ผู้มีความเกื้อหนุน
ธาริณท์,ทา-ริน,ผู้มีความเป็นผู้นำและความเกื้อหนุน
ธาริณา,ทา-ริ-นา,ผู้เป็นสายน้ำแห่งความชุ่มเย็นและค้ำจุนและนำพา
ธาริน,ทา-ริน,ผู้มีความเกื้อหนุน
ธารินท์,ทา-ริน,ผู้มีความเป็นผู้นำและความเกื้อหนุน
ธารินทร์,ทา-ริน,ผู้มีความเป็นผู้นำ
ธารินวิน,ทา-ริน-วิน,ผู้มีความก้าวหน้า
ธารี,ทา-รี,ผู้ทรงไว้ / ผู้ค้ำจุน
ธารีธา,ทา-รี-ทา,ผู้มีความสร้างสรรค์และความเกื้อหนุน
ธารีรา,ทา-รี-รา,ผู้มีความรุ่งเรืองและความเกื้อหนุน
ธาวัท,ทา-วัด,ผู้มีความบริสุทธิ์ / ผู้สะอาด
ธาวัทธร,ทา-วัด-ทอน,ผู้ค้ำจุนความมั่นคงยั่งยืน
ธาวัน,ทา-วัน,ผู้เปี่ยมด้วยธรรมะ
ธาวาริน,ทา-วา-ริน,ผู้บริสุทธิ์ผู้เป็นใหญ่
ธาวิน,ทา-วิน,ผู้ชนะ
ธาวินท์,ทา-วิน,ผู้บริสุทธิ์ผู้เป็นใหญ่ / ผู้สะอาดผู้เป็นใหญ่
ธาวินธร,ทา-วิน-ทอน,ผู้มีความบริสุทธิ์ ความเกื้อหนุน และความเป็นเลิศ
ธาวินธา,ทา-วิน-ทา,ผู้มีความสร้างสรรค์ ความบริสุทธิ์ และความเป็นเลิศ
ธาวินธิน,ทา-วิน-ทิน,ผู้ขยันและมีความเพียร
ธาวินภัทร,ทา-วิน-พัด-ทรอ,ผู้มีความก้าวหน้าและความดีงาม
ธาวินา,ทา-วิ-นา,หญิงผู้ขยัน
ธำมรงค์,ทำ-มะ-รง,ผู้เปี่ยมด้วยธรรมะ
ธำรง,ทำ-รง,ผู้ดำรงรักษาไว้
ธำรงค์,ทำ-รง,ผู้ดำรงรักษาไว้
ธิติ,ทิ-ติ,ความเพียร
ธิติภัค,ทิ-ติ-พัก,ผู้มีปัญญาอันเจริญ
ธิติยา,ทิ-ติ-ยา,หญิงผู้มีความเพียร
ธินันดา,ทิ-นัน-ดา,ผู้มีความเพียรและมีความสุข
ธินันท์,ทิ-นัน,ผู้มีธรรมะและความสุขยินดี
ธิบวดี,ทิบ-วะ-ดี,หญิงผู้เป็นหัวหน้า
ธิพาภรณ์,ทิ-พา-พอน,เครื่องประดับของผู้เป็นใหญ่
ธิมล,ทิ-มน,ผู้มีธรรมะและความละมุน
ธิรินทร์ญา,ทิ-ริน-ยา,ผู้มีปัญญาและความเป็นใหญ่มั่นคง
ธิวาลักษณ์,ทิ-วา-ลัก,ผู้มีฐานะแห่งความดี ความละมุน และลักษณะงดงาม
ธิโวนา,ทิ-โว-นา,ผู้มีธรรมะและความอ่อนโยนสง่างาม
ธิษณ์,ทิด,ผู้เปี่ยมด้วยฐานะแห่งความดี
ธิษณา,ทิด-สะ-นา,ผู้มีฐานะแห่งความดีและความอ่อนโยนสง่างาม
ธีญา,ที-ยา,ผู้มีปัญญาและความรู้
ธีธัช,ที-ทัด,ผู้เป็นธงแห่งเกียรติและมีปัญญา
ธีธิน,ที-ทิน,ผู้มีธรรมะและปัญญามั่นคง
ธีมานันท์,ที-มา-นัน,ผู้มีปัญญาและความยินดี
ธีมารัตน์,ที-มะ-รัด,ผู้มีปัญญาอันล้ำค่า
ธีมาวิวัฒน์,ที-มา-วิด,ผู้มีปัญญาที่ก้าวหน้า
ธีร์,ที,ผู้มีปัญญา
ธีรกูล,ที-ระ-กูน,เชื้อสายของปราชญ์
ธีรเจต,ที-ระ-เจด,ปราชญ์ผู้กล้าหาญและมีปัญญา
ธีรเจตต์,ที-ระ-เจด,ปราชญ์ผู้กล้าหาญและมีปัญญา
ธีร์ช,ที,ผู้มีปัญญา
ธีรญา,ที-ระ-ยา,ปราชญ์ผู้กล้าหาญ ผู้มีปัญญา และมีความรู้
ธีรณัฐ,ที-ระ-นัด,ปราชญ์ผู้เป็นนักปราชญ์
ธีรดล,ที-ระ-ดน,ปราชญ์ผู้กล้าหาญ ผู้มีปัญญา และบันดาลให้เกิดผล
ธีรดา,ที-ระ-ดา,ผู้มีปัญญา
ธีร์ธนดล,ที-ทะ-นะ-ดน,ผู้มีความกล้าหาญ ความมั่งคั่ง และคุณค่า
ธีร์ธร,ที-ทอน,ผู้มีปัญญา
ธีรธรรม,ที-ระ-ทำ,ผู้มีปัญญาและความดีงาม
ธีร์ธวัช,ที-ทะ-วัด,ผู้มีความกล้าหาญ เกียรติยศ และความมั่นคง
ธีรธิน,ที-ระ-ทิน,ผู้มีความคิดอันลึกซึ้ง
ธีร์นนท์,ที-นน,ผู้มีปัญญาและความยินดี
ธีรนภ,ที-ระ-นบ,ผู้มีปัญญาและความกว้างไกล
ธีรนันท์,ที-ระ-นัน,ผู้มีปัญญาและความยินดี
ธีรนาฎ,ที-ระ-นาด,ปราชญ์ผู้กล้าหาญและมีปัญญา
ธีรบูรณ์,ที-ระ-บูน,นักปราชญ์ผู้มีปัญญาอันสมบูรณ์พร้อม
ธีรพล,ที-ระ-พน,ผู้มีปัญญา
ธีรภณ,ที-ระ-พน,ผู้มีปัญญา
ธีรภวิน,ที-ระ-พะ-วิน,ผู้มีปัญญาและความก้าวหน้า
ธีรภัทร,ที-ระ-พัด,ผู้มีปัญญาและความดีงาม
ธีรภัทร์,ที-ระ-พัด,ผู้มีปัญญาและความดีงาม
ธีรภา,ที-ระ-พา,ผู้มีปัญญาและความสว่าง
ธีรมนต์,ที-ระ-มน,ปราชญ์ผู้กล้าหาญและมีปัญญา
ธีรรพ,ที-ระ-พัน,ผู้มีปัญญาอันโด่งดัง
ธีรรัตน์,ที-ระ-รัด,ผู้มีปัญญา คุณค่า และความงดงาม
ธีรรัตนา,ที-ระ-นัด-ตะ-นะ,ผู้มีปัญญาอันล้ำค่า
ธีรรินี,ที-ระ-ริ-นี,ผู้มีปัญญา
ธีรเรศ,ที-ระ-เรด,ผู้เป็นประมุขแห่งปัญญา
ธีรโรจน์,ที-ระ-โรด,ปราชญ์ผู้กล้าหาญ ผู้มีปัญญา และรุ่งเรืองสว่างไสว
ธีรวร,ที-ระ-วอน,ผู้มีปัญญาและความประเสริฐ
ธีรวรา,ที-ระ-วะ-รา,ผู้มีปัญญาและความประเสริฐ
ธีร์วรา,ที-วะ-รา,ผู้มีปัญญาและความประเสริฐ
ธีรวรินทร์,ที-ระ-วะ-ริน,ปราชญ์ผู้กล้าหาญ ผู้มีปัญญา และเป็นใหญ่และประเสริฐ
ธีรวัชร,ที-ระ-วัด,ปราชญ์ผู้กล้าหาญและมีปัญญา
ธีรวัชร์,ที-ระ-วัด,ผู้มีปัญญา
ธีรวัฒน์,ที-ระ-วัด,ผู้มีปัญญาและความเจริญ
ธีรวิชญ์,ที-ระ-วิด,ผู้มีปัญญาและความรู้
ธีรวิณ,ที-ระ-วิน,ผู้มีปัญญา
ธีรวินท์,ที-ระ-วิน,ปราชญ์ผู้กล้าหาญและมีปัญญา
ธีรวินิจ,ที-ระ-วิ-นิด,ปราชญ์ผู้กล้าหาญ ผู้มีปัญญา และผู้มั่นคงเป็นนิตย์
ธีรวุฒิ,ที-ระ-วุด,ผู้มีปัญญาอันรุ่งเรือง
ธีรศร,ที-ระ-สอน,ผู้มีปัญญาและความมุ่งมั่น
ธีรศักดิ์,ที-ระ-สัก,ผู้มีปัญญาและเกียรติยศ
ธีรศิลป์,ที-ระ-สิน,ผู้มีปัญญา
ธีรสิทธิ์,ที-ระ-สิด,ผู้มีปัญญาและความสำเร็จ
ธีรสุชา,ที-ระ-สุ-ชา,ผู้มีปัญญาและชาติกำเนิดอันดีงาม
ธีร์สุตา,ที-สุ-ตา,ผู้มีปัญญาที่ได้รับการสั่งสม
ธีระ,ที-ระ,ปราชญ์ผู้กล้าหาญและมีปัญญา
ธีระวัฒชัย,ที-ระ-วัด-ไช,นักปราชญ์ผู้มีความเจริญรุ่งเรืองและมีชัยชนะ
ธีรักษ์,ที-รัก,ปราชญ์ผู้กล้าหาญ ผู้มีปัญญา และปกป้องรักษา
ธีรัช,ที-รัด,ปราชญ์ผู้กล้าหาญ ผู้มีปัญญา และรุ่งเรืองด้วยอำนาจ
ธีรัชญ์,ที-รัด,ปราชญ์ผู้กล้าหาญ ผู้มีปัญญา และรุ่งเรืองด้วยอำนาจ
ธีรา,ที-รา,ปราชญ์ผู้กล้าหาญและมีปัญญา
ธีราทิพย์,ที-ระ-ทิบ,ผู้มีปัญญา
ธีรานันท์,ที-รา-นัน,ผู้มีปัญญาและความยินดี
ธีรานุช,ที-รา-นุด,หญิงสาวผู้ฉลาดและงดงาม
ธีราพงศ์,ที-ระ-พง,ผู้มีปัญญา
ธีราพัทธ์,ที-ระ-พัด,ผู้เกี่ยวข้องกับปัญญา
ธีริทธ์,ที-ริด,ปราชญ์ผู้กล้าหาญและมีปัญญา
ธีริน,ที-ริน,ผู้ประกอบด้วยความฉลาด
ธีริศร์,ที-ริด,ปราชญ์ผู้กล้าหาญและมีปัญญา
ธีริศรา,ที-ริด-สะ-รา,ผู้มีความมุ่งมั่น ความกล้าหาญ และปัญญา
ธุระจริง,ทุ-ระ-จิง,ผู้เปี่ยมด้วยการดำเนินชีวิต
ธุวธรรม,ทุ-วะ-ทำ,ผู้ตั้งมั่นในธรรม ผู้ค้ำจุน และมั่นคงถาวร
ธุวนนท์,ทุ-วะ-นน,ผู้มั่นคงถาวรและมีความสุขยินดี
ธุวนิช,ทุ-วะ-นิด,ผู้มั่นคงถาวรและมีคุณเฉพาะตน
ธุวนิษฐ์,ทุ-วะ-นิด,ผู้มั่นคงถาวรและมั่นคงในความดี
ธุวรัญ,ทุ-วะ-รัน,ผู้มั่นคงถาวรและประเสริฐ
ธุววิช,ทุ-วะ-วิด,ผู้มั่นคงถาวร
ธุวานนท์,ทุ-วา-นน,ผู้มั่นคงถาวรและมีความสุขยินดี
ธุวานัณท์,ทุ-วา-นัน,ผู้มั่นคงถาวร
ธุวานันท์,ทุ-วา-นัน,ผู้มีความสุขถาวร
เธคญา,เท-คะ-ยา,ผู้มีความรู้และความอ่อนโยนสง่างาม
นกจอมทอง,นก-จอม-ทอง,ผู้มีความเป็นเลิศและความมั่งคั่ง
นคมน,นะ-คะ-มน,ผู้มีจิตใจสูงส่ง
นครวินท์,นะ-คอน-วิน,ผู้มีชัยชนะและความสุขยินดี
นครินทร์,นะ-คะ-ริน,ผู้มีความเป็นผู้นำ
นฏกร,นะ-ตะ-กอน,ผู้มีความสร้างสรรค์
นทจร,นด-จะ-ระ,ผู้มีการดำเนินชีวิตและความมั่นคงสูงส่ง
นทณัฐ,นะ-ทัด-ถะ,ผู้มีปัญญานักปราชญ์และปัญญา
นธกร,นะ-ทะ-กอน,ผู้เป็นที่พึ่งพิง
นธิน,นะ-ทิน,ผู้เปี่ยมด้วยธรรมะ
นนท์,นน,ผู้มีความสุขยินดี
นนทณัฐ,นน-ทะ-นัด,ผู้มีความสุขยินดีและนักปราชญ์ผู้มีปัญญา
นนท์นภัสร์,นน-นะ-พัด,ผู้มีความสุข ความยินดี และความสว่าง
นนทนันท์,นน-ทะ-นัน,ผู้เปี่ยมด้วยความสุขยินดี
นนท์ปวิฎษ์,นน-ปะ-วิด,ผู้มีการคุ้มครองและความสุขยินดี
นนท์ปวิธ,นน-ปะ-วิด,ผู้ก่อให้เกิดความสุข
นนท์รวิศ,นน-ระ-วิด,ผู้มีความสุขยินดี
นนทรี,นน-ทรี,ผู้เปี่ยมด้วยความมั่นคง
นนทวร,นน-ทะ-วอน,ผู้มีความสุขยินดีและประเสริฐ
นนทวรรษ,นน-ทะ-วัด,การโปรยปรายความสุข
นนทวัช,นน-ทะ-วัด,ผู้เปี่ยมด้วยความนุ่มนวล
นนทวัชร์,นน-ทะ-วัด,ผู้มีความสุขยินดีและแข็งแกร่งดุจเพชร
นนทัช,นน-ทัด,ผู้เปี่ยมด้วยการสัมผัสความสำเร็จ
นนทิกร,นน-ทิ-กอน,ผู้มีความสุขยินดีและสร้างสรรค์
นนทิญา,นน-ทิ-ยา,ผู้มีความสุขยินดีและมีความรู้
นนทิภร,นน-ทิ-พอน,ผู้มีความสุขยินดีและค้ำจุน
นนทิภัค,นน-ทิ-พัก,ผู้มีความสุขยินดีและมีโชค
นนทิวรรธน์,นน-ทิ-วัด,ผู้มีทรัพย์และคุณค่า ผู้มีความสุขยินดี และประเสริฐ
นนทิเวท,นน-ทิ-เวด,ผู้มีความสุขยินดีและมีความรู้
นนธวัช,นน-ทะ-วัด,ผู้เปี่ยมด้วยธรรมะ
นนน,นน-นน,ผู้เปี่ยมด้วยความนุ่มนวล
นนวริล,นน-วะ-ริน,ผู้มีความละมุนและความประเสริฐ
นภจร,นบ-พะ-จอน,ผู้สูงส่งดั่งฟ้า
นภธร,นะ-พะ-ทอน,ผู้ค้ำจุนและสูงส่งดั่งฟ้า
นภธาร,นะ-พะ-ทาน,ผู้เป็นสายน้ำแห่งความชุ่มเย็นและสูงส่งดั่งฟ้า
นภนต์,นะ-พน,ผู้สูงส่งดั่งฟ้า
นภมินทร์,นบ-พะ-มิน,ผู้สูงส่งดั่งฟ้า
นภวินท์,นะ-พะ-วิน,ผู้มีความกว้างไกลและความก้าวหน้า
นภษร,นะ-พะ-สอน,ผู้สูงส่งและงดงามดั่งฟ้า
นภัค,นะ-พัก,ผู้สูงส่งดั่งฟ้าและมีโชค
นภัครินทร์,นะ-พัก-คะ-ริน,ผู้สูงส่งดั่งฟ้า ผู้มีโชค และเป็นใหญ่
นภัทร,นะ-พัด,ผู้สูงส่งและดีงาม ผู้สูงส่งดั่งฟ้า และดีงามเป็นมงคล
นภัศญา,นะ-พัด-สะ-ยา,ผู้สูงส่งดั่งฟ้าและมีความรู้
นภัส,นะ-พัด,ผู้มีความกว้างไกล
นภัสญาลักษณ์,นะ-พัด-สะ-ยา-ลัก,ผู้มีความกว้างไกล ปัญญา และความงดงาม
นภัสญาวรัญญา,นะ-พัด-สะ-ยาน-วัน-ระ-ยา,ผู้มีความกว้างไกล ปัญญา และความยินดี
นภัสธนันท์,นะ-พัด-ทะ-นัน,ผู้มีความสุข ความมั่งคั่ง และคุณค่า
นภัสรานันท์,นะ-พัด-สะ-รา-นัน,ผู้มีความสุข ความยินดี และความสว่าง
นภัสริน,นะ-พัด-ริน,ผู้มีความกว้างไกล
นภัสวรรณ,นะ-พัด-สะ-วัน,ผู้มีความกว้างไกลและความงดงาม
นภัสสร,นะ-พัด-สอน,สิ่งประเสริฐจากท้องฟ้า
นภาดา,นะ-พา-ดา,ผู้ท้องฟ้าให้มา
นภาพร,นะ-พา-พอน,ผู้มีความกว้างไกล
นภาวรรณ,นะ-พา-วัน,ผู้มีความกว้างไกลและความงดงาม
นภิน,นะ-พิน,ผู้สูงส่งดั่งฟ้า
นภิศ,นะ-พิด,ผู้เป็นใหญ่และสูงส่งดั่งฟ้า
นมิ,นะ-มิ,ชื่อประดิษฐ์ สื่อถึงความดีงามและความเจริญ
นโมโชค,นะ-โม-โชก,ผู้นอบน้อมและมีโชคดี
นรกมล,นอ-ระ-กะ-มน,ผู้มีใจงามในหมู่คน
นรงค์,นะ-รง,ผู้เป็นมนุษย์ผู้มีคุณค่า
นรณัษฐ์,นอ-ระ-นัด,ผู้เป็นมนุษย์ผู้เปี่ยมปัญญา
นรธิน,นอ-ระ-ทิน,มนุษย์ผู้ฉลาด
นรธิป,นอ-ระ-ทิบ,ผู้ปกครองมนุษย์
นรธีร์,นอ-ระ-ที,ปราชญ์ผู้กล้าหาญ ผู้มีปัญญามั่นคง และมีปัญญา
นรภัทร,นอ-ระ-พัด,มนุษย์ผู้ดีงาม
นรภัทร์,นอ-ระ-พัด,ผู้เป็นมนุษย์ผู้มีคุณค่าและดีงามเป็นมงคล
นรมน,นอ-ระ-มน,ผู้มีจิตใจดีงาม
นรวร,นะ-ระ-วอน,ผู้ยอดเยี่ยมในหมู่ชน
นรวรรธน์,นอ-ระ-วัด,ผู้มีความประเสริฐ ความมั่งคั่ง และคุณค่า
นรวรา,นอ-ระ-วะ-รา,ผู้เป็นมนุษย์ผู้มีคุณค่าและประเสริฐ
นรวิณ,นอ-ระ-วิน,ผู้มีชัยชนะในหมู่คน
นรวิณธร,นอ-ระ-วิน-ทอน,ผู้มีสิ่งอันประเสริฐ
นรสรณ์,นอ-ระ-สอน,ผู้เป็นมนุษย์ผู้มีคุณค่าและเป็นที่พึ่งและความระลึก
นรัน,นะ-รัน,ผู้เป็นมนุษย์ผู้มีคุณค่า
นราธร,นะ-รา-ทอน,ผู้มีความสง่างาม คุณค่า และความเกื้อหนุน
นราธิป,นะ-รา-ทิบ,ผู้มีความเป็นผู้นำ ความสง่างาม และคุณค่า
นราวร,นะ-รา-วอน,ผู้มีความประเสริฐ ความสง่างาม และคุณค่า
นราวรรณ,นะ-รา-วัน,ผู้มีความสง่างาม คุณค่า และความงดงาม
นราวิช,นะ-รา-วิด,ผู้สง่างามในหมู่คนและเป็นมนุษย์ผู้มีคุณค่า
นราวิชญ์,นะ-รา-วิด,มนุษย์ผู้ทรงปัญญา / ผู้มีความรู้ในหมู่ชน
นราวุธ,นะ-รา-วุด,ผู้มีความสง่างามและคุณค่า
นราอร,นะ-รา-ออน,ผู้สง่างามในหมู่คนและเป็นมนุษย์ผู้มีคุณค่า
นริฎฐ์,นะ-ริด,ผู้ประเสริฐในหมู่คน
นริฏฐ์,นะ-ริด,ผู้ประเสริฐในหมู่คน
นริณธร,นะ-ริน-ทอน,ผู้ค้ำจุนและเป็นมนุษย์ผู้มีคุณค่า
นริน,นะ-ริน,ผู้มีความรื่นไหล
นรินท์,นะ-ริน,ผู้เป็นใหญ่ในหมู่คน
นรินทร,นะ-ริน-ทอน,ผู้เป็นใหญ่ในหมู่คนและเป็นมนุษย์ผู้มีคุณค่า
นรินทร์,นะ-ริน,ผู้มีความเป็นผู้นำ
นรินทร์ณัฏฐ,นะ-ริน-นัด-ถะ,ผู้มีความเป็นผู้นำ คุณค่า และปัญญา
นรินทร์ณัฐ,นะ-ริน-นัด,ผู้มีความเป็นผู้นำ คุณค่า และปัญญา
นรินทร์ธัช,นะ-ริน-ทัด,ผู้มีความเป็นผู้นำ เกียรติยศ และคุณค่า
นรินทร์ภัค,นะ-ริน-พัก,ผู้มีความเป็นผู้นำ คุณค่า และโชคลาภ
นรินทร์ภัทร์,นะ-ริน-พัด,ผู้มีความเป็นผู้นำ คุณค่า และความดีงาม
นรินทร์สิรี,นะ-ริน-สิ-รี,ผู้มีความเป็นผู้นำและคุณค่า
นรินทรา,นะ-ริน-ทรา,ผู้เป็นใหญ่ในหมู่คน
นรินธร,นะ-ริน-ทอน,ผู้มีความรื่นไหล
นรินภัทร,นะ-ริน-พัด-ทรอ,ผู้มีความดีงาม
นริลญา,นะ-ริน-ยา,ผู้มีความรู้ ความละมุน และความอ่อนโยนสง่างาม
นริศ,นะ-ริด,ผู้เป็นมนุษย์ผู้มีคุณค่า
นริศร,นะ-ริด-สอน,ผู้เป็นเจ้าเหนือคนทั้งปวง
นริศร์ธร,นะ-ริด-ทอน,ผู้ค้ำจุนและเป็นมนุษย์ผู้มีคุณค่า
นริศรา,นะ-ริด-สะ-รา,ผู้มีความมุ่งมั่นและคุณค่า
นริษฐ์,นะ-ริด,ผู้เป็นมนุษย์ผู้มีคุณค่า
นริษรา,นะ-ริด-สะ-รา,ผู้เป็นมนุษย์ผู้มีคุณค่า
นริสรา,นะ-ริด-สะ-รา,ผู้เป็นมนุษย์ผู้มีคุณค่า
นรี,นะ-รี,ผู้เป็นมนุษย์ผู้มีคุณค่าและหญิงผู้สง่างาม
นโรดม,นะ-โร-ดม,ผู้เปี่ยมด้วยความนุ่มนวล
นฤท,นะ-ริด,ผู้เปี่ยมด้วยความนุ่มนวล
นฤทัย,นะ-รึ-ไท,ผู้มีจิตใจบริสุทธิ์และงดงาม
นฤธร,นะ-รึ-ทอน,ผู้ค้ำจุนและเป็นบุรุษผู้มั่นคง
นฤนนท์,นะ-รึ-นน,ผู้มีความสุขยินดีและเป็นบุรุษผู้มั่นคง
นฤบดินทร์,นะ-รึ-บอ-ดิน,ผู้เป็นใหญ่เหนือปวงชน
นฤมล,นะ-รึ-มน,ผู้ปราศจากมลทิน
นฤวร,นะ-รึ-วอน,ผู้เป็นบุรุษผู้มั่นคงและประเสริฐ
นลชลกร,นน-ชน-ละ-กอน,ผู้มีมือสร้างความงดงามดุจดอกบัวในน้ำ
นลัท,นะ-ลัด,ผู้เปี่ยมด้วยความละมุน
นลัทธ์,นะ-ลัด,ผู้มีกลิ่นหอมชวนรื่นรมย์
นลิน,นะ-ลิน,ผู้บริสุทธิ์งดงามดุจดอกบัวและดอกบัวอันบริสุทธิ์
นลินกมล,นะ-ลิน-กะ-มน,ผู้มีความบริสุทธิ์และความงดงาม
นลินญา,นะ-ลิน-ยา,ผู้มีความบริสุทธิ์ ความรู้ และความงดงาม
นลินทิรา,นะ-ลิน-ทิ-รา,ผู้บริสุทธิ์งดงามดุจดอกบัวและดอกบัวอันบริสุทธิ์
นลินภัส,นะ-ลิน-พัด,ผู้มีความบริสุทธิ์ ความงดงาม และความสว่าง
นลินลฎา,นะ-ลิน-ละ-ดา,ผู้บริสุทธิ์งดงามดุจดอกบัวและดอกบัวอันบริสุทธิ์
นลิลอร,นะ-ลิน-ออน,หญิงงามดุจดอกบัว
นลิศรา,นะ-ลิด-สะ-รา,ผู้มีความละมุน ความมุ่งมั่น และความอ่อนโยนสง่างาม
นวกร,นะ-วะ-กอน,ผู้ใหม่ สดใส และก้าวหน้าและสร้างสรรค์
นวต,นะ-วะ-ตะ,ผู้มีความก้าวหน้า
นวธร,นะ-วะ-ทอน,ผู้มีความก้าวหน้า
นวน,นวน,ผู้เปี่ยมด้วยความนุ่มนวล
นวนจันทร์,นวน-จัน,ผู้มีแสงจันทร์และความมั่นคง
นวนิษฐ์,นะ-วิด,ผู้ใหม่ สดใส และก้าวหน้าและมั่นคงในความดี
นวพร,นะ-วะ-พอน,ผู้มีความก้าวหน้า
นวภร,นะ-วะ-พอน,ผู้ใหม่ สดใส และก้าวหน้าและค้ำจุน
นวภัสร์,นะ-วะ-พัด,ผู้ใหม่ สดใส และก้าวหน้าและเปล่งแสงสว่าง
นวมลล์,นะ-วะ-มน,ผู้ใหม่และผ่องใส
นวมินทร์,นะ-วะ-มิน,ผู้เปี่ยมด้วยความมั่นคง
นวรัตน์,นะ-วะ-รัด,ผู้มีความก้าวหน้า คุณค่า และความงดงาม
นวลจันทร์,นวน-จัน,ผู้มีความก้าวหน้าและความสง่างาม
นวลนารา,นวน-นา-รา,ผู้ผุดผ่องอ่อนละมุนและใหม่ สดใส และก้าวหน้า
นวลลออ,นวน-ละ-ออ,ผู้ผุดผ่องอ่อนละมุนและใหม่ สดใส และก้าวหน้า
นวลละออง,นวน-ละ-อง,ผู้ผุดผ่องอ่อนละมุนและใหม่ สดใส และก้าวหน้า
นวลลักษณ์,นวน-ละ-ลัก,ผู้มีความก้าวหน้าและความงดงาม
นวลวรรณ,นวน-วัน,ผู้มีความก้าวหน้าและความงดงาม
นวลอนันต์,นวน-อะ-นัน,ผู้มีความก้าวหน้า
นวลอร,นวน-ละ-ออน,ผู้ผุดผ่องอ่อนละมุนและใหม่ สดใส และก้าวหน้า
นววินท์,นะ-วะ-วิน,ผู้มีความก้าวหน้า
นวะ,นะ-วะ,จำนวนเก้า
นวัช,นะ-วัด,ผู้ใหม่และแข็งแกร่งดุจเพชร
นวัชวรมน์,นะ-วัด-ชะ-วะ-มอน,ใจที่งดงามเสมอ
นวัธ,นะ-วัด,ผู้ใหม่และมั่นคง
นวันธร,นะ-วัน-ทอน,ผู้ค้ำจุนและใหม่ สดใส และก้าวหน้า
นวัส,นะ-วัด,ผู้สดใหม่และรุ่งเรือง
นวิท,นะ-วิด,ผู้เปี่ยมด้วยความรู้
นวิน,นะ-วิน,ผู้เปี่ยมด้วยชัยชนะ
นวินดา,นะ-วิน-ดา,ผู้มีความสดใสสดชื่นเสมอ
นวิษฐ์,นะ-วิด,ผู้ริเริ่มสิ่งใหม่ๆ / ผู้สดใสอยู่เสมอ
นักรบ,นัก-รบ,ผู้ต่อสู้
นัจกร,นัด-จะ-กอน,ผู้เกิดมาเพื่อสร้างสรรค์
นัชญภัค,นัด-ชะ-ยะ-พัก,ผู้เกิดมาเพื่อความดีและมีโชค
นัชปัณม์,นัด-ปัน,ผู้เปี่ยมด้วยฐานะแห่งความดี
นัฐกิจ,นัด-ถะ-กิด,ผู้มีการงานและความฉลาดว่องไว
นัฐธิฌา,นัด-ทิ-ชา,ผู้มีปัญญาลึกซึ้งและความอ่อนโยนสง่างาม
นัฐพงษ์,นัด-ถะ-พง,ผู้เปี่ยมด้วยวงศ์ตระกูล
นัฐมล,นัด-ถะ-มน,ผู้เปี่ยมด้วยความละมุน
นัฐวุธ,นัด-ถะ-วุด,นักปราชญ์ผู้มีปัญญาและผู้มีพลังป้องกัน
นัทฏิมา,นัด-ติ-มา,ผู้มีความรู้และสง่างาม
นัทธ์ชวัล,นัด-ชะ-วัน,ผู้มีความว่องไว ความละมุน และความรู้
นัทธ์ธนัน,นัด-ทะ-นัน,ผู้มีทรัพย์และคุณค่าและเปี่ยมความรู้
นัทธมน,นัด-ทะ-มน,ใจที่ผูกพันยึดมั่น
นัทธวัชร์,นัด-ทะ-วัด,ผู้มีความรู้ เกียรติยศ และชัยชนะ
นัทธิ์,นัด,ผู้ผูกพันด้วยความรู้
นัธมล,นัด-ทะ-มน,ผู้ผูกพันกับใจอันงดงาม
นันต์ชวัล,นัน-ชะ-วัน,ผู้มีความว่องไวและความละมุน
นันทญา,นัน-ทะ-ยา,ผู้มีความสุขยินดีและมีความรู้
นันท์ธร,นัน-ทอน,ผู้ค้ำจุนและมีความสุขยินดี
นันทนภัส,นัน-ทะ-นะ-พัด,ผู้มีความสุข ความยินดี และความสว่าง
นันท์นภัส,นัน-นะ-พัด,ผู้มีความยินดีและความกว้างไกล
นันท์นภัสร์,นัน-นะ-พัด,ผู้มีความสุข ความยินดี และความสว่าง
นันท์นภิศ,นัน-นะ-พิด,ผู้มีความสุขยินดีและสูงส่งดั่งฟ้า
นันท์นรินทร์,นัน-นะ-ริน,ผู้มีความเป็นผู้นำ ความสุข และคุณค่า
นันท์นรี,นัน-นะ-รี,ผู้มีความสง่างาม ความสุข และคุณค่า
นันท์นลิน,นัน-นะ-ลิน,ผู้มีความยินดีและความอ่อนโยน
นันทนัช,นัน-ทะ-นัด,ผู้มีความสุขยินดีและเกิดมาเพื่อความดี
นันทนัท,นัน-ทะ-นัด,ผู้มีความสุขยินดีและเปี่ยมความรู้
นันทนา,นัน-ทะ-นา,ผู้นำความยินดีมาให้
นันทพงศ์,นัน-ทะ-พง,ผู้สืบเชื้อสายแห่งความรื่นเริง
นันท์มนัส,นัน-มะ-นัด,ผู้มีความสุขยินดีและมีจิตใจ
นันทวงษ์,นัน-ทะ-วง,ผู้เปี่ยมด้วยวงศ์ตระกูล
นันทวัฒน์,นัน-ทะ-วัด,ผู้มีความยินดีและความเจริญ
นันทวิช,นัน-ทะ-วิด,ผู้มีคุณสองประการและความรู้
นันทศักดิ์,นัน-ทะ-สัก,ผู้มีความยินดีและเกียรติยศ
นันทะ,นัน-ทะ,ผู้เปี่ยมด้วยความนุ่มนวล
นันทิช,นัน-ทิด,ผู้เปี่ยมด้วยความนุ่มนวล
นันทิชา,นัน-ทิ-ชา,ผู้ให้กำเนิดความสุข
นันทิญา,นัน-ทิ-ยา,ผู้มีความสุขยินดีและมีความรู้
นันทิน,นัน-ทิน,ผู้รื่นเริงยินดี
นันทิภร,นัน-ทิ-พอน,ผู้มีความสุขยินดีและค้ำจุน
นันทิมา,นัน-ทิ-มา,ผู้มีความนุ่มนวลและความอ่อนโยนสง่างาม
นันทิวร,นัน-ทิ-วอน,ผู้มีความสุขยินดีและประเสริฐ
นันทิวรรธน์,นัน-ทิ-วัด,ผู้มีทรัพย์และคุณค่า ผู้มีความสุขยินดี และประเสริฐ
นันทิวา,นัน-ทิ-วา,ผู้มีความนุ่มนวลและความอ่อนโยนสง่างาม
นันทิศ,นัน-ทิด,ผู้เป็นใหญ่ในความยินดี
นันธกร,นัน-ทะ-กอน,ผู้ผูกพันด้วยความสุขและสร้างสรรค์
นันธกันต์,นัน-ทะ-กัน,ผู้เปี่ยมด้วยการคุ้มครอง
นันธ์ชวัล,นัน-ชะ-วัน,ผู้มีความว่องไวและความละมุน
นันธนิษฐ์,นัน-ทะ-นิด,ผู้มีความมั่งคั่ง ความสุข และคุณค่า
นับเงิน,นับ-เงิน,ผู้รู้จักนับและรักษาทรัพย์
นาคคง,นา-คง,พญานาค ผู้ยิ่งใหญ่และคุ้มครอง
นาคคำ,นาก-คำ,พญานาค ผู้ยิ่งใหญ่และคุ้มครอง
นาคเงิน,นาก-เงิน,พญานาค ผู้ยิ่งใหญ่และคุ้มครอง
นาคดิลก,นาก-ดิน-ละ-กด,พญานาค ผู้ยิ่งใหญ่และคุ้มครอง
นาคนาวา,นาก-นา-วา,พญานาค ผู้ยิ่งใหญ่และคุ้มครองและผู้นำพาชีวิตดุจเรือ
นาคนิรันดร์,นาก-นิ-รัน,พญานาค ผู้ยิ่งใหญ่และคุ้มครอง
นาคะธัช,นา-คะ-ทัด,ผู้เป็นธงแห่งเกียรติและพญานาค ผู้ยิ่งใหญ่และคุ้มครอง
นาคิณ,นา-คิน,ผู้มีความสง่างามดุจพญานาค
นาคิน,นา-คิน,ผู้มีอำนาจสง่างามดุจพญานาค
นาโค,นา-โค,พญานาค ผู้ยิ่งใหญ่และคุ้มครอง
นาฏนารี,นาด-นา-รี,ผู้มีศิลปะงดงามและหญิงผู้สง่างาม
นาธาร,นา-ทาน,ผู้มีธรรมะและความมั่นคงสูงส่ง
นาธิน,นา-ทิน,ผู้เปี่ยมด้วยธรรมะ
นาธิป,นา-ทิบ,ผู้มีธรรมะและความเป็นใหญ่
นานนท์,นาน-นน,ผู้เปี่ยมด้วยความสุขยินดี
นามนคร,นา-มน-คอน,ผู้มีความมั่นคงดุจเมืองใหญ่และมีชื่อเสียงดีงาม
นามิ,นา-มิ,ผู้เป็นที่รู้จัก
นารอบคำ,นา-รอบ-คำ,ผู้เปี่ยมด้วยทองคำ
นารา,นา-รา,รัศมีอันสดใส
นาราธร,นา-รา-ทอน,ผู้มีธรรมะ การค้ำจุน และความมั่นคงสูงส่ง
นาราธา,นา-รา-ทา,ผู้มอบแสงสว่าง
นาราวิน,นา-รา-วิน,ผู้มีรัศมี
นาริฐา,นา-ริ-ถา,ผู้มีความตั้งมั่นและความอ่อนโยนสง่างาม
นาริณ,นา-ริน,ผู้เปี่ยมด้วยฐานะแห่งความดี
นาริณธิน,นา-ริน-ทิน,หญิงผู้มีสิริมงคล
นาริน,นา-ริน,ผู้เปี่ยมด้วยความอ่อนละมุนดุจสายน้ำ
นารินทร์,นา-ริน,ผู้มีความเป็นผู้นำ
นารินธา,นา-ริน,ผู้มีธรรมะ ความอ่อนละมุนดุจสายน้ำ และความอ่อนโยนสง่างาม
นารินา,นา-ริ-กา,หญิงผู้มีเสน่ห์
นารีนาถ,นา-รี-นาด,หญิงผู้เป็นเจ้า
นารีรัตน์,นา-รี-รัด,ผู้มีคุณค่าและความงดงาม
นารีริน,นา-รี-ริน,ผู้มีความอ่อนละมุนดุจสายน้ำและความสง่างาม
นารีวรรณ,นา-รี-วัน,ผู้มีความงดงาม
นาไร,นา-ไร,ผู้มีความนุ่มนวลและความมั่นคงสูงส่ง
นาวัท,นา-วัด,ผู้มีเรือ
นาวัทธร,นา-วัด-ทอน,ผู้รับผิดชอบเรือ
นาวา,นา-วา,เรือ
นาวาธิน,นา-วา-ทิน,ผู้มีความคิดเกี่ยวกับเรือ
นาวารักษ์,นา-วา-รัก,ผู้นำพาชีวิตดุจเรือและปกป้องรักษา
นาวาริน,นา-วา-ริน,เรือในแม่น้ำ
นาวารี,นา-วา-รี,ผู้เปี่ยมด้วยความนุ่มนวล
นาวิก,นา-วิก,ผู้เดินทางด้วยเรือ
นาวิณ,นา-วิน,ผู้ได้มาซึ่งเรือ
นาวิธร,นา-วิ-ทอน,ผู้ค้ำจุนหนทางแห่งเรือชีวิต
นาวิน,นา-วิน,ผู้เดินทางด้วยเรือ
นาวินท์,นา-วิน,ผู้แสวงหาความรู้หรือสิ่งที่เกี่ยวข้องกับเรือ
นาวินทร์,นา-วิน,ผู้เป็นใหญ่แห่งการเดินเรือ
นาวินธร,นา-วิน-ทอน,ผู้มีความสามารถในการเดินเรือ
นาวินธา,นา-วิน-ทา,ผู้ก่อให้เกิดความสำเร็จในการเดินเรือ
นาวินธิน,นา-วิน-ทิน,ผู้มีความคิดเฉียบแหลมในการเดินทางด้วยเรือ
นาวินภัทร,นา-วิน-พัด-ทรอ,ผู้มีความก้าวหน้าและความดีงาม
นาวินวัท,นา-วิน-วัด,ผู้เดินทางด้วยเรือที่มีความก้าวหน้า
นาวินา,นา-วิ-นา,ผู้เป็นนาวิกหญิง
นาวินาอิน,นา-วิ-นา-อิน,ผู้มีอำนาจในการเดินทาง
นาวิล,นา-วิน,ผู้เปี่ยมด้วยความละมุน
นาหอคำ,นา-หอก-คำ,ผู้มีถิ่นฐานงดงามดุจหอทอง
นำโชค,นำ-โชก,ผู้เปี่ยมด้วยความนุ่มนวล
นิ,นิ,ผู้เปี่ยมด้วยความนุ่มนวล
นิกม์,นิก,ผู้เปี่ยมด้วยใจงาม
นิกร,นิ-กอน,หมู่ชนหรือกลุ่มคนและสร้างสรรค์
นิกษา,นิก-สา,การพิเคราะห์อย่างถี่ถ้วน
นิจจรา,นิด-จะ-รา,ผู้มีการดำเนินชีวิตและความอ่อนโยนสง่างาม
นิจจารีย์,นิด-จา-รี,ผู้มั่นคงเป็นนิตย์และประพฤติตามแบบแผนดีงาม
นิจฉรา,นิด-ฉะ-รา,ผู้มั่นคงดุจดวงดาว
นิจประกิจ,นิด-ประ-กิด,ผู้มีการงานและความฉลาดว่องไว
นิจวรา,นิด-วะ-รา,ผู้มั่นคงเป็นนิตย์และประเสริฐ
นิจวรีย์,นิด-จะ-วะ-รี,ผู้มั่นคงเป็นนิตย์และประเสริฐ
นิช,นิด,ผู้เปี่ยมด้วยความนุ่มนวล
นิชคุณ,นิด-ชะ-คุน,ผู้มีคุณเฉพาะตนและเปี่ยมคุณธรรม
นิชญา,นิ-ชะ-ยา,ผู้มีคุณเฉพาะตนและผู้มีความรู้
นิชวิชญ์,นิ-ชะ-วิด,ผู้มีคุณเฉพาะตนและนักปราชญ์ผู้รู้
นิฏฐา,นิด-ถา,ผู้มีความตั้งมั่นและความอ่อนโยนสง่างาม
นิติกฤตย์,นิ-ติ-กริด,ผู้มีกิจอันเป็นแบบแผน
นิติธร,นิ-ติ-ทอน,ผู้ยึดมั่นในแบบแผน
นิติพงษ์,นิ-ติ-พง,ผู้สืบเชื้อสายแห่งแบบแผนอันดีงาม
นิติพร,นิ-ติ-พอน,ผู้ได้รับพรจากกฎหมาย
นิติภัทร,นิ-ติ-พัด,ผู้มีสิริมงคล
นิทธนต์,นิด-ทน,ผู้เปี่ยมด้วยทรัพย์
นิทธันต์,นิด-ทัน,ผู้เปี่ยมด้วยธรรมะ
นิทรา,นิด-ซา,ผู้มีความมั่นคงและความอ่อนโยนสง่างาม
นิธาน,นิ-ทาน,ขุมทรัพย์
นิธิ,นิ-ทิ,ผู้เป็นขุมทรัพย์
นิธิกร,นิ-ทิ-กอน,ผู้เป็นขุมทรัพย์และสร้างสรรค์
นิธิกรณ์,นิ-ทิ-กอน,ผู้เป็นขุมทรัพย์และสร้างสรรค์
นิธิชญา,นิ-ทิ-ชะ-ยา,ผู้เป็นขุมทรัพย์และมีความรู้
นิธิชวดล,นิ-ทิ-ชะ-วะ-ดน,ผู้มีความว่องไว ความละมุน และขุมทรัพย์
นิธิเดช,นิ-ทิ-เดด,ผู้มีความมั่งคั่งและอำนาจ
นิธิธร,นิ-ธิ-ทอน,ผู้ค้ำจุนและเป็นขุมทรัพย์
นิธินัณธโรจน์,นิ-ทิ-นัน-โรด,ผู้เป็นขุมทรัพย์แห่งความสุขและความรุ่งเรือง
นิธินันณ์,นิ-ทิ-นัน,ชื่อประดิษฐ์ สื่อถึงความดีงามและความเจริญ
นิธินันท์,นิ-ทิ-นัน,ผู้มีความสุขเป็นขุมทรัพย์
นิธิพร,นิ-ทิ-พอน,ผู้มีพรเป็นขุมทรัพย์
นิธิภณ,นิ-ทิ-พน,ผู้เป็นขุมทรัพย์และมีวาจาดี
นิธิภัค,นิ-ทิ-พัก,ผู้เป็นขุมทรัพย์และมีโชค
นิธิภัทร์,นิ-ทิ-พัด,ผู้เป็นขุมทรัพย์และดีงามเป็นมงคล
นิธิมา,นิ-ทิ-มา,ผู้เป็นขุมทรัพย์
นิธิรุจน์,นิ-ทิ-รุด,ผู้เป็นขุมทรัพย์
นิธิวัษธารา,นิ-ทิ-วัด-ทา-รา,ผู้มีธรรมะ ขุมทรัพย์ และความอ่อนโยนสง่างาม
นิธิวารินทร์,นิ-ทิ-วา-ริน,ผู้เป็นขุมทรัพย์และเป็นใหญ่
นิธิวินท์,นิ-ทิ-วิน,ผู้พบขุมทรัพย์
นิธิศ,นิ-ทิด,ผู้เป็นใหญ่เหนือขุมทรัพย์
นิธิสรณ์,นิ-ทิ-สอน,ผู้เป็นขุมทรัพย์และเป็นที่พึ่งและความระลึก
นิธิอำไพ,นิ-ทิ-อำ-ไพ,ผู้เป็นขุมทรัพย์
นิธูร,นิ-ทูน,ผู้รับภาระ
นิน,นิน,ผู้เปี่ยมด้วยความนุ่มนวล
นิภัทร์,นิ-พัด,ผู้มีความดีงามเป็นมงคลและความมั่นคง
นิภาพร,นิ-พา-พอน,รัศมีแห่งความดีงาม
นิภารัตน์,นิ-พา-รัด,ผู้มีความสว่าง คุณค่า และความงดงาม
นิ่มนวล,นิ่ม-นวน,ผู้มีความอ่อนโยนและละมุนละไม
นิมมาน,นิม-มาน,ผู้เปี่ยมด้วยความนุ่มนวล
นิมิง,นิ-มิง,ผู้เปี่ยมด้วยความนุ่มนวล
นิรฉรา,นิ-ระ-ฉะ-รา,ผู้ไร้มลทินดุจดวงดาว
นิรชร,นิ-ระ-ชอน,ผู้เป็นอมตะ
นิรภร,นิ-ระ-พอน,ผู้มีการค้ำจุนและความมั่นคงสูงส่ง
นิรภัฏ,นิ-ระ-พัด,ผู้ไร้ภัยและมั่นคง
นิรมน,นิ-ระ-มน,ผู้เปี่ยมด้วยความนุ่มนวล
นิรมล,นิ-ระ-มน,ผู้บริสุทธิ์ผ่องใส
นิรวิทธ์,นิ-ระ-วิด,ผู้รู้แจ้งและปลอดจากสิ่งมัวหมอง
นิรัช,นิ-รัด,ผู้ไม่เกิด
นิรัชญา,นิ-รัด-ชะ-ยา,ผู้มีปัญญาไร้มลทิน
นิรัฐ,นิ-รัด,ผู้เปี่ยมด้วยหลักแห่งบ้านเมือง
นิรัณน์,นิ-รัน,ผู้ยั่งยืนไม่สิ้นสุด
นิรัน,นิ-รัน,ผู้ยั่งยืนไม่สิ้นสุด
นิรันด์ขจร,นิ-รัน-จอน,ผู้มีชื่อเสียงยั่งยืนเลื่องลือ
นิรันดร์,นิ-รัน,ไม่สิ้นสุด
นิรันธน์,นิ-รัน,ผู้ยั่งยืนไม่สิ้นสุด
นิรามิทร์,นิ-รา-มิด,ผู้เปี่ยมด้วยความมั่นคง
นิรินธน์,นิ-ริน,ผู้สงบเยือกเย็น
นิรุไท,นิ-รุ-ไท,ผู้เปี่ยมด้วยความนุ่มนวล
นิโรธ,นิ-โรด,ผู้ดับทุกข์หรือสงบระงับ
นิล,นิล,ผู้เข้มงามดุจนิล
นิลเขต,นิ-ละ-เขด,ผู้เข้มงามดุจนิล
นิลจันทร์,นิล-จัน,ผู้เข้มงามดุจนิล
นิลเปรม,นิน-ละ-ปะ-ระ-มะ,ผู้เข้มงามดุจนิล
นิลารักษ์,นิ-ลา-รัก,ผู้เข้มงามดุจนิลและปกป้องรักษา
นิลาวรรณ,นิ-ลา-วัน,ผู้เข้มงามดุจนิล ผู้มีวรรณะงดงาม และประเสริฐ
นิเลาะ,นิ-เลาะ,ผู้เปี่ยมด้วยความละมุน
นิโลบล,นิ-โล-บน,ผู้เปี่ยมด้วยความละมุน
นิวงษา,นิ-วง-สา,ผู้มีความนุ่มนวลและความอ่อนโยนสง่างาม
นิวรินทร์,นิว-นะ-ริน,ผู้มีความเป็นผู้นำ ความประเสริฐ และความก้าวหน้า
นิวิฐ,นิ-วิด,ผู้เปี่ยมด้วยความนุ่มนวล
นิเวช,นิ-เวด,ผู้เปี่ยมด้วยความนุ่มนวล
นิษฐ์,นิด,ผู้เปี่ยมด้วยความนุ่มนวล
นิษฐกรณ์,นิด-ถะ-กอน,ผู้มั่นคงในความดีและสร้างสรรค์
นิษฐนนท์,นิด-สะ-นน,ผู้มีความสุขยินดีและมั่นคงในความดี
นิษฐ์สิริ,นิด-สิ-หริ,ผู้มั่นคงในความดีและมีสิริมงคล
นิษฐา,นิด-ถา,ผู้มีความตั้งมั่นและความอ่อนโยนสง่างาม
นิษณา,นิด-สะ-นา,ผู้มีฐานะแห่งความดีและความอ่อนโยนสง่างาม
นิอร,นิ-ออน,ผู้มีความนุ่มนวลและความมั่นคงสูงส่ง
นีรนาท,นี-ระ-นาด,เสียงที่ดังเหมือนน้ำ
นีรภัทร,นี-ระ-พัด,น้ำที่ดีงาม
นีรินทร์,นี-ริน,ผู้เป็นใหญ่แห่งน้ำ
นีออน,นี-ออน,ความใหม่ที่เปล่งประกาย
นุจรีย์,นุด-จะ-รี,ชื่อประดิษฐ์ สื่อถึงความดีงามและความเจริญ
นุจลิน,นุด-จะ-ลิน,ผู้เปี่ยมด้วยความละมุน
นุชนาฏ,นุด-ชะ-นาด,หญิงสาวผู้งดงาม
นุชนารถ,นุด-ชะ-นาด,หญิงสาวผู้เป็นใหญ่
นุชรี,นุด-ชะ-รี,หญิงสาวผู้มีความงดงามรุ่งเรือง
นุรักษ์,นุ-รัก,ผู้คุ้มครองรักษาและผู้ปกป้องรักษา
โนรา,โน-รา,สวยงาม
โนริน,โน-ริน,ผู้นำที่ยิ่งใหญ่
โนลิน,โน-ลิน,ผู้มีความรู้
โนวา,โน-วา,สิ่งใหม่ที่รุ่งโรจน์
โนวิน,โน-วิน,ผู้มีความสำเร็จใหม่ๆ
โนอาห์,โน้า,'ความปลอบโยน' หรือ 'ผู้ปลอบประโลม'
ไนท์,ไน,คำทับศัพท์หมายถึงกลางคืนหรืออัศวินตามบริบทภาษาอังกฤษ
บงกช,บง-กด,ดอกบัว ผู้บริสุทธิ์งดงาม
บงกชกร,บง-กด-กอน,ดอกบัว ผู้บริสุทธิ์งดงามและสร้างสรรค์
บงกชนุช,บง-กด-ชะ-นะ,ดอกบัว ผู้บริสุทธิ์งดงามและหญิงผู้อ่อนเยาว์น่ารัก
บงกชพร,บง-กด-พอน,ดอกบัว ผู้บริสุทธิ์งดงามและได้รับพร
บงกชเพชร,บง-กด-เพ็ด,ดอกบัว ผู้บริสุทธิ์งดงามและแข็งแกร่งล้ำค่า
บงกชภัค,บง-กด-พัก,ดอกบัว ผู้บริสุทธิ์งดงามและมีโชค
บงกชมาศ,บง-กด-มะ-ชาด,ดอกบัว ผู้บริสุทธิ์งดงามและล้ำค่าดุจทอง
บงกชรัตน์,บง-กด-รัด,ดอกบัว ผู้บริสุทธิ์งดงามและล้ำค่าดุจแก้ว
บงกชรัศมิ์,บง-กด-รัด,ดอกบัว ผู้บริสุทธิ์งดงามและมีรัศมี
บงกชลักษณ์,บง-กด-ลัก,ผู้มีความบริสุทธิ์และความงดงาม
บงกร,บง-กอน,ผู้มีมืออันงดงามและสร้างสรรค์
บดินทร์,บอ-ดิน,ผู้เป็นใหญ่ในแผ่นดิน
บดี,บอ-ดี,ผู้นำผู้ทรงคุณค่า
บดีศร,บอ-ดี-สอน,ผู้มีความเป็นผู้นำ ความมุ่งมั่น และความมั่นคงสูงส่ง
บรมวุฒิ,บอ-รม-มะ-วุด,ผู้สูงสุดและประเสริฐและมีความเจริญและคุณวุฒิ
บรมัตถ์,บะ-ระ-มัด,ผู้สูงสุดและประเสริฐและเข้าถึงประโยชน์อันสูงสุด
บรรจงประสิทธิ์,บัน-จง-ประ-สิด,ผู้มีความสำเร็จและความประณีต
บรรจงปรุ,บัน-จง-ปรุ,ผู้เปี่ยมด้วยความเต็มพร้อม
บรรจบ,บัน-จบ,ผู้สมบูรณ์พร้อมและพบพานสิ่งดี
บรรเจิด,บัน-เจิด,ผู้รุ่งเรืองโดดเด่น
บรรณกร,บัน-นะ-กอน,ผู้เกี่ยวข้องกับหนังสือและความรู้และสร้างสรรค์
บรรณนนท์,บัน-นะ-นน,ผู้มีความสุขยินดีและเกี่ยวข้องกับหนังสือและความรู้
บรรณพัชร์,บัน-นะ-พัด,ผู้เกี่ยวข้องกับหนังสือและความรู้
บรรณพิชญ์,บัน-นะ-พิด,ผู้เกี่ยวข้องกับหนังสือและความรู้
บรรณพิทย์,บัน-นะ-พิด,ผู้เกี่ยวข้องกับหนังสือและความรู้
บรรณรต,บัน-นะ-รด,ผู้รื่นรมย์ในความรู้
บรรณรัตน์,บัน-นะ-รัด,ผู้เกี่ยวข้องกับหนังสือและความรู้และล้ำค่าดุจแก้ว
บรรณวัชร,บัน-นะ-วัด,ผู้เกี่ยวข้องกับหนังสือและความรู้
บรรณวัฒน์,บัน-นะ-วัด,ผู้เกี่ยวข้องกับหนังสือและความรู้
บรรณวิชญ์,บัน-นะ-วิด,ผู้มีความรู้
บรรณวิทิต,บัน-นะ-วิ-ทิด,ผู้เกี่ยวข้องกับหนังสือและความรู้
บรรณสรณ์,บัน-นะ-สอน,ผู้มีความรู้
บรรณสิทธิ์,บัน-นะ-สิด,ผู้มีความรู้และความสำเร็จ
บรรพกร,บอ-ระ-พะ-กอน,ผู้มีความเต็มพร้อมและความมั่นคงสูงส่ง
บรรพต,บัน-พด,ผู้มั่นคงสูงส่งดุจภูเขา
บรรพธี,บัน-พะ-ที,ผู้มีธรรมะและปัญญามั่นคง
บรรยงก์,บัน-ยง,ผู้เปี่ยมด้วยความเต็มพร้อม
บรรยงภรณ์,บอ-รง-ยะ-พอน,ผู้ค้ำจุนและเป็นเครื่องประดับ
บรรลือเกียรติ์,บัน-ลือ-เกีย-ระ-ติ,ผู้มีชื่อเสียงเลื่องลือและมีเกียรติยศ
บรรลือชัย,บัน-ลือ-ไช,ผู้มีความเต็มพร้อม ความละมุน และชัยชนะ
บรรลือศักดิ์,บัน-ลือ-สัก,ผู้มีชื่อเสียงเลื่องลือและมีอำนาจและเกียรติ
บรรหาร,บัน-หาร,ผู้มีวาจานำทางและบริหารจัดการได้ดี
บราวน์,บราว,เป็นคำยืมจากภาษาอังกฤษ หมายถึง สีน้ำตาล
บริค,บอ-ริก,คำทับศัพท์จากภาษาอังกฤษ 'brick' ไม่มีรากศัพท์บาลี-สันสกฤต…
บริณต,บอ-ริ-นด,ผู้น้อมลงด้วยความอ่อนน้อม
บริณัย,บอ-ริ-ไน,ผู้มีวินัยและความอ่อนน้อม
บริธาน,บอ-ริ-ทาน,ผู้เป็นหลักในการจัดการและค้ำจุน
บริบูรณ์,บอ-ริ-บูน,ผู้มีความดีงาม
บริพันธ์,บอ-ริ-พัน,ผู้ผูกพันรายล้อมด้วยความดี
บริรักษ์,บอ-ริ-เรด,ผู้ปกป้องรักษาอย่างดี
บริวัตร,บะ-ริ-วัด,ผู้ประพฤติปฏิบัติดี
บริษัทมณฑล,บอ-ริ-สัด-ทะ-มน,ผู้มีฐานะแห่งความดีและความละมุน
บรีฟ,บรีฟ,คำทับศัพท์จากภาษาอังกฤษ 'brief' ไม่มีรากศัพท์บาลี-สันสกฤต…
บรูค,บรู-ค,คำทับศัพท์จากภาษาอังกฤษ 'brook' ไม่มีรากศัพท์บาลี-สันสกฤต…
บรูโน่,บรู-โน่,คำทับศัพท์จากภาษาเยอรมัน 'Bruno' ไม่มีรากศัพท์บาลี-สันสกฤ…
บลิ้ง,บลิ้ง,คำทับศัพท์จากภาษาอังกฤษ 'bling' หรือ 'blink' ไม่มีรากศัพท…
บลิงค์,บะ-ริง,คำทับศัพท์จากภาษาอังกฤษ 'blink' ไม่มีรากศัพท์บาลี-สันสกฤต…
บลิซ,บลิ-ซด,คำทับศัพท์จากภาษาอังกฤษ 'bliss' ไม่มีรากศัพท์บาลี-สันสกฤต…
บลู,บลู,คำทับศัพท์จากภาษาอังกฤษ 'blue' ไม่มีรากศัพท์บาลี-สันสกฤตต…
บวร,บอ-วอน,ผู้ประเสริฐเลิศล้ำและประเสริฐ
บวรกฤษฎิ์,บอ-วอ-ระ-กริด,ผู้ประเสริฐเลิศล้ำและประเสริฐ
บวรกานต์,บอ-วอ-ระ-กาน,ผู้ประเสริฐเลิศล้ำและประเสริฐ
บวรกิตติ์,บอ-วอ-ระ-กิด,ผู้ประเสริฐเลิศล้ำ ผู้ประเสริฐ และมีชื่อเสียงดีงาม
บวรเกียรติ์,บอ-วอน-เกียน,ผู้ประเสริฐเลิศล้ำ ผู้ประเสริฐ และมีเกียรติยศ
บวรชนก,บอ-วอน-ชะ-นก,ผู้ประเสริฐเลิศล้ำและประเสริฐ
บวรชัช,บอ-วอ-ระ-ชัด,ผู้ประเสริฐเลิศล้ำและประเสริฐ
บวรชัย,บะ-วอน-ไช,ผู้มีความประเสริฐและชัยชนะ
บวรเดช,บอ-วอ-ระ-เดด,ผู้ประเสริฐเลิศล้ำ ผู้ประเสริฐ และมีอำนาจบารมี
บวรทัต,บอ-วอ-ระ-ทัด,ผู้ประเสริฐเลิศล้ำ ผู้ประเสริฐ และได้รับการประทาน
บวรนันท์,บอ-วอ-ระ-นัน,ผู้มีความประเสริฐและความยินดี
บวรนิตย์,บอ-วอน-นิด,ผู้ประเสริฐเลิศล้ำและประเสริฐ
บวรพจน์,บอ-วอ-ระ-พด,ผู้ประเสริฐเลิศล้ำ ผู้ประเสริฐ และมีถ้อยคำ
บวรพรรณ,บอ-วอน-พัน,ผู้ประเสริฐเลิศล้ำ ผู้ประเสริฐ และมีพรรณงดงาม
บวรพล,บอ-วอน-พน,ผู้ประเสริฐเลิศล้ำ ผู้ประเสริฐ และมีกำลัง
บวรพัฒน์,บอ-วอน-พัด,ผู้ประเสริฐเลิศล้ำ ผู้ประเสริฐ และเจริญก้าวหน้า
บวรภพ,บอ-วอน-พบ,ผู้ประเสริฐเลิศล้ำ ผู้ประเสริฐ และมีโลกหรือภพอันดี
บวรภัค,บอ-วอน-พัก,ผู้ประเสริฐเลิศล้ำ ผู้มีโชค และประเสริฐ
บวรภัทร,บอ-วอน-พัด-ทรอ,ผู้ประเสริฐเลิศล้ำ ผู้ดีงามเป็นมงคล และประเสริฐ
บวรยุทธ,บอ-วอน-ยุด,ผู้ประเสริฐเลิศล้ำ ผู้ประเสริฐ และกล้าหาญในการรบ
บวรรัช,บอ-วอน-รัด,ผู้ประเสริฐเลิศล้ำ ผู้ประเสริฐ และรุ่งเรืองด้วยอำนาจ
บวรรัตน์,บอ-วะ-รัด,ผู้ประเสริฐเลิศล้ำ ผู้ประเสริฐ และล้ำค่าดุจแก้ว
บวรลักษณ์,บอ-วอน-ลัก,ผู้มีความประเสริฐและความงดงาม
บวรวงศ์,บอ-วอ-ระ-วง,ผู้มีความประเสริฐและเกียรติยศ
บวรวัจน์,บอ-วอ-ระ-วัด,ผู้ประเสริฐเลิศล้ำ ผู้ประเสริฐ และมีวาจางดงาม
บวรวัฒน์,บอ-วอน-วัด,ผู้มีความประเสริฐและความเจริญ
บวรวิช,บะ-วอน-วิด,ผู้ประเสริฐเลิศล้ำและประเสริฐ
บวรวิชญ์,บอ-วอน-วิด,ผู้มีความรู้ที่ประเสริฐยิ่ง
บวรวิทย์,บอ-วอน-วิด,ผู้ประเสริฐเลิศล้ำ ผู้ประเสริฐ และมีความรู้
บวรศักดิ์,บอ-วอน-สัก,ผู้ประเสริฐเลิศล้ำ ผู้ประเสริฐ และมีอำนาจและเกียรติ
บวรศักย์,บอ-วอน-สัก,ผู้ประเสริฐเลิศล้ำ ผู้ประเสริฐ และมีความสามารถ
บวรสิทธิ์,บอ-วอ-ระ-สิด,ผู้มีความประเสริฐ ความสำเร็จ และความเป็นเลิศ
บวรอาภา,บอ-วอ-ระ-พา,ผู้ประเสริฐเลิศล้ำ ผู้ประเสริฐ และมีแสงสว่าง
บอล,บอน,คำทับศัพท์ หมายถึงลูกบอลหรือกีฬา
บังคล,บัง-คน,ผู้เปี่ยมด้วยความละมุน
บั้งเงิน,บั้ง-เงิน,สิ่งประดับหรือส่วนแบ่งเงิน สื่อถึงคุณค่าที่งดงาม
บังอร,บัง-ออน,หญิงงามอ่อนหวานเป็นที่รัก
บังอรสิริ,บัง-ออน-สิ-หริ,หญิงงามอ่อนหวานและมีสิริมงคล
บัญจรัตน์,บัน-จะ-รัด,ผู้มีห้าประการอันครบถ้วนและล้ำค่าดุจแก้ว
บัญชร,บัน-ชอน,ผู้มีหลักปัญญาและความมั่นคงสูงส่ง
บัญญพนต์,บัน-ยะ-พน,ผู้เปี่ยมด้วยหลักปัญญา
บัญญรัฐ,บัน-ยะ-รัด,ผู้มีความรู้และความมั่นคง
บัญญวัต,บัน-ยะ-วัด,ผู้มีหลักบัญญัติและการปฏิบัติ
บัญญวัติ,บัน-ยะ-วัด,ผู้มีข้อบัญญัติและแบบแผน
บัญญวิต,บัน-ยะ-วิด,ผู้รู้หลักบัญญัติ
บัญฑิตา,บัน-ทิ-ตา,ผู้มีหลักปัญญาและความอ่อนโยนสง่างาม
บัญพนต์,บัน-พน,ผู้เปี่ยมด้วยหลักปัญญา
บัณฑร,บัน-ทอน,ผู้ขาวผ่องบริสุทธิ์
บัณฑรนาค,บัน-ทะ-ระ-นา-คะ,ผู้ขาวผ่องบริสุทธิ์และยิ่งใหญ่และคุ้มครอง
บัณฑรวรรณ,บัน-ทะ-ระ-วัน,ผู้ขาวผ่องบริสุทธิ์ ผู้มีวรรณะงดงาม และประเสริฐ
บัณฑิต,บัน-ดิด,ผู้มีปัญญาและความรู้
บัณฑิตย์,บัน-ดิด,ผู้มีปัญญาและความรู้
บัณฑิตา,บัน-ทิ-ตา,หญิงผู้เป็นบัณฑิตและมีปัญญาและมีปัญญาและความรู้
บัณฑุ,บัน-ทุ,ผู้เปี่ยมด้วยฐานะแห่งความดี
บัณฑุนาค,บัน-ทุ-นาก,ผู้ขาวผ่องนวลใสและยิ่งใหญ่และคุ้มครอง
บัณฑูร,บัน-ทูน,ผู้มีฐานะแห่งความดีและความมั่นคงสูงส่ง
บัณณรส,บัน-นะ-รด,ผู้มีรสแห่งถ้อยคำและหนังสือ
บัณดล,บัน-ดน,ผู้บันดาลด้วยปัญญา
บัณทัต,บัน-ทัด,ผู้ได้รับปัญญา
บัณพร,บัน-นะ-พอน,ผู้ได้รับพรแห่งปัญญา
บันดล,บัด-ดน,ผู้บันดาลให้เกิดผลดี
บัลยงก์,บัน-ยง,พระแท่นที่นั่งอันสูงศักดิ์ หรือ ผู้มีที่นั่งอันสูงส่งและเ…
บัลลพ,บัน-ลบ,คนรัก หรือ ผู้เป็นที่รัก
บัวกลิ่น,บัว-กลิ่น,ผู้บริสุทธิ์งดงามดุจดอกบัวและมีเสน่ห์หอมละมุน
บัวงาม,บัว-งาม,ผู้บริสุทธิ์งดงามดุจดอกบัวและมีความงดงาม
บัวจันทร์,บัว-จัน,ผู้บริสุทธิ์งดงามดุจดอกบัวและเย็นงามดุจจันทร์
บัวเจริญ,บัว-จะ-เริน,ผู้บริสุทธิ์งดงามดุจดอกบัวและเจริญรุ่งเรือง
บัวชิด,บัว-ชิด,ผู้บริสุทธิ์งดงามดุจดอกบัว
บัวณัฐ,บัว-นัด,ผู้บริสุทธิ์งดงามดุจดอกบัวและนักปราชญ์ผู้มีปัญญา
บัวทิพย์,บัว-ทิบ,ผู้บริสุทธิ์งดงามดุจดอกบัวและเป็นทิพย์และประณีต
บัวนาค,บัว-นาก,ผู้บริสุทธิ์งดงามดุจดอกบัวและยิ่งใหญ่และคุ้มครอง
บัวบงกช,บัว-บง-กด,ดอกบัว
บัวบูชา,บัว-บู-ชา,ผู้บริสุทธิ์งดงามดุจดอกบัวและควรแก่การบูชา
บัวรัศมิ์,บัว-รัด,ผู้มีความบริสุทธิ์ ความประเสริฐ และความงดงาม
บัวลักษณ์,บัว-ลัก,ผู้บริสุทธิ์งดงามดุจดอกบัวและมีลักษณะงดงาม
บัวลา,บัว-ลา,ผู้บริสุทธิ์งดงามดุจดอกบัว
บัวลำ,บัว-ลำ,ผู้บริสุทธิ์งดงามดุจดอกบัว
บัวลุม,บัว-ลุม,ผู้บริสุทธิ์งดงามดุจดอกบัว
บัวอินทร์,บัว-อิน,ผู้บริสุทธิ์งดงามดุจดอกบัวและผู้เป็นใหญ่
บาจรีย์,บาด-จะ-รี,ผู้เปี่ยมด้วยการดำเนินชีวิต
บาจิกา,บา-จิ-กา,ผู้มีความบริบูรณ์และความอ่อนโยนสง่างาม
บาจิกาพร,บา-จิ-กา-พอน,ผู้ได้รับพรอันงดงาม
บารมี,บา-ระ-มี,ผู้มีบุญบารมีและคุณธรรมสูงและมั่งมี
บำเพ็ญ,บำ-เพ็น,ผู้มุ่งทำความดีให้สมบูรณ์
บิณฑ์,บิน,ผู้ได้รับสิ่งดีด้วยศรัทธา
บินมามะ,บิน-มา-มะ,ผู้เปี่ยมด้วยความบริบูรณ์
บิว,บิว,คำทับศัพท์ รอการตรวจสอบความหมายเฉพาะ
บุญเกตุ,บุน-ยะ-เกด,ผู้มีบุญกุศลและเป็นยอดหรือเครื่องหมายมงคล
บุญเกิด,บุน-เกิด,ผู้มีบุญกุศลและเกิดมาพร้อมความดี
บุญเกียรติ,บุน-ยะ-เกียด,ผู้มีบุญกุศลและมีเกียรติยศ
บุญเกื้อ,บุน-เกื้อ,ผู้มีบุญกุศลและเกื้อกูล
บุญเขต,บุน-ยะ-เขด,ผู้มีบุญกุศลและมีขอบเขตมั่นคง
บุญงาม,บุน-งาม,ผู้มีบุญกุศลและมีความงดงาม
บุญจง,บุน-จง,ผู้มีบุญกุศล
บุญจรัส,บุน-จะ-รัด,ผู้มีบุญกุศลและสว่างไสว
บุญจิตร,บุน-จิด,ผู้มีบุญกุศลและมีจิตใจงดงาม
บุญชญา,บุน-ชะ-ยา,ผู้มีบุญกุศลและมีความรู้
บุญชนะ,บุน-ชะ-นะ,ผู้มีบุญกุศล ผู้มีชัยชนะ และเป็นคนดีในหมู่ชน
บุญชนิต,บุน-ชะ-นิด,ผู้มีบุญกุศล ผู้เกิดมาอย่างดี และเป็นคนดีในหมู่ชน
บุญชม,บุน-ชม,ผู้มีบุญกุศล
บุญช่วย,บุน-ช่วย,ผู้มีบุญกุศลและเกื้อกูลช่วยเหลือ
บุญชัย,บุน-ไช,ผู้มีบุญกุศลและมีชัยชนะ
บุญชาญ,บุน-ชาน,ผู้มีบุญกุศลและชำนาญ
บุญญเกียรติ,บุน-ยะ-เกียด,ผู้เปี่ยมบุญกุศล ผู้มีบุญกุศล และมีเกียรติยศ
บุญญปัญญ์,บุน-ยะ-ปัน,ผู้เปี่ยมบุญกุศล ผู้มีบุญกุศล และมีปัญญา
บุญญรัตน์,บ-ญ-ร,ผู้เปี่ยมบุญกุศล ผู้มีบุญกุศล และล้ำค่าดุจแก้ว
บุญญฤทธิ์,บุน-ยะ-ริด,ผู้เปี่ยมบุญกุศล ผู้มีบุญกุศล และมีฤทธิ์อำนาจ
บุญญา,บุน-ยา,ผู้เปี่ยมบุญกุศลและมีบุญกุศล
บุญญาณัฐ,บุน-ยา-นัด,ผู้เปี่ยมบุญกุศล ผู้มีบุญกุศล และนักปราชญ์ผู้มีปัญญา
บุญญาดา,บุน-ยา-ดา,ผู้เปี่ยมบุญกุศล ผู้มีบุญกุศล และได้รับสิ่งดีงาม
บุญญานนท์,บุน-ยา-นน,ผู้เปี่ยมบุญกุศล ผู้มีบุญกุศล และมีความสุขยินดี
บุญญานุช,บุน-ยา-นุช,ผู้เปี่ยมบุญกุศล ผู้มีบุญกุศล และหญิงผู้อ่อนเยาว์
บุญญาพร,บุน-ยา-พอน,ผู้เปี่ยมบุญกุศล ผู้มีบุญกุศล และได้รับพร
บุญญาภา,บุน-ยา-พา,ผู้มีบุญกุศล ปัญญา และความสว่าง
บุญญารัศมิ์,บุน-ยา-รัด,ผู้เปี่ยมบุญกุศล ผู้มีบุญกุศล และมีรัศมีสว่าง
บุญญิสา,บุน-ยิ-สา,ผู้เปี่ยมบุญกุศลและมีบุญกุศล
บุญฑริกา,บุน-ทะ-ริ-กา,ผู้มีบุญกุศล
บุญณิศา,บุน-นิ-สา,ผู้มีบุญกุศล
บุญทรง,บุน-ซรง,ผู้มีบุญกุศล
บุญทรัพย์,บุน-ทรับ,ผู้มีบุญกุศลและมั่งมีทรัพย์
บุญทริกา,บุน-ทิ-ระ,ผู้มีบุญกุศลและดอกบัวขาวผู้บริสุทธิ์
บุญทวี,บุน-ทะ-วี,ผู้มีบุญกุศลและเพิ่มพูนทวี
บุญทิพา,บุน-ทิ-พา,ผู้มีบุญกุศลและสว่างดุจกลางวัน
บุญทิวา,บุน-ทิ-วา,ผู้มีบุญกุศลและสว่างดุจกลางวัน
บุญธร,บุน-ทอน,ผู้มีบุญกุศลและค้ำจุน
บุญธรรม,บุน-ทำ,ผู้มีบุญกุศล ผู้ค้ำจุน และตั้งมั่นในธรรม
บุญธัช,บุน-ทัด,ผู้มีบุญกุศลและเป็นธงแห่งเกียรติ
บุญนิตย์,บุน-ยะ-นิด,ผู้มีบุญกุศลและมั่นคงเป็นนิตย์
บุญนิธิ,บุน-ยะ-นิ-ทิ,ผู้มีบุญกุศลและเป็นขุมทรัพย์
บุญนิศา,บุน-นิ-สา,ผู้มีบุญกุศล
บุญนิสา,บุน-นิ-สา,ผู้มีบุญกุศล
บุญนุช,บุน-นะ-ชุด,ผู้มีบุญกุศลและหญิงผู้อ่อนเยาว์
บุญพัฒน์,บุน-ยะ-พัด,ผู้มีบุญกุศลและเจริญก้าวหน้า
บุญพิทักษ์,บุน-พิ-ทัก,ผู้มีบุญกุศลและปกป้องรักษา
บุญพิพัฒน์,บุน-ยะ-พิ-พัด,ผู้มีบุญกุศล ผู้เจริญก้าวหน้า และเจริญงอกงาม
บุญมา,บุน-มา,ผู้มีบุญกุศลและมาถึงพร้อมความดี
บุญมี,บุน-มี,ผู้มีบุญกุศลและมั่งมี
บุญยง,บุน-ยง,ผู้มีบุญกุศลและยืนยง
บุญยรัตน์,บุน-ยะ-รัด,ผู้มีบุญกุศลและล้ำค่าดุจแก้ว
บุญยวีย์,บุน-ยะ-วี,ผู้มีบุญกุศล
บุญยืน,บุน-ยืน,ผู้มีบุญกุศลและมั่นคงยืนยาว
บุญรอด,บุน-รอด,ผู้มีบุญกุศลและแคล้วคลาดปลอดภัย
บุญรัตน์,บุน-ยะ-รัด,ผู้มีบุญกุศลและล้ำค่าดุจแก้ว
บุญเรือน,บุน-เรือน,ผู้มีบุญกุศลและมีบ้านเรือนมั่นคง
บุญฤทธิ์,บุน-ยะ-ริด,ผู้มีบุญกุศลและมีฤทธิ์อำนาจ
บุญเลิศ,บุน-เลิด,บุญอันยอดเยี่ยม หรือ ผู้มีบุญอันประเสริฐ
บุญวัศ,บุน-ยะ-วัด,ผู้มีบุญกุศลและมีอำนาจ
บุญศิริ,บุน-ยะ-สิ-หริ,ผู้มีบุญกุศลและมีสิริมงคล
บุญส่ง,บุน-ส่ง,ผู้มีบุญกุศลและส่งเสริม
บุญสิตา,บุน-สิ-ตา,ผู้มีบุญกุศล
บุญสิทธิ์,บุน-ยะ-สิด,ผู้มีบุญกุศลและความสำเร็จ
บุญสิริ,บุน-ยะ-สิ-หริ,ผู้มีบุญกุศลและมีสิริมงคล
บุญเสริม,บุน-เสิม,ผู้มีบุญกุศลและเพิ่มพูนส่งเสริม
บุญหลาย,บุน-หลาย,ผู้มีบุญกุศลและมีมากมาย
บุญเหลือ,บุน-เหลือ,ผู้มีบุญกุศลและมีเหลือเฟือ
บุณฑรีก์,บุน-ดะ-รี,ดอกบัวขาว ผู้บริสุทธิ์งดงาม
บุณณดา,บุน-นะ-ดา,ผู้ให้บุญหรือผู้เกิดจากบุญ
บุณทริก,บุน-ทะ-ริก,ผู้เปี่ยมบุญกุศลและดอกบัวขาวผู้บริสุทธิ์
บุณพกร,บุน-นะ-พะ-กอน,ผู้เปี่ยมบุญกุศล
บุณพจน์,บุน-นะ-พด,ผู้เปี่ยมบุญกุศลและมีถ้อยคำดี
บุณมี,บุน-นะ-มี,ผู้เปี่ยมบุญกุศลและมั่งมี
บุณย์,บุน,ผู้เปี่ยมบุญกุศลและบุญกุศลอันงดงาม
บุณยกร,บุน-ยะ-กอน,ผู้เปี่ยมบุญกุศล
บุณยกฤต,บุน-ยะ-กริด,ผู้เปี่ยมบุญกุศลและกระทำสำเร็จ
บุณยจิตต์,บุน-ยะ-จิด,ผู้เปี่ยมบุญกุศลและมีจิตใจดี
บุณยชน,บุน-ยะ-ชน,ผู้เปี่ยมบุญกุศลและเป็นคนดีในหมู่ชน
บุณยชา,บุน-ยะ-ชา,ผู้เปี่ยมบุญกุศล
บุณย์ญานุช,บุน-ยา-นุด,ผู้เปี่ยมบุญกุศล บุญกุศลอันงดงาม และหญิงผู้อ่อนเยาว์
บุณยเณจฉ์,บุน-ยะ-เน,ผู้เปี่ยมบุญกุศล
บุณยธร,บุน-ยะ-ทอน,ผู้เปี่ยมบุญกุศลและค้ำจุน
บุณยนุช,บุน-ยะ-นุด,ผู้เปี่ยมบุญกุศลและหญิงผู้อ่อนเยาว์
บุณยพร,บุน-ยะ-พอน,ผู้เปี่ยมบุญกุศลและได้รับพร
บุณยพัต,บุน-ยะ-พัด,ผู้เปี่ยมบุญกุศลและเกี่ยวพันกับความดี
บุณยภู,บุน-ยะ-พู,ผู้เป็นใหญ่ด้วยบุญ หรือ ผู้มีบุญเป็นที่พึ่งพา
บุณยวีร์,บุน-ยะ-วี,ผู้เป็นเลิศด้วยความดีงาม
บุณยอร,บุน-ยะ-ออน,ผู้เปี่ยมบุญกุศลและมีความงามอ่อนหวาน
บุณยากร,บุน-ยา-กอน,ผู้เปี่ยมบุญกุศล
บุณยานุช,บุน-ยา-นุด,ผู้เปี่ยมบุญกุศลและหญิงผู้อ่อนเยาว์
บุณยาพร,บุน-ยา-พอน,ผู้เปี่ยมบุญกุศลและได้รับพร
บุณิกา,บุ-นิ-กา,หญิงผู้เปี่ยมบุญกุศล
บุตรดี,บุด-ดี,บุตรผู้มีความดีงาม
บุนนาค,บุน-นาก,ต้นบุนนาค ดอกไม้หอมงามและยิ่งใหญ่และคุ้มครอง
บุปผา,บุบ-ผา,ดอกไม้ ผู้สดใสงดงาม
บุปผาสวรรค์,บุบ-ผะ-สา-วัน,ดอกไม้ ผู้สดใสงดงามและประเสริฐ
บุพกร,บุบ-พะ-กอน,ผู้ริเริ่มกระทำ
บุรกฤดิ,บุ-ระ-กริด,ผู้สร้างความเจริญแก่เมือง
บุรเกียรติ,บุ-ระ-เกียน,ผู้เปี่ยมด้วยเมืองอันรุ่งเรือง
บุรชัย,บุ-ระ-ไช,ผู้มีเมืองอันรุ่งเรืองและชัยชนะ
บุรณพร,บุ-ระ-นะ-พอน,ผู้มีฐานะแห่งความดี ความกล้าหาญ และความมั่นคงสูงส่ง
บุรณะ,บุ-ระ-นะ,ผู้มีฐานะแห่งความดีและความกล้าหาญ
บุรธัช,บุ-ระ-ทัด,ผู้เปี่ยมด้วยธรรมะ
บุรนนท์,บุ-ระ-นน,ผู้มีเมืองอันรุ่งเรืองและความสุขยินดี
บุรบุษย์,บุ-ระ-บุด,ผู้เปี่ยมด้วยเมืองอันรุ่งเรือง
บุรพทิศ,บุ-รบ-ทิด,ผู้เปี่ยมด้วยเมืองอันรุ่งเรือง
บุรพร,บุ-ระ-พอน,ผู้มีเมืองอันรุ่งเรืองและความมั่นคงสูงส่ง
บุรพล,บุ-ระ-พน,ผู้มีเมืองอันรุ่งเรือง ความละมุน และกำลัง
บุรพัฒน์,บุ-ระ-พัด,ผู้เปี่ยมด้วยความเจริญ
บุรวิช,บุ-หระ-วิด,ผู้มีเมืองอันรุ่งเรืองและความรู้
บุรเศรษฐ์,บุ-ระ-เสด,ผู้มีเมืองอันรุ่งเรืองและความมุ่งมั่น
บุรัสกร,บุ-หรัด-สะ-กอน,ผู้สร้างเมืองหรือผู้ให้แสงแก่เมือง
บุรินทร์,บุ-ริน,ผู้เป็นใหญ่แห่งเมือง
บุรินทร์พัฒน์,บุ-ริน-พัด,ผู้มีความเจริญ ความอ่อนละมุนดุจสายน้ำ และความเป็นใหญ่
บุรินทร์ภัทร,บุ-ริน-พัด-ทรอ,ผู้มีความรุ่งเรือง ความดีงาม และความมั่นคง
บุรินทร์ยศ,บุ-รน-ยด,ผู้มีความรุ่งเรือง ความเป็นผู้นำ และความมั่นคง
บุรินทร์รัตน์,บุ-ริน-รัด,ผู้มีความรุ่งเรือง ความเป็นผู้นำ และความมั่นคง
บุรินทร์ลักษณ์,บุ-ริน-ลัก,ผู้มีฐานะแห่งความดี ความละมุน และความอ่อนละมุนดุจสายน้ำ
บุรินทร์วัชร์,บุ-ริน,ผู้มีความรุ่งเรือง ความเป็นผู้นำ และความมั่นคง
บุรินทร์วิชญ์,บุ-ริน-วิด,ผู้มีปัญญา ความอ่อนละมุนดุจสายน้ำ และความเป็นใหญ่
บุรินทร์ศักย์,บุ-ริน-สัก,ผู้มีความรุ่งเรือง ความเป็นผู้นำ และความมั่นคง
บุรินทร์สิทธิ์,บุ-ริน-ทิด,ผู้มีความสำเร็จและสิทธิอันชอบและมีความสำเร็จ
บุริมทิศ,บุ-ริม-ทิด,ทิศตะวันออกหรือทิศเบื้องหน้า
บุริศร์,บุ-ริด,ผู้เป็นใหญ่แห่งเมือง
บุรี,บุ-รี,เมืองหรือถิ่นฐานอันมั่นคง
บุลกร,บุ-ละ-กอน,ผู้มีความละมุนและความมั่นคงสูงส่ง
บุลกิต,บุน-กิด,ผู้มีความละมุนและความฉลาดว่องไว
บุลพร,บุ-ละ-พอน,ผู้มีความละมุนและความมั่นคงสูงส่ง
บุลพศ,บุน-ละ-พด,ผู้เปี่ยมด้วยความละมุน
บุลพิชญ์,บุน-ละ-พิด,ผู้มีปัญญาและความละมุน
บุลภร,บุ-ละ-พอน,ผู้มีความละมุน การค้ำจุน และความมั่นคงสูงส่ง
บุลภรณ์,บุน-ละ-พอน,ผู้มีฐานะแห่งความดี ความละมุน และความกล้าหาญ
บุลภัทร,บุ-ละ-พัด,ผู้มีความละมุน ความดีงามเป็นมงคล และความมั่นคง
บุลลา,บุน-ลา,ผู้มีความละมุนและความอ่อนโยนสง่างาม
บุลวัชร,บุ-ละ-วัด,ผู้มีความละมุน เพชร และความมั่นคงสูงส่ง
บุศบก,บุด-สะ-บอก,บุษบก เรือนยอดงดงามอันประณีต
บุศรา,บุด-สะ-รา,ผู้มีความมุ่งมั่นและความอ่อนโยนสง่างาม
บุษกร,บุด-สะ-กอน,ผู้สร้างดอกไม้หรือแสงงาม
บุษกล,บุด-สะ-กน,ผู้มีดอกไม้และความละมุน
บุษบง,บุด-สะ-บง,ดอกไม้ ผู้สดใสงดงาม
บุษบรรณ,บุด-สะ-บัน,ดอกไม้ ผู้สดใสงดงาม
บุษบัณ,บุด-สะ-บัน,ผู้เปี่ยมด้วยฐานะแห่งความดี
บุษบัน,บุด-สะ-บัน,ดอกไม้ผู้สดใสงดงาม
บุษบา,บุด-สะ-บา,ดอกไม้ ผู้สดใสงดงาม
บุษบาคม,บุด-สะ-บา-คม,ฤดูแห่งดอกไม้หรือช่วงเวลาอันงดงาม
บุษบาบัณ,บุด-สะ-บา-อัน,ผู้เปี่ยมด้วยฐานะแห่งความดี
บุษปภัทร,บุด-สะ-ปะ-พัด,ดอกไม้ ผู้สดใสงดงามและดีงามเป็นมงคล
บุษปรัชต์,บุด-สะ-ปะ-รัด,ดอกไม้ ผู้สดใสงดงาม
บุษปวัน,บุด-สะ-ปะ-วัน,วันแห่งดอกไม้หรือสวนดอกไม้อันงดงาม
บุษย์,บุด,ดอกไม้หรือสิ่งงดงาม
บุษยมาส,บุด-สะ-ยะ-มาด,เดือนอันงดงามและเป็นมงคล
บุษยา,บุด-สะ-ยา,ผู้มีดอกไม้และความอ่อนโยนสง่างาม
บุษราคัม,บุด-สะ-รา-คำ,ผู้มีรัศมีงดงามดุจดอกไม้และอัญมณีสีเหลืองอันล้ำค่า
บุหงา,บุ-หงา,ดอกไม้หอมหรือบุปผา
บุหรง,บุ-หรง,ผู้เปี่ยมด้วยดอกไม้หอม
บุหลัน,บุ-หลัน,ดวงจันทร์ ผู้เย็นงาม
บูชิต,บู-ชิด,ผู้เปี่ยมด้วยความบูชา
บูรณ์,บูน,ผู้บริบูรณ์สมบูรณ์และสมบูรณ์ครบถ้วน
บูรณ์ชัย,บู-ไช,ผู้บริบูรณ์สมบูรณ์ ผู้สมบูรณ์ครบถ้วน และมีชัยชนะ
บูรณ์ไชย,บูน-ไช,ผู้บริบูรณ์สมบูรณ์ ผู้สมบูรณ์ครบถ้วน และมีชัยชนะ
บูรณ์พิพัฒน์,บูน-พิ-พัด,ผู้มีความก้าวหน้าและความเจริญ
บูรณ์พิภพ,บูน-พิ-พบ,ผู้บริบูรณ์สมบูรณ์และสมบูรณ์ครบถ้วน
บูรณ์พิสิฐ,บูน-พิ-สิด,ผู้บริบูรณ์สมบูรณ์และสมบูรณ์ครบถ้วน
บูรณมาส,บู-ระ-นะ-มาด,ผู้สมบูรณ์ครบถ้วนและมาถึงพร้อมความดี
บูรณมี,บู-ระ-นะ-มี,ผู้สมบูรณ์ครบถ้วนและมั่งมี
บูรณ์รวิศร์,บูน-ระ-วิด,ผู้มีความสว่างและความเป็นผู้นำ
บูรณ์วริทธิ์,บูน-วะ-ริด,ผู้มีความประเสริฐและความสำเร็จ
บูรณ์วิรัช,บูน-วิ-รัด,ผู้มีความรุ่งเรือง
บูรณ์วิวัฒน์,บูน-วิ-วัด,ผู้บริบูรณ์สมบูรณ์ ผู้สมบูรณ์ครบถ้วน และเจริญพัฒนา
บูรณ์วิสิษฐ์,บู-ระ-วิ-สิด,ผู้บริบูรณ์สมบูรณ์ ผู้สมบูรณ์ครบถ้วน และยอดเยี่ยมพิเศษ
บูรณิน,บู-ระ-นิน,ผู้สมบูรณ์ครบถ้วน
บูรณิมา,บู-ระ-นิ-มา,ผู้สมบูรณ์ครบถ้วนและมาถึงพร้อมความดี
บูรณี,บู-ระ-นี,ผู้สมบูรณ์ครบถ้วน
บูรพา,บู-ระ-พา,ทิศตะวันออกหรือเบื้องหน้าอันรุ่งเรือง
บูละ,บู-ละ,ผู้มีความบูชาและความละมุน
เบญจมภร,เบ็น-จะ-มะ-พอน,ผู้มีห้าประการอันครบถ้วนและค้ำจุน
เบญจรักษ์,เบ็น-จะ-รัก,ผู้มีความรัก
เบญจวรรณ,เบ็น-จะ-วัน,ผู้มีความงดงาม
เบญจวรรณ์,เบ็น-จะ-วัน,ผู้มีห้าประการอันครบถ้วน ผู้มีวรรณะงดงาม และประเสริฐ
เบญจา,เบน-จา,ผู้มีค่าห้าประการ
เบญชญา,เบ็น-ยะ-ชะ-ยา,ผู้มีความรู้ครบถ้วนห้าประการ
เบญอิบรอน,เบย-อิ-บอน-นอ,ผู้เปี่ยมด้วยความเป็นสิริมงคลเฉพาะตน
เบ็บ,เบ็บ,ผู้เปี่ยมด้วยความเป็นสิริมงคลเฉพาะตน
เบรน,เบรน,เข้มแข็ง'
เบรนดอน,เบรน-ดอน,ผู้มีความสามารถ
เบล,เบน,ผู้มีความสามารถ
เบลน,เบลน,เหลือง' หรือ 'มุม'
เบลม,เบ-ลม,ผู้มีความสามารถและสิริมงคล
เบลล์,เบน,ผู้มีความสามารถ
เบิร์ก,เบิก,ผู้มีความสามารถ
เบิร์น,เบิน,ผู้มีความสามารถ
ใบตอง,ใบ-ตอง,ผู้มีความสงบ
ใบบัว,ใบ-บัว,ผู้มีความบริสุทธิ์และความงดงาม
ใบปอ,ไบ-ปอ,ผู้เรียบง่าย งอกงาม และเป็นประโยชน์
ใบไหม,ไบ-ไหม,ผู้ละเอียดอ่อนงดงามดุจเส้นไหม
ปกรณ์ชัย,ปะ-กอน-ไช,ผู้มีชัยชนะ
ปคุณ,ปะ-คุน,ผู้มีคุณความดี
ปคุณา,ปะ-คุ-นา,ผู้มีคุณความดี
ปคุนา,ปะ-คุ-นา,ผู้มีคุณความดี
ปงศ์ปณต,ปง-ปะ-นด,ผู้เป็นวงศ์ตระกูลแห่งความเคารพ
ปฎก,ปะ-ดก,ผู้เป็นภาชนะสำหรับรวบรวมสิ่งดีงามหรือความอุดมสมบูรณ์
ปฏษฏิ์,ปริด-สะ,ไม่พบรากศัพท์บาลี-สันสกฤต หรือความหมายในพจนานุกรมฉบับราชบ…
ปฏิคม,ปะ-ติ-คม,ผู้รับรอง
ปฏิญญา,ปะ-ติน-ยา,การรับรองด้วยความรู้
ปฏิญาณ,ปะ-ติ-ยาน,ผู้มีคำมั่นสัญญาอันแน่วแน่
ปฏิพน,ปะ-ติ-พน,ผู้มีความผูกพันในการตอบสนอง
ปฏิรูป,ปะ-ติ-รูบ,ผู้เปลี่ยนแปลงไปสู่รูปแบบที่ดี
ปฏิเวท,ปะ-ติ-เวด,ผู้รู้แจ้งด้วยประสบการณ์และมีความรู้
ปฏิษฏิ์,ปะ-ติ-สะ,ผู้เปี่ยมด้วยการตั้งมั่น
ปฐพี,ปะ-ถะ-พี,แผ่นดิน ผู้มั่นคงและกว้างใหญ่
ปฐมฌาน,ปะ-ถม-ชาน,ผู้เป็นเบื้องต้นอันดีและมีสมาธิและปัญญาลึกซึ้ง
ปฐมวิชญ์,ปะ-ถม-มะ-วิด,ผู้มีความรู้
ปฐมา,ปะ-ถะ-มา,ผู้เป็นเบื้องต้นอันดีและมาถึงพร้อมความดี
ปฐวิกรณ์,ปะ-ถะ-วิ-กอน,ผู้สร้างสรรค์บนแผ่นดิน
ปณณธิช,ปะ-นะ-นะ-ทิด,ผู้มีความรู้จากหนังสือและปัญญา
ปณณวิชญ์,ปะ-นะ-นะ-วิด,นักปราชญ์แห่งหนังสือ
ปณิตา,ปะ-นิ-ตา,ผู้มีความประณีต ความงดงาม และปัญญา
ปณิธิ,ปะ-นิ-ทิ,ผู้มีความตั้งใจอันแน่วแน่และมีปณิธานสูงส่ง
ปณิศา,ปะ-นิ-สา,ผู้เป็นใหญ่ด้วยความรู้
ปธานิน,ผู-ทิน,ผู้เป็นใหญ่ด้วยความเพียร
ปธานินท์,ผู-ทิ-นน,ผู้ตั้งมั่นและเพียรพยายาม
ปนัดดา,ปะ-นัด-ดา,ผู้เป็นที่สืบทอด
ปพน,ปะ-พน,ผู้มีความสะอาดบริสุทธิ์
ปพนธนัย,ปะ-พน-ทะ-ไน,ผู้มีทรัพย์อันบริสุทธิ์
ปพนธีร์,ปะ-พน-ที,ผู้บริสุทธิ์และฉลาด
ปภังกร,ปะ-พัง-กอน,ผู้ทำให้เกิดความรุ่งเรือง
ปภาณ,ปะ-พาน,ผู้มีความสามารถในการกล่าววาจาอันไพเราะ
ปภาวิน,ปะ-พา-วิน,ผู้มีความรุ่งเรือง
ปภินวิช,ปะ-พิน-วิด,ผู้สามารถแยกแยะความรู้ได้
ปรณ,ปรน,ผู้มุ่งไปข้างหน้า
ปรมภัค,ปะ-ระ-มะ-พัก,ผู้สูงสุดและประเสริฐยิ่งและมีโชค
ปรมะ,ปะ-ระ-มะ,ผู้สูงสุด
ปรมะกร,ปะ-ระ-มะ-กอน,ผู้สูงสุดและประเสริฐยิ่ง
ปรมะภัค,ปะ-ระ-มะ-พัก,ผู้สูงสุดและประเสริฐยิ่งและมีโชค
ปรมะเวท,ปะ-ระ-เม-ทะ,ผู้สูงสุดและประเสริฐยิ่งและมีความรู้
ปรมัตถ์,ปะ-ระ-มัด,ผู้เข้าถึงความจริงอันเป็นที่สุด
ปรมินทร์,ปะ-ระ-มิน,ผู้สูงสุดและประเสริฐยิ่งและเป็นใหญ่สูงสุด
ปรรณ,ปัน,ผู้มีฐานะแห่งความดีและความกล้าหาญ
ปรรณกร,ปัน-กอน,ผู้มีฐานะแห่งความดี ความกล้าหาญ และความมั่นคงสูงส่ง
ปรรณภัค,ปัน-พัก,ใบไม้หรือหนังสือแห่งความรู้และมีโชค
ปรรณรัก,ปัน-รัก,ใบไม้หรือหนังสือแห่งความรู้และเป็นที่รัก
ปรรณวัชร,ปัน-วัด,ใบไม้หรือหนังสือแห่งความรู้และแข็งแกร่งดุจเพชร
ปรรณวิสิฐ,ปัน-นะ-วิ-สิด,ผู้มีฐานะแห่งความดีและความกล้าหาญ
ปรรนิกร์,ปัน-นิ-กร,ผู้เปี่ยมด้วยความยอดเยี่ยม
ปรวรรษ,ปอ-ระ-วัด,ผู้เกี่ยวกับฝนหรือปีอันอุดมและประเสริฐ
ปรวัน,ปะ-ระ-วัน,ผู้เปี่ยมด้วยความยอดเยี่ยม
ประกรณ์,ประ-กอน,เครื่องประกอบหรือผู้จัดทำอย่างสมบูรณ์
ประกอบ,ประ-กอบ,ผู้จัดทำสิ่งต่างๆ ด้วยความสามารถ
ประครอง,ประ-ครอง,ผู้เปี่ยมด้วยความยอดเยี่ยม
ประคอง,ประ-คอง,ผู้ค้ำจุนและดูแลอย่างอ่อนโยน
ประคัลภ์,ประ-คัน,ผู้มีความยอดเยี่ยมและความละมุน
ประคำนอก,ประ-คำ-นอก,ผู้เปี่ยมด้วยทองคำ
ประคุณ,ประ-คุน,ผู้มีคุณงามความดี
ประจงจัด,ประ-จง-จัด,ผู้จัดทำอย่างประณีตตั้งใจ
ประจวบ,ประ-จวบ,ผู้มาพบพานกันโดยเหมาะสม
ประเจตน์,ประ-เจด,ผู้มีความตั้งใจชัดเจน
ประเชิญ,ประ-เชิน,ผู้เชื้อเชิญด้วยไมตรี
ประณต,ประ-นด,ผู้นอบน้อม
ประณพ,ประ-นบ,ผู้เป็นมงคล
ประณม,ประ-นม,ผู้ไหว้นอบน้อม
ประณิธิ,ประ-นิ-ทิ,ผู้ตั้งความปรารถนาดีไว้มั่น
ประไณย,ประ-ไน,ผู้ควรแก่การนำไปสู่สิ่งที่ดี
ประดิษฐ,ประ-ดิด,ผู้สร้างสรรค์
ประดิษฐ์,ประ-ดิด,ผู้สร้างสรรค์
ประดิษฐา,ประ-ดิด-ถา,ผู้สร้างสรรค์และตั้งมั่นและสร้างสรรค์
ประทวน,ประ-ทวน,ผู้เปี่ยมด้วยความยอดเยี่ยม
ประทักษ์,ประ-ทัก,ผู้รักษาและคุ้มครอง
ประธาน,ประ-ทาน,ผู้นำหรือผู้เป็นใหญ่
ประนอม,ประ-นอม,ผู้ประสานให้อ่อนโยนกลมกลืน
ประไพ,ประ-ไพ,ผู้สวยงามผ่องใส
ประภวิษณุ์,ประ-พะ-วิด,ผู้บังเกิดความเจริญรุ่งเรือง
ประมณฑ์,ประ-มน,ผู้ประเสริฐเลิศล้ำ
ประมนัส,ประ-มะ-นัด,ผู้มีใจเบิกบาน
ประวัณ,ประ-วัน,ผู้เปี่ยมด้วยฐานะแห่งความดี
ประวันวิทย์,ประ-วัน-วิด,ผู้มีความรู้เป็นเลิศในทุกด้าน
ประวาลปัทม์,ประ-วา-ละ-ปัด,ดอกบัวสีปะการังอันงดงาม
ประวิชญา,ประ-วิด-ชะ-ยา,ผู้มีความรู้แจ้ง
ประวีณ,ประ-วีน,ผู้เชี่ยวชาญชำนาญเป็นเลิศ
ประวีร์,ประ-วี,ผู้กล้าหาญอย่างยิ่ง
ประสพ,ประ-สบ,ผู้ประสบความสำเร็จ
ประสิทธิ์,ประ-สิด,ผู้มีความสำเร็จ
ปรัก,ปรัก,ผู้เปี่ยมด้วยความยอดเยี่ยม
ปรัชญ์ชัย,ปรัด-ไช,ผู้มีชัยชนะด้วยปัญญา
ปรัชญ์ธนัช,ปรัด-ทะ-นัด,นักปราชญ์ผู้มีปัญญาและมีทรัพย์
ปรัชญ์พงศ์,ปรัด-ชะ-พง,ผู้มีเชื้อสายแห่งปัญญา
ปรัชญา,ปรัด-ชะ-ยา,การรู้แจ้ง
ปรัชญาธรรศ,ปรัด-ชะ-ยา-ทัด,ผู้มีปัญญาและหลักคิด ผู้มีความรู้ และค้ำจุน
ปรัชญานันท์,ปรัด-ชะ-ยา-นัน,ผู้มีปัญญาและหลักคิดและมีความรู้
ปรัญ,ปะ-ไหล,ผู้มีความรู้
ปรัญวิชญ์,ปะ-รัน-ยะ-วิด,ผู้มีปัญญา ความรู้ และนักปราชญ์
ปรัตถ์,ปะ-รัด,เพื่อประโยชน์ของผู้อื่น
ปรัธนา,ปรัด-ทะ-นา,ผู้มีทรัพย์และความอ่อนโยนสง่างาม
ปราญชล,ปราน-ชน,ผู้ฉลาดและเย็นใสดุจน้ำ
ปราณจักร,ปราน-จัก-กอน,พลังชีวิตอันหมุนเคลื่อนไป
ปราณชัย,ปราน-ไช,ผู้มีชัยชนะแห่งชีวิต
ปราณต์,ปราน,ผู้มีพลังชีวิต
ปราณนต์,ปรา-นน,ผู้มีชีวิตยืนยาว
ปราณี,ปรา-นี,ผู้มีความเมตตากรุณา
ปราณีต,ปรา-นีด,เลิศล้ำ
ปรานต์,ปราน,ผู้เป็นเลิศ
ปริชญ์,ปริด,ผู้เปี่ยมด้วยปัญญา
ปริชญา,ปะ-ริ-ชะ-ยา,ผู้มีความรู้รอบและมีความรู้
ปริชวัน,ปะ-ริด-ชะ-วัน,ผู้เปี่ยมด้วยความว่องไว
ปริญ,ปะ-ริน,ผู้รู้แจ้ง
ปริญญา,ปะ-ริน-ยา,การสอบไล่วิชาชั้นสูง
ปริญญาวรรธน์,ปะ-ริน-ยา-วัด,ผู้มีความรู้รอบ ผู้มีทรัพย์ และเจริญงอกงาม
ปริญญาวัชร,ปะ-ริน-ยา-วัด,ผู้มีความรู้รอบและแข็งแกร่งดุจเพชร
ปริญญาวัชร์,ปะ-ริน-ยา-วัด,ผู้มีความรู้รอบและแข็งแกร่งดุจเพชร
ปริณ,ปะ-ริน,ผู้มีความรู้รอบ
ปริณญา,ปะ-ริน-ยา,ผู้มีความรู้และความอ่อนโยนสง่างาม
ปริณวิชญ์,ปะ-ริน-วิด,ผู้ฉลาดรอบรู้เป็นเลิศ
ปริณวินท์,ปะ-ริน-วิน,ผู้บรรลุความสมบูรณ์
ปริณาห์,ปะ-ริ-นา,ผู้เปี่ยมด้วยฐานะแห่งความดี
ปริตรต์,ปะ-ริด,ผู้ปกป้อง
ปริเตนัง,ปะ-ริ-เต้-นัง,ผู้เปี่ยมด้วยความรอบรู้
ปริทร,ปะ-ริ-ทอน,ผู้มีความรอบรู้ ความมั่นคง และความมั่นคงสูงส่ง
ปรินทร,ปะ-ริน-ทอน,ผู้มีความรอบรู้ ความอ่อนละมุนดุจสายน้ำ และความมั่นคง
ปรินทร์,ปะ-ริน,ผู้มีความรอบรู้ ความอ่อนละมุนดุจสายน้ำ และความเป็นใหญ่
ปริภัทร์,ปะ-ริ-พัด,ผู้มีความรอบรู้ ความดีงามเป็นมงคล และความมั่นคง
ปริม,ปะ-ริม,ผู้เป็นที่รักและเต็มเปี่ยม
ปริมล,ปะ-ริ-มน,ผู้มีความรอบรู้และความละมุน
ปริเยศ,ปะ-ริ-เยด,ผู้เป็นที่รักและเป็นใหญ่
ปริวัชร,ปะ-ริ-วัด,ผู้แข็งแกร่งล้ำค่ารอบด้าน
ปริษา,ปะ-ริ-สา,ผู้มีความรอบรู้และความอ่อนโยนสง่างาม
ปรีชา,ปรี-ชา,ความฉลาดรอบรู้
ปรีย์นันท์,ปรี-นัน,ผู้มีความรัก
ปรียปราณ,ปรี-ยะ-ปราน,ผู้เป็นที่รัก
ปรีย์วรา,ปรี-วะ-รา,ผู้มีความรัก
ปรียาภรณ์,ปรี-ยา-พอน,ผู้มีความรัก
ปรุฬห์,ปะ-รุน,ผู้มีแต่ความงอกงาม
ปรุฬห์ไชย,ปะ-รุน-ไช,ผู้ยิ่งใหญ่และมีชัยชนะ
ปรุฬห์ธิป,ปะ-รุ-ทิบ,ผู้ยิ่งใหญ่และเป็นใหญ่
ปรุฬห์วัชร,ปะ-รุน-วัด,ผู้ยิ่งใหญ่แข็งแกร่งดุจเพชร
ปรุฬห์วิชญ์,ปะ-รุน-วิด,นักปราชญ์ผู้ยิ่งใหญ่
ปรุฬห์ศิลป์,ปะ-รุน-สิน,ผู้ยิ่งใหญ่ในศิลปะ
ปฤษฎี,ปริด-สะ-ดี,ผู้เป็นเลิศ
ปฤษนี,ปริด-สะ-นี,ผู้มีรัศมีอันเจิดจ้า
ปลัญช์ณกรณ์,ปะ-ลัน-จะ-กอน,ผู้มีฐานะแห่งความดี ความละมุน และความกล้าหาญ
ปลัญช์ธนกฤต,ปลัน-ตะ-ทน-กริด,ผู้มีความโดดเด่นล้ำค่า ผู้สร้างทรัพย์สำเร็จ และทรัพย์
ปวร,ปอ-วอน,ผู้ประเสริฐยิ่งและประเสริฐ
ปวรชญา,ปะ-วอน-ชะ-ยา,ผู้ประเสริฐยิ่ง ผู้มีความรู้ และประเสริฐ
ปวรปรัชญ์,ปะ-วอน-ปรัด,ผู้ประเสริฐยิ่ง นักปราชญ์ผู้มีปัญญา และประเสริฐ
ปวรรุจ,ปะ-วอน-รุด,ผู้ประเสริฐยิ่งและประเสริฐ
ปวรลักษณ์,ปอ-วอ-ระ-ลัก,ผู้ประเสริฐยิ่ง ผู้มีลักษณะงดงาม และผู้ประเสริฐ
ปวรวรรณ,ปะ-วอน-วัน,ผู้ประเสริฐยิ่ง ผู้มีวรรณะงดงาม และประเสริฐ
ปวรวิช,ปะ-วอน-วิด,ผู้ประเสริฐยิ่งและประเสริฐ
ปวรสิทธิ์,ปอ-วอ-ระ-สิด,ผู้มีความประเสริฐและความสำเร็จ
ปวรา,ปะ-วะ-รา,ผู้ประเสริฐยิ่งและประเสริฐ
ปวริศ,ปะ-วะ-ริด,ผู้ประเสริฐยิ่ง ผู้เป็นใหญ่และประเสริฐ และประเสริฐ
ปวริศร,ปะ-วะ-ริ-สอน,ผู้ประเสริฐยิ่ง ผู้เป็นใหญ่และประเสริฐ และประเสริฐ
ปวริศร์,ปะ-วะ-ริด,ผู้ประเสริฐยิ่ง ผู้เป็นใหญ่และประเสริฐ และประเสริฐ
ปวเรศ,ปะ-วะ-เรด,ผู้มีความเป็นใหญ่ประเสริฐและความเป็นใหญ่
ปวัน,ปะ-วัน,ผู้มีความบริสุทธิ์และสิริมงคล
ปวิช,ปะ-วิด,ผู้มีความรู้ที่ลึกซึ้ง
ปวิชญา,ปะ-วิ-ชะ-ยา,ผู้รู้แจ้งในสรรพวิชา
ปวิธ,ปะ-วิด,ผู้มีแนวทางอันประเสริฐ แนวทางปัญญา และการค้ำจุน
ปวินท์,ปะ-วิน,ผู้มีชัยชนะอันประเสริฐและมีชัยชนะ
ปวินท์ธนาธร,ปะ-วิน-ทะ-นา-ทอน,ผู้มีชัยชนะอันประเสริฐ ผู้ค้ำจุน และมีทรัพย์
ปวินทร,ปะ-วิน-ทอน,ผู้เป็นใหญ่ด้วยชัยชนะและมีชัยชนะ
ปวิมล,ปะ-วิ-มน,ผู้บริสุทธิ์ประเสริฐและบริสุทธิ์ผ่องใส
ปวีณ์,ปะ-วี,ผู้มีความสามารถ
ปวีณพงศ์,ปะ-วีน-พง,ผู้สืบเชื้อสายอันฉลาดเฉลียว
ปวีณวรรณ,ปะ-วี-นะ-วัน,ผู้มีความสามารถและความงดงาม
ปวีณศักดิ์,ปะ-วีน-สัก,ผู้มีความสามารถและเกียรติยศ
ปวีร์,ปะ-วี,ผู้ยอดเยี่ยม
ปษิญา,ปะ-สิ-ยา,ผู้มีปัญญาแหลมคม ความรู้ และความอ่อนโยนสง่างาม
ปองคุณ,ปอง-คุน,ผู้มีความมุ่งหวังและคุณธรรม
ปองจอมทอง,ปอง-จอม-ทอง,ผู้มีความเป็นเลิศและความมั่งคั่ง
ปองธรรม,ปอง-ทำ,ผู้มุ่งหวัง ผู้ค้ำจุน และตั้งมั่นในธรรม
ป้องปิ่น,ป้อง-ปิ่น,ผู้มีความงดงาม
ปองรัก,ปอง-รัก,ผู้เป็นที่รักและปรารถนา
ป้อมหิน,ป้อม-หิน,ผู้มีความมั่นคงคุ้มครองและความแข็งแกร่ง
ปะลาวัน,ปะ-ลา-วัน,ผู้มีสิริมงคลและความก้าวหน้า
ปักนอก,ปัก-นอก,ผู้เปี่ยมด้วยความตั้งมั่น
ปักษธร,ปัก-สะ-ทอน,ผู้มีปีกหรือฝ่ายอันคุ้มครองและค้ำจุน
ปักษิน,ปัก-สิน,ผู้มีปีกหรือฝ่ายอันคุ้มครองและนก ผู้มีอิสระและสูงส่ง
ปัจจรี,ปัด-จะ-รี,ผู้มีความเหมาะสมแห่งกาลและความสง่างาม
ปัจฉิมนันท์,ปัด-ฉิม-นัน,ผู้มีความสุขสงบในปลายทางและความสุขยินดี
ปัญกร,ปัน-ยะ-กอน,ผู้มีปัญญา ผู้สร้างสรรค์ และความมั่นคงสูงส่ง
ปัญจ,ปัน-จด,ห้า ผู้ครบถ้วนในคุณงาม
ปัญจน,ปัน-จะ-นะ,ห้า ผู้ครบถ้วนในคุณงาม
ปัญจนัท,ปัน-จะ-นัด,ห้า ผู้ครบถ้วนในคุณงาม
ปัญจมา,ปัน-จะ-มา,ห้า ผู้ครบถ้วนในคุณงามและมาถึงพร้อมความดี
ปัญจวิชญ์,ปัน-จะ-วิด,ห้า ผู้ครบถ้วนในคุณงามและนักปราชญ์ผู้รู้
ปัญจวิโรจน์,ปัน-จะ-วิ-โรด,ห้า ผู้ครบถ้วนในคุณงามและรุ่งเรืองสว่างไสว
ปัญญ์,ปัน,ผู้มีปัญญา
ปัญญภัทร,ปัน-ยะ-พัด,ผู้ดีงามเป็นมงคล
ปัญญา,ปัน-ยา,ผู้มีปัญญา
ปัญญาวุธ,ปัน-ยา-วุด,ผู้มีปัญญา
ปัญณวิชร์,ปัน-นะ-วิด,ชื่อประดิษฐ์ สื่อถึงความดีงามและความเจริญ
ปัญนิษา,ปัน-นิ-สา,ผู้มีปัญญา ความสงบเย็น และความอ่อนโยนสง่างาม
ปัฐน์,ปัด,ผู้เปี่ยมด้วยความมั่นคงแห่งแผ่นดิน
ปัฐวิกรณ์,ปัด-ถะ-วิ-กอน,ผู้สร้างสรรค์บนแผ่นดิน
ปัณฑ์ณัฐ,ปัน-นัด,บัณฑิตผู้มีปัญญาและนักปราชญ์ผู้มีปัญญา
ปัณฑ์ธร,ปัน-ทอน,บัณฑิตผู้มีปัญญาและค้ำจุน
ปัณณ์,ปัน,ผู้รู้แจ้ง
ปัณณณรงค์,ปัน-นะ-รง,ผู้ใช้ปัญญาเพื่อชัยชนะ
ปัณณธร,ปัน-นะ-ทอน,ผู้รักษาความรู้
ปัณณธัช,ปัน-นะ-ทัด,ใบไม้หรือหนังสือแห่งความรู้และเป็นธงแห่งเกียรติ
ปัณณ์ธาวิน,ปัน-ทา-วิน,ผู้มีความรู้และชัยชนะ
ปัณณ์ธิภัช,ปัน-ทิ-พัด,ใบไม้หรือหนังสือแห่งความรู้และมีปัญญาและโชค
ปัณณรีย์,ปัน-นะ-รี,ใบไม้หรือหนังสือแห่งความรู้และเป็นที่เคารพ
ปัณณวรรธ,ปัน-นะ-วัด,ผู้มีความประเสริฐ ความรู้ และความเจริญ
ปัณณวัชร,ปัน-นะ-วัด,ใบไม้หรือหนังสือแห่งความรู้และแข็งแกร่งดุจเพชร
ปัณณวัชร์,ปัน-นะ-วัด,ใบไม้หรือหนังสือแห่งความรู้และแข็งแกร่งดุจเพชร
ปัณณวิชญ์,ปัน-นะ-วิด,ผู้มีความรู้และปัญญา
ปัณณวิชย์,ปัน-นะ-วิด,ใบไม้หรือหนังสือแห่งความรู้
ปัณณิภัชร์,ปัน-นิ-พัด,ใบไม้หรือหนังสือแห่งความรู้และดีงามดุจเพชร
ปัณภัค,ปัน-นะ-พัก,ผู้มีโชค
ปัณรส,ปัน-นะ-รด,ผู้มีรสเสน่ห์
ปัทม์,ปัด,ดอกบัว ผู้บริสุทธิ์งดงามและดอกบัวผู้บริสุทธิ์
ปัทมนันท์,ปัด-ทะ-มะ-นัน,ผู้มีดอกบัวบริสุทธิ์และความสุขยินดี
ปัทมวรรณ,ปัด-ทะ-มะ-วัน,ผู้มีวรรณะงดงามและประเสริฐ
ปัทมา,ปัด-ทะ-มา,หญิงงามบริสุทธิ์ดุจดอกบัว
ปานเทพ,ปาน-เทบ,ดุจเทวดาผู้ประเสริฐ
ปิญะณัฐ,ปิ-นะ-นัด,นักปราชญ์ผู้เป็นที่รัก
ปิ่นกระจัน,ปิ่น-กระ-จัน,เครื่องประดับงามดุจจันทร์เสี้ยว
ปิ่นใจ,ปิ่น-ไจ,เครื่องประดับศีรษะ ผู้เป็นยอดแห่งความงาม
ปินญา,ปิน-ยา,ผู้มีปัญญา
ปิ่นนมัส,ปิ่น-นะ-มัด,ผู้เป็นยอดแห่งการนอบน้อม
ปิ่นมนัส,ปิ่น-มะ-นัด,เครื่องประดับศีรษะ ผู้เป็นยอดแห่งความงาม
ปิยธิดา,ปิ-ยะ-ทิ-ดา,หญิงผู้เป็นที่รักยิ่ง
ปิยะณัฐ,ปิ-ยะ-นัด,ผู้มีความรู้เป็นที่รักของคนทั่วไป
ปิลันธนา,ปิ-ลัน-ทะ-นา,เครื่องประดับอันงดงาม
ปีติภัทร,ปิ-ติ-พัด,ผู้มีสิริมงคล
ปุณณดา,ปุน-นะ-ดา,หญิงผู้ครบถ้วนสมบูรณ์
ปุณณภพ,ปุน-นะ-พบ,ผู้มีความสมบูรณ์แห่งชีวิต
ปุณยวีร์,ปุน-ยะ-วี,ผู้มีความดีงามและความกล้าหาญ
ปุริม,ปุ-ริม,ผู้มาก่อนและเป็นเลิศด้วยคุณสมบัติ
ปูรณ์,ปูน,ผู้สมบูรณ์พร้อม
แปงปวน,แปง-ปวน,ผู้เปี่ยมด้วยการสร้างสรรค์
โปษัณ,โป-สัน,ผู้ส่งเสริมให้งอกงาม
ผงธร,ผง-ทอน,ผู้มีความละเอียดอ่อน การค้ำจุน และความมั่นคงสูงส่ง
ผงธรรม,ผง-ทำ,ผู้มีความละเอียดอ่อน การค้ำจุน และธรรมะ
ผงวร,ผง-วอน,ผู้มีความละเอียดอ่อน ความประเสริฐ และความมั่นคงสูงส่ง
ผงวิชญ์,ผะ-หงิด,ผู้มีความละเอียดอ่อน นักปราชญ์ และความรู้
ผงอนันต์,ผะ-หงอน-นัน,ผู้มีความละเอียดอ่อนและความไม่สิ้นสุด
ผชล,ผะ-ชน,ผู้มีสายน้ำแห่งความเจริญและสายน้ำ
ผชลนันท์,ผะ-ชะ-นะ-นัน,ผู้มีสายน้ำแห่งความเจริญ ความสุขยินดี และสายน้ำ
ผชลภัทร,ผะ-ชน-พัด-ทรอ,ผู้มีสายน้ำแห่งความเจริญ ความดีงามเป็นมงคล และสายน้ำ
ผชลวรา,ผะ-ชน-วะ-รา,ผู้มีสายน้ำแห่งความเจริญ ความประเสริฐ และสายน้ำ
ผไท,ผะ-ไท,ผู้เป็นไทและมีอิสรภาพ
ผไทโชค,ผะ-ไท-โชก,ผู้เป็นไทและมีอิสรภาพ
ผไทธรรม,ผะ-ไท-รม,ผู้เป็นไทและมีอิสรภาพ ผู้ค้ำจุน และตั้งมั่นในธรรม
ผไทธรา,ผะ-ไท-ทะ-รา,ผู้เป็นไทและมีอิสรภาพและค้ำจุน
ผไทธวัช,ผะ-ไท-ทะ-วัด,ผู้เป็นไทและมีอิสรภาพ
ผไทนนท์,ผะ-ไท-นน,ผู้เป็นไทและมีอิสรภาพและมีความสุขยินดี
ผไทนันท์,ผะ-ไท-นัน,ผู้เป็นไทและมีอิสรภาพ
ผไทนับ,ผะ-ไท-บัน,ผู้มีอิสรภาพและความรอบคอบ
ผไทนา,ผะ-ไท-นา,ผู้เป็นไทและมีอิสรภาพ
ผไทนารถ,ผะ-ไท-นาด,ผู้เป็นไทและมีอิสรภาพ
ผไทนำ,ผะ-ไท-นำ,ผู้เป็นไทและมีอิสรภาพ
ผไทมิน,ผะ-ไท-มิน,ผู้มีอิสรภาพและความเป็นใหญ่
ผไทระริน,ผะ-ไท-ริน,ผู้เป็นไทและมีอิสรภาพ
ผไทรัก,ผะ-ไท-รัก,ผู้เป็นไทและมีอิสรภาพและเป็นที่รัก
ผไทรัช,ผะ-ไท-รัด,ผู้เป็นไทและมีอิสรภาพ
ผไทริน,ผะ-ไท-ริน,ผู้เป็นไทและมีอิสรภาพ
ผไทรินทร์,ผะ-ไท-ริน,ผู้เป็นไทและมีอิสรภาพ
ผไทรุจ,ผะ-ไท-รุด,ผู้เป็นไทและมีอิสรภาพ
ผไทรุจา,ผะ-ไท-รุ-จา,ผู้เป็นไทและมีอิสรภาพ
ผไทรุจินนท์,ผะ-ไท-รุน-จิน,ผู้เป็นไทและมีอิสรภาพและมีความสุขยินดี
ผไทรุจิรา,ผะ-ไท-รุ-จิ-รา,ผู้เป็นไทและมีอิสรภาพ
ผไทโรจน์,ผะ-ไท-โรด,ผู้เป็นไทและมีอิสรภาพ
ผไทล้วน,ผะ-ไท-ล้วน,ผู้เป็นไทและมีอิสรภาพและบริสุทธิ์ตรงแท้
ผไทลักษณ์,ผะ-ไท-ลัก,ผู้เป็นไทและมีอิสรภาพและมีลักษณะงดงาม
ผไทวร,ผะ-ไท-วอน,ผู้เป็นไทและมีอิสรภาพและประเสริฐ
ผไทวรินทร์,ผะ-ไท-วะ-ริน,ผู้มีความเป็นผู้นำและความประเสริฐ
ผไทวิชญ์,ผะ-ไท-วิด,ผู้เป็นไทและมีอิสรภาพและนักปราชญ์ผู้รู้
ผไทวิน,ผะ-ไท-วิน,ผู้เป็นไทและมีอิสรภาพและมีชัยชนะ
ผไทวิมล,ผะ-ไท-วิ-มน,ผู้เป็นไทและมีอิสรภาพและบริสุทธิ์ผ่องใส
ผไทวิโรจน์,ผะ-ไท-วิ-โรด,ผู้เป็นไทและมีอิสรภาพและรุ่งเรืองสว่างไสว
ผไทไว,ผะ-ไท-ไว,ผู้เป็นไทและมีอิสรภาพและว่องไว
ผไทหลัก,ผะ-ไหล-หะ-กลับ,ผู้เป็นไทและมีอิสรภาพและเป็นหลักมั่นคง
ผไทหิรัญ,ผะ-ไท-หะ-ริน-ยัน,ผู้เป็นไทและมีอิสรภาพและล้ำค่าดุจเงินทอง
ผไทใหม่,ผะ-ไท-ไหม่,ผู้เป็นไทและมีอิสรภาพและสดใหม่
ผไทอดิเรก,ผะ-ไท-อะ-ดิ-เรก,ผู้เป็นไทและมีอิสรภาพและยิ่งใหญ่เป็นพิเศษ
ผไทอนันต์,ผะ-ไท-อะ-นัน,ผู้เป็นไทและมีอิสรภาพและไม่มีที่สิ้นสุด
ผไทอภินันท์,ผะ-ไท-อะ-พิ-นัน,ผู้เป็นไทและมีอิสรภาพและมีความยินดียิ่ง
ผไทอรรถ,ผะ-ไท-อัด,ผู้มีความงดงาม
ผไทอรุณ,ผะ-ไท-อะ-รุน,ผู้มีความรุ่งเรือง ความงดงาม และความสว่าง
ผไทอัคร,ผะ-ไท-อัก,ผู้เป็นไทและมีอิสรภาพและยอดเยี่ยม
ผไทอานนท์,ผะ-ไท-อา-นน,ผู้เป็นไทและมีอิสรภาพและมีความสุขยินดี
ผไทอำนาจ,ผะ-ไท-อำ-นาด,ผู้เป็นไทและมีอิสรภาพและมีอำนาจบารมี
ผไทอำไพ,ผะ-ไท-อำ-ไพ,ผู้เป็นไทและมีอิสรภาพและสว่างงดงาม
ผไทอิทธิ,ผะ-ไท-อิด-ทิ,ผู้เป็นไทและมีอิสรภาพและมีอำนาจฤทธิ์
ผไทอิสรา,ผะ-ไท-อิด-สะ-รา,ผู้เป็นไทและมีอิสรภาพและเป็นอิสระ
ผไทโอ,ผะ-ไท-โอ,ผู้มีอิสรภาพและความกว้างใหญ่
ผไทโอดม,ผะ-ไท-โด-อม,ผู้เป็นไทและมีอิสรภาพและสมบูรณ์อุดม
ผไทโอฬาร,ผะ-ไท-โอ-ราน,ผู้เป็นไทและมีอิสรภาพและยิ่งใหญ่กว้างขวาง
ผไทัช,ผะ-ไท,ผู้มีอิสรภาพและการสัมผัสความสำเร็จ
ผไทัน,ผะ-ไท-ทัน,ผู้เปี่ยมด้วยอิสรภาพ
ผไทิช,ผะ-ไท-ชิด,ผู้มีอิสรภาพและการเกิดใหม่อันดี
ผบวร,ผะ-บอ-วอน,ผู้มีความประเสริฐและความมั่นคงสูงส่ง
ผบวรนันท์,ผะ-วอน-นัน,ผู้มีความประเสริฐและความสุขยินดี
ผบวรภัทร,ผะ-บอ-วอน-พัด-ทรอ,ผู้มีความประเสริฐ ความดีงามเป็นมงคล และความมั่นคงสูงส่ง
ผบวรวรา,ผะ-บอ-วอ-ระ-วะ-รา,ผู้มีความประเสริฐและความอ่อนโยนสง่างาม
ผปฐม,ปะ-ถะ-ถม,ผู้เปี่ยมด้วยการเริ่มต้นอันดี
ผปฐมนันท์,ปะ-ถม-นะ-นัน,ผู้มีการเริ่มต้นอันดีและความสุขยินดี
ผปฐมภัทร,ปะ-ถะ-ถม-พัด-ทรอ,ผู้มีความดีงาม ความมั่นคง และสิริมงคล
ผปฐมวรา,ปะ-ถม-มะ-วะ-รา,ผู้มีความประเสริฐ ความสง่างาม และความอ่อนโยน
ผปริญญา,ผะ-ปะ-ริน-ยา,ผู้มีความรู้รอบ ความรู้ และความอ่อนโยนสง่างาม
ผปริญญานันท์,ผะ-ปริ-ยา-นัน,ผู้มีความรู้รอบ ความสุขยินดี และความรู้
ผปริญญาวรา,ผะ-ปริน-ยา-วะ-รา,ผู้มีความรู้รอบ ความประเสริฐ และความรู้
ผปัญญา,ผะ-ปัน-ยา,ผู้มีปัญญา ความรู้ และความอ่อนโยนสง่างาม
ผปัญญานันท์,ผะ-ปัน-ยา-นัน,ผู้มีปัญญา ความสุขยินดี และความรู้
ผปัญญาวรา,ผะ-ปัน-ยา-วะ-รา,ผู้มีปัญญา ความประเสริฐ และความรู้
ผศิน,ผะ-สิน,ผู้เปี่ยมด้วยศีลและความสงบ
ผศินกร,ผะ-สิน-กอน,ผู้มีศีลและความสงบ ผู้สร้างสรรค์ และความมั่นคงสูงส่ง
ผศินโชค,ผะ-สิน-โชก,ผู้มีศีลและความสงบและโชคลาภ
ผศินธรรม,ผะ-สิน-ทำ,ผู้มีความเกื้อหนุนและความสงบ
ผศินวร,ผะ-สิน-วอน,ผู้ทรงศีลหรือผู้มีความสงบงามและประเสริฐ
ผศินอนันต์,ผะ-สิน-อะ-นัน,ผู้ทรงศีลหรือผู้มีความสงบงามและไม่มีที่สิ้นสุด
ผศินอรรถ,ผะ-สิน-อัด,ผู้มีความงดงามและความสงบ
ผศินอานนท์,ผะ-สิน-อา-นน,ผู้ทรงศีลหรือผู้มีความสงบงามและมีความสุขยินดี
ผศิริ,ผะ-สิ-หริ,ผู้มีสิริมงคล
ผศิรินันท์,ผะ-สิ-ริน,ผู้มีสิริมงคล
ผศิริภัทร,ผะ-สิ-หริ-พัด-ทรอ,ผู้มีสิริมงคลและดีงามเป็นมงคล
ผศิริวรา,ผะ-ริ-สิ-หรา-วะ-ริ,ผู้มีสิริมงคลและประเสริฐ
ผีริน,ผี-ริน,ผู้มีความไหลรินลึกล้ำและความละมุนดุจสายน้ำ
ผีรินทร์,ผี-ริน,ผู้มีความเป็นผู้นำ
ผีรี,ผี-รี,ผู้มีความสง่างามลึกล้ำและความสง่างาม
ผู้,พู่,บุคคลหรือผู้กระทำ
ผู้โชค,พู่-โชก,ผู้มีผู้มีคุณลักษณะมงคลและโชคลาภ
ผู้ธรรม,พู่-ทำ,ผู้มีความเกื้อหนุน
ผู้วร,พู่-วอน,บุคคลผู้มีคุณลักษณะตามนามและประเสริฐ
ผู้วิชญ์,พู่-วิด,บุคคลผู้มีคุณลักษณะตามนามและนักปราชญ์ผู้รู้
ผู้วิโรจน์,พู่-วิ-โรด,บุคคลผู้มีคุณลักษณะตามนามและรุ่งเรืองสว่างไสว
ผู้อานนท์,พู่-อา-นน,บุคคลผู้มีคุณลักษณะตามนามและมีความสุขยินดี
ผู้เอก,พู่-เอก,ผู้เป็นเอกหรือยอดเยี่ยม
พงค์ภัค,พง-พัก,ผู้สืบวงศ์ตระกูลอันดีและมีโชค
พงศกร,พง-สะ-กอน,ผู้ทำนุบำรุงวงศ์ตระกูลให้เจริญรุ่งเรือง
พงศ์กร,พง-กร,ผู้ทำนุบำรุงวงศ์ตระกูลให้เจริญรุ่งเรือง
พงศ์กานต์,พง-กาน,ผู้เป็นที่รักแห่งวงศ์ตระกูล
พงศ์คุณ,พง-คุน,ผู้สร้างคุณูปการแก่วงศ์ตระกูล
พงศ์ดล,พง-ดน,ผู้ดลบันดาลสิ่งดีงามแก่วงศ์ตระกูล
พงศ์ดา,พง-ดา,หญิงผู้เป็นศรีสง่าแก่วงศ์ตระกูล
พงศ์เดช,พง-เดด,ผู้เป็นความรุ่งเรืองและเกียรติยศของวงศ์ตระกูล
พงศ์พลิน,พง-พะ-ลิน,ผู้มีพลังในการจรรโลงวงศ์ตระกูลให้มั่นคง
พงศ์ภรณ์,พง-พอน,ผู้เป็นเครื่องประดับอันงดงามแห่งวงศ์ตระกูล
พงศ์ภัค,พง-พัก,ผู้มีความเจริญ สิริมงคล และโชคลาภ
พงศ์ภัทรา,พง-พัด-ทรา,ผู้มีความประเสริฐ ความเจริญ และความงดงาม
พงศ์ภา,พง-พา,ผู้มีความรุ่งเรืองและความสว่าง
พงศ์ภาณุ,พง-พา-นุ,ผู้มีความรุ่งเรือง
พงศ์มณี,พง-มะ-นี,ผู้เป็นดุจแก้วมณีแห่งวงศ์ตระกูล / วงศ์ตระกูลอันล้ำค่า
พงศ์เมธา,พง-เม-ทา,ผู้มีความรู้และปัญญา
พงศ์รพ,พง-รบ,ผู้มีชื่อเสียงและเกียรติยศ
พงศ์รัตน์,พง-รัด,ผู้เป็นดุจแก้วรัตนะแห่งวงศ์ตระกูล / วงศ์ตระกูลอันล้ำค่า
พงศ์รัตนา,พง-รัด-ตะ-นา,ผู้มีคุณค่า
พงศ์รินี,พง-ริ-นี,ผู้มีเกียรติยศและความเป็นผู้นำ
พงศ์เรศ,พง-เรด,ผู้มีความรุ่งเรือง ความเป็นผู้นำ และอำนาจ
พงศ์ลักษณา,พง-ลัก-สะ-นา,ผู้มีสิริมงคลและความงดงาม
พงศ์ลินา,พง-ลิ-นา,ผู้มีความอ่อนโยน ความน่ารัก และความงดงาม
พงศ์วร,พง-วอน,ผู้มีเชื้อสายอันประเสริฐเลิศล้ำ / วงศ์ตระกูลที่ยิ่งใหญ่
พงศ์วรา,พง-วะ-รา,ผู้มีความประเสริฐ เกียรติยศ และความเป็นเลิศ
พงศ์วัฒ,พง-วัด,ผู้มีความรุ่งเรือง ความก้าวหน้า และความเจริญ
พงศ์วินา,พง-วิ-นา,ผู้มีความงดงามและความเป็นเลิศ
พงศ์วุฒิ,พง-วุด,ผู้มีความรุ่งเรือง ความรู้ และปัญญา
พงษ์กร,พง-กร,ผู้สืบวงศ์ตระกูลอันดี
พงษ์ทร,พง-ทอน,ผู้สืบวงศ์ตระกูลอันดี
พงษธร,พง-สะ-ทอน,ผู้สืบวงศ์ตระกูลอันดีและค้ำจุน
พงษธัช,พง-สะ-ทัด,ผู้สืบวงศ์ตระกูลอันดีและเป็นธงแห่งเกียรติ
พงษ์นรินทร์,พง-นะ-ริน,ผู้สืบวงศ์ตระกูลอันดี
พงษ์นาวิน,พง-นา-วิน,ผู้มีชัยชนะและความเป็นผู้นำ
พงษ์นิรันดร์,พง-นิ-รัน,ผู้สืบวงศ์ตระกูลอันดีและยั่งยืนไม่สิ้นสุด
พงษ์เพชร,พง-เพ็ด,ผู้สืบวงศ์ตระกูลอันดี เพชร ผู้แข็งแกร่งและล้ำค่า และแข็งแ…
พงษภัทร,พง-สะ-พัด,ผู้สืบวงศ์ตระกูลอันดีและดีงามเป็นมงคล
พงษ์วรานนท์,พง-วะ-ราน,ผู้สืบวงศ์ตระกูลอันดี ผู้มีความสุขยินดี และประเสริฐ
พงษ์วริษฐ์,พง-วะ-ริด,ผู้สืบวงศ์ตระกูลอันดีและประเสริฐ
พจน์ชัย,พด-ไช,ผู้มีวาจาดีและชัยชนะ
พจน์พงศ์,พด-พง,ผู้มีวาทศิลป์อันสืบทอด
พชร,พด-ชะ-ระ,ผู้แข็งแกร่งและมีคุณค่าดุจเพชร
พชรกร,พด-ชะ-ระ-กอน,เพชร ผู้แข็งแกร่งและล้ำค่า
พชรชัย,พ-ช-ร-ช,ผู้มีชัยชนะที่มั่นคงดุจเพชร
พชรณัฐ,พด-ชะ-ระ-นัด,นักปราชญ์ผู้รุ่งโรจน์และแข็งแกร่งดุจเพชร
พชรณัฐ์,พะ-ชะ-ระ-นัด,เพชร ผู้แข็งแกร่งและล้ำค่าและนักปราชญ์ผู้มีปัญญา
พชรณัท,พะ-ชะ-ระ-นัด,เพชร ผู้แข็งแกร่งและล้ำค่า
พชรธร,พะ-ชะ-ระ-ทอน,เพชร ผู้แข็งแกร่งและล้ำค่าและค้ำจุน
พชรธรณ์พงษ์,พะ-ชะ-ระ-ทะ-นะ-พง,ผู้สืบวงศ์ตระกูลอันดี เพชร ผู้แข็งแกร่งและล้ำค่า และผู้ค้ำจุน
พชรธิป,พะ-ชะ-ระ-ทิบ,เพชร ผู้แข็งแกร่งและล้ำค่าและเป็นใหญ่
พชรนนท์,พด-ชะ-ระ-นน,ผู้มีความสุขและเป็นที่ยินดีดุจเพชร
พชรพงศ์,พะ-ชะ-ระ-พง,ผู้สืบเชื้อสายที่รุ่งเรืองและมั่นคง
พชรภัทร,พด-ชะ-ระ-พัด-ทรอ,ผู้ดีงามและแข็งแกร่งดุจเพชร
พชรมน,พะ-ชะ-ระ-มน,เพชร ผู้แข็งแกร่งและล้ำค่า
พชรมนต์,พะ-ชะ-ระ-มน,เพชร ผู้แข็งแกร่งและล้ำค่าและมีถ้อยคำศักดิ์สิทธิ์
พชรวร,พะ-ชะ-ระ-วะ-ระ,เพชร ผู้แข็งแกร่งและล้ำค่าและประเสริฐ
พชรวัฒน์,พะ-ชะ-ระ-วัด,ผู้เจริญรุ่งเรืองและมั่นคงดุจเพชร
พชรวิชญ์,พะ-ชะ-ระ-วิด,ผู้มีความรู้เฉียบคมดุจเพชร
พชรศักดิ์,พะ-ชะ-ระ-สัก,ผู้มีศักดิ์ศรีและอำนาจแข็งแกร่งดุจเพชร
พชระ,พะ-ชะ-ระ,เพชร ผู้แข็งแกร่งและล้ำค่า
พชรินทร์,พะ-ชะ-ริน,ผู้มีความเป็นผู้นำ
พชิรา,พะ-ชิ-รา,ผู้มีคุณค่าและแข็งแกร่งดุจเพชร
พณาน,พะ-นาน,ผู้มีความเจริญทางการค้า
พธรนันท์,พะ-ทะ-ระ-นัน,ผู้มีการค้ำจุนอันกล้าแกร่ง ความสุขยินดี และการค้ำจุน
พนธกร,พน-ทะ-กอน,ผู้ประสานความสัมพันธ์
พนธิตร,พน-ทิด,ผู้เป็นที่รัก
พนิดา,พะ-นิ-ดา,ผู้หญิง
พบธรรม,พบ-ทำ,ผู้ค้ำจุน ผู้ตั้งมั่นในธรรม และพบทางแห่งธรรม
พยุงศักดิ์,พะ-ยุง-สัก,ผู้บำรุงส่งเสริมศักดิ์ศรี
พรชัย,พอน-ไช,ผู้มีชัยชนะ
พรณภัส,พอน-นะ-พัด,ผู้มีความสว่าง
พรทิพย์,พอน-ทิบ,สิ่งประเสริฐที่เป็นของทิพย์
พรธิดา,พอน-ทิ-ดา,ลูกสาวที่เป็นพร
พรนภา,พอน-นะ-พา,สิ่งประเสริฐที่มาจากฟากฟ้า
พรปวีณ์,พอน-ปะ-วี,ผู้มีความสามารถ
พรพิชชา,พอน-พิด-ชา,ความรู้ที่ประเสริฐ
พรพิพัฒน์,พอน-พิ-พัด,ผู้มีความเจริญ
พรภวิษย์,พอน-พะ-วิด,สิ่งประเสริฐที่จะเกิดขึ้นในอนาคต
พรภัทร,พอ-ระ-พัด,พรที่ประเสริฐและดีงาม
พรรณวดี,พัน-นะ-ดะ-วี,หญิงผู้มีผิวพรรณงดงาม
พรรณวรรณ,พัน-นะ-วัน,มีผิวพรรณและวรรณะงดงาม
พรวลัย,พอน-วะ-ไล,พร
พรศ,พอน-สะ,พรแห่งความเป็นสิริมงคล
พรสวรรค์,พอน-สะ-หวัน,สิ่งประเสริฐที่เทวดาประทานให้
พรสุชา,พอน-สุ-ชา,สิ่งประเสริฐจากผู้มีกำเนิดดี
พรหมพิริยะ,พรม-พิ-ริ-ยะ,ความเพียรอันประเสริฐดุจพรหม
พรอำไพ,พอน-อำ-ไพ,ผู้มีความงดงาม
พระจันทร์ฉาย,พระ-จัน-ฉาย,ผู้มีความสง่างาม
พริมา,พริ-มา,ผู้มาพร้อมความน่ารักงดงาม
พฤกษ์,พรึก,ต้นไม้
พฤฒิพงศ์,พรึด-ทิ-พง,เชื้อสายที่เจริญรุ่งเรือง
พฤฒิศักดิ์,พรึด-ทิ-สัก,ผู้มีความเจริญด้วยอำนาจและเกียรติ
พลกร,พน-ละ-กอน,ผู้กระทำด้วยกำลัง
พลกฤต,พน-ละ-กริด,ผู้มีความสำเร็จ
พลกานต์,พลัน-กา,ผู้มีกำลังและอำนาจและเป็นที่รัก
พลคุณ,พน-ละ-คุน,ผู้มีกำลังและอำนาจและเปี่ยมคุณธรรม
พลดล,พะ-ละ-ดน,ผู้มีกำลังและอำนาจและบันดาลให้เกิดผล
พลดา,พะ-ละ-ดา,ผู้มีกำลังและอำนาจและได้รับสิ่งดีงาม
พลเดช,พน-ละ-เดด,ผู้มีกำลังและอำนาจและมีอำนาจบารมี
พลทัต,พน-พัด,ผู้มีกำลังและอำนาจและได้รับการประทาน
พลภัทรา,พน-ละ-พัด-ทรา,ผู้มีความดีงาม อำนาจ และสิริมงคล
พลภา,พะ-ละ-พา,ผู้มีกำลังและอำนาจและมีรัศมี
พลภาณุ,พะ-ละ-พา-นุ,ผู้มีกำลังและอำนาจ ผู้มีรัศมี และดวงอาทิตย์ผู้สว่างไสว
พลมณี,พน-มะ-นี,ผู้มีกำลังและอำนาจและแก้วมณีอันล้ำค่า
พลเมธา,พน-ละ-เทาม,ผู้มีกำลังและอำนาจและปัญญาความฉลาด
พลรพ,พน-รบ,ผู้มีกำลังในการต่อสู้
พลรัตน์,พน-ละ-รัด,ผู้มีกำลังและอำนาจและล้ำค่าดุจแก้ว
พลรัตนา,พน-ละ-รัด-ตะ-นา,ผู้มีกำลังและอำนาจและแก้วรัตนะอันล้ำค่า
พลรินี,พน-ลิ-รี,ผู้มีกำลังและอำนาจและไหลรินอ่อนโยน
พลเรศ,พน-ละ-เรด,ผู้มีกำลังและอำนาจและเป็นใหญ่
พลลักษณา,พน-ลัก-สะ-นา,ผู้มีกำลังและอำนาจและมีลักษณะงดงาม
พลลินา,พน-ลิ-นา,ผู้มีกำลังและอำนาจและละมุนงดงาม
พลวร,พน-ละ-วอน,ผู้มีกำลังและอำนาจและประเสริฐ
พลวรา,พน-ละ-วะ-รา,ผู้มีกำลังและอำนาจและประเสริฐ
พลวัฒ,พน-ละ-วัด,ผู้มีกำลังและอำนาจและเจริญงอกงาม
พลวินา,พน-ละ-วิ-นา,ผู้มีกำลังและอำนาจ
พลวุฒิ,พะ-ละ-วุด,ผู้มีกำลังและอำนาจและมีความเจริญและคุณวุฒิ
พลศรุต,พน-สะ-รุด,ผู้มีกำลังและอำนาจและมีชื่อเสียงและความรู้ที่สดับมา
พลัฎฐ์,พะ-ลัด,ผู้เปี่ยมด้วยพลังอำนาจ
พลิน,พะ-ลิน,ผู้มีพลังอำนาจและความละมุน
พลิศร,พะ-ลิ-สอน,ผู้มีพลังอำนาจ ความละมุน และความมั่นคงสูงส่ง
พศธน,พด-สะ-ทน,ผู้มีอำนาจและความรุ่งเรืองและมีทรัพย์
พศธร,พด-สะ-ทอน,ผู้มีอำนาจและความรุ่งเรืองและค้ำจุน
พศวัต,พด-สะ-วัด,ผู้มีอำนาจและความรุ่งเรือง
พศวีร์,พด-สะ-วี,ผู้มีอำนาจและความรุ่งเรืองและกล้าหาญ
พศิ,พะ-สิ,ผู้เปี่ยมด้วยอำนาจรุ่งเรือง
พศิน,พะ-สิน,ผู้มีอำนาจและความงดงาม
พสธร,พะ-สะ-ทอน,ผู้มีการค้ำจุนและความมั่นคงสูงส่ง
พสิณ,พะ-สิน,ชื่อประดิษฐ์ สื่อถึงความดีงามและความเจริญ
พสิษฐ์,พะ-สิด,ผู้เปี่ยมด้วยความยอดเยี่ยม
พสุธร,พะ-สุ-ทอน,แผ่นดินหรือทรัพย์อันอุดมและค้ำจุน
พัชณี,พัด-ชะ-นี,ผู้เปี่ยมด้วยเพชรล้ำค่า
พัชรินทร์,พัด-ชะ-ริน,ผู้มีความเป็นผู้นำ
พัชรีย์,พัด-ชะ-รี,เพชร ผู้แข็งแกร่งล้ำค่าและเพชรหรือสิ่งล้ำค่า
พัฒนพงศ์,พัด-ทะ-นะ-พง,ผู้เจริญก้าวหน้า
พัฒนศักดิ์,พัด-ทะ-นะ-สัก,ผู้เจริญก้าวหน้า
พีโชบล,พี-โช-บน,ผู้เปี่ยมด้วยความรุ่งเรือง
พีร,พี-ระ,ผู้กล้าหาญ
พีร์,พี,ผู้กล้าหาญ
พีรกร,พี-ระ-กอน,ผู้กล้าหาญและสร้างสรรค์
พีรกันต์,พี-ระ-กัน,ผู้กล้าหาญและเป็นที่รัก
พีรญา,พี-ระ-ยา,ผู้กล้าหาญและมีความรู้
พีรณัช,พี-ระ-นัด,ผู้กล้าหาญและกล้าหาญในการต่อสู้
พีรณัฐ,พี-ระ-นัด,ผู้กล้าหาญ ผู้กล้าหาญในการต่อสู้ และนักปราชญ์ผู้มีปัญญา
พีรธร,พี-ระ-ทอน,ผู้กล้าหาญและค้ำจุน
พีรธรรม,พี-ระ-ทำ,ผู้กล้าหาญและค้ำจุน
พีรธัช,พี-ระ-ทัด,ผู้กล้าหาญและเป็นธงแห่งเกียรติ
พีรนนท์,พี-ระ-นน,ผู้กล้าหาญและมีความสุขยินดี
พีรบูรณ์,พี-ระ-บูน,ผู้กล้าหาญและกล้าหาญในการต่อสู้
พีรวัศ,พี-ระ-วัด,ผู้กล้าหาญ
พีรวัส,พี-ระ-วัด,ผู้กล้าหาญ
พีรวิชญ์,พี-ระ-วิด,ผู้กล้าหาญ ดวงอาทิตย์ ผู้รุ่งเรือง และนักปราชญ์ผู้รู้
พีรศิษฐ์,พี-ระ-สิด,ผู้กล้าหาญ
พีระ,พี-ระ,ผู้กล้าหาญ
พีระดิษฐ์,พี-ระ-ดิด,ผู้กล้าหาญ
พีรัช,พี-รัด,ผู้กล้าหาญและรุ่งเรืองด้วยอำนาจ
เพชร,เพ็ด,ผู้แข็งแกร่งและล้ำค่าดุจเพชร
เพชรกลับ,เพ็ด-กลับ,เพชรที่กลับคืน สื่อถึงคุณค่าที่หวนคืน
เพชรคง,เพ็ด-คง,ผู้แข็งแกร่งและล้ำค่าดุจเพชร
เพชรเจ๊ก,เพ็ด-เจ๊ก,ผู้เปี่ยมด้วยความแข็งแกร่งล้ำค่า
เพชรชรินทร์,เพ็ด-ชะ-ริน,ผู้มีความเป็นผู้นำและความอ่อนโยน
เพชรไท,เพ็ด-ไท,เพชรแห่งความเป็นไท
เพชรวรรธน์,เพ็ด-ชะ-วัด,ผู้แข็งแกร่งและล้ำค่าดุจเพชร ผู้ประเสริฐ และมีทรัพย์
เพชรวัชระ,เพ็ด-ชะ-วัด,ผู้แข็งแกร่งและล้ำค่าดุจเพชรและเพชรหรือสายฟ้าอันแข็งแกร่ง
เพชรวิชญ์,เพ็ด-ชะ-วิด,ผู้มีความสว่าง ความรุ่งเรือง และความรู้
เพชรอรุณ,เพ็ด-อะ-รุน,ผู้มีความรุ่งเรือง ความงดงาม และความสว่าง
เพชรอินทร์,เพ็ด-อิน,ผู้แข็งแกร่งและล้ำค่าดุจเพชรและเป็นใหญ่
เพียงธาร,เพียง-ทาน,ผู้เรียบงามดุจสายน้ำ ผู้ยืนยงมั่นคง และสายน้ำอันเย็นใส
แพงคำ,แพง-คำ,ผู้เป็นที่รักและมีคุณค่าและมีคุณค่าดุจทองคำ
แพงเจริญ,แพง-จะ-เริน,ผู้เป็นที่รักและมีคุณค่าและเจริญรุ่งเรือง
ไพเราะ,ไพ-เราะ,ผู้มีความไพเราะน่าฟัง
ฟชล,ฟลอน,ผู้มีสายน้ำแห่งฟ้าและสายน้ำ
ฟชลธิภัทร,ฟะ-ชะ-ละ-ทิ-พัด,ผู้มีสายน้ำแห่งฟ้า ความดีงามเป็นมงคล และสายน้ำ
ฟชลธิศ,ฟล-ท,ผู้มีสายน้ำแห่งฟ้า ทิศทางแห่งปัญญา และสายน้ำ
ฟชลธิสิทธิ์,ฟะ-ชะ-ละ-ทิ-สิด,ผู้มีสายน้ำแห่งฟ้า ความสำเร็จ และสายน้ำ
ฟชลนันท์,ฟะ-ชะ-ลัน,ผู้มีสายน้ำแห่งฟ้า ความสุขยินดี และสายน้ำ
ฟชลภัทร,ฟลอน-พัด-ทรอ,ผู้มีสายน้ำแห่งฟ้า ความดีงามเป็นมงคล และสายน้ำ
ฟชลวรา,ฟลอ-ละ-วะ-รา,ผู้มีสายน้ำแห่งฟ้า ความประเสริฐ และสายน้ำ
ฟบวร,ฟะ-บอน,ผู้มีความประเสริฐและความมั่นคง
ฟบวรนันท์,ฟะ-วะ-นะ-รัน,ผู้มีความประเสริฐสูงส่ง ความสุขยินดี และความประเสริฐ
ฟบวรภัทร,ฟะ-บอน-พัด-ทรอ,ผู้มีความประเสริฐ ความดีงาม และสิริมงคล
ฟบวรวรา,ฟะ-บอน-วะ-รา,ผู้มีความประเสริฐ ความสง่างาม และความอ่อนโยน
ฟปฐมคุณ,ฟอ-ปะ-มะ-คุน,ผู้มีจุดเริ่มต้นอันสว่างและคุณธรรม
ฟปฐมธีร์,ฟอ-ปะ-มี-ทอน,ผู้มีจุดเริ่มต้นอันสว่างและการค้ำจุน
ฟปริญญาคุณ,ฟอ-ริน-ยา-คุน,ผู้มีความรู้สว่างไสว คุณธรรม และความรู้
ฟปริญญาธีร์,ฟอ-ปริ-นา-ยี,ผู้มีความรู้สว่างไสว ความรู้ และการค้ำจุน
ฟปัญญา,ฟอ-ยัน-ยา,ผู้มีปัญญา ความรู้ และความอ่อนโยนสง่างาม
ฟปัญญานันท์,ฟับ-ฮัน-ยา-นัน,ผู้มีปัญญา ความสุขยินดี และความรู้
ฟปัญญาวรา,ฟอ-ปัน-ยา-วา-รา,ผู้มีปัญญา ความประเสริฐ และความรู้
ฟศิริ,ฟ-ส,ผู้เปี่ยมด้วยสิริมงคลสว่างไสว
ฟศิรินันท์,ฟ-ส-ริ-นัน,ผู้มีสิริมงคล ความสุข และความยินดี
ฟศิริภัทร,ฟ-ส-พัด-ทรอ,ผู้มีสิริมงคล ความดีงาม และความมั่นคง
ฟศิริวรา,ฟ-ส-ร-ว,ผู้มีสิริมงคล ความประเสริฐ และความสง่างาม
ฟี,ฟี,ผู้สดใสและเปี่ยมพลังชีวิต
ฟีโน่,ฟี-โน่,ผู้โดดเด่น สดใส และมีเสน่ห์เฉพาะตัว
ฟีรญา,ฟี-ระ-ยา,ผู้มีความสดใส ความรู้ และความอ่อนโยนสง่างาม
ฟีริน,ฟี-ริน,ผู้มีความน่ารักและความรัก
ฟู,ฟู,เจริญขึ้น พองขึ้น หรือเพิ่มพูน
ฟูจิ,ฟู-จิ,ชื่อภูเขาฟูจิ สื่อถึงความสูงสง่า
ฟูจิซัง,ฟู-จิ-ซัง,ภูเขาฟูจิอันสูงสง่า
ฟูฟู,ฟู-ฟู,เพิ่มพูนงอกงาม
แฟชั่น,แฟ-ชั่น,รูปแบบการแต่งกายหรือความนิยมร่วมสมัย
ภคกร,พัก-คะ-กอน,ผู้มีโชคและความรุ่งเรืองและสร้างสรรค์
ภคณัท,พะ-คะ-นัด,ผู้มีโชคและความรุ่งเรือง
ภคนันท์,พะ-คะ-นัน,ผู้มีโชคและความรุ่งเรืองและมีความสุขยินดี
ภคภัทร,พะ-คะ-พัด,ผู้มีโชคและความรุ่งเรืองและดีงามเป็นมงคล
ภคมน,พะ-คะ-มน,ผู้มีโชคและความรุ่งเรือง ใจหรือความนึกคิด และมีจิตใจ
ภครัช,พะ-คะ-รัด,ผู้มีโชคและความรุ่งเรืองและรุ่งเรืองด้วยอำนาจ
ภควร,พะ-คะ-วอน,ผู้มีโชคและความรุ่งเรืองและประเสริฐ
ภควรรณ,พะ-คะ-วัน,ผู้มีความรุ่งเรือง ความประเสริฐ และความกล้าหาญ
ภควรรษ,พะ-คะ-วัด,ผู้มีโชคและความรุ่งเรือง ผู้ประเสริฐ และปีหรือฝนอันอุดม
ภคอธิเชษฐ์,พะ-คะ-เอ-ทิด,ผู้มีโชคและความรุ่งเรือง ผู้มีปัญญา และประเสริฐยิ่ง
ภคิน,พะ-คิน,ผู้มีโชคและความรุ่งเรือง
ภณ,พน,ผู้มีวาจาดี
ภณณัฏฐ์,พน-นัด,ผู้มีวาจาดีและนักปราชญ์ผู้มีปัญญา
ภณณัฐ,พน-นัด,ผู้มีวาจาดีและนักปราชญ์ผู้มีปัญญา
ภณภัค,พน-พัก,ผู้มีโชคและความสุขและมีวาจาดี
ภมร,พะ-มอน,ผึ้งหรือแมลงภู่ ผู้มีเสน่ห์ในธรรมชาติ
ภมิน,พะ-มิน,ชื่อประดิษฐ์ สื่อถึงความดีงามและความเจริญ
ภรณ์ณภัส,พอน-นะ-พัด,ผู้มีความงดงามและความสว่าง
ภรณมน,พะ-ระ-นะ-มน,ผู้ค้ำจุน ใจหรือความนึกคิด และกล้าหาญในการต่อสู้
ภรภัค,พอ-ระ-พัก,ผู้มีโชคและความสุขและค้ำจุน
ภรภัทร,พะ-ระ-พัด,ผู้ค้ำจุนและดีงามเป็นมงคล
ภรรษนรร,พัด-สะ-นะ-รัน,ผู้มีความอิ่มเอมแห่งปี การค้ำจุน และความมั่นคงสูงส่ง
ภริม,พะ-ริม,ผู้ค้ำจุน
ภวณัฐ,พะ-วะ-นัด,ผู้มีภพชีวิตอันดีและนักปราชญ์ผู้มีปัญญา
ภวดล,พะ-วะ-ดน,ผู้มีภพชีวิตอันดีและบันดาลให้เกิดผล
ภวรัญ,พะ-วะ-รัน,ผู้มีภพชีวิตอันดีและประเสริฐ
ภวัฐ,พะ-วัด,ผู้มีภพชีวิตอันดี
ภวันท์,พะ-วัน,ผู้มีภพชีวิตอันดีและมีความเป็นอยู่เจริญ
ภวินท์,พะ-วิน,ผู้มีภพชีวิตอันดีและเป็นใหญ่ในภพชีวิต
ภวินท์ธารา,พะ-วิน-ทา-รา,ผู้มีความเป็นผู้นำ
ภวิล,พะ-วิน,ผู้มีภพชีวิตอันดี
ภวิศ,พะ-วิด,ผู้มีภพชีวิตอันดีและเป็นใหญ่ในความเจริญ
ภัค,พัก,ผู้มีโชคและความสุข
ภัคจิรา,พัก-จิ-รา,ผู้มีโชคและความสุขและยั่งยืนยาวนาน
ภัคชัญญา,พัก-ชัน-ยา,ผู้มีโชคและความสุขและมีความรู้
ภัคญา,พัก-คะ-ยา,ผู้มีโชคและความสุขและมีความรู้
ภัคณัท,พัก-คะ-นัด,ผู้มีโชคและความสุข
ภัคณิช,พัก-นิด,ผู้มีโชคและความสุข
ภัคณิราษ์,พัก-นิ-รา,ผู้มีโชคและความสุขและประชาชน
ภัคนนท์,พัก-นน,ผู้มีโชคและความสุขและมีความสุขยินดี
ภัคนันท์,พัก-คะ-นัน,ผู้มีโชคและความสุขและมีความสุขยินดี
ภัคนิจ,พัก-คะ-นิด,ผู้มีโชคและความสุข
ภัคภร,พัก-คะ-พอน,ผู้มีโชคและความสุขและค้ำจุน
ภัคภัทร,พัก-พัด-ทรอ,ผู้มีโชคและความสุขและดีงามเป็นมงคล
ภัครจิรา,พัก-คริ-จาน,ผู้มีโชคและความสุขและยั่งยืนยาวนาน
ภัควรินทร์,พัก-วะ-ริน,ผู้มีโชคและความสุข ผู้เป็นใหญ่ และไหลรินอ่อนโยน
ภัควลัญชญ์,พัก-วะ-ลัน,ผู้มีโชคและความสุขและมีเครื่องหมายแห่งปัญญา
ภัคอร,พัก-ออน,ผู้มีโชคและความสุขและมีความงามอ่อนหวาน
ภัชฏา,พัด-ชะ-ตา,ชื่อประดิษฐ์ สื่อถึงความดีงามและความเจริญ
ภัชตธันวินต์,พัด-ชะ-ทะ-วัน,ผู้มีการแบ่งปันความดี ชัยชนะแห่งทรัพย์ และการค้ำจุน
ภัทธิรา,พัด-ทิ-รา,ผู้ผูกพันกับความดีและมีปัญญา
ภัทร,พัด-ทรอ,ผู้ดีงามเป็นมงคล
ภัทร์,พัด,ผู้ดีงามเป็นมงคล
ภัทรกมล,พัด-ทรอ-กะ-มน,ผู้ดีงามเป็นมงคล ความผ่องใส และมีใจงดงาม
ภัทรกร,พัด-ทรอ-กอน,ผู้ดีงามเป็นมงคลและสร้างสรรค์
ภัทรกันต์,พัด-ทรอ-กัน,ผู้ดีงามเป็นมงคลและเป็นที่รัก
ภัทรจาริน,พัด-ทระ-จา-ริน,ผู้ดีงามเป็นมงคล ผู้ไหลรินอ่อนโยน และประพฤติดีงาม
ภัทรจิร,พัด-ทระ-จิง,ผู้ดีงามเป็นมงคล
ภัทรโชค,พัด-ทระ-โชก,ผู้ดีงามเป็นมงคลและมีโชคดี
ภัทรญา,พัด-ทระ-ยา,ผู้ดีงามเป็นมงคลและมีความรู้
ภัทรฐิรนรินทร์,พัด-ทระ-ถะ-นิน,ผู้ดีงาม มั่นคง และเป็นใหญ่ในหมู่คน
ภัทรดร,พัด-ทระ-ดอน,ผู้ดีงามเป็นมงคลและค้ำจุน
ภัทรดรา,พัด-ทระ-ดา,ผู้ดีงามเป็นมงคลและค้ำจุน
ภัทรดิฐ,พัด-ทรอ-ดิด,ผู้ดีงามเป็นมงคลและมีความเห็นมั่นคง
ภัทรธนานันท์,พัด-ทระ-ทะ-นา-นัน,ผู้ดีงามเป็นมงคล ผู้มีความสุขยินดี และมีทรัพย์
ภัทรธร,พัด-ทระ-ทอน,ผู้ดีงามเป็นมงคลและค้ำจุน
ภัทรนรินทร์,พัด-ทรอ-นะ-ริน,ผู้ดีงามเป็นมงคล ผู้เป็นใหญ่ และไหลรินอ่อนโยน
ภัทร์นรินทร์,พัด-นะ-ริน,ผู้ดีงามเป็นมงคล ผู้เป็นใหญ่ และไหลรินอ่อนโยน
ภัทรนันท์,พัด-ทระ-นัน,ผู้ดีงามเป็นมงคลและมีความสุขยินดี
ภัทร์นิธิ,พัด-นิ-ทิ,ผู้ดีงามเป็นมงคลและมีปัญญา
ภัทรนิษฐ์,พัด-ทรอ-นิด,ผู้ดีงามเป็นมงคลและมั่นคงในความดี
ภัทรภณ,พัด-ทรอ-พน,ผู้มีวาจาดีและดีงามเป็นมงคล
ภัทรภร,พัด-ทระ-พอน,ผู้ค้ำจุนและดีงามเป็นมงคล
ภัทรมน,พัด-ทระ-มน,ผู้ดีงามเป็นมงคล ใจหรือความนึกคิด และมีจิตใจ
ภัทรวรรณ,พัด-ทะ-ระ-วัน,ผู้ดีงามเป็นมงคล ผู้กล้าหาญในการต่อสู้ และประเสริฐ
ภัทรวรรธ,พัด-ทระ-วัด,ผู้ดีงามเป็นมงคลและประเสริฐ
ภัทรวรรธน์,พัด-ทระ-วัด,ผู้ดีงามเป็นมงคล ผู้ประเสริฐ และมีทรัพย์
ภัทรวรินทร์,พัด-ทรอ-วะ-ริน,ผู้ดีงามเป็นมงคล ผู้เป็นใหญ่ และไหลรินอ่อนโยน
ภัทรเวช,พัด-ทระ-เวด,ผู้ดีงามเป็นมงคลและมีความรู้ด้านการรักษา
ภัทรเวท,พัด-ทระ-เวด,ผู้ดีงามเป็นมงคลและมีความรู้
ภัทรอร,พัด-ทรอ-ออน,ผู้ดีงามเป็นมงคลและมีความงามอ่อนหวาน
ภัทรเอก,พัด-ทรอ-เอก,ผู้ดีงามเป็นมงคลและเป็นหนึ่ง
ภัทรเอนก,พัด-ทรอ-อะ-เหนก,ผู้ดีงามเป็นมงคลและมากมายหลายประการ
ภัทรา,พัด-ทรา,ผู้ดีงามเป็นมงคลและหญิงผู้ดีงามเป็นมงคล
ภัทราคนิษฐ์,พัด-ทระ-คะ-นิด,ผู้มีความดีงาม ความมั่นคง และสิริมงคล
ภัทราธร,พัด-ทรา-ทอน,ผู้ดีงามเป็นมงคล หญิงผู้ดีงามเป็นมงคล และค้ำจุน
ภัทรานิษฐ์,พัด-ทรา-นิด,ผู้ดีงามเป็นมงคล หญิงผู้ดีงามเป็นมงคล และผู้มั่นคงในความดี
ภัทราวุธ,พัด-ทรา-วุด,ผู้มีความดีงามและสิริมงคล
ภัทริน,พัด-ทะ-ริน,ผู้ดีงามเป็นมงคลและไหลรินอ่อนโยน
ภัทรินทร์,พัด-ทะ-ริน,ผู้ดีงามเป็นมงคล ผู้เป็นใหญ่ และไหลรินอ่อนโยน
ภัธรวีรัญญ์,พัด-ทะ-รี-วะ-รัน,ผู้มีความดีงาม การค้ำจุน และปัญญากล้าหาญ
ภันทิลา,พัน-ทิ-ลา,ผู้มีความผูกพัน ความมั่นคงดุจศิลา และความอ่อนโยนสง่างาม
ภัสร์มน,พัด-มน,ผู้มีแสงสว่าง ใจหรือความนึกคิด และมีจิตใจ
ภัสร์วรา,พัด-วะ-รา,ผู้มีแสงสว่างและประเสริฐ
ภัสร์สรณ์,พัด-สอน,ผู้มีความกล้าหาญและความสว่าง
ภิญญลักษณ์,พิน-ยา-ลัก,ผู้มีความรู้ยิ่งและมีลักษณะงดงาม
ภินฬ,พิ-รน,ชื่อประดิษฐ์ สื่อถึงความดีงามและความเจริญ
ภิมณ,พิม-มน,ชื่อประดิษฐ์ สื่อถึงความดีงามและความเจริญ
ภิรญา,พิ-ระ-ยา,ผู้มีความรู้
ภิรมณ,พิ-ระ-มน,ผู้รื่นรมย์น่ายินดี
ภิรมน,พิ-ระ-มน,ผู้มีใจรื่นรมย์
ภิรัญญา,ภ-ร-ญ,ผู้ล้ำค่าดุจเงินทองและมีความรู้
ภิริลักษณ์,พิ-ริ-ลัก,ผู้มีลักษณะงดงามและน่ายินดี
ภิเษก,ภ-ธ-ก,ผู้ได้รับการอภิเษกหรือยกย่อง
ไภร,ไพร,ผู้มีความเกื้อหนุน
มกรธัช,มะ-กอน-ทัด,ผู้มีความสร้างสรรค์ เกียรติยศ และสิริมงคล
มณฑล,มน-ทน,บริเวณหรือเขตอันเป็นระเบียบ
มณฑ์ศิริ,มน-สิ-หริ,เครื่องประดับหรือความงาม ผู้มีสิริมงคล และเครื่องประดับ
มณิ,มะ-นิ,ชื่อประดิษฐ์ สื่อถึงความดีงามและความเจริญ
มณิณทระ,มะ-นิน-ทระ,ผู้มีความเป็นผู้นำ
มณินทร,มะ-นิน-ทอน,แก้วมณีอันล้ำค่า
มณิวร,มะ-นิ-วอน,แก้วมณีอันล้ำค่าและประเสริฐ
มณิวรา,มะ-นิ-วะ-รา,แก้วมณีอันล้ำค่าและประเสริฐ
มณิสร,มะ-นิ-สอน,แก้วมณีอันล้ำค่า
มณิสรา,มะ-นิด-สะ-รา,แก้วมณีอันล้ำค่าและมีความไหลลื่นงดงาม
มณิอร,มะ-นิ-ออน,แก้วมณีอันล้ำค่าและมีความงามอ่อนหวาน
มโณ,มะ-โน,จิตใจ
มทนะ,มะ-ทะ-นะ,ความรักหรือเสน่หา
มทนา,มะ-ทะ-นา,ความรักหรือความเมตตา
มทิรา,มะ-ทิ-รา,ความสดชื่นหรือความรื่นรมย์
มธุมนัส,มุ-ทุ-มะ-นัด,จิตใจอันดีงาม ใจหรือความนึกคิด และความหวานละมุน
มธุมิศร์,มะ-ทุ-มิด,ความหวานละมุน
มธุรณัท,มะ-ทุ-ระ-นัด,ผู้มีความกล้าหาญ
มธุรวร,มะ-ทุ-ระ-วะ,ความหวานละมุน ความไพเราะอ่อนหวาน และประเสริฐ
มธุรวันต์,มะ-ทุ-ระ-วัน,ความหวานละมุนและความไพเราะอ่อนหวาน
มธุรส,มะ-ทุ-รด,ความหวานละมุนและความไพเราะอ่อนหวาน
มธุรา,มะ-ทุ-รา,ความหวานละมุนและความไพเราะอ่อนหวาน
มธุริน,มะ-ทุ-ริน,ความหวานละมุน ความไพเราะอ่อนหวาน และไหลรินอ่อนโยน
มธุริมา,มะ-ทุ-ริ-มา,ความหวานละมุนและความไพเราะอ่อนหวาน
มนต์ไชย,มน-ไช,ถ้อยคำศักดิ์สิทธิ์ ใจหรือความนึกคิด และมีจิตใจ
มนต์ณัฏ,มน-นัด,ผู้มีวาจาดีและปัญญา
มนต์ณัฐ,มน-นัด,ผู้มีวาจาดีและปัญญา
มนต์ธนัท,มน-ทะ-นัด,ถ้อยคำศักดิ์สิทธิ์ ใจหรือความนึกคิด และมีทรัพย์
มนต์ธร,มน-ทอน,ถ้อยคำศักดิ์สิทธิ์ ใจหรือความนึกคิด และค้ำจุน
มนต์ธัช,มน-ทัด,ถ้อยคำศักดิ์สิทธิ์ ใจหรือความนึกคิด และมีจิตใจ
มนต์สิทธิ์,มน-สิด,ถ้อยคำศักดิ์สิทธิ์ ใจหรือความนึกคิด และมีปัญญา
มนต์สิริ,มน-สิ-หริ,ถ้อยคำศักดิ์สิทธิ์ ใจหรือความนึกคิด และมีจิตใจ
มนทอง,มน-ทอง,ผู้มีใจล้ำค่าดุจทอง
มนทิรา,มน-ทิ-รา,ใจหรือความนึกคิดและมีจิตใจ
มนธกัญ,มน-ทะ-กัน,ผู้มีจิตใจ คุณค่า และการค้ำจุน
มนนัทธ์,มน-นัด,ใจหรือความนึกคิดและมีจิตใจ
มนนัทธ์ธร,มน-นัด-ทอน,ใจหรือความนึกคิด ผู้ค้ำจุน และมีจิตใจ
มนภร,มะ-นะ-พอน,ผู้ค้ำจุน ใจหรือความนึกคิด และมีจิตใจ
มนภัทร,มะ-นะ-พัด,ผู้ดีงามเป็นมงคล ใจหรือความนึกคิด และมีจิตใจ
มนวรรธ,มะ-นะ-วัด,ใจหรือความนึกคิด ผู้ประเสริฐ และมีจิตใจ
มนวรรธน,มะ-นะ-วัด-ทะ-นะ,ใจหรือความนึกคิด ผู้ประเสริฐ และมีทรัพย์
มนวรรธน์,มะ-นะ-วัด,ใจหรือความนึกคิด ผู้ประเสริฐ และมีทรัพย์
มนัส,มะ-นัด,จิตใจอันดีงาม ใจหรือความนึกคิด และมีจิตใจ
มนาหวาน,มะ-นา-หวาน,ผู้มีจิตใจอ่อนหวานน่ารักและงดงาม
มโน,มะ-โน,จิตใจ
มโนณัท,มะ-โน-นัด,จิตใจ
มโนธรรม,มะ-โน-ทำ,จิตใจและค้ำจุน
มโนภัทร,มะ-โน-พัด-ทรอ,ผู้ดีงามเป็นมงคลและจิตใจ
มโนรักษ์,มะ-โน-รัก,จิตใจ ผู้เป็นที่รัก และปกป้องรักษา
มโนวัศ,มะ-โน-วัด,จิตใจ
มรก,มอ-ระ-กด,ผู้เปี่ยมด้วยความมั่นคงลึกล้ำ
มรรษกร,มัด-สะ-กอน,ผู้มีความมั่นคงลึกล้ำ ผู้สร้างสรรค์ และความมั่นคงสูงส่ง
มฤคินทร์,มะ-รึ-คิน,กวางหรือสัตว์งามสง่า
มฤธ์,มะ-ริ,ผู้มีความลึกซึ้งและการค้ำจุน
มลทิวา,มน-ทิ-วา,ความผ่องใส
มลธน,มน-ทน,ความผ่องใสและมีทรัพย์
มลธิรา,มน-ทิ-รา,ความผ่องใสและมีปัญญา
มลิน,มะ-ลิน,ความผ่องใสและละมุนงดงาม
มหวรรณ,มะ-หะ-วัน,ผู้มีวรรณะยิ่งใหญ่
มหิดล,มะ-หิ-ดน,แผ่นดินหรือความยิ่งใหญ่ ผู้เป็นพลังแห่งแผ่นดิน และบันดาลใ…
มหิทธิกร,มะ-หิด-ทิ-กอน,แผ่นดินหรือความยิ่งใหญ่ ผู้มีปัญญา และสร้างสรรค์
มหิธร,มะ-หิ-ทอน,แผ่นดินหรือความยิ่งใหญ่และค้ำจุน
มหิธรณ์,มะ-หิ-ทอน,ผู้มีความกล้าหาญและความเกื้อหนุน
มะนาวหวาน,มะ-นา-วะ-หวาน,มะนาวรสหวาน สื่อถึงความสดชื่นละมุน
มะนิก,มะ-นิก,ผู้เปี่ยมด้วยความอ่อนโยน
มะลิ,มะ-ลิ,ดอกมะลิ ผู้บริสุทธิ์หอมงาม
มะลิแต,มะ-ลิ-แต,ผู้มีความอ่อนโยนและความละมุน
มะลิทอง,มะ-ลิ-ทอง,ดอกมะลิ ผู้บริสุทธิ์หอมงาม
มะลิใหม่,มะ-ลิ-ไหม่,ดอกมะลิ ผู้บริสุทธิ์หอมงาม
มะหมัด,มะ-หะ-มัด,ผู้เปี่ยมด้วยความอ่อนโยน
มะหะจิ,มะ-หะ-จิ,ผู้เปี่ยมด้วยความอ่อนโยน
มัญชรี,มัน-ชะ-รี,ผู้มีปัญญาอ่อนช้อยและความสง่างาม
มัญชิษฐา,มัน-ชิด-ถา,ผู้มีปัญญาอ่อนช้อยและความอ่อนโยนสง่างาม
มัณฑน์,มัน,เครื่องประดับอันงดงาม
มัณฑนภัทร,มัน-ทะ-นะ-พัด,ผู้ดีงามเป็นมงคล
มัณฑนา,มัน-ทะ-นา,เครื่องประดับหรือการตกแต่งงดงาม
มัธนา,มัด-ทะ-นา,ผู้มีความอ่อนหวาน ทรัพย์ และการค้ำจุน
มัธวา,มัด-ทะ-วา,ผู้มีความอ่อนหวาน การค้ำจุน และความกว้างไกล
มัธวามินทรา,มัด-ทะ-วา-มน-ริน,ผู้เป็นใหญ่ด้วยความหวานละมุน
มันทนา,มัน-ทะ-นา,ผู้มีความมั่นคง ความอ่อนโยน และความอ่อนโยนสง่างาม
มานะ,มา-นะ,ความเพียรและความตั้งใจ
มามะ,มา-มะ,ผู้มีความอบอุ่นและเป็นที่รัก
มามะแตหะ,มา-มะ-แตะ-หะ,ผู้มีไมตรีอบอุ่นและจิตใจหนักแน่น
มามิ,มา-มิ,ผู้มีความอ่อนหวานและเสน่ห์ละมุน
มาร์ค,มาก,ชื่อทับศัพท์ รอการตรวจสอบความหมายเฉพาะ
มาริษา,มา-ริ-สา,ผู้มีความงามละมุน ความงามสง่า และความอ่อนโยนสง่างาม
มาวิน,มา-วิน,ผู้มุ่งสู่ชัยชนะ
มาหะมะ,มา-หะ-มะ,ผู้มีความอ่อนโยนและความงามสง่า
มิน,มิน,ชื่อประดิษฐ์ สื่อถึงความดีงามและความเจริญ
มินาริณทร์,มิ-นา-ริน,ผู้มีความเป็นใหญ่และความอ่อนโยน
มินารินทร์,มิ-นา-ริน,ผู้เป็นใหญ่และไหลรินอ่อนโยน
มิรันญา,มิ-รัน-ยา,ผู้มีความสงบงาม ความรู้ และความอ่อนโยนสง่างาม
มิรา,มิ-รา,ผู้สงบงามและน่าชื่นชม
มิราน,มิ-ราน,ผู้มีความสงบงามอันมั่นคง
มิราริณทร์,มิ-รา-ริน,ผู้เปี่ยมด้วยความสงบงาม
มิรารินทร์,มิ-รา-ริน,ผู้เป็นใหญ่และไหลรินอ่อนโยน
มิรารีย์,มิ-รา-รี,ผู้สง่างามและน่าเคารพ
มิราลักษณ์,มิ-ลา-ลัก,ผู้มีลักษณะแห่งความเจริญรุ่งเรือง
มิราลิน,มิ-รา-ลิน,ผู้มีความงดงาม
มิราวร,มิ-รา-วอน,ผู้มีความสงบงาม ความประเสริฐ และความมั่นคงสูงส่ง
มิริน,มิ-ริน,ผู้มีความงดงามและความสงบ
มิเรน,มิ-เรน,ผู้มีความงดงามและความสงบ
มิ้ว,มิ้ว,ผู้มีเสน่ห์น่ารักละมุน
มิ้วลักษณ์,มิ้ว-ลัก,ผู้มีความน่ารักละมุนและลักษณะงดงาม
มิ้ววร,มิ้ว-วอน,ผู้มีความประเสริฐและโดดเด่นในแบบฉบับของตน
มุจรินทร์,มุ-จะ-ริน,ผู้เป็นใหญ่และไหลรินอ่อนโยน
มุนินทร์,มุ-นิน,ผู้เป็นใหญ่ในหมู่นักปราชญ์และนักปราชญ์ผู้สงบ
มุนินทร์ธร,มุ-นิน-ทอน,ผู้เป็นใหญ่ในหมู่นักปราชญ์ นักปราชญ์ผู้สงบ และค้ำจุน
มุนินทร์ธรณ์,มุ-นิน-ทอน,ผู้มีความเป็นผู้นำ ความกล้าหาญ และความสงบ
มุนินทร์วัชร,มุ-นิน-วัด,ผู้เป็นใหญ่ในหมู่นักปราชญ์และนักปราชญ์ผู้สงบ
มุนินทรา,มุ-นิน-ทรา,นักปราชญ์ผู้สงบ
มุรธา,มุ-ระ-ทา,ยอดศีรษะหรือส่วนสูงสุด
มูลนาม,มูน-นาม,ผู้มีรากฐาน ความอ่อนโยน และชื่อเสียง
มูและ,มู-และ,ผู้เปี่ยมด้วยความอุดม
เมธาวัชรินทร์,เม-ทา-วัน-นะ-ริน,ปัญญาความฉลาด ผู้เป็นใหญ่ และไหลรินอ่อนโยน
โมรา,โม-รา,ผู้มีความมั่นคงลึกล้ำและความอ่อนโยนสง่างาม
ไมน,ไม,จิตใจ
ไมนณ,ไม-นะ,จิตใจ
ไมล์,ไม,หน่วยวัดระยะทาง หรือชื่อทับศัพท์
ยงธนัท,ยง-ทะ-นัด,ผู้ยืนยงมั่นคง ผู้มีทรัพย์ และยืนยง
ยงธนา,ยง-ทะ-นา,ผู้ยืนยงมั่นคง ผู้มีทรัพย์ และยืนยง
ยงยศ,ยง-ยด,ผู้ยืนยงมั่นคง ผู้มีเกียรติยศ และยืนยง
ยงรณัฐ,ยง-ระ-นัด,ผู้มีความกล้าหาญ ความมั่นคง และปัญญา
ยชญ์,ยด,ผู้มีเกียรติจากการบูชา
ยชญ์ชวัล,ยด-ชะ-วัน,ผู้มีเกียรติจากการบูชาและรุ่งเรืองเปล่งประกาย
ยชญ์ชวินทร์,ยด-ชะ-วิน,ผู้มีเกียรติจากการบูชาและเป็นใหญ่และว่องไว
ยชญ์ธนญ,ยด-ทะ-นน,ผู้มีเกียรติจากการบูชาและมีทรัพย์
ยชญ์ศิริ,ยด-ยะ-สิ-หริ,ผู้มีเกียรติจากการบูชาและมีสิริมงคล
ยชญ์อนันต์,ยด-อะ-นัน,ผู้มีเกียรติจากการบูชาและไม่มีที่สิ้นสุด
ยศไกร,ยด-สะ-ไกร,ผู้มีเกียรติยศ ผู้ยิ่งใหญ่ และสร้างสรรค์
ยศธน,ยด-สะ-ทน,ผู้มีเกียรติยศและมีทรัพย์
ยศธนะ,ยด-ทะ-นะ,ผู้มีเกียรติยศและมีทรัพย์
ยศธร,ยด-สะ-ทอน,ผู้มีเกียรติยศและค้ำจุน
ยศยง,ยด-สะ-ยง,ผู้ยืนยงมั่นคง ผู้มีเกียรติยศ และยืนยง
ยศยชญ์,ยด-สะ-ยด,ผู้มีเกียรติจากการบูชาและมีเกียรติยศ
ยศรินทร์,สด-สะ-นิด,ผู้มีเกียรติยศ ผู้เป็นใหญ่ และไหลรินอ่อนโยน
ยสินทร,ยะ-สิน-ทอน,ผู้มีเกียรติยศอันทรงค่าและความมั่นคงสูงส่ง
ยี,ยี,ผู้มีเสน่ห์อ่อนหวานเฉพาะตน
รขิน,ระ-ขิน,ชื่อประดิษฐ์ สื่อถึงความดีงามและความเจริญ
รงค์,รง,ผู้เปี่ยมด้วยสีสันและพลัง
รจณา,รด-จะ-นา,ผู้สร้างสรรค์ถ้อยคำ
รจนา,รด-จะ-นา,ผู้เรียบเรียงหรือสร้างสรรค์ถ้อยคำ
รชฏ,ระ-ชะ-ตะ,ผู้เปี่ยมด้วยความรุ่งโรจน์
รชต,ระ-ชะ-ตะ,ผู้เปี่ยมด้วยความรุ่งโรจน์
รชิน,ระ-ชิน,ชื่อประดิษฐ์ สื่อถึงความดีงามและความเจริญ
รฐา,ระ-ถา,ผู้มีความมั่นคงแห่งรัฐ
รณกร,รน-นะ-กอน,ผู้กล้าหาญในการต่อสู้และสร้างสรรค์
รณนภ,รน-นะ-พน,ผู้กล้าหาญในการต่อสู้
รณรงค์,รน-นะ-รง,ผู้กล้าหาญในการต่อสู้และสีสันหรือการรบ
รนน,รน-นน,ชื่อประดิษฐ์ สื่อถึงความดีงามและความเจริญ
รบ,รบ,การต่อสู้ สื่อถึงความกล้าหาญ
รปิน,ระ-ปิน,ชื่อประดิษฐ์ สื่อถึงความดีงามและความเจริญ
รมณ,ระ-มน,ชื่อประดิษฐ์ สื่อถึงความดีงามและความเจริญ
รมน,ระ-มน,ผู้มีใจรื่นรมย์
รมิญา,ระ-มิ-ยา,ผู้มีความรื่นรมย์ ความรู้ และความอ่อนโยนสง่างาม
รวรัญ,รวน-อัน,ผู้มีความรุ่งเรือง ความประเสริฐ และปัญญา
รวิชญ์,ระ-วิด,ดวงอาทิตย์ ผู้รุ่งเรืองและนักปราชญ์ผู้รู้
รวิชญา,ระ-วิด-ชะ-ยา,ดวงอาทิตย์ ผู้รุ่งเรืองและมีความรู้
รวิรา,ระ-วิ-รา,ผู้รุ่งเรืองดุจดวงอาทิตย์
รวิวร,ระ-วิ-วอน,ดวงอาทิตย์ ผู้รุ่งเรืองและประเสริฐ
รวิวรรธน์,ระ-วิ-วัด,ดวงอาทิตย์ ผู้รุ่งเรือง ผู้ประเสริฐ และมีทรัพย์
รวิวาน,ระ-วิ-วาน,ผู้มีดวงอาทิตย์และความกว้างไกล
รวิสรา,ระ-วิ-สะ-รา,ดวงอาทิตย์ ผู้รุ่งเรืองและมีความไหลลื่นงดงาม
รหณ,ระ-หะ-นะ,ชื่อประดิษฐ์ สื่อถึงความดีงามและความเจริญ
รหาญ,ระ-หาน,ผู้กล้าหาญ
รอดไฝ,รอด-ไฝ,ผู้แคล้วคลาดและมีจุดเด่นเป็นสิริมงคล
รอดริน,รอด-ริน,ผู้แคล้วคลาดและอ่อนละมุน
รอบคอบ,รอบ-คอบ,ผู้มีความระมัดระวังและพิจารณาถี่ถ้วน
รอฮัน,รอ-ฮัน,ผู้มีเมตตาและจิตใจกว้างขวาง
รอฮานา,รอ-ฮา-นา,ผู้มีเมตตา อ่อนโยน และงดงาม
ระวิภัทร,ระ-วิ-พัด,ผู้มีแสงอาทิตย์ ความดีงามเป็นมงคล และความมั่นคงสูงส่ง
ระวิวรรณ์,ระ-วิ-วัน,ผู้กล้าหาญในการต่อสู้ ผู้ประเสริฐ และมีวรรณะงดงาม
รัก,รัก,ผู้เป็นที่รัก
รักใคร่,รัก-ไคร่,ความรักและความผูกพันเอ็นดู
รักษ์ธนนวินต์,รัก-ทะ-นะ-วะ-นิน,ผู้ปกป้องทรัพย์และชัยชนะใหม่
รักษา,รัก-สา-สะ,ผู้เป็นที่รักและคุ้มครองดูแล
รักษาธิกรณ์,รัก-สา-ทิ-กอน,ผู้กล้าหาญในการต่อสู้ ผู้เป็นที่รัก และคุ้มครองดูแล
รักษาวงษ์,รัก-สา-วง,ผู้เป็นที่รัก ผู้คุ้มครองดูแล และสืบวงศ์ตระกูล
รักษิณา,รัก-สิ-นา,ผู้เป็นที่รัก
รัชฏะ,รัด-ชะ-ตะ,ผู้รุ่งเรืองด้วยอำนาจ
รัชฏาวรรณ,รัด-ชะ-ดา-นัน,ผู้มีความรุ่งเรือง ความประเสริฐ และความกล้าหาญ
รัชธิวรรษ์,รัด-ชะ-ทิ-วัน,ผู้รุ่งเรืองด้วยอำนาจ ผู้ประเสริฐ และปีหรือฝนอันอุดม
รัชโนวรรณ,รัด-ชะ-โน-วัน,ผู้มีความรุ่งเรือง ความประเสริฐ และความกล้าหาญ
รัชวงษ์,รัด-ชะ-วง,ผู้รุ่งเรืองด้วยอำนาจและสืบวงศ์ตระกูล
รัชวิชญ์,รัด-ชะ-วิด,ผู้รุ่งเรืองด้วยอำนาจและนักปราชญ์ผู้รู้
รัชอินทร์,รัด-ชะ-อิน,ผู้รุ่งเรืองด้วยอำนาจและเป็นใหญ่
รัญญ์สิรินทร์,รัน-สิ-ริน,ผู้มีความเป็นผู้นำ
รัญนิลิน,รัน-นิ-ลิน,ผู้ละมุนงดงามและมีดอกบัวงาม
รัญลภัส,รัน-ละ-พัด,ผู้มีความรื่นรมย์ แสงแห่งโชคลาภ และแสงสว่าง
รัฐ,รัด,ผู้เกี่ยวข้องกับบ้านเมือง
รัฐกร,รัด-กอน,ผู้เกี่ยวข้องกับบ้านเมืองและสร้างสรรค์
รัฐนันท์,รัด-ถะ-นัน,ผู้เกี่ยวข้องกับบ้านเมืองและมีความสุขยินดี
รัฐผไท,รัด-ผะ-ไท,ผู้เกี่ยวข้องกับบ้านเมือง
รัฐภัทร์,รัด-พัด,ผู้ดีงามเป็นมงคลและเกี่ยวข้องกับบ้านเมือง
รัฐราษฎร์,รัด-ถะ-ราด,ผู้เกี่ยวข้องกับบ้านเมืองและเกี่ยวข้องกับประชาชน
รัฐรุจน์,รัด-ถะ-รุด,ผู้เกี่ยวข้องกับบ้านเมืองและรุ่งเรือง
รัฐโรจน์,รัด-ถะ-โรด,ผู้เกี่ยวข้องกับบ้านเมืองและรุ่งเรืองสว่างไสว
ราญรอน,ราน-รอน,ผู้เปี่ยมด้วยความองอาจ
รามนัฏ,ราม-นัด,ใจหรือความนึกคิด ผู้สง่างาม และมีจิตใจ
รามิล,รา-มิน,ผู้เปี่ยมด้วยความสง่างาม
รามิลา,รา-มิ-ลา,ผู้มีความสง่างามและความอ่อนโยนสง่างาม
ราวินิช,รา-วิ-นิด,ผู้มีคุณเฉพาะตนและพิจารณารอบคอบ
ริซิน,ริ-ซิน,ผู้เปี่ยมด้วยความอ่อนละมุน
ริญญะภัสร์,ริน-ยะ-พัด,ผู้มีความรู้และแสงสว่าง
ริฏฐิ์,ริด,ความศักดิ์สิทธิ์
ริณา,ริ-นา,ผู้มีความอ่อนละมุนและความอ่อนโยนสง่างาม
ริน,ริน,ผู้ไหลรินอ่อนโยน
รินทระ,ริน-ระ,ผู้เป็นใหญ่ดุจสายน้ำ
รินทิรา,ริน-ทิ-รา,ผู้ไหลรินอ่อนโยน
รินไท,ริน-ไท,ผู้เป็นไทและอ่อนละมุนดุจสายน้ำ
รินนา,ริน-นา,ผู้ไหลรินอ่อนโยน
รินลภัศ,ริน-ละ-พัด,ผู้มีความรื่นไหล
รินลภัส,ริน-ละ-พัด,ผู้มีความสว่าง
รินลภัสร์,ริน-ละ-พัด,ผู้มีความสว่าง
รินลักษณ์,ริน-ลัก,ผู้ไหลรินอ่อนโยนและมีลักษณะงดงาม
รินวร,ริน-วอน,ผู้ไหลรินอ่อนโยนและประเสริฐ
ริเลน,ริ-เลน,ไม่ปรากฏรากศัพท์บาลี-สันสกฤตโดยตรงในพจนานุกรมราชบัณฑิตยสถ…
ริวัน,ริ-วัน,ผู้มีสิริมงคล
ริออน,ริ-ออน,ผู้มีความสามารถ
ริอา,ริ-อา,ผู้มีความอ่อนละมุนและความอ่อนโยนสง่างาม
รุจกร,รุด-จะ-กอน,ผู้รุ่งเรืองและสร้างสรรค์
รุจธร,รุด-จะ-ทอน,ผู้รุ่งเรืองและค้ำจุน
รุจรวิศร์,รุด-จะ-ระ-วิด,ดวงอาทิตย์ ผู้รุ่งเรืองและรุ่งเรือง
รุจิชญานันท์,รุ-จิ-ชะ-ยา-นัน,ผู้รุ่งเรืองงดงาม ผู้รุ่งเรือง และมีความสุขยินดี
รุจิรา,รุ-จิ-รา,ผู้รุ่งเรืองงดงาม ผู้รุ่งเรือง และยั่งยืนยาวนาน
รุณใจ,รุน-ใจ,ผู้มีใจรุ่งเรืองอ่อนโยน
รุฮาญา,รุ-ฮา-ยา,ผู้มีความรุ่งเรือง ความรู้ และความอ่อนโยนสง่างาม
เรไร,เร-ไร,แมลงเสียงไพเราะในธรรมชาติ
โรจกร,ร-จ-ก,ผู้สร้างสรรค์
โรจนดิษฐ์,โรด-จะ-นะ-ดิด,ผู้รุ่งเรืองสว่างไสว
โรจน์ธนารันต์,โรด-ทะ-นา-รัน,ผู้รุ่งเรืองสว่างไสวและมีทรัพย์
โรจนะ,โรด-จะ-นะ,ผู้รุ่งเรืองสว่างไสว
ไรซัส,ไร-ซัด,ผู้มีความสามารถ
ไรซิล,ไร-ซิน,ผู้มีความสามารถ
ไรลอน,ไร-ลอน,ผู้มีความสามารถ
ไรเวน,ไร-เวน,ผู้มีปัญญา
ไรออน,ไร-ออน,ผู้มีความสามารถ
ไรอัน,ไร-อัน,'ผู้มีเกียรติ'
ลกนก,ลก-นก,ผู้มีคุณค่าและความมั่งคั่ง
ลกมล,ลก-มน,ผู้มีความบริสุทธิ์และความงดงาม
ลจอมทอง,จะ-จม-ทอง,ผู้มีความเป็นเลิศและความมั่งคั่ง
ลฎาณัช,ละ-ดา-นัด,ผู้เปี่ยมด้วยความอ่อนช้อย
ลดวง,ลด-วง,ชื่อประดิษฐ์ สื่อถึงความดีงามและความเจริญ
ลทอง,ละ-ทอง,ผู้มีความมั่งคั่ง
ลทองคำ,ละ-ทอง-คำ,ผู้มีความมั่งคั่ง
ลนิ,ละ-นิ,ชื่อประดิษฐ์ สื่อถึงความดีงามและความเจริญ
ลภัสญาลักษณ์,ละ-พัด-ยา-ลัก,ผู้มีความสว่าง ปัญญา และความงดงาม
ลภัสญาวรัญญา,ละ-พัด-ยา-วะ-รัน-ยา,ผู้มีแสงแห่งโชคลาภและปัญญาอันประเสริฐ
ลลิล,ละ-ลิน,ผู้มีความงามอ่อนช้อย
ลลิษา,ละ-ลิ-สา,หญิงผู้งดงามอ่อนช้อย
ล้วน,ล้วน,ผู้บริสุทธิ์ตรงแท้
ลหิ,ละ-หิ,ชื่อประดิษฐ์ สื่อถึงความดีงามและความเจริญ
ล่อง,ล่อง,ผู้เปี่ยมด้วยการเคลื่อนไปราบรื่น
ล้อม,ล้อม,ผู้เปี่ยมด้วยการคุ้มครองโอบล้อม
ลอออร,ละ-ออ-ออน,หญิงงามละเอียดละออ
ละไม,ละ-ไม,ผู้ละมุนอ่อนโยน
ละออ,ละ-ออ,ผู้ละเอียดงดงาม
ละออง,ละ-ออง,ผู้ละเอียดงดงามและละเอียดอ่อนบริสุทธิ์
ละอองอ่อน,ละ-ออง-อ่อน,ผู้ละเอียดอ่อนนุ่มนวล
ลักษมัณ,ลัก-สะ-มัน,ผู้มีลักษณะดีงามและมั่นคง
ลักษวุธ,ลัก-สะ-วุด,ผู้มีลักษณะงดงามและมีพลังป้องกัน
ลัญฉกร,ลัน-ฉะ-กอน,ผู้สร้างเครื่องหมายแห่งความดี
ลัลนลิณ,ลัน-ละ-นะ-ลิน,ผู้มีความงามอ่อนช้อยดุจดอกบัว
ลานนา,ลาน-นา,ดินแดนล้านนาอันงดงาม
ลานอก,ลา-นอก,ผู้เปี่ยมด้วยพื้นที่กว้าง
ลาวัณณ์สิริ,ลา-วัน-สิ-หริ,ผู้มีความงามและสิริมงคล
ลาวา,ลา-วา,หินหลอมเหลวจากภูเขาไฟ สื่อถึงพลังธรรมชาติ
ลำไพ,ลำ-ไพ,ผู้สว่างผ่องใส
ลิกค์,ลิก,ผู้มีความเฉียบไวและความละมุน
ลิน,ลิน,ผู้ละมุนงดงาม
ลินทร์ฬุฬา,ลิน-รุ-ลา,ผู้มีความละมุนและความอ่อนโยนสง่างาม
ลินน์นฐา,ลิน-นะ-ถา,ผู้มีความละมุนและความอ่อนโยนสง่างาม
ลินนา,ลิน-นา,ผู้ละมุนงดงาม
ลินลักษณ์,ลิน-ลัก,ผู้มีลักษณะงดงามและละมุนงดงาม
ลินวร,ลิน-นะ-วอน,ผู้ละมุนงดงามและประเสริฐ
ลินิน,ลิ-นิน,ผู้ละมุนงดงามและผ้าลินิน สื่อถึงความเรียบหรูบริสุทธิ์
ลิบลับ,ลิบ-ลับ,ไกลมากจนแทบมองไม่เห็น
ลิลณัฎ,ลิน-ลัด,ผู้มีลีลางดงามและความละมุน
ลิลัญภัชต์,ลิ-ลัน-พัด,ผู้มีการแบ่งปันความดีและความละมุน
ลุนลา,ลุน-ลา,ผู้มีความงอกงามและความอ่อนโยนสง่างาม
ลูคัส,ลู-คัด,ผู้มีความสามารถ
ลูรา,ลู-รา,ไม่ปรากฏรากศัพท์บาลี-สันสกฤตโดยตรงในพจนานุกรมราชบัณฑิตยสถ…
ลูริส,ลู-ริด,ผู้มีความสามารถ
ลูเรน,ลู-เรน,ผู้เปี่ยมด้วยความนุ่มนวล
ลูวิน,ลู-วิน,ผู้มีความสามารถ
ลูเวอร์,ลู-เวอ,ผู้มีความสามารถ
เลโน่,เล-โน่,ผู้เปี่ยมด้วยความเปิดกว้าง
เลมินญาน์,เล-มิน-ยา,ผู้มีปัญญา
เลาะนะ,เลาะ-นะ,ผู้เปี่ยมด้วยความเปิดกว้าง
เลาะหามะ,เลาะ-หะ-มะ,ผู้เปี่ยมด้วยความอ่อนโยน
โลวะลุน,โล-วะ-ลุน,ผู้เปี่ยมด้วยความงอกงาม
โลหะวณิชย์,โล-หะ-วะ-นิด,ผู้ค้าหรือผู้เชี่ยวชาญด้านโลหะ
ไลลา,ไล-ลา,กลางคืนอันงดงาม
ไลออน,ไล-ออน,สิงโต ผู้กล้าหาญ
วงค์มลฑล,วง-มน-ทน,วงศ์ตระกูลแห่งมณฑลอันมั่นคง
วงค์ษารัฐ,วง-สา-รัด,วงศ์ตระกูลแห่งรัฐ
วงค์หนองแล้ง,วง-หนอง-แล้ง,ผู้เปี่ยมด้วยวงศ์ตระกูล
วงษ์ไกร,วง-ไกร,ผู้สืบวงศ์ตระกูล ผู้ยิ่งใหญ่ และสร้างสรรค์
วงษ์คงคำ,วง-คง-คำ,วงศ์ตระกูลมั่นคงดุจทองคำ
วงษ์เจริญ,วง-จะ-เริน,ผู้สืบวงศ์ตระกูลและเจริญรุ่งเรือง
วงษ์วานิชขจร,วง-วา-นิด-จะ-ขอน,วงศ์ตระกูลพ่อค้าที่เลื่องลือ
วงษ์อุระ,วง-อุ-ระ,ผู้เปี่ยมด้วยวงศ์ตระกูล
วงษาไชย,วง-สา-ไช,ผู้สืบสายตระกูล
วชิร,วะ-ชิ-ระ,เพชรหรือสายฟ้า ผู้แข็งแกร่ง
วชิรญาณ์,วะ-ชิ-ระ-ยา,ผู้มีปัญญาหยั่งรู้อันเฉียบคมดุจเพชร
วชิรธร,วะ-ชิ-ระ-ทอน,เพชรหรือสายฟ้า ผู้แข็งแกร่งและค้ำจุน
วชิรภณ,วะ-ชิ-ระ-พน,ผู้มีวาจาดีและเพชรหรือสายฟ้า ผู้แข็งแกร่ง
วชิรวิชญ์,วะ-ชิ-ระ-วิด,ผู้มีความสว่าง ความรุ่งเรือง และความรู้
วชิราวุธ,วะ-ชิ-รา-วุด,เพชรหรือสายฟ้า ผู้แข็งแกร่งและมีพลังป้องกัน
วฐา,วะ-ถา,ผู้มีฐานะมั่นคงและความอ่อนโยนสง่างาม
วณัฎนันท์,วะ-นัด-ตะ-นัน,ผู้มีความยินดีในศิลปะงดงาม
วธัญญา,วะ-ทัน-ยา,ผู้มีสิริมงคลและปัญญา
วนิ,วะ-นิ,ชื่อประดิษฐ์ สื่อถึงความดีงามและความเจริญ
วมิ,วะ-มิ,ชื่อประดิษฐ์ สื่อถึงความดีงามและความเจริญ
วรกร,วอ-ระ-กอน,ผู้ประเสริฐและสร้างสรรค์
วรกัญญา,วอ-ระ-กัน-ยา,ผู้ประเสริฐ ผู้มีความรู้ และหญิงผู้ดีงาม
วรจันทร์,วอ-ระ-จัน,ผู้ประเสริฐและเย็นงามดุจจันทร์
วรจิร,วอ-ระ-จิน,ผู้ประเสริฐ
วรชญา,วะ-ระ-ชะ-ยา,ผู้มีความประเสริฐและปัญญา
วรเชษฐ์,วอ-ระ-เชด,ผู้ประเสริฐและประเสริฐเป็นใหญ่
วรญาลักษณ์,วอ-ระ-ยา-ลัก,ผู้มีลักษณะงดงาม ผู้ประเสริฐ และมีความรู้
วรญาวรัญญา,วอ-ระ-ยาน-อำ-รัน-วา,ผู้มีความประเสริฐ ปัญญา และความยินดี
วรณัฐ,วอ-ระ-นัด,ผู้มีความประเสริฐ ความกล้าหาญ และปัญญา
วรณัน,วะ-ระ-นัน,ผู้กล้าหาญในการต่อสู้และประเสริฐ
วรดร,วะ-รด-ดอน,ผู้ประเสริฐและค้ำจุน
วรทอง,วอ-ระ-ทอง,ผู้ประเสริฐ
วรธน,วอ-ระ-ทน,ผู้ประเสริฐและมีทรัพย์
วรธนัท,วอ-ระ-ทะ-นัด,ผู้ประเสริฐและมีทรัพย์
วรนภัส,วอ-ระ-นะ-พัด,ผู้มีความประเสริฐและความกว้างไกล
วรนันท์,วอ-ระ-นัน,ผู้ประเสริฐและมีความสุขยินดี
วรปรัชญ์,วอ-ระ-ปรัด,ผู้มีความรุ่งเรือง ความประเสริฐ และปัญญา
วรภัทร์,วอ-ระ-พัด,ผู้ดีงามเป็นมงคลและผู้ประเสริฐ
วรภัทรา,วะ-รัด-ทรา,ผู้มีความประเสริฐและความดีงาม
วรรณกนก,วัน-นะ-กะ-หนก,ผู้กล้าหาญในการต่อสู้ ผู้ประเสริฐ และมีวรรณะงดงาม
วรรณกร,วัน-นะ-กอน,ผู้กล้าหาญในการต่อสู้ ผู้ประเสริฐ และมีวรรณะงดงาม
วรรณจงคำ,วัน-นะ-จง-คำ,ผู้มีวรรณะงดงามและถ้อยคำล้ำค่า
วรรณทอง,วัน-นะ-ทอง,ผู้กล้าหาญในการต่อสู้ ผู้ประเสริฐ และมีวรรณะงดงาม
วรรณรักษ์,วัน-นะ-รัก,ผู้กล้าหาญในการต่อสู้ ผู้เป็นที่รัก และปกป้องรักษา
วรรณวรงค์,วัน-นะ-วง,ผู้มีวรรณะประเสริฐและสีสันงดงาม
วรรณวิไล,วัน-วิ-ไล,ผู้กล้าหาญในการต่อสู้ ผู้ประเสริฐ และมีวรรณะงดงาม
วรรณะ,วัน-นะ,ผู้กล้าหาญในการต่อสู้ ผู้ประเสริฐ และมีวรรณะงดงาม
วรรณิษา,วัน-นิ-สา,ผู้กล้าหาญในการต่อสู้ ผู้ประเสริฐ และมีวรรณะงดงาม
วรรษนันท์,วัด-สะ-นัน,ผู้ประเสริฐ ปีหรือฝนอันอุดม และมีความสุขยินดี
วรรษภณ,วัด-สะ-พน,ผู้มีวาจาดี ผู้ประเสริฐ และปีหรือฝนอันอุดม
วรรษมน,วัด-สะ-มน,ใจหรือความนึกคิด ผู้ประเสริฐ และปีหรือฝนอันอุดม
วรรา,วะ-รา,ผู้ประเสริฐ
วรลักษณ์,วอ-ระ-ลัก,ผู้ประเสริฐและมีลักษณะงดงาม
วรวรรณ,วอ-ระ-วัน,ผู้ประเสริฐและมีวรรณะงดงาม
วรวรรธน์,วอ-ระ-วัด,ผู้ประเสริฐ ผู้เจริญงอกงาม และมีทรัพย์
วรวรัญญา,วอ-ระ-วะ-รัน-ยา,ผู้มีความประเสริฐและความยินดี
วรวลัญช์,วอ-ระ-วะ-ลัน,ผู้ประเสริฐและมีเครื่องหมายแห่งความดี
วรวิช,วอ-ระ-วิด,ผู้ประเสริฐและผู้มีความรู้
วรวิชญ์,วอ-ระ-วิด,ผู้ประเสริฐ ผู้มีความรู้ และนักปราชญ์ผู้รู้
วรอนันต์,วอ-ระ-อะ-นัน,ผู้ประเสริฐ ผู้ไม่มีที่สิ้นสุด และมีความสุขยินดี
วระภัทร,วะ-รัด,ผู้ประเสริฐและดีงามเป็นมงคล
วรัญญ์,วะ-รัน,ผู้มีความประเสริฐและปัญญา
วรัญญา,วะ-รัน-ยา,ผู้มีความประเสริฐและปัญญา
วรัญญานันท์,วะ-รัน-ยา-นัน,ผู้มีความประเสริฐและปัญญา
วรัณกร,วะ-รัน-กอน,ผู้ประเสริฐและผู้สร้างสรรค์
วรัณญา,วะ-รัน-ยา,ผู้ประเสริฐ
วรัท,วะ-รัด,ผู้ประเสริฐ
วรันท์,วะ-รัน,ผู้ประเสริฐ
วราธร,วะ-รา-ทอน,ผู้ประเสริฐและค้ำจุน
วรารินทร์,วะ-รา-ริน,ผู้ประเสริฐ ผู้เป็นใหญ่ และไหลรินอ่อนโยน
วราวงษ์,วะ-รา-วง,ผู้ประเสริฐและสืบวงศ์ตระกูล
วราวุธ,วะ-รา-วุด,ผู้ประเสริฐและมีพลังป้องกัน
วริญญา,ว-ร-ญ,ผู้ประเสริฐ
วริทธิ์,วะ-ริด,ผู้มีอานุภาพและอำนาจอันประเสริฐ
วริน,วะ-ริน,ผู้ประเสริฐดุจสายน้ำ ผู้ประเสริฐ และไหลรินอ่อนโยน
วรินญา,วะ-ริน-ยา,ผู้ประเสริฐดุจสายน้ำ ผู้ประเสริฐ และไหลรินอ่อนโยน
วรินทธิ์ธร,วะ-ริน-ทอน,ผู้ประเสริฐดุจสายน้ำ ผู้ประเสริฐ และค้ำจุน
วรินทร,วะ-ริน-ทอน,ผู้มีความเป็นผู้นำและความประเสริฐ
วรินทร์,วะ-ริน,ผู้มีความเป็นผู้นำและความประเสริฐ
วรินทร์ธร,วะ-ริน-ทอน,ผู้มีความเป็นผู้นำและความประเสริฐ
วรินทร์ลภัส,วะ-ริน-ละ-พัด,ผู้มีความเป็นผู้นำและความประเสริฐ
วรินทรา,วะ-ริน-ทรา,ผู้มีความรื่นไหล
วรินธา,วะ-ริน-ทา,ผู้ประเสริฐดุจสายน้ำ ผู้ประเสริฐ และดำรงไว้
วรินธารณ์,วะ-ริน-ทาน,ผู้ประเสริฐดุจสายน้ำ ผู้ประเสริฐ และผู้ค้ำจุนหรือรองรับไว้
วรินาวินา,วะ-ริ-นา-วิ-นา,ผู้ประเสริฐดุจสายน้ำ ผู้ประเสริฐ และผู้ชำนาญทางเรือหรือผู้นำพา
วริศรา,วะ-ริด-สะ-รา,ผู้ประเสริฐและลูกศร ผู้มุ่งมั่นตรงเป้า
วริษฐา,วะ-ริด-ถา,ผู้ประเสริฐและตั้งมั่น
วริษา,วะ-ริด-สา,ผู้ประเสริฐ
วรุจจ์พงษ์,วะ-รุ-พด,ผู้ประเสริฐและสืบวงศ์ตระกูล
วลิษา,วะ-ลิ-สา,ผู้มีความงามอ่อนช้อย ความละมุน และความอ่อนโยนสง่างาม
ว่องธนวณิช,ว่อง-ทะ-นะ-วะ-นิด,พ่อค้าที่คล่องแคล่วและมั่งคั่ง
ว่องวรานนท์,ว่อง-วอ-ระ-นาน,ผู้คล่องแคล่ว ประเสริฐ และเปี่ยมสุข
วัจน์คมกริช,วัด-คม-ริก,ผู้มีวาจาเฉียบคมดุจกริช
วัชร,วัด,เพชรหรือสายฟ้า ผู้แข็งแกร่งและแข็งแกร่งดุจเพชร
วัชรกรณ์,วัด-กอน,ผู้มีความดีงาม
วัชรนนท์,วัด-นน,ผู้มีความสุขและความยินดี
วัชรภัทร,วัด-พัด-ทรอ,ผู้มีความดีงามและสิริมงคล
วัชรวรงค์,วัด-ชะ-ระ-วะ-รง,ผู้มีความประเสริฐ
วัชรินทร์,วัด-ชะ-ริน,ผู้มีความเป็นผู้นำ
วัชรินทร์พงษ์,วัด-ชะ-ริ-พง,เพชรหรือสายฟ้า ผู้แข็งแกร่ง ผู้แข็งแกร่งดุจเพชร และสืบวงศ…
วัชโรบล,วัด-ชะ-โร-บน,ผู้แข็งแกร่งดุจเพชร
วัณณวรวรรณ์,วัน-นะ-วอน-วัน,ผู้มีวรรณะงดงามอันประเสริฐ
วัน,วัน,ผู้มีสิริมงคล
วันทนา,วัน-ทะ-นา,ผู้มีสิริมงคล
วันทอง,วัน-ทอง,วันอันเป็นมงคล
วันนอร์,วัน-นอ,ผู้มีวันมงคล วันอันเป็นมงคล และความงามอ่อนหวาน
วันโน,วัน-โน,ผู้มีวันมงคลและวันอันเป็นมงคล
วันลา,วัน-ลา,วันแห่งการพักหรือการจากลา
วันวงษ์,วัน-วง,วันอันเป็นมงคลและผู้สืบวงศ์ตระกูล
วัลลภ,วัน-ลบ,ผู้เป็นที่รักยิ่ง
วัลลักษณ์,วัน-ลัก,ผู้มีลักษณะงดงามเป็นที่รักและมีลักษณะงดงาม
วัลลา,วัน-ลา,ผู้เป็นที่รัก
วาณิชญา,วา-นิด-ชะ-ยา,ผู้ชำนาญการค้า
วานิชย์หานนท์,วา-นิด-หาน,ผู้มีความสุข ความมั่งคั่ง และความเจริญ
วารอน,วา-รอน,ผู้มีความยินดีในทุกวาระ
วาริน,วา-ริน,น้ำ
วาหลวง,วา-หลวง,ผู้มีความกว้างขวางและความกว้างไกล
วิชชญา,วิด-ชะ-ยา,ผู้มีความรู้แจ้งและมีความรู้
วิชญนันท์,วิ-ชะ-ยะ-นัน,ผู้มีความรู้และมีความสุขยินดี
วิชวัช,วิด-ชะ-วัด,ผู้แข็งแกร่งดุจเพชรและผู้มีความรู้
วิเชฎฐพงษ์,วิ-เชด-ถะ-พง,ผู้สืบวงศ์ตระกูล
วิเชฏฐพงษ์,วิ-เชด-ถะ-พง,ผู้วิเศษและประเสริฐและสืบวงศ์ตระกูล
วิเชฐพงษ์,วิ-เชด-พง,ผู้สืบวงศ์ตระกูล
วิเชษฐ์,วิ-เชด,ผู้วิเศษและประเสริฐ
วิญญา,วิน-ยา,ผู้มีความรู้แจ้ง ความรู้ และความอ่อนโยนสง่างาม
วิทวัส,วิด-ทะ-วัด,ผู้ฉลาดรอบรู้
วิทวิน,วิด-ทะ-วิน,ผู้เปี่ยมด้วยความรู้แจ้ง
วิธวินท์,วิ-ทะ-วิน,ผู้มีวิธีและความรู้
วิน,วิน,ผู้เปี่ยมด้วยความรู้แจ้ง
วินท์นภัทร,วิน-นะ-พัด,ผู้ดีงามเป็นมงคล ผู้สูงส่งและดีงาม และสูงส่งดั่งฟ้า
วินทร์,วิน,ผู้มีความก้าวหน้า
วินทะไชย,วิน-ทะ-ไช,ผู้เปี่ยมด้วยความรู้แจ้ง
วินลักษณ์,วิ-นะ-ลัก,ผู้มีลักษณะงดงาม
วินลักษณา,วิน-ลัก-สะ-นา,ผู้มีลักษณะงดงาม
วินิจชอบ,วิ-นิด-ชอบ,ผู้พิจารณาถูกต้องชอบธรรม
วินิทร,วิ-นิ-ทอน,ผู้มีความรู้แจ้งและความมั่นคงสูงส่ง
วิมลลักษณ์,วิ-มน-ลัก,ผู้บริสุทธิ์ผ่องใส ผู้มีลักษณะงดงาม และผู้ผ่องใส
วิระษร,วิ-ระ-สอน,ผู้มีความรู้แจ้งและความมั่นคงสูงส่ง
วิรัชต์ธนัญญา,วิ-รัด-ทะ-นี-ยา,ผู้รุ่งเรืองปราศจากมลทินและมั่งคั่งด้วยปัญญา
วิรัญญา,วิ-รัน-ยา,ผู้มีความรื่นรมย์ ความรู้ และปัญญารื่นรมย์
วิรันญา,วิ-รัน-ยา,ผู้มีความรู้แจ้ง ความรู้ และความอ่อนโยนสง่างาม
วิริญจ์,วิ-ริน,ผู้เปี่ยมด้วยความอ่อนละมุน
วิริญา,วิ-ริ-ยา,ผู้มีความอ่อนละมุน ความรู้ และความอ่อนโยนสง่างาม
วิรินทร์ญา,วะ-ริน-ยา,ผู้เป็นใหญ่และผู้ไหลรินอ่อนโยน
วิลนันต์,วิน-นัน,ผู้มีความสุขยินดี
วิลาวรรณ,วิ-ลา-วัน,ผู้ประเสริฐและผู้มีวรรณะงดงาม
วิลาวรรณ์,วิ-ลา-วัน,ผู้ประเสริฐและมีวรรณะงดงาม
วิไล,วิ-ไล,ผู้งดงาม
วิไลภรณ์,วิ-ไล-พอน,ผู้งดงามและผู้เป็นเครื่องประดับ
วิไลลักษณ์,วิ-ไล-ลัก,ผู้งดงามและมีลักษณะงดงาม
วิไลวรรณ,วิ-ไล-วัน,ผู้ประเสริฐ ผู้งดงาม และผู้มีวรรณะงดงาม
วิวรรธน์,วิ-วัด,ผู้ประเสริฐ ผู้เจริญงอกงาม และมีทรัพย์
วิสิฏฐ,วิ-สิด,ผู้ยอดเยี่ยมพิเศษ
วิฬาร์ริณ,วิ-ลา-ริน,ผู้เปี่ยมด้วยความอ่อนละมุน
เวณิชา,เว-นิ-ชา,ผู้มีความละเมียดละไมและความอ่อนโยนสง่างาม
เวณิษา,เว-นิ-สา,ผู้มีความละเมียดละไมและความอ่อนโยนสง่างาม
เวโรจน์,เว-โรด,ผู้รุ่งเรืองสว่างไสว
เวฬุวัน,เว-รุ-วัน,ป่าไผ่หรือสวนไผ่อันร่มเย็น
แวงวรรณ,แวง-วัน,ผู้มีแวววาว ความประเสริฐ และวรรณะงดงาม
แวดอเลาะ,แวด-เลือา,ผู้เปี่ยมด้วยความเปิดกว้าง
แวววงค์,แวว-วง,ผู้มีแววแห่งวงศ์ตระกูล
ไวธัญกรรม,ไว-ทัน-ยะ-กำ,ผู้ว่องไวในการกระทำอันเป็นมงคล
ศรธร,สอน-ทอน,ลูกศร ผู้มุ่งมั่นตรงเป้าและค้ำจุน
ศรเรศ,สอน-เรด,ลูกศร ผู้มุ่งมั่นตรงเป้า
ศรลักษณ์,สอ-ระ-ลัก,ลูกศร ผู้มุ่งมั่นตรงเป้าและมีลักษณะงดงาม
ศรัญญญา,สะ-รัน-ยา,ผู้เป็นที่พึ่งและรู้แจ้งและลูกศร ผู้มุ่งมั่นตรงเป้า
ศรัญญา,สะ-รัน-ยา,ผู้มีปัญญา
ศรัณ,สะ-รัน,ผู้เป็นที่พึ่งและลูกศร ผู้มุ่งมั่นตรงเป้า
ศรุญญ์,สะ-รุน,ผู้มีความมุ่งมั่น
ศิขริน,สัก-ขะ-ริน,ยอดเขา ผู้สูงส่งมั่นคงและไหลรินอ่อนโยน
ศิร,สิ-ระ,ศีรษะหรือยอด สื่อถึงความสูงส่ง
ศิระวิชญ์,สิ-ระ-วิด,ผู้มีความรู้
ศิริกร,สิ-หริ-กอน,ผู้มีความสร้างสรรค์และสิริมงคล
ศิริโชค,สิ-หริ-โชก,ผู้มีสิริมงคลและเป็นยอดหรือศีรษะอันสูงส่ง
ศิริธำรงค์,สิ-หริ-ทำ-รง,ผู้มีสิริมงคลและความรัก
ศิรินญา,สิ-ริน-ยา,ผู้มีปัญญารุ่งเรือง
ศิรินญาลักษณ์,สิ-ริน-ยา-ลัก,ผู้มีปัญญาและความงดงาม
ศิรินญาวรัญญา,สิ-ริน-ยา-วะ-รัน-ยา,ผู้มีปัญญาและความยินดี
ศิริลักษณ์,สิ-หลิ-ลัก,ผู้มีสิริมงคลและความงดงาม
ศิริอนันตหิรัญ,สิ-หริ-อะ-นัน-ติ-หรัน,ผู้มีสิริมงคลและคุณค่า
ศิริอรันตหิรัญ,สิ-หริ-อะ-รัน-ติ-หรัน,ผู้มีความรื่นรมย์และความงามอ่อนหวาน
ศิลป์ศร,สิน-สอน,ลูกศร ผู้มุ่งมั่นตรงเป้าและมีศิลปะ
ศิวอิทธิ์,สิ-วะ-อิด,ผู้เป็นมงคลและมีฤทธิ์อำนาจ
ศิวะฤทธิ์,สิ-วะ-ริด,ผู้เป็นมงคลและมีฤทธิ์อำนาจ
ษกมล,สก-กะ-มน,ผู้มีพลังเฉพาะตนและดวงใจงดงาม
ษกมลนันท์,กะ-สะ-มน-ละ-นัน,ผู้มีความสุขยินดีและผ่องใส
ษกมลภัทร,สก-กะ-มน-พัด-ทรอ,ผู้ดีงามเป็นมงคลและผ่องใส
ษกมลวรา,กด-สะ-มน-วะ-รา,ผู้ประเสริฐและผ่องใส
ษจิรา,สะ-จิ-สา,ผู้มีพลังเฉพาะตนและความอ่อนโยนสง่างาม
ษจิรานันท์,สะ-จิ-สา-นัน,ผู้มีความสุขยินดีและยั่งยืนยาวนาน
ษจิราวรา,สะ-จิ-สา-ระ-วะ-รา,ผู้ประเสริฐและยั่งยืนยาวนาน
ษชล,สะ-ชะ-สน,ผู้มีพลังเฉพาะตนและสายน้ำ
ษชลนันท์,สด-ชะ-ละ-นัน,ผู้มีความสุขยินดีและผู้เย็นใสดุจสายน้ำ
ษชลภัทร,สะ-ชะ-สน-พัด-ทรอ,ผู้ดีงามเป็นมงคลและเย็นใสดุจสายน้ำ
ษชลวรา,สด-ชน-วะ-รา,ผู้ประเสริฐและเย็นใสดุจสายน้ำ
ษชิน,สะ-ชิ-นะ,ชื่อประดิษฐ์ สื่อถึงความดีงามและความเจริญ
ษฐา,ถะ-ถา,ผู้มีพลังเฉพาะตนและความอ่อนโยนสง่างาม
ษฐาจันทร์,ถะ-ถา-จัน,ผู้ตั้งมั่นและเย็นงามดุจจันทร์
ษฐาธร,ถะ-สา-ทอน,ผู้ตั้งมั่นและค้ำจุน
ษฐาธิป,ถะ-ถา-ทิบ,ผู้ตั้งมั่นและผู้เป็นใหญ่
ษฐานันท์,สะ-ถา-นัน,ผู้ตั้งมั่น ผู้มีฐานมั่นคง และมีความสุขยินดี
ษฐามินทร์,สะ-ถา-มิน,ผู้ตั้งมั่นและเป็นใหญ่
ษฐาลักษณ์,สะ-ถา-ลัก,ผู้ตั้งมั่นและมีลักษณะงดงาม
ษฐาลิน,ถะ-ถา-ลิน,ผู้ตั้งมั่นและละมุนงดงาม
ษฐาวร,ถะ-สา-วอน,ผู้ประเสริฐ ผู้มั่นคงถาวร และตั้งมั่น
ษฐาวรรณ,สะ-ถา-วัน,ผู้ประเสริฐ ผู้มีวรรณะงดงาม และผู้มั่นคงถาวร
ษฐาวรา,สะ-ถา-วะ-รา,ผู้ประเสริฐ ผู้มั่นคงถาวร และตั้งมั่น
ษฐาวริน,ถะ-ถา-วะ-ริน,ผู้ประเสริฐดุจสายน้ำ ผู้ประเสริฐ และมั่นคงถาวร
ษฐาวรินทร์,ถะ-ถา-วะ-ริน,ผู้มีความเป็นผู้นำและความประเสริฐ
ษฐาวริศ,ถะ-ถา-วะ-ริด,ผู้ประเสริฐ ผู้มั่นคงถาวร และตั้งมั่น
ษฐาวิชญ์,สะ-ถา-วิด,ผู้มีความรู้ ผู้ตั้งมั่น และนักปราชญ์ผู้รู้
ษฐาวิน,ถะ-ถา-วิน,ผู้เปี่ยมด้วยความรู้แจ้ง
ษฐาวินท์,สะ-ถา-วิน,ผู้มีความรู้แจ้ง ชัยชนะ และความสุขยินดี
ษฐาวิมล,ถะ-ถา-วิ-มน,ผู้บริสุทธิ์ผ่องใส ผู้ตั้งมั่น และผ่องใส
ษฐาวิศ,ถะ-ถา-วิด,ผู้เปี่ยมด้วยความรู้แจ้ง
ษฐิร,สะ-ถิ-ระ,ผู้มีพลังเฉพาะตนและความมั่นคงสูงส่ง
ษฐิรา,ถะ-สิ-รา,ผู้มีพลังเฉพาะตนและความอ่อนโยนสง่างาม
ษฐี,สะ-ถี,ผู้เปี่ยมด้วยพลังเฉพาะตน
ษฐีร,สะ-ถี-ระ,ผู้มั่นคงถาวรและมั่งมีหรือเป็นเศรษฐี
ษฐีรกร,สะ-ถี-ระ-กอน,ผู้มั่นคงถาวร ผู้สร้างสรรค์ และมั่งมีหรือเป็นเศรษฐี
ษฐีรธร,สะ-ถี-ระ-ทอน,ผู้มั่นคงถาวร ผู้ค้ำจุน และมั่งมีหรือเป็นเศรษฐี
ษฐีรนนท์,สะ-ถี-ระ-นน,ผู้มีความสุข ความมั่นคง และความยินดี
ษฐีรนันท์,สี-ถะ-รี-นัน,ผู้มีความสุข ความมั่นคง และความยินดี
ษฐีรนิศ,สะ-ถี-ระ-นิด,ผู้มั่นคงถาวร ผู้มั่งมีหรือเป็นเศรษฐี และเป็นใหญ่
ษฐีรภรณ์,สี-ถะ-รี-พอน,ผู้มีความมั่นคง
ษฐีรภัทร,สะ-ถี-ระ-พัด-ทรอ,ผู้มีความมั่นคง ความดีงาม และสิริมงคล
ษฐีรมา,ถะ-ถี-ระ-มา,ผู้มีความดีงามและความมั่นคง
ษฐีรรักษ์,สี-ถะ-รี-รัก,ผู้มั่นคงถาวร ผู้มั่งมีหรือเป็นเศรษฐี และผู้ปกป้องรักษา
ษฐีรลักษณ์,สี-ถี-รัก,ผู้มีความมั่นคงและความงดงาม
ษฐีรวรรณ,สะ-ถี-ระ-วัน,ผู้ประเสริฐ ผู้มีวรรณะงดงาม และมั่นคงถาวร
ษฐีรวรินทร์,สะ-ถี-ระ-วะ-ริน,ผู้มีความเป็นผู้นำและความประเสริฐ
ษฐีรวิชญ์,สะ-ถี-ระ-วิด,ผู้มีความรู้ ผู้มั่นคงถาวร และนักปราชญ์ผู้รู้
ษฐีรา,สะ-ถี-รา,ผู้มั่นคงถาวรและมั่งมีหรือเป็นเศรษฐี
ษณัฐ,สะ-นัด,ผู้มีพลังเฉพาะตนและปัญญานักปราชญ์
ษณัฐนันท์,สะ-สัด-นัน,ผู้มีความสุขยินดีและนักปราชญ์ผู้มีปัญญา
ษณัฐภัทร,สะ-นัด-พัด-ทรอ,ผู้ดีงามเป็นมงคลและนักปราชญ์ผู้มีปัญญา
ษณัฐวรา,สะ-นัด-วะ-รา,ผู้ประเสริฐและนักปราชญ์ผู้มีปัญญา
ษดล,สด-ละ-ดน,ผู้มีพลังเฉพาะตนและการบันดาล
ษดลนันท์,สด-ละ-นัน,ผู้มีความสุขยินดีและบันดาลให้เกิดผล
ษดลภัทร,สด-ละ-ดน-พัด-ทรอ,ผู้ดีงามเป็นมงคลและบันดาลให้เกิดผล
ษดลวรา,สด-ละ-วะ-รา,ผู้ประเสริฐและบันดาลให้เกิดผล
ษทิน,สะ-ทิน,ผู้มีพลังเฉพาะตนและแสงแห่งวัน
ษทินนันท์,สะ-ทิน-สะ-นัน,ผู้มีความสุขยินดีและสว่างดุจวัน
ษทินภัทร,สะ-ทิน-พัด-ทรอ,ผู้ดีงามเป็นมงคล ผู้สูงส่งและดีงาม และสูงส่งดั่งฟ้า
ษทินวรา,สะ-ทิน-วะ-รา,ผู้ประเสริฐและสว่างดุจวัน
ษธนภัทร,สด-ทะ-นะ-พัด,ผู้ดีงามเป็นมงคล ผู้มีทรัพย์ และสูงส่งและดีงาม
ษธนวรา,ทะ-สะ-ทะ-วะ-รา,ผู้ประเสริฐและมีทรัพย์
ษธนันท์,ทะ-สะ-ทัน,ผู้มีทรัพย์และมีความสุขยินดี
ษธนา,ทะ-สะ-ทะ-นา,ผู้มีทรัพย์และเป็นพื้นฐานแห่งชีวิต
ษนันญา,สะ-นัน-ยา,ผู้มีพลังเฉพาะตน ความรู้ และความอ่อนโยนสง่างาม
ษนันท์,สะ-นัน,ผู้มีพลังเฉพาะตนและความสุขยินดี
ษนันทน์,สะ-นัน,ผู้เปี่ยมด้วยพลังเฉพาะตน
ษนันธร,สะ-นัน-ทอน,ผู้ค้ำจุนและมีความสุขยินดี
ษนันวิชญ์,สะ-นัน-วิด,ผู้มีความรู้ ผู้มีความสุขยินดี และนักปราชญ์ผู้รู้
ษนาวา,สะ-นา-วา,ผู้นำพาชีวิตดุจเรือและเป็นพื้นฐานแห่งชีวิต
ษนาวานันท์,สะ-นา-วา-นัน,ผู้มีความสุข ความยินดี และความเป็นผู้นำ
ษนาวาวรา,สะ-นา-วา-วะ-รา,ผู้มีความประเสริฐและความเป็นผู้นำ
ษนิภัทร,สะ-นิ-พัด,ผู้มีพลังเฉพาะตน ความดีงามเป็นมงคล และความมั่นคงสูงส่ง
ษนิรินทร์,สะ-นิ-ริน,ผู้เป็นใหญ่และไหลรินอ่อนโยน
ษนิริล,สะ-นะ-ริน,ผู้เปี่ยมด้วยความอ่อนละมุน
ษบวร,สะ-หวบ-รอน,ผู้ประเสริฐและประเสริฐเลิศล้ำ
ษบวรนันท์,สบ-วะ-ระ-นะ-วัน,ผู้ประเสริฐ ผู้มีความสุขยินดี และผู้ประเสริฐเลิศล้ำ
ษบวรภัทร,สะ-หวบ-รอน-พัด-ทรอ,ผู้ประเสริฐ ผู้ดีงามเป็นมงคล และประเสริฐเลิศล้ำ
ษบวรวรา,สะ-วบ-วอ-ระ-วะ-รา,ผู้ประเสริฐและผู้ประเสริฐเลิศล้ำ
ษปัญญา,สะ-ปัน-ยา,ผู้มีปัญญา ความรู้ และความอ่อนโยนสง่างาม
ษปัญญานันท์,สะ-ปัน-ยา-นัน,ผู้มีความสุขยินดีและมีปัญญา
ษปัญญาวรา,ปะ-สัน-ยา-พา-วะ-รี,ผู้ประเสริฐและมีปัญญา
ษภัทร,สะ-พัด,ผู้มีพลังเฉพาะตน ความดีงามเป็นมงคล และความมั่นคงสูงส่ง
ษภัทรนันท์,สะ-พัด-ทระ-นัน,ผู้ดีงามเป็นมงคลและมีความสุขยินดี
ษภัทรภัทร,สะ-พัด-พัด-ทรอ,ผู้มีพลังเฉพาะตน ความดีงามเป็นมงคล และความมั่นคงสูงส่ง
ษภัทรวรา,สะ-พัด-ทระ-วะ-รา,ผู้ประเสริฐและดีงามเป็นมงคล
ษมน,สะ-มะ-นะ,จิตใจ
ษมนัส,สม-มะ-นัด,ผู้มีจิตใจและจิตใจงดงาม
ษมา,สะ-หมา,ผู้มีความอดทนและให้อภัยและมาถึงพร้อมความดี
ษมาจันทร์,สะ-หมา-จัน,ผู้มีความดีงาม
ษมาธร,สะ-มา-ทอน,ผู้มีความดีงามและความเกื้อหนุน
ษมาธิป,สะ-มา-ทิบ,ผู้มีความอดทนและให้อภัย ผู้เป็นใหญ่ และผู้มาถึงพร้อมความดี
ษมานนท์,สะ-หมา-นน,ผู้มีความสุข ความดีงาม และความยินดี
ษมานันท์,สะ-มา-นัน,ผู้มีความสุข ความดีงาม และความยินดี
ษมานิศ,สะ-มา-นิด,ผู้มีความอดทนและให้อภัย ผู้เป็นใหญ่ และผู้มาถึงพร้อมความดี
ษมามินทร์,สะ-มา-ทอน,ผู้มีความเป็นผู้นำและความดีงาม
ษมาริน,สะ-หมา-ริน,ผู้มีความอ่อนโยนและความดีงาม
ษมาลักษณ์,สะ-มา-ลัก,ผู้มีความดีงามและความงดงาม
ษมาลิน,สะ-หมา-ลิน,ผู้มีความอดทนและให้อภัย ผู้ละมุนงดงาม และผู้มาถึงพร้อมความดี
ษมาวรรณ,สะ-มา-วัน,ผู้ประเสริฐ ผู้มีวรรณะงดงาม และผู้มีความอดทนและให้อภัย
ษมาวรินทร์,สะ-หมา-วะ-ริน,ผู้เป็นใหญ่และประเสริฐ ผู้ประเสริฐดุจสายน้ำ และผู้ประเสริฐ
ษมาวิชญ์,สำ-มะ-วิด,ผู้มีความรู้ ผู้มีความอดทนและให้อภัย และนักปราชญ์ผู้รู้
ษมาวิมล,สะ-หมาว-ลิม,ผู้บริสุทธิ์ผ่องใส ผู้มีความอดทนและให้อภัย และผ่องใส
ษมาอารีย์,สะ-หมา-อา-รี,ผู้มีความอดทนและให้อภัย ผู้มีเมตตาและเอื้อเฟื้อ และผู้มาถึงพร้อมความดี
ษมาอำไพ,สะ-หมา-อำ-ไพ,ผู้มีความดีงาม ความงดงาม และความสว่าง
ษรัญ,สะ-รัน-ฉัน,ผู้เปี่ยมด้วยความรื่นรมย์
ษรัญญ์,สัน-ลัน,ผู้เปี่ยมด้วยความรื่นรมย์
ษรัญญา,สะ-รัน-ยา,ผู้มีปัญญาและเป็นที่พึ่งและเป็นที่พึ่งและรู้แจ้ง
ษรัญธร,สะ-รัน-ยะ-ทอน,ผู้เป็นที่พึ่งและรู้แจ้งและค้ำจุน
ษรัญนนท์,สะ-รัน-ฉัน-นน,ผู้เป็นที่พึ่งและรู้แจ้งและมีความสุขยินดี
ษรัญนันท์,สะ-รัน-ยะ-นัน,ผู้เป็นที่พึ่งและรู้แจ้งและมีความสุขยินดี
ษรัญภัทร,สะ-รัน-ฉัน-พัด-ทรอ,ผู้เป็นที่พึ่งและรู้แจ้งและดีงามเป็นมงคล
ษรัญภัสร์,สะ-รัน-ยะ-พัด,ผู้เป็นที่พึ่งและรู้แจ้ง ผู้มีแก่นสาร และมีแสงสว่าง
ษรัญลักษณ์,สะ-รัน-ยะ-ลัก,ผู้เป็นที่พึ่งและรู้แจ้งและมีลักษณะงดงาม
ษรัญวิชญ์,สัน-ยะ-รัด,ผู้มีความรู้
ษรัญสิริ,สะ-รัน-สิ-หริ,ผู้มีสิริมงคล
ษรัณ,สะ-รัน,ผู้เปี่ยมด้วยพลังเฉพาะตน
ษรัณกร,สะ-รัน-กอน,ผู้เป็นที่พึ่งและสร้างสรรค์
ษรัณธร,สะ-รัน-ทอน,ผู้เป็นที่พึ่งและค้ำจุน
ษรัณนนท์,สะ-รัน-นน,ผู้เป็นที่พึ่งและมีความสุขยินดี
ษรัณนันท์,สะ-รัน-นัน,ผู้เป็นที่พึ่งและมีความสุขยินดี
ษรัณภัทร,สะ-รัน-พัด-ทรอ,ผู้เป็นที่พึ่งและดีงามเป็นมงคล
ษรัณภัสร์,สะ-รัน-พัด,ผู้เป็นที่พึ่ง ผู้มีแก่นสาร และมีแสงสว่าง
ษรัณลักษณ์,สะ-รัน-ลัก,ผู้เป็นที่พึ่งและมีลักษณะงดงาม
ษรัณวรรณ,สะ-รัน-สะ-หวัน,ผู้ประเสริฐ ผู้มีวรรณะงดงาม และเป็นที่พึ่ง
ษรัณวิชญ์,สะ-รัน-สะ-ชะ-ยิด,ผู้มีความรู้ ผู้เป็นที่พึ่ง และนักปราชญ์ผู้รู้
ษวริน,สวน-ริน,ผู้ประเสริฐดุจสายน้ำ ผู้ประเสริฐ และไหลรินอ่อนโยน
ษวรินนันท์,สวน-สิ-นัน,ผู้ประเสริฐดุจสายน้ำ ผู้ประเสริฐ และผู้มีความสุขยินดี
ษวรินภัทร,สวน-ริน-พัด-ทรอ,ผู้ประเสริฐดุจสายน้ำ ผู้ประเสริฐ และดีงามเป็นมงคล
ษวรินวรา,สวน-ริ-วะ-รา,ผู้ประเสริฐดุจสายน้ำ ผู้ประเสริฐ และไหลรินอ่อนโยน
ษศิริ,ส-ส-ร,ผู้มีสิริมงคลและเป็นยอดหรือศีรษะอันสูงส่ง
ษศิรินันท์,สะ-สิ-ริน-นัน,ผู้มีสิริมงคล ความสุข และความยินดี
ษศิริภัทร,ส-ส-ร-พัด-ทรอ,ผู้มีสิริมงคล ผู้เป็นยอดหรือศีรษะอันสูงส่ง และผู้ดีงามเป็นมงคล
ษศิริวรา,สะ-สิ-วิ-รา,ผู้มีสิริมงคลและความประเสริฐ
ษอินทร์,สอ-ริน,ผู้มีพลังเฉพาะตนและความเป็นใหญ่
ษอินทรนันท์,สิ-หริน-ทอ-ระ-นัน,ผู้มีความสุขยินดีและเป็นใหญ่
ษอินทรภัทร,อะ-สิน-ทอน-พัด,ผู้ดีงามเป็นมงคลและเป็นใหญ่
ษอินทรวรา,สิ-อน-ทระ-วะ-รา,ผู้ประเสริฐและเป็นใหญ่
ษัช,สัด,ผู้เปี่ยมด้วยพลังเฉพาะตน
ษัชธร,สัด-ชะ-ทอน,ผู้มีพลังเฉพาะตน การค้ำจุน และความมั่นคงสูงส่ง
ษัชรินทร์,สัด-ชะ-ริน,ผู้เป็นใหญ่และไหลรินอ่อนโยน
ษัชลักษณ์,ชัด-ชะ-ลัก,ผู้มีลักษณะงดงามและเย็นใสดุจสายน้ำ
ษัชวรรณ,สัด-ชะ-วัน,ผู้ประเสริฐและมีวรรณะงดงาม
ษัชวิชญ์,ชัด-ชะ-วิด,ผู้มีความรู้และนักปราชญ์ผู้รู้
ษา,สา-สะ,ผู้มีพลังเฉพาะตนและความอ่อนโยนสง่างาม
ษาคร,ขา-คอน,ทะเลหรือแหล่งน้ำใหญ่
ษาธร,สา-ทอน,ผู้มีพลังเฉพาะตน การค้ำจุน และความมั่นคงสูงส่ง
ษาธาธร,สา-ทา-ทอน,ผู้ค้ำจุนและดำรงไว้
ษาธามินทร์,สา-ทา-มิน,ผู้ดำรงไว้และเป็นใหญ่
ษาธาลักษณ์,ทา-ทา-ลัก,ผู้มีลักษณะงดงามและผู้ดำรงไว้
ษาธาลิน,สา-ทา-ลิน,ผู้ดำรงไว้และละมุนงดงาม
ษาธาวรรณ,สา-ทา-วัน,ผู้ประเสริฐ ผู้มีวรรณะงดงาม และผู้ดำรงไว้
ษาธาวรินทร์,ทา-ทา-วะ-ริน,ผู้มีความเป็นผู้นำและความประเสริฐ
ษาธาวิชญ์,กา-ทา-วิด,ผู้มีความรู้ ผู้ดำรงไว้ และนักปราชญ์ผู้รู้
ษาธินท์,สา-ทิน,ผู้มีพลังเฉพาะตน การค้ำจุน และความสุขยินดี
ษาธินันท์,สา-สะ-ทิ-นัน,ผู้มีพลังเฉพาะตน ความสุขยินดี และการค้ำจุน
ษาธิป,สา-ทิบ,ผู้มีพลังเฉพาะตน ความเป็นใหญ่ และการค้ำจุน
ษาธิมา,สา-ทิ-มา,ผู้มีพลังเฉพาะตน ปัญญางดงาม และการค้ำจุน
ษาธิษฐ์,สา-ทิด,ผู้มีพลังเฉพาะตนและการค้ำจุน
ษานนท์,สา-สะ-นน,ผู้มีพลังเฉพาะตนและความสุขยินดี
ษานันท์,สา-นัน,ผู้มีพลังเฉพาะตนและความสุขยินดี
ษานิช,สา-สะ-นิด,ผู้มีพลังเฉพาะตนและคุณค่าเฉพาะตน
ษามา,สา-มา,ผู้มีพลังเฉพาะตน ความงามสง่า และความอ่อนโยนสง่างาม
ษามาธร,สา-มา-ทอน,ผู้ค้ำจุนและมาถึงพร้อมความดี
ษามานันท์,สา-มา-นัน,ผู้มีความสุขยินดีและมาถึงพร้อมความดี
ษามานิศ,สา-มา-นิด,ผู้เป็นใหญ่และมาถึงพร้อมความดี
ษามาลิน,สา-มา-ลิน,ผู้ละมุนงดงามและมาถึงพร้อมความดี
ษามาวรรณ,สา-มา-วัน,ผู้ประเสริฐ ผู้มีวรรณะงดงาม และมาถึงพร้อมความดี
ษามาวิชญ์,สา-มา-วิด,ผู้มีความรู้ นักปราชญ์ผู้รู้ และมาถึงพร้อมความดี
ษามินทร์,สา-มิน,ผู้เปี่ยมด้วยความเป็นใหญ่
ษาริน,สา-สะ-ริน,ผู้มีความอ่อนละมุนและความละมุนดุจสายน้ำ
ษารินกร,สา-ริน-กอน,ผู้สร้างสรรค์และไหลรินอ่อนโยน
ษารินทร์,สา-ริน,ผู้เป็นใหญ่และไหลรินอ่อนโยน
ษารินธร,สา-ริน-ทอน,ผู้ค้ำจุนและผู้ไหลรินอ่อนโยน
ษารินธิป,สา-ริน-ทิบ,ผู้เป็นใหญ่และผู้ไหลรินอ่อนโยน
ษารินนันท์,ขา-ริน-นัน,ผู้มีความสุขยินดีและไหลรินอ่อนโยน
ษารินภรณ์,สา-ริน-พอน,ผู้เป็นเครื่องประดับ ผู้สูงส่งดั่งฟ้า และผู้ไหลรินอ่อนโยน
ษารินภัค,สา-ริน-พัก,ผู้มีโชค ผู้สูงส่งดั่งฟ้า และผู้ไหลรินอ่อนโยน
ษารินภัทร,สา-ริน-พัด-ทรอ,ผู้ดีงามเป็นมงคล ผู้สูงส่งและดีงาม และสูงส่งดั่งฟ้า
ษารินภัสร์,ขา-ริน-พัด,ผู้มีแก่นสาร ผู้มีแสงสว่าง และสูงส่งดั่งฟ้า
ษารินมินทร์,สา-ริน-มิน,ผู้เป็นใหญ่และไหลรินอ่อนโยน
ษารินลักษณ์,สา-สะ-ริน-ลัก,ผู้มีลักษณะงดงามและไหลรินอ่อนโยน
ษารินลิน,สา-ริน-ลิน,ผู้ไหลรินอ่อนโยนและละมุนงดงาม
ษารินวรรณ,สา-ริน-วัน,ผู้ประเสริฐ ผู้มีวรรณะงดงาม และไหลรินอ่อนโยน
ษารินวรินทร์,สา-ริน-วะ-ริน,ผู้มีความเป็นผู้นำและความประเสริฐ
ษารินวิชญ์,สา-ริน-วิด,ผู้มีความรู้ ผู้ไหลรินอ่อนโยน และนักปราชญ์ผู้รู้
ษารินา,สา-ริ-นา,ผู้เป็นพื้นฐานแห่งชีวิตและไหลรินอ่อนโยน
ษาริลา,สา-ริ-ลา,ผู้มีความอ่อนละมุนและความอ่อนโยนสง่างาม
ษาวรรณ,สา-วัน,ผู้ประเสริฐและมีวรรณะงดงาม
ษาวรินทร์,สา-สะ-วะ-ริน,ผู้เป็นใหญ่และประเสริฐ ผู้ประเสริฐดุจสายน้ำ และผู้ประเสริฐ
ษิณ,สิ-นะ,ผู้เปี่ยมด้วยพลังเฉพาะตน
ษิณกร,สิ-นะ-กอน,ผู้มีพลังเฉพาะตน ผู้สร้างสรรค์ และความมั่นคงสูงส่ง
ษิณธร,สิ-นะ-ทอน,ผู้มีพลังเฉพาะตน การค้ำจุน และความมั่นคงสูงส่ง
ษิณธิป,สิน-นะ-ทิบ,ผู้มีพลังเฉพาะตน ความเป็นใหญ่ และการค้ำจุน
ษิณนันท์,สิ-นะ-นัน,ผู้มีพลังเฉพาะตนและความสุขยินดี
ษิณภรณ์,สิน-นะ-พอน,ผู้มีพลังเฉพาะตน เครื่องประดับ และการค้ำจุน
ษิณภัค,สิ-นะ-พัก,ผู้เปี่ยมด้วยโชคและความสุข
ษิณภัทร,สิ-นะ-พัด-ทรอ,ผู้มีพลังเฉพาะตน ความดีงามเป็นมงคล และความมั่นคงสูงส่ง
ษิณภัสร์,สิ-นะ-พัด,ผู้มีแก่นสารและมีแสงสว่าง
ษิณมินทร์,สิน-นะ-มิน,ผู้เปี่ยมด้วยความเป็นใหญ่
ษิณลักษณ์,สิ-นะ-ลัก,ผู้มีพลังเฉพาะตนและลักษณะงดงาม
ษิณลิน,สิ-นะ-ลิน,ผู้เปี่ยมด้วยความละมุน
ษิณวรรณ,สิน-นะ-วัน,ผู้ประเสริฐและมีวรรณะงดงาม
ษิณวรินทร์,สิ-นะ-วะ-ริน,ผู้มีความเป็นผู้นำและความประเสริฐ
ษิณวิชญ์,สิน-นะ-วิด,ผู้มีความรู้และนักปราชญ์ผู้รู้
ษิณา,สิ-นา,ผู้มีพลังเฉพาะตนและความอ่อนโยนสง่างาม
ษิรกร,สิ-ระ-สะ-กอน,ผู้เป็นยอดหรือศีรษะอันสูงส่งและสร้างสรรค์
ษิรธร,สิ-ระ-ทอน,ผู้เป็นยอดหรือศีรษะอันสูงส่งและผู้ค้ำจุน
ษิรภัทร,สิ-หริ-พัด,ผู้เป็นยอดหรือศีรษะอันสูงส่งและผู้ดีงามเป็นมงคล
ษิรภัส,สิ-หริ-พัด,ผู้เป็นยอดหรือศีรษะอันสูงส่งและมีแสงสว่าง
ษิรภัสร์,สิ-ระ-พัด,ผู้มีความสว่าง
ษิรมา,สิ-ระ-มา,ผู้เป็นยอดหรือศีรษะอันสูงส่งและมาถึงพร้อมความดี
ษิรลักษณ์,สิ-ระ-ลัก,ผู้เป็นยอดหรือศีรษะอันสูงส่งและมีลักษณะงดงาม
ษิรวรรณ,สิ-ระ-วัน,ผู้มีความประเสริฐและความงดงาม
ษิรวิชญ์,สิ-หริ-วะ-ชะ-ยา,ผู้มีความรู้
ษิรสิริ,สิ-หริ-สิ-หริ,ผู้เป็นยอดหรือศีรษะอันสูงส่งและมีสิริมงคล
ษิรัญญา,สิ-รัน-ยา,ผู้มีความรื่นรมย์ ความรู้ และปัญญารื่นรมย์
ษิรา,สิ-รา,ผู้มีพลังเฉพาะตนและความอ่อนโยนสง่างาม
ษิรานนท์,สิ-รา-นน,ผู้เป็นยอดหรือศีรษะอันสูงส่งและมีความสุขยินดี
ษิรามล,สิ-รา-มน,ผู้เป็นยอดหรือศีรษะอันสูงส่งและผ่องใส
ษิราวรรณ,สิ-รา-วัน,ผู้มีความประเสริฐและความงดงาม
ษิราวัชร์,สิ-รา-วัด,เพชรหรือสายฟ้า ผู้แข็งแกร่ง ผู้แข็งแกร่งดุจเพชร และเป็นยอ…
ษิริ,สิ-หริ,ผู้มีสิริมงคลและเป็นยอดหรือศีรษะอันสูงส่ง
ษิริณ,สิ-หริ-สน,ผู้เปี่ยมด้วยความอ่อนละมุน
ษิริน,สิ-ริน,ผู้มีสิริมงคล ผู้เป็นยอดหรือศีรษะอันสูงส่ง และผู้ไหลรินอ่อนโยน
ษิรินทร์,สิ-ริน,ผู้มีสิริมงคลและความเป็นผู้นำ
ษิรินทร์กร,สิ-ริน-กอน,ผู้มีสิริมงคล ผู้เป็นใหญ่และมีสิริมงคล และผู้เป็นยอดหรือศีรษะอันสูงส่ง
ษิรินทร์ธร,สิ-ริน-ทอน,ผู้มีสิริมงคลและความเป็นผู้นำ
ษิรินทร์นนท์,สิ-ริน-นน,ผู้มีสิริมงคลและความเป็นผู้นำ
ษิรินทร์นันท์,สิ-ริน-ทัน,ผู้มีสิริมงคลและความเป็นผู้นำ
ษิรินทร์ภัทร,สิ-ริน-พัด-ทรอ,ผู้มีสิริมงคลและความเป็นผู้นำ
ษิรินทร์วรรณ,ขิ-ริ-วัน,ผู้ประเสริฐ ผู้มีวรรณะงดงาม และมีสิริมงคล
ษิรินทร์วิชญ์,สิ-ริน-วิด,ผู้มีความรู้ ผู้มีสิริมงคล และเป็นใหญ่และมีสิริมงคล
ษิรินทร์สิริ,สิ-ริน-สิ-หริ,ผู้มีสิริมงคลและความเป็นผู้นำ
ษิรินธร,สิ-ริน-ทอน,ผู้มีสิริมงคล ผู้เป็นยอดหรือศีรษะอันสูงส่ง และผู้ค้ำจุน
ษิรินธา,สิ-ริน-ทา,ผู้มีสิริมงคล ผู้เป็นยอดหรือศีรษะอันสูงส่ง และผู้ดำรงไว้
ษิรินนันท์,สิ-หริ-นัน,ผู้มีสิริมงคล ผู้เป็นยอดหรือศีรษะอันสูงส่ง และผู้มีความสุขยินดี
ษุวารินทร์,สุ-วา-ริน,ผู้มีความอ่อนละมุน ความเป็นใหญ่ และความละมุนดุจสายน้ำ
ษุวิช,สุ-วิด,ผู้มีความรู้แจ้งและความรู้
สฐาน,สะ-ถาน,ผู้มีฐานะมั่นคง
สรณ์จันทร์,สอน-จัน,ผู้เป็นที่พึ่งและความระลึก ผู้มีแก่นสาร และเย็นงามดุจจันทร์
สรรเพชญ,สัน-เพ็ด,ผู้รู้ทุกสิ่งและมีแก่นสาร
สรรเพชญ์,สัน-เพ็ด,ผู้รู้ทุกสิ่งและมีแก่นสาร
สรวิชญ์,สอ-ระ-วิด,ผู้มีความรู้ ผู้มีแก่นสาร และนักปราชญ์ผู้รู้
สริมา,สะ-ริ-มา,ผู้มีความงดงามและความดีงาม
สัญปัญญ์ภัส,สัน-ยะ-ปัน-พัด,ผู้มีปัญญาและแสงสว่างเป็นเครื่องหมาย
สันทัศ,สัน-ทัด,ผู้เปี่ยมด้วยทัศนะสงบงาม
สิชล,สิ-ชน,ผู้มีความสำเร็จและสายน้ำ
สิฏฐ์วินท์,สิด-วิน,ผู้มีความก้าวหน้า
สิทธิคุณ,สิด-ทิ-คุน,ผู้มีความสำเร็จและสิทธิอันชอบ
สิทธิธณัฐ,สิด-ทิ-ทะ-นัด,ผู้มีความสำเร็จและสิทธิอันชอบและนักปราชญ์ผู้มีปัญญา
สินธู,สิน-ทู,สายน้ำใหญ่หรือทะเล
สิรภัทร,สิ-ระ-พัด,ผู้เป็นยอดหรือศีรษะอันสูงส่งและดีงามเป็นมงคล
สิรวิชญ์,สิ-ระ-วิด,ผู้มีความรู้
สิริจรูญ,สิ-หริ-จูน,ผู้มีสิริมงคล
สิริชญา,สิ-หริ-ชะ-ยา,ผู้มีสิริมงคลและปัญญา
สิริญา,สิ-หริ-ยา,ผู้มีสิริมงคลและเป็นยอดหรือศีรษะอันสูงส่ง
สิริญาลักษณ์,สิ-หริ-ยา-ลัก,ผู้มีสิริมงคล ปัญญา และความงดงาม
สิริญาวรัญญา,สิ-หริ-ยา-วะ-รัน-ยา,ผู้มีสิริมงคล ปัญญา และความยินดี
สิริณา,สิ-หริ-นา,ผู้มีสิริมงคลและเป็นยอดหรือศีรษะอันสูงส่ง
สิริธัญ,สิ-หริ-ทัน,ผู้มีสิริมงคล
สิรินภัส,สิ-หริ-นะ-พัด,ผู้มีสิริมงคลและความสว่าง
สิรินัทร,สิ-หริ-นัด,ผู้มีสิริมงคลและความอ่อนโยน
สิริภัทรา,สิ-หริ-พัด-ทรา,ผู้มีสิริมงคลและความดีงาม
สิริมา,สิ-หริ-มา,ผู้มีสิริมงคลและความดีงาม
สิริรักษ์,สิ-หริ-รัก,ผู้มีสิริมงคลและความรัก
สิริลภัทร,สิ-หริ-พัน-ทร,ผู้มีสิริมงคลและความดีงาม
สิริลักษณ์,สิ-หริ-ลัก,ผู้มีสิริมงคลและความงดงาม
สิริวรรณ,สิ-หริ-วัน,ผู้ประเสริฐ ผู้มีวรรณะงดงาม และมีสิริมงคล
สิริวรัญญา,สิ-หริ-วะ-รัน-ยา,ผู้มีความประเสริฐและปัญญา
สิริษา,สิ-หริ-สา,ผู้มีสิริมงคลและเป็นยอดหรือศีรษะอันสูงส่ง
สิริอนันต์,สิ-หริ-อะ-นัน,ผู้มีสิริมงคล
หณม,หนม,ชื่อประดิษฐ์ สื่อถึงความดีงามและความเจริญ
หน่อคำ,หน่อ-คำ,ผู้เป็นหน่อเนื้อเชื้อไขอันล้ำค่าดุจทอง
หน่องพงษ์,หน่ง-พง,ผู้สืบวงศ์ตระกูล
หน่อทอง,หน่อ-ทอง,หน่อเนื้ออันล้ำค่าดุจทอง
หนิ,หนิ,ผู้เปี่ยมด้วยเชื้อสาย
หนูประโคน,หนู-ประ-โคน,ผู้เปี่ยมด้วยเชื้อสาย
หมดมลทิน,หมด-มน-ทิน,ผู้บริสุทธิ์ปราศจากมลทิน
หมน,หมน,จิตใจ
หมั่นมา,หมั่น-มา,ผู้ขยันหมั่นเพียรและมาถึงความสำเร็จ
หรรษาคุณ,หรัด-สะ-คา-นุ,ผู้มีความสุขและคุณธรรม
หรรษาจิรา,หัน-สา-จิ-รา,ผู้มีความสุขและความยั่งยืน
หรรษาญา,หัน-สา-ยา,ผู้มีความสุขและปัญญา
หรรษาธนา,หัน-สา-ทะ-นา,ผู้มีความสุขและความมั่งคั่ง
หรรษาธร,หัน-สา-ทอน,ผู้มีความสุข
หรรษาธรรม,หัน-สา-ทำ,ผู้มีความสุขและความดีงาม
หรรษาธีร์,หัน-สา-ที,ผู้มีความสุขและปัญญา
หรรษานภัส,หัด-สะ-นา-พัด,ผู้มีความสุขและความกว้างไกล
หรรษารวิ,หัน-สา-ระ-วิ,ผู้มีความสุข ความสว่าง และความก้าวหน้า
หรรษารส,หัน-สา-รด,ผู้มีความสุข
หรรษาริน,หัน-สา-ริน,ผู้มีความสุข
หรรษาลักษณ์,หัด-สะ-ลา-กัน,ผู้มีความสุขและความงดงาม
หรรษาวร,หัน-สา-วอน,ผู้มีความสุขและความประเสริฐ
หรรษาวรรณ,หัน-สา-วัน,ผู้มีความสุขและความงดงาม
หรรษาวริศ,หัน-สา-วะ-ริด,ผู้มีความสุขและความประเสริฐ
หรรษาวิชญ์,หัด-สะ-วา-ชิด,ผู้มีความสุขและความรู้
หรรษาวิน,หัน-สา-วิน,ผู้มีความสุขและความก้าวหน้า
หรรษาอร,หัน-สา-ออน,ผู้มีความสุขและความงดงาม
หรรษาอรุณ,หัน-สา-อะ-รุน,ผู้มีความสุข
หรรษาอารี,หัน-สา-อา-รี,ผู้มีความสุขและความเมตตา
หรรษาอินทร์,หัน-สา-อิน,ผู้มีความสุขและความเป็นผู้นำ
หรรษาอิศร์,หัน-สา-อิด,ผู้มีความสุขและความเป็นผู้นำ
หริกร,หะ-ริ-กอน,ผู้มีความสง่างามและความสร้างสรรค์
หริคุณ,หะ-ริ-คุน,ผู้มีความสง่างามและคุณธรรม
หริจิรา,หะ-ริ-จา-ริ,ผู้มีความสง่างามและความยั่งยืน
หริชญา,หะ-ริ-ชะ-ยา,ผู้มีความสง่างามและปัญญา
หริชล,หะ-ริ-ชน,ผู้มีความสง่างาม
หริญา,หะ-ริ-ยา,ผู้มีความสง่างามและปัญญา
หริณกร,หริ-นะ-กอน,ผู้มีความอ่อนโยนและความสร้างสรรค์
หริณคุณ,หะ-ริน-คุน,ผู้มีความอ่อนโยนและคุณธรรม
หริณจิรา,หะ-ริน-จิ-รา,ผู้มีความอ่อนโยนและความยั่งยืน
หริณญา,หะ-ริน-ยา,ผู้มีความอ่อนโยนและปัญญา
หริณธนา,หะ-ริน-ทะ-นา,ผู้มีความอ่อนโยนและความมั่งคั่ง
หริณธร,หะ-ริน-ทอน,ผู้มีความอ่อนโยน
หริณธรรม,หะ-ริน-ทำ,ผู้มีความอ่อนโยนและความดีงาม
หริณธีร์,หะ-ริน-ที,ผู้มีความอ่อนโยนและปัญญา
หริณนภัส,หะ-ริน-นะ-พัด,ผู้มีความอ่อนโยนและความกว้างไกล
หริณภัค,หะ-ริน-นะ-พัก,ผู้มีความอ่อนโยนและโชคลาภ
หริณภัทร,หะ-ริน-นะ-พัด,ผู้มีความอ่อนโยนและความดีงาม
หริณรวิ,หะ-ริน-ระ-วิ,ผู้มีความอ่อนโยน ความสว่าง และความก้าวหน้า
หริณรส,หะ-ริน-รด,ผู้มีความอ่อนโยน
หริณริน,หะ-ริน-ริน,ผู้มีความอ่อนโยน
หริณลักษณ์,หะ-ริน-ลัก,ผู้มีความอ่อนโยนและความงดงาม
หริณวร,หะ-ริน-วอน,ผู้มีความอ่อนโยนและความประเสริฐ
หริณวรรณ,หะ-ริน-วัน,ผู้มีความอ่อนโยนและความงดงาม
หริณวริศ,หะ-หริ-นะ-วะ-ริด,ผู้มีความอ่อนโยนและความประเสริฐ
หริณวิชญ์,หะ-ริน-วิด,ผู้มีความอ่อนโยนและความรู้
หริณวิน,หะ-หริน-วิน,ผู้มีความอ่อนโยนและความก้าวหน้า
หริณอร,หะ-ริ-นะ-ออน,ผู้มีความอ่อนโยนและความงดงาม
หริณอรุณ,หะ-ริน-อะ-รุน,ผู้มีความอ่อนโยน
หริณอารี,หะ-ริน-นา-อี-รี,ผู้มีความอ่อนโยนและความเมตตา
หริณอินทร์,หะ-ริน-นิ-ทิน,ผู้มีความอ่อนโยนและความเป็นผู้นำ
หริณอิศร์,หะ-ริน-นิ-สิด,ผู้มีความอ่อนโยนและความเป็นผู้นำ
หริณัฐ,หะ-ริ-นัด,ผู้มีความสง่างามและปัญญา
หริธนา,หะ-ริ-ทะ-นา,ผู้มีความสง่างามและความมั่งคั่ง
หริธร,หะ-ริ-ทอน,ผู้มีความสง่างาม
หริธรรม,หะ-หริ-ทำ,ผู้มีความสง่างามและความดีงาม
หริธีร์,หะ-ริ-ที,ผู้มีความสง่างามและปัญญา
หรินทร์,หะ-ริน,ผู้เป็นใหญ่และไหลรินอ่อนโยน
หรินภัส,หะ-หริ-นะ-พัด,ผู้มีความสง่างามและความกว้างไกล
หรินันท์,หะ-ริ-นัน,ผู้มีความสง่างามและความยินดี
หริภัค,หะ-ริ-พัก,ผู้มีความสง่างามและโชคลาภ
หริภัทร,หะ-ริ-พัด,ผู้มีความสง่างามและความดีงาม
หริรวิ,หริ-หริ,ผู้มีความสง่างาม ความสว่าง และความก้าวหน้า
หริรส,หะ-หริ-รด,ผู้มีความสง่างาม
หริรักษ์,หริ-หรัก,ผู้มีความสง่างามและความรัก
หริริน,หริ-หริน,ผู้มีความสง่างาม
หริวร,หะ-ระ-วิน,ผู้มีความสง่างามและความประเสริฐ
หริวรรณ,หะ-ริ-วัน,ผู้มีความสง่างามและความงดงาม
หริวริศ,หะ-ระ-วะ-ริด,ผู้มีความสง่างามและความประเสริฐ
หริวิชญ์,หริ-วิด,ผู้มีความสง่างามและความรู้
หริวิน,หะ-ริ-วิน,ผู้มีความสง่างามและความก้าวหน้า
หริศคุณ,หะ-ริด-คุน,ผู้มีความสง่างามและคุณธรรม
หริศญา,หะ-ริ-สะ-ยา,ผู้มีความสง่างามและปัญญา
หริศธนา,หริด-ทะ-นา,ผู้มีความสง่างามและความมั่งคั่ง
หริศธร,หะ-ริด-ทอน,ผู้มีความสง่างาม
หริศธรรม,หะ-ริด-ทำ,ผู้มีความสง่างามและความดีงาม
หริศธีร์,หะ-ริด-ที,ผู้มีความสง่างามและปัญญา
หริศรวิ,หะ-ริ-สะ-หวิ,ผู้มีความสง่างาม ความสว่าง และความก้าวหน้า
หริศรส,หะ-หริด,ผู้มีความสง่างาม
หริศรักษ์,หะ-ริ-สะ-รัก,ผู้มีความสง่างามและความรัก
หริศริน,หะ-ริ-สะ-หริน,ผู้มีความสง่างาม
หริศรินทร์,หะ-ริ-สะ-ริน,ผู้มีความสง่างามและความเป็นผู้นำ
หริศรี,หะ-ริ-สี,ผู้มีความสง่างามและสิริมงคล
หริศิลป์,หะ-ริน,ผู้มีความสง่างาม
หริสิริ,หะ-หริ-สิ-หริ,ผู้มีความสง่างามและสิริมงคล
หริอร,หะ-ริ-หอน,ผู้มีความสง่างามและความงดงาม
หริอรุณ,หะ-ริ-หะ-รุน,ผู้มีความสง่างาม
หริอัคร,หะ-ริ-อัก,ผู้มีความสง่างาม
หริอารี,หะ-ริ-อา-รี,ผู้มีความสง่างามและความเมตตา
หริอิศร์,หะ-ริ-สิด,ผู้มีความสง่างามและความเป็นผู้นำ
หฤษฎ์,หะ-ริด,ผู้เปี่ยมด้วยพลังเฉพาะตน
หลงชิณ,หลง-ชิน,ผู้มีเสน่ห์ตรึงใจและชัยชนะ
หลิวปลอด,หลิว-ปลอด,ผู้มีความพลิ้วไหว ความปลอดภัย และความละมุน
หวานใจ,หวาน-ใจ,ผู้มีความกว้างขวาง ดวงใจ และความกว้างไกล
หอมกร,หอม-มะ-กอน,ผู้มีความสร้างสรรค์
หอมขจร,หอม-ขะ-จอน,ผู้มีชื่อเสียงเลื่องลือและผู้มีเสน่ห์หอมละมุน
หอมคุณ,หอม-คุน,ผู้มีคุณธรรม
หอมจิรา,หอม-จิ-รา,ผู้มีความยั่งยืน
หอมญา,หอม-ยา,ผู้มีปัญญา
หอมณัฐ,หอม-นัด,ผู้มีปัญญา
หอมธนา,หอม-ทะ-นา,ผู้มีความมั่งคั่ง
หอมธรรม,หอม-ทำ,ผู้มีความดีงาม
หอมธีร์,หมอ-ที,ผู้มีปัญญา
หอมนภ,หอม-นบ,ผู้มีความกว้างไกล
หอมนภัส,หอม-นะ-พัด,ผู้มีความกว้างไกล
หอมนรินทร์,หอม-นะ-ริน,ผู้มีความเป็นผู้นำ
หอมภัค,หอม-พัก,ผู้มีโชคลาภ
หอมภัทร,หอม-พัด,ผู้มีความดีงาม
หอมรวิ,หอม-ระ-วิ,ผู้มีความสว่างและความก้าวหน้า
หอมรส,หอม-รด,ผู้มีความน่าชื่นชม
หอมรักษ์,หอม-รัก,ผู้มีความรัก
หอมริน,หอม-ริน,ผู้มีความน่าชื่นชม
หอมรินทร์,หอม-ริน,ผู้มีความเป็นผู้นำ
หอมวร,หอม-วอน,ผู้มีความประเสริฐ
หอมวรรณ,หอม-วัน,ผู้มีความงดงาม
หอมวรินทร์,หอม-วะ-ริน,ผู้มีความประเสริฐ
หอมวริศ,หอม-วะ-ริด,ผู้มีความประเสริฐ
หอมวิน,หอม-วิน,ผู้มีความก้าวหน้า
หอมอร,หอม-ออน,ผู้มีความงดงาม
หอมอรุณ,หอม-อะ-รุน,ผู้มีความน่าชื่นชม
หอมอัคร,หอม-อัก,ผู้มีความน่าชื่นชม
หอมอารี,หอม-อา-รี,ผู้มีความเมตตา
หอมอิศร์,หอม-อิด,ผู้มีความเป็นผู้นำ
หะโท,หะ-โท,ผู้เปี่ยมด้วยพลังใจ
หะรง,หระ-รง,ผู้เปี่ยมด้วยพลังใจ
หะวัน,หะ-วัน,ผู้มีวันมงคลและวันอันเป็นมงคล
หาญคุณ,หาน-คุน,ผู้มีความกล้าหาญและคุณธรรม
หาญจิรา,หาน-จิ-รา,ผู้มีความกล้าหาญและความยั่งยืน
หาญชญา,หาน-ชะ-ยา,ผู้มีความกล้าหาญและปัญญา
หาญชล,หาน-ชน,ผู้มีความกล้าหาญ
หาญณัฐ,หาน-นัด,ผู้มีความกล้าหาญและปัญญา
หาญธนา,หาน-ทะ-นา,ผู้มีความกล้าหาญและความมั่งคั่ง
หาญธร,หาน-ทอน,ผู้มีความกล้าหาญ
หาญธรรม,หาน-ทำ,ผู้มีความกล้าหาญและความดีงาม
หาญธีร์,หาน-ที,ผู้มีความกล้าหาญและปัญญา
หาญนภ,หาน-นะ-พบ,ผู้มีความกล้าหาญและความกว้างไกล
หาญนภัส,หาน-นะ-พัด,ผู้มีความกล้าหาญและความกว้างไกล
หาญนันท์,หาน-นัน,ผู้มีความกล้าหาญและความยินดี
หาญภัทร,หาน-พัด,ผู้มีความกล้าหาญและความดีงาม
หาญรบ,หาน-รบ,ผู้กล้าหาญ
หาญรส,หาน-รด,ผู้มีความกล้าหาญ
หาญรักษ์,หาน-รัก,ผู้กล้าหาญและผู้ปกป้องรักษา
หาญริน,หาน-ริน,ผู้มีความกล้าหาญ
หาญรินทร์,หาน-ริน,ผู้มีความกล้าหาญและความเป็นผู้นำ
หาญลักษณ์,หาน-ลัก,ผู้มีความกล้าหาญและความงดงาม
หาญวร,หาน-ยะ-วอน,ผู้มีความกล้าหาญและความประเสริฐ
หาญวรรณ,หาน-วัน,ผู้มีความกล้าหาญและความงดงาม
หาญวรินทร์,หาน-วะ-ริน,ผู้มีความกล้าหาญและความประเสริฐ
หาญวริศ,หาน-วะ-ริด,ผู้มีความกล้าหาญและความประเสริฐ
หาญวิชญ์,หาน-วิด,ผู้มีความกล้าหาญและความรู้
หาญวิน,หาน-วิน,ผู้มีความกล้าหาญและความก้าวหน้า
หาญศรี,หาน-สี,ผู้มีความกล้าหาญและสิริมงคล
หาญศิลป์,หาน-สิน,ผู้มีความกล้าหาญ
หาญสิริ,หาน-สิ-หริ,ผู้มีความกล้าหาญและสิริมงคล
หาญอร,หาน-ออน,ผู้มีความกล้าหาญและความงดงาม
หาญอรุณ,หาน-อะ-รุน,ผู้มีความกล้าหาญ
หาญอัคร,หาน-อัก-คะ-ระ,ผู้มีความกล้าหาญ
หาญอารี,หาน-อา-รี,ผู้มีความกล้าหาญและความเมตตา
หาญอินทร์,หาน-อิน,ผู้มีความกล้าหาญและความเป็นผู้นำ
หาญอิศร์,หาน-อิด,ผู้มีความกล้าหาญและความเป็นผู้นำ
หานนท์,หา-นน,ผู้มีความกล้าหาญและความสุขยินดี
หารหม่อง,หาน-หม่อง,ผู้เปี่ยมด้วยความกล้าหาญ
หิน,หิน,ชื่อประดิษฐ์ สื่อถึงความดีงามและความเจริญ
หิมจิรา,หิม-จิ-รา,ผู้มีความสงบและความยั่งยืน
หิมณัฐ,หิม-นัด,ผู้มีความสงบและปัญญา
หิมธร,หิม-ทอน,ผู้มีความสงบ
หิมธรรม,หิม-ทำ,ผู้มีความสงบและความดีงาม
หิมธีร์,หิม-ที,ผู้มีความสงบและปัญญา
หิมนภ,หิม-นะ-พะ,ผู้มีความสงบและความกว้างไกล
หิมนภัส,หิม-นะ-พัด,ผู้มีความสงบและความกว้างไกล
หิมนันท์,หิม-นัน,ผู้มีความสงบและความยินดี
หิมภัค,หิม-พัก,ผู้มีความสงบและโชคลาภ
หิมรวิ,หิม-ระ-วิ,ผู้มีความสงบ ความสว่าง และความก้าวหน้า
หิมรส,หิม-ระ-สิด,ผู้มีความสงบ
หิมริน,หิม-ริน,ผู้มีความสงบ
หิมลักษณ์,หิม-ลัก,ผู้มีความสงบและความงดงาม
หิมวรรณ,หิม-วัน,ผู้มีความสง่างาม
หิมวรรณกร,หิม-วัน-กอน,ผู้มีความสง่างามและความสร้างสรรค์
หิมวรรณญา,หิม-วัน-นะ-ยา,ผู้มีความสง่างามและปัญญา
หิมวรรณนภ,หิม-วัน-นบ,ผู้มีความสง่างามและความกว้างไกล
หิมวรรณนภัส,หิม-วัน-นะ-พัด,ผู้มีความสง่างามและความกว้างไกล
หิมวรรณรส,หิม-วัน-นะ-รด,ผู้มีความสง่างาม
หิมวรรณวร,หิม-วัน-นะ-วอน,ผู้มีความสง่างามและความประเสริฐ
หิมวรรณวริศ,หิม-วัน-วิ-สอน,ผู้มีความสง่างามและความประเสริฐ
หิมวรรณอร,หิม-วัน-ออน,ผู้มีความสง่างามและความงดงาม
หิมวรรณอารี,หิม-วัน-อา-รี,ผู้มีความสง่างามและความเมตตา
หิมวรินทร์,หิม-วะ-ริน,ผู้มีความสงบและความประเสริฐ
หิมวริศ,หิม-วะ-ริด,ผู้มีความสงบและความประเสริฐ
หิมวันกร,หิม-วัน-กอน,ผู้มีความสงบและความสร้างสรรค์
หิมวันคุณ,หิม-วัน-คุน,ผู้มีความสงบและคุณธรรม
หิมวันญา,หิม-วัน-ยา,ผู้มีความสงบและปัญญา
หิมวันณัฐ,หิม-วัน-นะ-ยด,ผู้มีความสงบและปัญญา
หิมวันธนา,หิม-วัน-ทะ-นา,ผู้มีความสงบและความมั่งคั่ง
หิมวันธร,หิม-วัน-ทอน,ผู้มีความสงบ
หิมวันนภ,หิม-วัน-นบ,ผู้มีความสงบและความกว้างไกล
หิมวันนภัส,หิม-วัน-นะ-พัด,ผู้มีความสงบและความกว้างไกล
หิมวันภัค,หิม-วัน-พัก,ผู้มีความสงบและโชคลาภ
หิมวันรวิ,หิม-วัน-ระ-วิ,ผู้มีความสงบ ความสว่าง และความก้าวหน้า
หิมวันรส,หิม-วัน-รด,ผู้มีความสงบ
หิมวันวร,หิม-วัน,ผู้มีความสงบและความประเสริฐ
หิมวันวริศ,หิม-วัน-วิ-สอน,ผู้มีความสงบและความประเสริฐ
หิมวันอร,หิม-วัน-ออน,ผู้มีความสงบและความงดงาม
หิมวันอิศร์,หิม-วัน-อิด,ผู้มีความสงบและความเป็นผู้นำ
หิมวิชญ์,หิม-วิด,ผู้มีความสงบและความรู้
หิมวิน,หิม-วิน,ผู้มีความสงบและความก้าวหน้า
หิมอรุณ,หิม-อะ-รุน,ผู้มีความสงบ
หิมอัคร,หิม-อัก,ผู้มีความสงบ
หิมอารี,หอม-อา-รี,ผู้มีความสงบและความเมตตา
หิมอินทร์,หิม-อิน,ผู้มีความสงบและความเป็นผู้นำ
หิมอิศร์,หิม-อิด,ผู้มีความสงบและความเป็นผู้นำ
หิมาคุณ,หิ-มา-คุน,ผู้มีความสงบและคุณธรรม
หิมาจิรา,หิ-มา-จิ-รา,ผู้มีความสงบและความยั่งยืน
หิมาญา,หิ-มา-ยา,ผู้มีความสงบและปัญญา
หิมาณัฐ,หิม-นา-ถั,ผู้มีความสงบและปัญญา
หิมาธนา,หิ-มา-ทะ-นา,ผู้มีความสงบและความมั่งคั่ง
หิมาธร,หิ-มา-ทอน,ผู้มีความสงบ
หิมาธรรม,หิ-มา-ทำ,ผู้มีความสงบและความดีงาม
หิมาธีร์,หิ-มา-ที,ผู้มีความสงบและปัญญา
หิมานกร,หิ-มา-นะ-กอน,ผู้มีความสงบและความสร้างสรรค์
หิมานคุณ,หิม-คาน-คุน,ผู้มีความสงบและคุณธรรม
หิมานจิรา,หิม-จาน-ริ-จา,ผู้มีความสงบและความยั่งยืน
หิมานญา,หิ-มาน-ยา,ผู้มีความสงบและปัญญา
หิมานณัฐ,หิม-นา-นัด,ผู้มีความสงบและปัญญา
หิมานธนา,หิม-นาน-ทะ-นา,ผู้มีความสงบและความมั่งคั่ง
หิมานธร,หิ-มา-นะ-ทอน,ผู้มีความสงบ
หิมานธรรม,หิ-มาน-ทำ,ผู้มีความสงบและความดีงาม
หิมานธีร์,หิ-มาน-ทอน,ผู้มีความสงบและปัญญา
หิมานนภ,หิ-มาน-นบ,ผู้มีความสงบและความกว้างไกล
หิมานนภัส,หิม-นา-พะ-นัด,ผู้มีความสงบและความกว้างไกล
หิมานภ,หิม-นาบ,ผู้มีความสงบ
หิมานภัค,หิ-มาน-พัก,ผู้มีความสงบและโชคลาภ
หิมานภัทร,หิ-หมาน-พัด,ผู้มีความสงบและความดีงาม
หิมานภัส,หิม-นา-พัด,ผู้มีความสงบและความกว้างไกล
หิมานรวิ,หิม-นา-ระ-วิ,ผู้มีความสงบ ความสว่าง และความก้าวหน้า
หิมานรส,หิม-นา-รด,ผู้มีความสงบ
หิมานริน,หิม-นา-ริน,ผู้มีความสงบ
หิมานรินทร์,หิ-มาน-ริน,ผู้มีความสงบและความเป็นผู้นำ
หิมานวร,หิ-มา-วอน,ผู้มีความสงบและความประเสริฐ
หิมานวริศ,หิม-นา-วะ-ริด,ผู้มีความสงบและความประเสริฐ
หิมานวิน,หิม-นา-วิน,ผู้มีความสงบและความก้าวหน้า
หิมานอร,หิ-มา-นอน,ผู้มีความสงบและความงดงาม
หิมานอิศร์,หิ-มา-นิด,ผู้มีความสงบและความเป็นผู้นำ
หิมานันท์,หิม-นา-นัน,ผู้มีความสงบและความยินดี
หิมารวิ,หิม-รา-วิ,ผู้มีความสงบ ความสว่าง และความก้าวหน้า
หิมารส,หิม-ราด,ผู้มีความสงบ
หิมารักษ์,หิ-มา-รัก,ผู้มีความสงบและความรัก
หิมาริน,หิม-รา-ริน,ผู้มีความสงบ
หิมาวร,หิ-มา-วอน,ผู้มีความสงบและความประเสริฐ
หิมาวรรณ,หิ-มา-วัน,ผู้มีความสงบและความงดงาม
หิมาวรินทร์,หิ-มา-วะ-ริน,ผู้มีความสงบและความประเสริฐ
หิมาวริศ,หิ-มา-วะ-ริด,ผู้มีความสงบและความประเสริฐ
หิมาวิน,หิ-มา-วิน,ผู้มีความสงบและความก้าวหน้า
หิมาอร,หิ-มา-ออน,ผู้มีความสงบและความงดงาม
หิมาอรุณ,หิ-มา-อะ-รุน,ผู้มีความสงบ
หิมาอัคร,หิ-มา-อัน,ผู้มีความสงบ
หิมาอารี,หิม-อา-รี,ผู้มีความสงบและความเมตตา
หิมาอิศร์,หิ-มา-อิด,ผู้มีความสงบและความเป็นผู้นำ
หิรัญกร,หิ-รัน-ยะ-กอน,ผู้มีความมั่งคั่งและความสร้างสรรค์
หิรัญคุณ,หิ-รัน-ยะ-คุน,ผู้มีความมั่งคั่งและคุณธรรม
หิรัญชญา,หิ-รัน-ชะ-ยา,ผู้มีความมั่งคั่งและปัญญา
หิรัญชล,หิ-รัน-ชะ-ละ,ผู้มีความมั่งคั่ง
หิรัญญา,หิ-รัน-ยา,ผู้มีความมั่งคั่งและคุณค่า
หิรัญญาธีร์,หิ-รัน-ยา-ที,ผู้มีความมั่งคั่ง คุณค่า และปัญญา
หิรัญญาอารี,หิ-รัน-ยา-อา-รี,ผู้มีความมั่งคั่ง คุณค่า และความเมตตา
หิรัญณัฐ,หิ-รัน-ยะ-นัด,ผู้มีความมั่งคั่งและปัญญา
หิรัญธนา,หิ-รัน-ทะ-นา,ผู้มีความมั่งคั่ง
หิรัญธร,หิ-รัน-ทอน,ผู้มีความมั่งคั่ง
หิรัญธรรม,หิ-รัน-ทำ,ผู้มีความมั่งคั่งและความดีงาม
หิรัญธีร์,หิ-รัน-ที,ผู้มีความมั่งคั่งและปัญญา
หิรัญนภ,หิ-รัน-ยะ-นบ,ผู้มีความมั่งคั่งและความกว้างไกล
หิรัญนภัส,หิ-รัน-ยะ-พัด,ผู้มีความมั่งคั่งและความกว้างไกล
หิรัญภัค,หิ-รัน-ยะ-พัก,ผู้มีความมั่งคั่งและโชคลาภ
หิรัญภัทร,หิ-รัน-ยะ-พัด,ผู้มีความมั่งคั่งและความดีงาม
หิรัญภัทรเวช,หิ-รัน-พัด-เพ-ทร,ผู้ล้ำค่าดุจเงินทองและผู้ดีงามเป็นมงคล
หิรัญรวิ,หิ-รัน-ระ-วิ,ผู้มีความมั่งคั่ง ความสว่าง และความก้าวหน้า
หิรัญรส,หิ-รัน-รด,ผู้มีความมั่งคั่ง
หิรัญรักษ์,หิ-รัน-รัก,ผู้มีความมั่งคั่งและความรัก
หิรัญริน,หิ-รัน-ยิน,ผู้มีความมั่งคั่ง
หิรัญรินทร์,หิ-รัน-ยะ-ริน,ผู้มีความมั่งคั่งและความเป็นผู้นำ
หิรัญวร,หิน-รัด,ผู้มีความมั่งคั่งและความประเสริฐ
หิรัญวริศ,หิ-รัน-ยะ-วะ-ริด,ผู้มีความมั่งคั่งและความประเสริฐ
หิรัญศรี,หิ-รัน-สี,ผู้มีความมั่งคั่งและสิริมงคล
หิรัญศิลป์,หิ-รัน-ยะ-สิน,ผู้มีความมั่งคั่ง
หิรัญสิริ,หิ-รัน-ยะ-สิ-หริ,ผู้มีความมั่งคั่งและสิริมงคล
หิรัญอร,หิ-รัน-ยอ,ผู้มีความมั่งคั่งและความงดงาม
หิรัญอรุณ,หิ-รัน-ยะ-รัน,ผู้มีความมั่งคั่ง
หิรัญอัคร,หิ-รัน-ยัก,ผู้มีความมั่งคั่ง
หิรัญอารี,หิ-รัน-อา-ยี,ผู้มีความมั่งคั่งและความเมตตา
หิรัญอิศร์,หิ-รัน-ยะ-สิด,ผู้มีความมั่งคั่งและความเป็นผู้นำ
หิรัณกร,หิ-รัน-นะ-กอน,ผู้มีความรุ่งเรือง คุณค่า และความสร้างสรรค์
หิรัณคุณ,หิ-รัน-คุน,ผู้มีความรุ่งเรือง คุณค่า และคุณธรรม
หิรัณจิรา,หิ-รัน-จิ-รา,ผู้มีความรุ่งเรือง คุณค่า และความยั่งยืน
หิรัณญา,หิ-รัน-ยา,ผู้มีความรุ่งเรือง คุณค่า และปัญญา
หิรัณธนา,หิ-รัน-ทะ-นา,ผู้มีความรุ่งเรือง คุณค่า และความมั่งคั่ง
หิรัณธร,หิ-รัน-ทอน,ผู้มีความรุ่งเรืองและคุณค่า
หิรัณธรรม,หิ-รัน-นะ-ทำ,ผู้มีความรุ่งเรือง คุณค่า และความดีงาม
หิรัณธีร์,หิ-รัน-ที,ผู้มีความรุ่งเรือง คุณค่า และปัญญา
หิรัณนภ,หิ-รัน-นบ,ผู้มีความรุ่งเรือง คุณค่า และความกว้างไกล
หิรัณนภัส,หิ-รัน-นะ-พัด,ผู้มีความรุ่งเรือง คุณค่า และความกว้างไกล
หิรัณภัค,หิ-รัน-พัก,ผู้มีความรุ่งเรือง คุณค่า และโชคลาภ
หิรัณภัทร,หิ-รัน-พัด,ผู้มีความรุ่งเรือง คุณค่า และความดีงาม
หิรัณรส,หิ-รัน-รด,ผู้มีความรุ่งเรืองและคุณค่า
หิรัณริน,หิ-รัน-นิ-ระ,ผู้มีความรุ่งเรืองและคุณค่า
หิรัณรินทร์,หิ-รัน-นะ-ริน,ผู้มีความรุ่งเรือง คุณค่า และความเป็นผู้นำ
หิรัณวร,หิน-รัน,ผู้มีความรุ่งเรือง คุณค่า และความประเสริฐ
หิรัณวริศ,หิ-รัน-วะ-ริด,ผู้มีความรุ่งเรือง คุณค่า และความประเสริฐ
หิรัณวิชญ์,หิ-รัน-วิด,ผู้มีความรุ่งเรือง คุณค่า และความรู้
หิรัณวิน,หิ-รัน-วิน,ผู้มีความรุ่งเรือง คุณค่า และความก้าวหน้า
หิรัณอร,หิ-รัน-นอ,ผู้มีความรุ่งเรือง คุณค่า และความงดงาม
หิรัณอรุณ,หิ-รัน-รอน,ผู้มีความรุ่งเรืองและคุณค่า
หิรัณอารี,หิ-รัน-รา-อี,ผู้มีความรุ่งเรือง คุณค่า และความเมตตา
หิรัณอิศร์,หิ-รัน-ริด,ผู้มีความรุ่งเรือง คุณค่า และความเป็นผู้นำ
โหมดนอก,โหม-ดอน-นก,ผู้เปี่ยมด้วยหัวใจ
โห๋ว,โห๋ว,ผู้มีพลังเสียงกังวานและโดดเด่น
ใหญ่,ใหย่,ผู้ยิ่งใหญ่
ใหม่จันทร์,ไหม่-จัน,ผู้สดใหม่และผู้เย็นงามดุจจันทร์
ไหณ,ไหน,ชื่อประดิษฐ์ สื่อถึงความดีงามและความเจริญ
ฬกมล,ลิก-มน,ผู้ผ่องใส
ฬกมลนันท์,ลิก-มน-ละ-นัน,ผู้มีความสุขยินดีและผ่องใส
ฬกมลภัทร,ลิก-มน-พัด-ทรอ,ผู้ดีงามเป็นมงคลและผ่องใส
ฬกมลวรา,ลิก-มน-วะ-รา,ผู้ประเสริฐและผ่องใส
ฬจิรา,พะ-จิ-รา,ผู้ยั่งยืนยาวนาน
ฬจิรานันท์,พะ-จิ-รา-นัน,ผู้มีความสุขยินดีและยั่งยืนยาวนาน
ฬจิราวรา,พะ-จิ-รา-วอน,ผู้ประเสริฐและยั่งยืนยาวนาน
ฬณัฐ,ละ-นัด,นักปราชญ์ผู้มีปัญญา
ฬณัฐนันท์,ระ-นัด-นัน,ผู้มีความสุขยินดีและนักปราชญ์ผู้มีปัญญา
ฬณัฐภัทร,ละ-นัด-พัด-ทรอ,ผู้ดีงามเป็นมงคลและนักปราชญ์ผู้มีปัญญา
ฬณัฐวรา,ระ-นัด-ถะ-วะ-รา,ผู้ประเสริฐและนักปราชญ์ผู้มีปัญญา
ฬดล,ละ-ดน,ผู้บันดาลให้เกิดผล
ฬดลนันท์,ละ-ดน-ละ-นัน,ผู้มีความสุขยินดีและบันดาลให้เกิดผล
ฬดลภัทร,ละ-ดน-พัด-ทรอ,ผู้ดีงามเป็นมงคลและบันดาลให้เกิดผล
ฬดลวรา,ลด-ละ-วะ-รา,ผู้ประเสริฐและบันดาลให้เกิดผล
ฬทิน,ละ-ทิน,ผู้สว่างดุจวัน
ฬทินนันท์,ทิน-ทะ-นัน,ผู้มีความสุขยินดีและสว่างดุจวัน
ฬทินภัทร,ละ-ทิน-พัด-ทรอ,ผู้ดีงามเป็นมงคลและสูงส่งและดีงาม
ฬทินวรา,ลิน-ทิน-วะ-รา,ผู้ประเสริฐและสว่างดุจวัน
ฬธนภัทร,รน-ทะ-นะ-พัด,ผู้ดีงามเป็นมงคลและมีทรัพย์
ฬธนวรา,นะ-ทะ-นะ-วะ-รา,ผู้ประเสริฐและมีทรัพย์
ฬธนันท์,ธะ-ทะ-นัน,ผู้มีทรัพย์และมีความสุขยินดี
ฬธนา,นะ-ทะ-สะ-นา,ผู้มีทรัพย์และเป็นพื้นฐานแห่งชีวิต
ฬนน,ระ-นะ-นน,ชื่อประดิษฐ์ สื่อถึงความดีงามและความเจริญ
ฬนา,ละ-นา,ผู้มีความสง่างามและความอ่อนโยน
ฬนาธร,นะ-ลา-ทอน,ผู้ค้ำจุนและเป็นพื้นฐานแห่งชีวิต
ฬนานันท์,นิ-ลา-นัน,ผู้มีความสุขยินดีและเป็นพื้นฐานแห่งชีวิต
ฬนาริน,ละ-นา-ริน,ผู้เป็นพื้นฐานแห่งชีวิตและไหลรินอ่อนโยน
ฬนาวรรณ,นิน-นา-วัน,ผู้ประเสริฐ ผู้มีวรรณะงดงาม และเป็นพื้นฐานแห่งชีวิต
ฬนาวา,นะ-ลา-วา,ผู้นำพาชีวิตดุจเรือและเป็นพื้นฐานแห่งชีวิต
ฬนาวานันท์,นิ-ลา-วา-นัน,ผู้มีความสุข ความยินดี และความเป็นผู้นำ
ฬนาวาวรา,นะ-ลา-นา-วา-รา,ผู้มีความประเสริฐและความเป็นผู้นำ
ฬนาวิชญ์,รา-นะ-วิด,ผู้มีความรู้ ผู้เป็นพื้นฐานแห่งชีวิต และนักปราชญ์ผู้รู้
ฬภัค,ละ-พัก,ผู้เปี่ยมด้วยโชคและความสุข
ฬภัทร,ละ-พัด,ผู้มีความดีงาม ความมั่นคง และสิริมงคล
ฬภัทรนันท์,ละ-พัด-ทระ-นัน,ผู้ดีงามเป็นมงคลและมีความสุขยินดี
ฬภัทรภัทร,ละ-พัด-พัด-ทรอ,ผู้มีความดีงาม ความมั่นคง และสิริมงคล
ฬภัทรวรา,ละ-พัด-ทระ-วะ-รา,ผู้ประเสริฐและดีงามเป็นมงคล
ฬภัส,ละ-พัด,ผู้มีความโดดเด่นเฉพาะตนและแสงสว่าง
ฬมนัส,มน-มะ-นัด,ผู้มีจิตใจและจิตใจงดงาม
ฬรัญ,ละ-รัน,ผู้เปี่ยมด้วยความรื่นรมย์
ฬรัญญ์,ละ-รัน,ผู้เปี่ยมด้วยความรื่นรมย์
ฬรัญญา,ฐ-ร-ญ,ผู้มีความรื่นรมย์ ความรู้ และปัญญารื่นรมย์
ฬรัญธร,ชะ-รัน-ยะ-ทอน,ผู้มีความรื่นรมย์ การค้ำจุน และความมั่นคงสูงส่ง
ฬรัญนนท์,ละ-รัน-นน,ผู้มีความรื่นรมย์และความสุขยินดี
ฬรัญนันท์,ละ-รัน-ยะ-นัน,ผู้มีความรื่นรมย์และความสุขยินดี
ฬรัญภัทร,ละ-รัน-พัด-ทรอ,ผู้มีความรื่นรมย์ ความดีงามเป็นมงคล และความมั่นคงสูงส่ง
ฬรัญภัสร์,ละ-รัน-ยะ-พัด,ผู้มีแก่นสารและมีแสงสว่าง
ฬรัญลักษณ์,ละ-รัน-ลัก,ผู้มีความรื่นรมย์และลักษณะงดงาม
ฬรัญวิชญ์,ละ-รัน-ยะ-วิด,ผู้มีความรู้และนักปราชญ์ผู้รู้
ฬรัญสิริ,ละ-รัน-สิ-หริ,ผู้มีสิริมงคลและเป็นยอดหรือศีรษะอันสูงส่ง
ฬรา,นะ-รา,ผู้มีความโดดเด่นเฉพาะตนและความอ่อนโยนสง่างาม
ฬราธร,นะ-รา-ทอน,ผู้มีความโดดเด่นเฉพาะตน การค้ำจุน และความมั่นคงสูงส่ง
ฬรานันท์,นา-รา-นัน,ผู้มีความโดดเด่นเฉพาะตนและความสุขยินดี
ฬราริน,นะ-รา-ริน,ผู้มีความอ่อนละมุนและความละมุนดุจสายน้ำ
ฬราวรรณ,นะ-รา-วัน,ผู้ประเสริฐและมีวรรณะงดงาม
ฬราวรินทร์,นะ-รา-วะ-ริน,ผู้มีความเป็นผู้นำและความประเสริฐ
ฬราวิชญ์,ร-ร-ว,ผู้มีความรู้และนักปราชญ์ผู้รู้
ฬรินทร์,ละ-ริน,ผู้เป็นใหญ่และไหลรินอ่อนโยน
ฬรินทรา,ละ-ริน-ทรา,ผู้มีความสง่างามและความอ่อนโยน
ฬรินธร,ระ-ริน-ทอน,ผู้ค้ำจุนและไหลรินอ่อนโยน
ฬรินนันท์,ระ-ริน-นัน,ผู้มีความสุขยินดีและไหลรินอ่อนโยน
ฬรินภรณ์,ระ-ริน-พอน,ผู้มีความอ่อนโยน
ฬรินภัทร,ระ-ริน-พัด,ผู้ดีงามเป็นมงคล ผู้สูงส่งและดีงาม และสูงส่งดั่งฟ้า
ฬรินวรรณ,ละ-ริน-วัน,ผู้ประเสริฐ ผู้มีวรรณะงดงาม และไหลรินอ่อนโยน
ฬรินวิชญ์,ระ-นิน-วิด,ผู้มีความรู้ ผู้ไหลรินอ่อนโยน และนักปราชญ์ผู้รู้
ฬลิล,ละ-ลิน,ผู้มีลีลางดงามและความละมุน
ฬลิลธร,ละ-ลิน-ทอน,ผู้ค้ำจุนและมีลีลางดงาม
ฬลิลนันท์,ละ-ลิน-นัน,ผู้มีความสุขยินดีและมีลีลางดงาม
ฬลิลภรณ์,ละ-ลิน-พอน,ผู้เป็นเครื่องประดับและมีลีลางดงาม
ฬลิลภัทร,ละ-ลิน-พัด-ทรอ,ผู้ดีงามเป็นมงคลและมีลีลางดงาม
ฬลิลภัสร์,ละ-ลิน-พัด,ผู้มีแก่นสาร ผู้มีแสงแห่งโชคลาภ และมีแสงสว่าง
ฬลิลริน,ละ-ลิน-ริน,ผู้ไหลรินอ่อนโยนและมีลีลางดงาม
ฬลิลวรรณ,ละ-ลิน-วัน,ผู้ประเสริฐ ผู้มีวรรณะงดงาม และมีลีลางดงาม
ฬลิลวิชญ์,ละ-ลิน-วิด,ผู้มีความรู้ ผู้มีลีลางดงาม และนักปราชญ์ผู้รู้
ฬลิลา,ละ-ลิ-ลา,ผู้มีลีลางดงาม ความละมุน และความอ่อนโยนสง่างาม
ฬวริน,ลวน-ริน,ผู้ประเสริฐดุจสายน้ำ ผู้ประเสริฐ และไหลรินอ่อนโยน
ฬวรินนันท์,ละ-วะ-ริน-นัน,ผู้ประเสริฐดุจสายน้ำ ผู้ประเสริฐ และมีความสุขยินดี
ฬวรินภัทร,ลวน-ริน-พัด-ทรอ,ผู้ประเสริฐดุจสายน้ำ ผู้ประเสริฐ และดีงามเป็นมงคล
ฬวรินวรา,ลวน-วิน-รา,ผู้ประเสริฐดุจสายน้ำ ผู้ประเสริฐ และไหลรินอ่อนโยน
ฬวัจน์,ละ-วัด,ผู้มีความโดดเด่นเฉพาะตนและวาจางดงาม
ฬวาริน,ละ-วา-ริน,ผู้มีความอ่อนละมุน ความละมุนดุจสายน้ำ และความกว้างไกล
ฬวารินทร์,วะ-ลา-วะ-ริน,ผู้เป็นใหญ่และไหลรินอ่อนโยน
ฬวารินทรา,นะ-วา-ริน-ราด,ผู้มีความอ่อนละมุน ความละมุนดุจสายน้ำ และความกว้างไกล
ฬวารินธร,ละ-วา-ริน-ทอน,ผู้ค้ำจุนและไหลรินอ่อนโยน
ฬวารินนันท์,ละ-วา-ระ-นิ-รัน,ผู้มีความสุขยินดีและไหลรินอ่อนโยน
ฬวารินภัทร,ละ-วา-ริน-พัด-ทรอ,ผู้ดีงามเป็นมงคล ผู้สูงส่งและดีงาม และสูงส่งดั่งฟ้า
ฬวารินวรรณ,ละ-วา-ระ-วิ-นัน,ผู้ประเสริฐ ผู้มีวรรณะงดงาม และไหลรินอ่อนโยน
ฬวารินวิชญ์,ละ-วา-ระ-วิ-ริน,ผู้มีความรู้ ผู้ไหลรินอ่อนโยน และนักปราชญ์ผู้รู้
ฬอ,ลอ,ผู้โดดเด่นด้วยเอกลักษณ์และความนุ่มนวล
ฬอธร,ละ-อะ-ทอน,ผู้มีความโดดเด่นเฉพาะตน การค้ำจุน และความมั่นคงสูงส่ง
ฬอนันท์,ระ-นัน-ทอน,ผู้มีความโดดเด่นเฉพาะตนและความสุขยินดี
ฬอภัทร,ลอ-พัด-ทรอ,ผู้มีความดีงาม ความมั่นคง และสิริมงคล
ฬอภัสร์,ละ-พัด,ผู้มีแสงสว่างและมีแก่นสาร
ฬอรัด,ลอ-รัด,ผู้มีความโดดเด่นเฉพาะตนและความงามอ่อนหวาน
ฬอรา,รอ-รา,ผู้มีความงดงาม ความสง่างาม และความอ่อนโยน
ฬอริน,ลอ-ริน,ผู้มีความเป็นผู้นำ ความงดงาม และความอ่อนโยน
ฬอวรรณ,รอ-ละ-วัน,ผู้มีความโดดเด่นเฉพาะตน ความประเสริฐ และวรรณะงดงาม
ฬอวรินทร์,ลอ-วะ-ริน,ผู้มีความเป็นผู้นำ ความประเสริฐ และความอ่อนโยน
ฬอวิชญ์,ละ-อะ-วิด,ผู้มีความรู้แจ้ง นักปราชญ์ และความรู้
ฬอินทร์,ละ-ริน,ผู้มีความโดดเด่นเฉพาะตนและความเป็นใหญ่
ฬอินทรนันท์,ระ-ลิน-อะ-นัน,ผู้เป็นใหญ่และมีความสุขยินดี
ฬอินทรภัทร,ระ-ริน-ทอน-พัด,ผู้ดีงามเป็นมงคลและเป็นใหญ่
ฬอินทรวรา,ลอ-ริน-ทอ-ระ-วะ-รา,ผู้เป็นใหญ่และประเสริฐ
ฬามิน,ลา-มิน,ผู้เปี่ยมด้วยความเป็นใหญ่
ฬามินทร์,ลา-มิน,ผู้เปี่ยมด้วยความเป็นใหญ่
ฬามินทรา,รา-ลิน-ทรา,ผู้มีความเป็นใหญ่และความอ่อนโยนสง่างาม
ฬามินธร,ลา-มิน-ทอน,ผู้ค้ำจุนและเป็นใหญ่
ฬามินนันท์,รา-ลิม-นัน,ผู้เป็นใหญ่และมีความสุขยินดี
ฬามินภัทร,ลา-มิน-พัด-ทรอ,ผู้ดีงามเป็นมงคลและเป็นใหญ่
ฬามินวรรณ,รา-ลิ-นะ-วัน,ผู้มีวรรณะงดงามและเป็นใหญ่
ฬามินวรรณ์,ลา-มิน-วัน,ผู้มีวรรณะงดงามและเป็นใหญ่
ฬามินวิชญ์,ลา-มิน-วิด,นักปราชญ์ผู้รู้และเป็นใหญ่
ฬามิศ,ลา-มิด,ผู้เปี่ยมด้วยความโดดเด่นเฉพาะตน
ฬิกรา,ลิ-กรา,ผู้มีความสร้างสรรค์ ความสง่างาม และความอ่อนโยน
ฬิกราธร,นิ-กรา-ทอน,ผู้ค้ำจุนและสร้างสรรค์
ฬิกรานันท์,ลิ-กรา-นัน,ผู้มีความสุขยินดีและสร้างสรรค์
ฬิกราริน,ลิ-กรา-ริน,ผู้ไหลรินอ่อนโยนและสร้างสรรค์
ฬิกราวรรณ,นิ-กรา-วัน,ผู้มีวรรณะงดงามและสร้างสรรค์
ฬิกราวรินทร์,ลิ-กรา-วะ-ริน,ผู้มีความเป็นผู้นำ ความประเสริฐ และความอ่อนโยน
ฬิกราวิชญ์,ลิ-กรา-วิด,นักปราชญ์ผู้รู้และสร้างสรรค์
ฬิน,ลิน,ผู้เปี่ยมด้วยความโดดเด่นเฉพาะตน
ฬินกร,ลิน-กอน,ผู้มีความสร้างสรรค์และความมั่นคง
ฬินท์,นิน,ผู้มีความโดดเด่นเฉพาะตนและความสุขยินดี
ฬินทร,นิน-ทอน,ผู้มีความโดดเด่นเฉพาะตนและความมั่นคงสูงส่ง
ฬินทร์,ลิน,ผู้เปี่ยมด้วยความโดดเด่นเฉพาะตน
ฬินทรา,นิน-ทรา,ผู้มีความโดดเด่นเฉพาะตนและความอ่อนโยนสง่างาม
ฬินธร,นิน-ทอน,ผู้มีความโดดเด่นเฉพาะตน การค้ำจุน และความมั่นคงสูงส่ง
ฬินนันท์,ลิน-นัน,ผู้มีความโดดเด่นเฉพาะตนและความสุขยินดี
ฬินภรณ์,ลิน-นะ-พอน,ผู้มีความโดดเด่นเฉพาะตน เครื่องประดับ และการค้ำจุน
ฬินภัทร,ลิน-พัด-ทรอ,ผู้มีความดีงาม ความมั่นคง และสิริมงคล
ฬินวรรณ,นิน-วัน,ผู้มีความโดดเด่นเฉพาะตน ความประเสริฐ และวรรณะงดงาม
ฬินวิชญ์,ริน-วิด,ผู้มีความรู้แจ้ง นักปราชญ์ และความรู้
ฬินา,นิ-ลา,ผู้มีความสง่างามและความอ่อนโยน
ฬินาริน,นิ-ลา-ริน,ผู้มีความอ่อนละมุน ความละมุนดุจสายน้ำ และความอ่อนโยน
ฬิรา,ลิ-รา,ผู้มีความโดดเด่นเฉพาะตนและความอ่อนโยนสง่างาม
ฬิราธร,นิ-รา-ทอน,ผู้มีความโดดเด่นเฉพาะตน การค้ำจุน และความมั่นคงสูงส่ง
ฬิรานันท์,ริ-รา-นัน,ผู้มีความโดดเด่นเฉพาะตนและความสุขยินดี
ฬิราริน,ลิ-รา-ริน,ผู้มีความอ่อนละมุนและความละมุนดุจสายน้ำ
ฬิราวรรณ,ลิ-ระ-วัน,ผู้มีความโดดเด่นเฉพาะตน ความประเสริฐ และวรรณะงดงาม
ฬิราวรินทร์,ลิ-รา-วะ-ริน,ผู้มีความเป็นผู้นำ ความประเสริฐ และความอ่อนโยน
ฬิราวิชญ์,ลิ-รา-วิด,ผู้มีความรู้แจ้ง นักปราชญ์ และความรู้
ฬิษธร,ลิด-สะ-ทอน,ผู้มีพลังเฉพาะตน การค้ำจุน และความมั่นคงสูงส่ง
ฬิษนันท์,ริด-สะ-นัน,ผู้มีพลังเฉพาะตนและความสุขยินดี
ฬิษภรณ์,ลิด-พอน,ผู้มีพลังเฉพาะตน เครื่องประดับ และการค้ำจุน
ฬิษภัทร,ลิด-สะ-พัด,ผู้มีพลังเฉพาะตน ความดีงามเป็นมงคล และความมั่นคงสูงส่ง
ฬิษภัสร์,ลิด-พัด,ผู้มีพลังเฉพาะตนและแสงสว่าง
ฬิษมา,ลิด-สะ-มา,ผู้มีพลังเฉพาะตน ความงามสง่า และความอ่อนโยนสง่างาม
ฬิษรา,ลิด-สะ-รา,ผู้มีพลังเฉพาะตนและความอ่อนโยนสง่างาม
ฬิษริน,ลิด-สะ-ริน,ผู้มีความอ่อนละมุนและความละมุนดุจสายน้ำ
ฬิษวรรณ,ริด-สะ-วัน,ผู้มีพลังเฉพาะตน ความประเสริฐ และวรรณะงดงาม
ฬิษวิชญ์,ลิด-สะ-วิด,ผู้มีความรู้แจ้ง นักปราชญ์ และความรู้
ฬิษสิริ,นิด-สิ-หริ,ผู้มีความอ่อนละมุนและสิริมงคล
ฬิษา,ลิ-สา,ผู้มีพลังเฉพาะตนและความอ่อนโยนสง่างาม
ฬุริน,รุ-ริน,ผู้มีความอ่อนละมุนและความละมุนดุจสายน้ำ
ฬุลิ,ลุ-ลิ,ผู้มีความโดดเด่นเฉพาะตนและความละมุน
ฬุลิธร,ลุ-ลิ-ทอน,ผู้มีความโดดเด่นเฉพาะตน การค้ำจุน และความละมุน
ฬุลินันท์,ลุ-ลิ-นัน,ผู้มีความสุขยินดีและละมุนงดงาม
ฬุลิภรณ์,ลุ-ลิ-พอน,ผู้มีความโดดเด่นเฉพาะตน เครื่องประดับ และการค้ำจุน
ฬุลิภัทร,ลุ-ลิ-พัด-ทรอ,ผู้มีความโดดเด่นเฉพาะตน ความดีงามเป็นมงคล และความละมุน
ฬุลิภัสร์,ลุ-ลิ-พัด,ผู้มีแสงสว่างและมีแก่นสาร
ฬุลิริน,ลุ-ลิ-ริน,ผู้มีความอ่อนละมุน ความละมุนดุจสายน้ำ และความละมุน
ฬุลิวรรณ,ลุ-ลิ-วัน,ผู้มีความโดดเด่นเฉพาะตน ความประเสริฐ และวรรณะงดงาม
ฬุลิวิชญ์,ลุ-ลิ-วิด,ผู้มีความรู้แจ้ง นักปราชญ์ และความรู้
ฬุลิสิริ,ลุ-ลิ-สิ-หริ,ผู้มีความอ่อนละมุน สิริมงคล และความละมุน
ไฬม,ไลม,ชื่อประดิษฐ์ สื่อถึงความดีงามและความเจริญ
อกนก,อะ-กะ-หนก,ผู้มีคุณค่าและความมั่งคั่ง
อกนิษฐ์,อะ-กะ-นิด,ผู้เปี่ยมด้วยพลังเฉพาะตน
อกมล,อก-มน,ผู้มีหัวใจและดวงใจงดงาม
อกมลนันท์,อะ-กะ-มน-ลัน,ผู้มีความสุขยินดีและมีใจงดงาม
อกมลภัทร,อก-มน-พัด-ทรอ,ผู้ดีงามเป็นมงคลและมีใจงดงาม
อกมลวรา,อะ-กน-มะ-วะ-รา,ผู้มีใจงดงามและประเสริฐ
อครมนต์,อะ-คระ-มน,ผู้มีจิตใจและถ้อยคำศักดิ์สิทธิ์
อคิกร,อะ-คิ-กอน,ผู้มีแสงสว่าง ผู้สร้างสรรค์ และความมั่นคงสูงส่ง
อคิคุณ,อะ-คิ-นุ,ผู้มีแสงสว่างและคุณธรรม
อคิณ,อะ-คิน,ผู้เปี่ยมด้วยแสงสว่าง
อคิธัช,อะ-คิ-ทัด,ผู้มีแสงสว่างและการค้ำจุน
อคิน,คอ-คิน,ผู้เปี่ยมด้วยแสงสว่าง
อคินทร์,อะ-คิน,ผู้เปี่ยมด้วยแสงสว่าง
อคิร,อะ-คิ-ระ,ผู้มีแสงสว่างและความมั่นคงสูงส่ง
อคิรญา,อะ-คิ-ระ-ยา,ผู้มีแสงสว่าง ความรู้ และความอ่อนโยนสง่างาม
อคิรนา,อะ-คิ-ระ-นา,ผู้มีแสงสว่าง ความอ่อนโยน และความอ่อนโยนสง่างาม
อคิรา,อะ-คิ-รา,ผู้มีแสงสว่างและความอ่อนโยนสง่างาม
อคิราห์,อะ-คิ-รา,ผู้เปี่ยมด้วยแสงสว่าง
องอาจ,อง-อาด,ผู้กล้าหาญและมีความองอาจ
อจรัส,อะ-จะ-รัด,ผู้มีความรุ่งเรืองและความสว่างไสว
อจรูญ,อะ-จะ-รูน,ผู้เปี่ยมด้วยความรุ่งเรือง
อจรูญนันท์,อะ-จอน-นูน,ผู้มีความสุขยินดีและรุ่งเรืองงดงาม
อจรูญภัทร,อะ-จะ-รูน-พัด-ทรอ,ผู้ดีงามเป็นมงคลและรุ่งเรืองงดงาม
อจรูญวรา,อะ-จะ-รู-วะ-รา,ผู้รุ่งเรืองงดงามและประเสริฐ
อจลา,อะ-จะ-ลา,ผู้มั่นคงไม่หวั่นไหว
อจอมทอง,อะ-จอม-ทอง,ผู้มีความเป็นเลิศและความมั่งคั่ง
อจิร,อะ-จิ-ระ,ผู้รวดเร็วหรือไม่ยืดยาว
อจิรา,อะ-จิ-รา,ผู้รวดเร็วหรือไม่ยืดยาวและยั่งยืนยาวนาน
อจิรานันท์,อะ-จิ-รา-นัน,ผู้มีความสุข ความยั่งยืน และความยินดี
อจิราวรา,อะ-จิ-รา,ผู้รวดเร็วหรือไม่ยืดยาว ผู้ประเสริฐ และยั่งยืนยาวนาน
อฉิ,อะ-หิ,ชื่อประดิษฐ์ สื่อถึงความดีงามและความเจริญ
อชล,อะ-ชน,ผู้มีความรวดเร็วและสายน้ำ
อชลนันท์,อะ-ชะ-ละ-นัน,ผู้มีความสุขยินดีและเย็นใสดุจสายน้ำ
อชลภัทร,อะ-ชน-พัด-ทรอ,ผู้ดีงามเป็นมงคลและเย็นใสดุจสายน้ำ
อชลวรา,อะ-ชน-วะ-รา,ผู้เย็นใสดุจสายน้ำและประเสริฐ
อชิ,อะ-ชิ,ผู้เปี่ยมด้วยความรวดเร็ว
อชิร,อะ-ชิ-ระ,ผู้รวดเร็วและว่องไว
อชิรชญา,อะ-ชิ-ระ-ยา,ผู้รวดเร็วและว่องไวและมีความรู้
อชิรญา,อะ-ชิ-ระ-ยา,ผู้รวดเร็วและว่องไวและมีความรู้
อชิรญาณ์,อะ-ชิ-ยา,ผู้รวดเร็วและว่องไวและผู้มีความรู้
อชิรญาน์,อะ-ชิ-ระ-ยา,ผู้รวดเร็วและว่องไวและมีความรู้
อชิรธัญธร,อะ-ชิ-ระ-ทัน-ยะ-ทอน,ผู้ค้ำจุนและรวดเร็วและว่องไว
อชิรวัชร,อะ-ชิ-ระ-วัด,ผู้รวดเร็วและว่องไว ผู้แข็งแกร่งดุจเพชร และเพชรหรือสายฟ้า…
อชิรวิชญ์,อะ-ชิ-ระ-วิด,นักปราชญ์ผู้รู้และรวดเร็วและว่องไว
อชิระ,อะ-ชิ-ระ,ผู้รวดเร็วและว่องไวและว่องไวรวดเร็ว
อชิสิทธิ์,อะ-ชิ-สิด,ผู้มีความสำเร็จและสิทธิอันชอบและมีสิทธิและความสำเร็จ
อณัฐ,อะ-นัด,ผู้มีความละเอียดลึกซึ้งและปัญญานักปราชญ์
อณัฐนันท์,อะ-นัด-ถะ-นัน,ผู้มีความสุขยินดีและนักปราชญ์ผู้มีปัญญา
อณัฐภัทร,อะ-นัด-พัด-ทรอ,ผู้ดีงามเป็นมงคลและนักปราชญ์ผู้มีปัญญา
อณัฐวรา,อะ-นัด-ถะ-วะ-รา,นักปราชญ์ผู้มีปัญญาและประเสริฐ
อณิ,อะ-นิ,ชื่อประดิษฐ์ สื่อถึงความดีงามและความเจริญ
อณิมา,อะ-นิ-มา,ฤทธิ์แห่งความละเอียดเล็ก สื่อถึงความลึกซึ้ง
อดล,อด-ละ,ผู้เปี่ยมด้วยการบันดาล
อดลนันท์,อด-ละ-นัน,ผู้มีความสุขยินดีและบันดาลให้เกิดผล
อดลภัทร,อด-ละ-พัด-ทรอ,ผู้ดีงามเป็นมงคลและบันดาลให้เกิดผล
อดลวรา,อด-ลวน-รา,ผู้บันดาลให้เกิดผลและประเสริฐ
อดวง,อด-วง,ผู้มีการบันดาลและมิ่งขวัญ
อดวงวรา,อด-วง-วอ-รา,ผู้เป็นมิ่งขวัญและประเสริฐ
อดิธร,อะ-ดิ-ทอน,ผู้ค้ำจุน
อดินันท์,อะ-ดิ-นัน,ผู้มีความสุขยินดี
อดิรุจ,อะ-ดิ-รุด,ผู้รุ่งเรือง
อดิเรก,อะ-ดิ-เรก,ผู้ยิ่งใหญ่เป็นพิเศษ
อดิลก,อะ-ดิ-หลก,ผู้เป็นยอดและเครื่องประดับ
อดิลกนันท์,อะ-ดิน-กน,ผู้มีความสุขยินดีและเป็นยอดและเครื่องประดับ
อดิลกวรา,อะ-ดิน-กวา,ผู้เป็นยอดและเครื่องประดับและประเสริฐ
อดิวิชญ์,อะ-ดิ-วิด,นักปราชญ์ผู้รู้
อดิศร,อะ-ดิ-สอน,ผู้เป็นใหญ่ยิ่งและเป็นใหญ่
อดิษ,อะ-ดิด,ผู้เปี่ยมด้วยพลังเฉพาะตน
อดิสรณ์,อะ-ดิ-สอน,ผู้เป็นที่ระลึกอันยิ่งใหญ่ ผู้เป็นที่พึ่งและความระลึก และ…
อตนุ,อะ-ตะ-นุ,ผู้เปี่ยมด้วยความละเอียดอ่อน
อตนุนันท์,อะ-ตะ-นุ-นัน,ผู้มีความละเอียดอ่อนและความสุขยินดี
อตนุวรา,อะ-ตะ-นุ-วะ-รา,ผู้มีความละเอียดอ่อน ความประเสริฐ และความอ่อนโยนสง่างาม
อทอง,อท-ทอง,ผู้มีความมั่งคั่ง
อทองคำ,อท-ทอง-คำ,ผู้มีความมั่งคั่ง
อทิน,อะ-ทิน,ผู้เปี่ยมด้วยแสงแห่งวัน
อทินนันท์,อะ-ทิน-นัน,ผู้มีความสุขยินดีและสว่างดุจวัน
อทินภัทร,อะ-ทิน-พัด-ทรอ,ผู้ดีงามเป็นมงคลและสว่างดุจวัน
อทินวรา,อะ-ทิน-วะ-รา,ผู้สว่างดุจวันและประเสริฐ
อธนภัทร,อะ-ทะ-นะ-พัด,ผู้ดีงามเป็นมงคลและมีทรัพย์
อธนวรา,อะ-ทะ-นะ-วะ-รา,ผู้มีทรัพย์และประเสริฐ
อธนันท์,อะ-ทะ-นัน,ผู้มีความสุขยินดีและมีทรัพย์
อธนา,อะ-ทะ-นา,ผู้มีธรรมะสูงส่ง ทรัพย์ และการค้ำจุน
อธวัช,อะ-ทะ-วัด,ผู้มีธรรมะสูงส่งและการค้ำจุน
อธวัชวรา,อะ-ทะ-วัด-ชะ-รา-วะ,ผู้แข็งแกร่งดุจเพชรและประเสริฐ
อธิก,อะ-ทิ-กะ,ผู้ยิ่งใหญ่หรือเหนือกว่าและยิ่งใหญ่หรือมากกว่า
อธิกร,อะ-ทิ-กอน,ผู้มีความสร้างสรรค์
อธิกะ,อะ-ทิ-กะ,ผู้ยิ่งใหญ่หรือเหนือกว่าและยิ่งใหญ่หรือมากกว่า
อธิกัญญ์,อะ-ทิ-กัน,ผู้มีความรู้และความงดงาม
อธิคมานนท์,อะ-ทิ-คะ-มน-นา,ผู้มีความสุขและความยินดี
อธิคุณ,อะ-ทิ-คุน,ผู้ยิ่งใหญ่หรือเหนือกว่าและเปี่ยมคุณธรรม
อธิชญา,อะ-ทิ-ชะ-ยา,ผู้ยิ่งใหญ่หรือเหนือกว่าและมีความรู้
อธิชัชวาล,อะ-ทิ-ชัน-ชาว,ผู้ส่องสว่างอันยิ่งยวด
อธิโชค,อะ-ทิ-โชก,ผู้ยิ่งใหญ่หรือเหนือกว่าและมีโชคดี
อธิณณ์,อะ-ทิน,ผู้มีความรู้เป็นเลิศและยิ่งใหญ่
อธิณรงค์,อะ-ทิ-นะ-รง,ผู้เป็นเลิศในการต่อสู้
อธิณัฐ,อะ-ทิ-นัด,ผู้ทรงความรู้อันเลิศ
อธินนท์,อะ-ทิ-นน,ผู้ยิ่งใหญ่หรือเหนือกว่าและมีความสุขยินดี
อธินันท์,อะ-ทิ-นัน,ผู้มีความสุขยินดีและยิ่งใหญ่หรือเหนือกว่า
อธิบ,อะ-ทิ-บะ,ผู้มีธรรมะสูงส่งและการค้ำจุน
อธิป,อะ-ทิบ,ผู้ยิ่งใหญ่หรือเหนือกว่าและเป็นใหญ่
อธิภัทร,อะ-พิ-พัด,ผู้ดีงามเป็นมงคลและยิ่งใหญ่หรือเหนือกว่า
อธิรญา,อะ-ทิ-ระ-ยา,ผู้ยิ่งใหญ่หรือเหนือกว่าและมีความรู้
อธิรัฐ,อะ-ทิ-รัด,ผู้มีอำนาจเหนือรัฐทั้งปวง
อธิรา,อะ-ทิ-รา,ผู้ยิ่งใหญ่หรือเหนือกว่า
อธิรุจ,อะ-ทิ-รุด,ผู้ยิ่งใหญ่หรือเหนือกว่าและรุ่งเรือง
อธิวร,อะ-ทิ-วอน,ผู้ยิ่งใหญ่หรือเหนือกว่า
อธิวโรดม,อะ-ทิ-วิด-โรด,ผู้ประเสริฐและอุดมอย่างยิ่ง
อธิวัช,อะ-ทิ-วัด,ผู้ยิ่งใหญ่หรือเหนือกว่าและแข็งแกร่งดุจเพชร
อธิวัชร์,อะ-ทิ-วัด,ผู้มีอำนาจยิ่งยวด
อธิวิชญ์,อะ-ทิ-วิด,ผู้มีความรู้ยิ่งใหญ่
อธิวิน,อะ-ทิ-วิน,ผู้ยิ่งใหญ่หรือเหนือกว่าและมีชัยชนะ
อธิศ,อะ-ทิด,ผู้ยิ่งใหญ่หรือเหนือกว่าและเป็นใหญ่
อธิศร,อะ-ทิ-สอน,ผู้เป็นเจ้าเหนือกว่าผู้อื่น
อธิศรา,อะ-ทิด-สะ-รา,ผู้มีความมุ่งมั่นและความเป็นผู้นำ
อธิศิลป์,อะ-ทิ-สิน,ผู้ยิ่งใหญ่หรือเหนือกว่า ผู้มีศิลปะ และเป็นใหญ่
อธิษฐ์,อะ-ทิด,ผู้ยิ่งใหญ่หรือเหนือกว่าและตั้งมั่น
อธิษฐาน,อะ-ทิด-สะ-ถาน,ผู้ยิ่งใหญ่หรือเหนือกว่า ผู้ตั้งจิตมั่น และตั้งมั่น
อธิสรรค์,อะ-ทิ-สัน,ผู้มีความสร้างสรรค์
อธิอานันท์,อะ-ทิ-อา-นัน,ผู้มีความสุขยินดีและยิ่งใหญ่หรือเหนือกว่า
อนนต์,อะ-นน,ผู้ไม่มีที่สิ้นสุด
อนนท์,อะ-นน,ผู้มีความสุขยินดี
อนฤมล,อะ-นะ-รึ-มน,ผู้มีความไม่สิ้นสุดและความบริสุทธิ์งดงาม
อนฤมลนันท์,อะ-นิน-มะ-ละ-นัน,ผู้มีความสุขยินดีและบริสุทธิ์งดงาม
อนฤมลภัทร,อะ-นะ-รึ-มน-พัด-ทรอ,ผู้ดีงามเป็นมงคลและบริสุทธิ์งดงาม
อนฤมลวรา,อะ-นิ-ระ-มะ-วา-ระ,ผู้บริสุทธิ์งดงามและประเสริฐ
อนล,อะ-นน,ไฟ ผู้มีพลังสว่าง
อนลิน,อะ-นะ-ลิน,ไฟ ผู้มีพลังสว่าง ดอกบัวอันบริสุทธิ์ และละมุนงดงาม
อนวช,อะ-นะ-วะ-ชด,ผู้ไร้ตำหนิ
อนวัช,อะ-นะ-วัด,ผู้ไร้ตำหนิและแข็งแกร่งดุจเพชร
อนวัชญ์,อะ-นะ-วัด,ผู้มีปัญญา
อนอง,อะ-หนอง,หญิงงามหรือสตรีผู้อ่อนหวาน
อนัญญา,อะ-นัน-ยา,ผู้ไม่มีใครเสมอเหมือนและมีความรู้
อนันต์,อะ-นัน,ผู้ไม่มีที่สิ้นสุด
อนันตไชย,อะ-นัน-ตะ-ไช,ผู้มีชัยชนะ
อนันต์ธีร์,อะ-นัน-ที,ผู้ไม่มีที่สิ้นสุดและมีปัญญามั่นคง
อนันต์ภัทร,อะ-นัน-พัด-ทรอ,ผู้ไม่มีที่สิ้นสุดและดีงามเป็นมงคล
อนันตวิชญ์,อะ-นัน-ตะ-วิด,นักปราชญ์ผู้รู้
อนันต์วิน,อะ-นัน-วิน,ผู้ไม่มีที่สิ้นสุดและมีชัยชนะ
อนันต์หน่อ,อะ-นัน-หน่อ,เชื้อสายอันยั่งยืนไม่มีที่สิ้นสุด
อนันทัช,อะ-นัน-ทัด,ผู้มีความสุขและสัมผัสความสำเร็จ
อนาวา,อะ-นา-วา,ผู้มีความกว้างขวาง การนำพาชีวิต และความกว้างไกล
อนาวานันท์,อะ-นา-วา-นัน,ผู้มีความสุขยินดีและนำพาชีวิตดุจเรือ
อนาวาวรา,อะ-นา-วา-วะ-รา,ผู้ประเสริฐและนำพาชีวิตดุจเรือ
อนาวิล,อะ-นา-วิน,ผู้มีความรู้แจ้งและความอ่อนโยน
อนิก,อะ-นิก,ผู้เปี่ยมด้วยความไม่สิ้นสุด
อนิรุจ,อะ-นิ-รุด,ผู้เปี่ยมด้วยความรุ่งเรือง
อนิรุธ,อะ-นิ-รุด,ผู้มีความรุ่งเรืองและการค้ำจุน
อนิศ,อะ-นิด,ผู้เปี่ยมด้วยความไม่สิ้นสุด
อนิสรา,อะ-นิด-สะ-รา,ผู้เป็นอิสระ ผู้ไหลลื่นงดงาม และมีแก่นสาร
อนุรักษ์,อะ-นุ-รัก,ผู้ปกป้องรักษา
อนุรักษ์ธรรม,อะ-นุ-รัก-ทำ,ผู้ค้ำจุนและปกป้องรักษา
อนุรักษา,อะ-นุ-รัก-สา,ผู้คุ้มครองรักษา
อนุรุจ,อะ-นุ-รุด,ผู้รุ่งเรือง
อนุรุธ,อะ-นุ-รุด,ผู้มีความรุ่งเรืองและการค้ำจุน
อนุวร,อะ-นุ-วอน,ผู้ดีเลิศ
อนุวัช,อะ-นุ-วัด,ผู้แข็งแกร่งดุจเพชร
อนุวิชญ์,อะ-นุ-วิด,ผู้มีความรู้ดีเยี่ยม
อนุวิท,อะ-นุ-วิด,ผู้เปี่ยมด้วยความรู้แจ้ง
อบวร,อบ-วอน,ผู้มีความประเสริฐและความมั่นคง
อบวรนันท์,อบ-วอ-ระ-นัน,ผู้มีความสุขยินดีและประเสริฐเลิศล้ำ
อบวรภัทร,อบ-วอน-พัด-ทรอ,ผู้ดีงามเป็นมงคลและประเสริฐเลิศล้ำ
อบวรวรา,อบ-วอ-ระ-วะ-รา,ผู้ประเสริฐและประเสริฐเลิศล้ำ
อปฐม,ปอ-ปะ-ถม,ผู้เปี่ยมด้วยจุดเริ่มต้นดีงาม
อปฐมนันท์,ปอ-ปะ-ถะ-มน,ผู้มีจิตใจและความสุขยินดี
อปฐมภัทร,ปอ-ปะ-ถม-พัด-ทรอ,ผู้มีความดีงาม ความมั่นคง และสิริมงคล
อปฐมวรา,ปอ-ปะ-มอ-ระ-วะ-รา,ผู้มีความประเสริฐ ความสง่างาม และความอ่อนโยน
อปริญญา,ปอน-ริน-ยา,ผู้มีความอ่อนละมุน ความรู้ และความอ่อนโยนสง่างาม
อปริญญานันท์,ปอ-ระ-ยิน-นา-นัน,ผู้มีความอ่อนละมุน ความสุขยินดี และความรู้
อปริญญาวรา,ปอน-ปริ-ยา-วา,ผู้มีความอ่อนละมุน ความประเสริฐ และความรู้
อปัญญา,อะ-ปัน-ยา,ผู้มีปัญญา ความรู้ และความอ่อนโยนสง่างาม
อปัญญานันท์,ปอ-ปัน-ยา-นัน,ผู้มีปัญญา ความสุขยินดี และความรู้
อปัญญาวรา,ปะ-อัน-ยา-วา-รา,ผู้มีปัญญา ความประเสริฐ และความรู้
อภัทร,อะ-พัด,ผู้มีความยิ่งใหญ่ ความดีงามเป็นมงคล และความมั่นคงสูงส่ง
อภัทรนันท์,อะ-พัด-ทระ-นัน,ผู้ดีงามเป็นมงคลและมีความสุขยินดี
อภัทรภัทร,อะ-พัด-พัด-ทรอ,ผู้มีความยิ่งใหญ่ ความดีงามเป็นมงคล และความมั่นคงสูงส่ง
อภัทรวรา,อะ-พัด-ทระ-วะ-รา,ผู้ดีงามเป็นมงคลและประเสริฐ
อภิกร,อะ-พิ-กอน,ผู้ยิ่งใหญ่หรือเด่นเป็นพิเศษและสร้างสรรค์
อภิกษณา,อะ-พิก-สะ-นา,ผู้ยิ่งใหญ่หรือเด่นเป็นพิเศษและช่วงขณะอันมีค่า
อภิกษณาอร,อะ-พิก-สะ-นา-ออน,ผู้มีความงดงามและคุณค่า
อภิชญ์,อะ-พิน,ผู้ยิ่งใหญ่หรือเด่นเป็นพิเศษและรู้ยิ่ง
อภิชญา,อะ-พิ-ชะ-ยา,ผู้มีความรู้
อภิชัจ,อะ-พิ-ชัด,ผู้เปี่ยมด้วยความยิ่งใหญ่
อภิชัจหรรษกร,อะ-พิ-ชัด-สะ-หะ-นะ-หอน,ผู้มีพลังเฉพาะตน ผู้สร้างสรรค์ และความมั่นคงสูงส่ง
อภิโชค,อะ-พิ-โชก,ผู้ยิ่งใหญ่หรือเด่นเป็นพิเศษและมีโชคดี
อภิญ,อะ-พิน,ผู้มีความรู้ยิ่ง
อภิญญา,อะ-พิน-ยา,ผู้มีความรู้
อภิญวัจน์,อะ-ยิน-ยะ-วัด,ผู้ยิ่งใหญ่หรือเด่นเป็นพิเศษและมีวาจางดงาม
อภิณัฐ,อะ-พิ-นัด,ผู้ยิ่งใหญ่หรือเด่นเป็นพิเศษและนักปราชญ์ผู้มีปัญญา
อภิธนวัชญ์,อะ-ภิน-ทะ-วัด,ผู้มีความมั่งคั่ง
อภิธร,อะ-พิ-ทอน,ผู้ค้ำจุนและยิ่งใหญ่หรือเด่นเป็นพิเศษ
อภิธัช,อะ-พิ-ทัด,ผู้ยิ่งใหญ่หรือเด่นเป็นพิเศษและเป็นธงแห่งเกียรติ
อภิธิน,อะ-พิ-ทิน,ผู้มีความยิ่งใหญ่และการค้ำจุน
อภินัทธ์,อะ-พิ-นัด,ผู้ยิ่งใหญ่หรือเด่นเป็นพิเศษ
อภินันท์,อะ-พิ-นัน,ผู้มีความสุขและความยินดี
อภิปัญญา,อะ-พิ-ปัน-ยา,ผู้ยิ่งใหญ่หรือเด่นเป็นพิเศษ ผู้มีปัญญา และมีความรู้
อภิภัค,อะ-พิ-พัก,ผู้ยิ่งใหญ่หรือเด่นเป็นพิเศษและมีโชค
อภิมงคล,อะ-พิ-มง-คน,ผู้ยิ่งใหญ่หรือเด่นเป็นพิเศษและเป็นมงคลยิ่ง
อภิรมา,อะ-พิ-ระ-มะ,ผู้รื่นรมย์ยิ่ง
อภิรักษ์,อะ-พิ-รัก,ผู้ยิ่งใหญ่หรือเด่นเป็นพิเศษและปกป้องรักษาอย่างยิ่ง
อภิรักษ์มั่นคง,อะ-พิ-รัก-มั่น-คง,ผู้ยิ่งใหญ่หรือเด่นเป็นพิเศษและปกป้องรักษาอย่างยิ่ง
อภิรัช,อะ-พิ-รัด,ผู้ยิ่งใหญ่หรือเด่นเป็นพิเศษและรุ่งเรืองด้วยอำนาจ
อภิรัญญา,อะ-พิ-รัน-ยา,ผู้ยิ่งใหญ่หรือเด่นเป็นพิเศษและมีความรู้
อภิรัฐ,อะ-พิ-รัด,ผู้มีความมั่นคง
อภิริน,อะ-พิ-ริน,ผู้ไหลรินอ่อนโยนและยิ่งใหญ่หรือเด่นเป็นพิเศษ
อภิรุจ,อะ-พิ-รุด,ผู้ยิ่งใหญ่หรือเด่นเป็นพิเศษและรุ่งเรือง
อภิรุจิ,อะ-พิ-รุ-จิ,ผู้มีความรุ่งเรืองและความงดงาม
อภิเรศ,อะ-พิ-เรด,ผู้ยิ่งใหญ่หรือเด่นเป็นพิเศษและเป็นใหญ่
อภิโรจน์,อะ-พิ-โรด,ผู้ยิ่งใหญ่หรือเด่นเป็นพิเศษ
อภิวงค์,อะ-พิ-วง,ผู้ยิ่งใหญ่หรือเด่นเป็นพิเศษและสืบวงศ์ตระกูล
อภิวัจน์,อะ-พิ-วัด,ผู้ยิ่งใหญ่หรือเด่นเป็นพิเศษและมีวาจางดงาม
อภิวัชร์,อะ-ภิ-วัด,ผู้ยิ่งใหญ่หรือเด่นเป็นพิเศษ ผู้แข็งแกร่งดุจเพชร และเพชรห…
อภิวันท์,อะ-พิ-วัน,ผู้ยิ่งใหญ่หรือเด่นเป็นพิเศษและได้รับการไหว้เคารพ
อภิวันทนา,อะ-พิ-วัน-ทะ-นา,ผู้ยิ่งใหญ่หรือเด่นเป็นพิเศษและไหว้เคารพ
อภิวิชญ์,อะ-พิ-วิด,นักปราชญ์ผู้รู้และยิ่งใหญ่หรือเด่นเป็นพิเศษ
อภิสรณ์,อะ-พิ-สอน,ผู้ยิ่งใหญ่หรือเด่นเป็นพิเศษ ผู้เป็นที่พึ่งและความระลึก แ…
อภิสรา,อะ-พิด-สะ-รา,ผู้มีความงดงาม
อภิสริน,อะ-พิ-สะ-ริน,ผู้มีความอ่อนโยน
อภิสรินทร์,อะ-พิ-สะ-ริน,ผู้มีความเป็นผู้นำและความอ่อนโยน
อภิสิทธิ์,อะ-พิ-สิด,ผู้มีความสำเร็จ
อภิสิทธิโชค,อะ-พิ-สิด-ทิ-โชก,ผู้มีความสำเร็จและโชคลาภ
อภิสิทธิ์โชค,อะ-พิ-สิด-โชก,ผู้มีโชคลาภ
อมต,อะ-มะ-ตะ,ผู้เป็นอมตะ
อมนต์,อะ-มน,ผู้มีจิตใจและถ้อยคำศักดิ์สิทธิ์
อมนต์นันท์,อะ-มน-นัน,ผู้มีความสุขยินดีและถ้อยคำศักดิ์สิทธิ์
อมนต์ภัทร,อะ-มน-พัด-ทรอ,ผู้ดีงามเป็นมงคลและถ้อยคำศักดิ์สิทธิ์
อมนต์วรา,อะ-มน-วอ-รา,ถ้อยคำศักดิ์สิทธิ์และประเสริฐ
อมนัส,อม-นัด,ผู้มีจิตใจและจิตใจงดงาม
อมร,อะ-มอน,ผู้ยั่งยืนเป็นอมตะ
อมรโชค,อะ-มอน-โชก,ผู้ยั่งยืนเป็นอมตะและมีโชคดี
อมรธร,อะ-มอน-ทอน,ผู้ค้ำจุนและยั่งยืนเป็นอมตะ
อมรนันท์,อะ-มอน-นัน,ผู้มีความสุขยินดีและยั่งยืนเป็นอมตะ
อมรวรรณ,อะ-มอน-วัน,ผู้มีวรรณะงดงามและยั่งยืนเป็นอมตะ
อมรวริศ,อะ-มอน-วิด,ผู้ยั่งยืนเป็นอมตะและเป็นใหญ่
อมรศิลป์,อะ-มอน-สิน,ศิลปะอันยั่งยืนเป็นอมตะ
อมรสิทธิ์,อะ-มอน-สิด,ผู้มีความยั่งยืนและความสำเร็จ
อมรา,อะ-มะ-รา,ผู้ยั่งยืนเป็นอมตะและเป็นอมตะและงดงาม
อมรินทร์,อะ-มะ-ริน,ผู้มีความเป็นผู้นำ ความยั่งยืน และความอ่อนโยน
อมลวรรณ,อะ-มน-วัน,ผู้มีวรรณะงดงามและบริสุทธิ์ปราศจากมลทิน
อร,ออน,ผู้มีความงามอ่อนหวาน
อรกัญญา,ออน-กัน-ยา,ผู้มีความงามอ่อนหวาน หญิงผู้ดีงาม และมีความรู้
อรจนา,ออน-จะ-นา,ผู้มีความงามอ่อนหวานและให้กำเนิดหรือสร้างสรรค์
อรจนานันท์,ออน-จะ-นา-นัน,ผู้มีความสร้างสรรค์ ความงดงาม และความสุข
อรจนาวรา,ออน-จะ-นา-วอ-รา,ผู้มีความสร้างสรรค์ ความประเสริฐ และความงดงาม
อรจิรา,ออน-จิ-รา,ผู้มีความงามอ่อนหวานและยั่งยืนยาวนาน
อรชร,ออ-ระ-ชอน,ผู้มีความงามอ่อนหวานและละเอียดอ่อนงาม
อรชรวรรณ,ออน-ชะ-ระ-วัน,ผู้มีความงดงาม
อรญา,ออ-ระ-ยา,ผู้มีความงามอ่อนหวานและมีความรู้
อรฐา,ออ-ระ-ถา,ผู้มีความงามอ่อนหวานและตั้งมั่น
อรณัฐ,ออน-นัด,ผู้มีความงามอ่อนหวานและนักปราชญ์ผู้มีปัญญา
อรธนา,ออน-ทะ-นา,ผู้มีความงามอ่อนหวานและมีทรัพย์
อรนรา,ออน-นะ-รา,ผู้มีความงามอ่อนหวานและสง่างามในหมู่คน
อรนรินทร์,ออน-นะ-ริน,ผู้มีความเป็นผู้นำ ความงดงาม และความอ่อนโยน
อรนลิน,ออน-นะ-ลิน,ผู้มีความบริสุทธิ์และความงดงาม
อรนลินต์,ออน-นะ-ริน,ผู้มีความบริสุทธิ์และความงดงาม
อรนันท์,ออ-ระ-นัน,ผู้มีความสุขยินดีและมีความงามอ่อนหวาน
อรภัทร,ออน-พัด-ทรอ,ผู้ดีงามเป็นมงคลและมีความงามอ่อนหวาน
อรภิญญา,ออน-พิน-ยา,ผู้มีความงามอ่อนหวาน ผู้มีความรู้ และมีความรู้ยิ่ง
อรรคนัฏฐ์,อัก-คะ-นัด,ผู้มีความงามอ่อนหวาน
อรรถ,อัด,ผู้มีความงามอ่อนหวานและมีสาระ
อรรถนนท์,อัด-นน,ผู้มีความงามอ่อนหวาน ผู้มีความสุขยินดี และมีสาระ
อรรถรินทร์,อัด-ถะ-ริน,ผู้ไหลรินอ่อนโยน ผู้มีความงามอ่อนหวาน และมีสาระ
อรรถวรรณ,อัด-ถะ-วัน,ผู้มีวรรณะงดงาม ผู้มีความงามอ่อนหวาน และมีสาระ
อรรถวัชร์,อัด-ถะ-วัด,ผู้มีความงดงาม
อรรถวิชญ์,อัด-ถะ-วิด,นักปราชญ์ผู้รู้ ผู้มีความงามอ่อนหวาน และมีสาระ
อรรถวิท,อัด-ถะ-วิด,ผู้มีความงามอ่อนหวานและมีสาระ
อรรถวิโรจน์,อัด-ถะ-วิ-โรด,ผู้มีความงามอ่อนหวาน ผู้มีสาระ และรุ่งเรืองสว่างไสว
อรรถวุธ,อัด-ถะ-วุด,ผู้มีความงามอ่อนหวาน ผู้มีสาระ และมีพลังป้องกัน
อรลออ,ออน-ลอ,ผู้มีความงามอ่อนหวานและละเอียดงดงาม
อรวรรณ,ออ-ระ-วัน,ผู้มีวรรณะงดงามและมีความงามอ่อนหวาน
อรวรา,ออน-วะ-รา,ผู้มีความงามอ่อนหวานและประเสริฐ
อรวิมล,ออน-วิ-มน,ผู้มีความงามอ่อนหวานและบริสุทธิ์ผ่องใส
อรวิศ,ออ-ระ-วิด,ผู้มีความงามอ่อนหวานและเป็นใหญ่
อรศิริ,ออน-สิ-หริ,ผู้มีความงามอ่อนหวาน ผู้เป็นใหญ่ และมีสิริมงคล
อรษา,ออน-สา-สะ,ผู้มีพลังเฉพาะตน ความงามอ่อนหวาน และความอ่อนโยนสง่างาม
อรอร,ออน-ออน,ผู้มีความงามอ่อนหวานยิ่ง
อรอินทร์,ออน-อิน,ผู้เป็นใหญ่และมีความงามอ่อนหวาน
อรัญ,อะ-รัน,ผู้มีความงามอ่อนหวานและป่า ผู้สงบงามตามธรรมชาติ
อรัญญ์,อะ-รัน,ผู้สงบเยือกเย็นและร่มรื่นดุจป่า
อรัญญา,อะ-รัน-ยา,ผู้มีความสงบและความงดงาม
อรัญวิชญ์,อะ-ยัน-วิด,ผู้มีความสงบ ความงดงาม และความรู้
อรัญสิทธิ์,อะ-รัน-ยะ-สิด,ผู้มีความสงบ ความงดงาม และความสำเร็จ
อรัฐา,อะ-รัด,ผู้มีความงดงาม ความสง่างาม และความอ่อนโยน
อริญช์,อะ-ริน,ผู้มีความอ่อนละมุนและความงามอ่อนหวาน
อริญา,อะ-ริ-ยา,ผู้มีความเป็นผู้นำ ความรู้ และความงดงาม
อริน,อะ-ริน,ผู้มีความเป็นผู้นำ ความงดงาม และความอ่อนโยน
อรินทร,อะ-ริน-ทอน,ผู้มีความเป็นผู้นำ ความงดงาม และความอ่อนโยน
อรินทร์,อะ-ริน,ผู้มีความเป็นผู้นำ ความงดงาม และความอ่อนโยน
อรินธา,อะ-ริน-ทา,ผู้มีความเป็นผู้นำ ความงดงาม และความอ่อนโยน
อริรา,อะ-ริ-รา,ผู้มีความงามอ่อนหวานและเป็นใหญ่หรือผู้กล้าต่อศัตรู
อริวร,อะ-ริ-วอน,ผู้มีความงามอ่อนหวานและเป็นใหญ่หรือผู้กล้าต่อศัตรู
อริศร,อะ-ริด,ผู้มีความเป็นผู้นำและความงดงาม
อริศรา,อะ-ริด-สะ-รา,ผู้มีความเป็นผู้นำและความงดงาม
อริศิลป์,อะ-ริ-สิน,ผู้มีความเป็นผู้นำและความงดงาม
อริษรา,อะ-ริด-สะ-รา,ผู้มีความงามอ่อนหวานและเป็นใหญ่หรือผู้กล้าต่อศัตรู
อริษา,อะ-ริ-สา,ผู้มีความงามอ่อนหวานและเป็นใหญ่หรือผู้กล้าต่อศัตรู
อริสรา,อะ-ริด-สะ-รา,ผู้มีความเป็นผู้นำและความงดงาม
อรุณ,อะ-รุน,ผู้มีความงามอ่อนหวานและรุ่งเรืองดุจแสงอรุณ
อรุณธร,อะ-รุน-ทอน,ผู้มีความรุ่งเรือง ความงดงาม และความเกื้อหนุน
อรุณภัทร,อะ-รุน-พัด-ทรอ,ผู้มีความรุ่งเรือง ความงดงาม และความดีงาม
อรุณโรจน์,อะ-รุน-โรด,ผู้มีความงามอ่อนหวานและรุ่งเรืองดุจแสงอรุณ
อรุณลักษณ์,อะ-รุน-ลัก,ผู้มีความรุ่งเรือง ความงดงาม และความสว่าง
อรุณวรรณ,อะ-รุน-วัน,ผู้มีความรุ่งเรือง ความงดงาม และความสว่าง
อรุณวิง,อะ-รุน-วิง,ผู้มีความงามอ่อนหวานและรุ่งเรืองดุจแสงอรุณ
อลงค์กร,อะ-ลง-กอน,ผู้มีองค์ประกอบงดงาม
อลัน,อะ-ลัน,ชื่อทับศัพท์ รอการตรวจสอบความหมายเฉพาะ
อลิซ,อะ-ลิด,ชื่อทับศัพท์ รอการตรวจสอบความหมายเฉพาะ
อลิธร,อะ-ลิ-ทอน,ผู้มีความละมุนเฉพาะตน การค้ำจุน และความละมุน
อลิน,อะ-ลิน,ผู้เปี่ยมด้วยความละมุน
อลินรา,อะ-ลิน-รา,ผู้สง่างามในหมู่คนและละมุนงดงาม
อลิลน์,อะ-ลิน,ผู้มีลีลางดงามและความละมุน
อลิศ,อะ-ลิด,ผู้มีความละมุนเฉพาะตนและความละมุน
อลิศรา,อะ-ลิด-สะ-รา,ผู้เป็นใหญ่และเป็นดั่งศรแห่งความมุ่งมั่น
อลิษชญา,อะ-ลิด-ชะ-ยา,ผู้มีความรู้ ปัญญา และความเป็นเลิศ
อลิษญา,อะ-ลิด-สะ-ยา,ผู้มีพลังเฉพาะตน ความรู้ และความละมุน
อลิษญาลักษณ์,อะ-ลิด-สะ-ยา-ลัก,ผู้มีความรู้และมีลักษณะงดงาม
อลิษญาวรัญญา,อะ-ลิด-สะ-ยา-วะ-รัน-ยา,ผู้มีความรุ่งเรือง ความประเสริฐ และความรู้
อลิษณา,อะ-ลิด-สะ-นา,ผู้มีพลังเฉพาะตน ความละมุน และความอ่อนโยนสง่างาม
อลิษนภัส,อะ-ลิด-สะ-นะ-พัด,ผู้มีความรุ่งเรืองสูงส่งดุจท้องฟ้า
อลิษภัทรา,อะ-ลิด-ซับ-พา-พอน,ผู้มีความดีงามเจริญรุ่งเรืองและโดดเด่นเป็นพิเศษ
อลิษรา,อะ-ลิด-สะ-รา,ผู้มีพลังเฉพาะตน ความละมุน และความอ่อนโยนสง่างาม
อลิษวรัญญา,อะ-ลิด-วัน-สะ-ยา-ระ,ผู้มีความรู้ที่ประเสริฐและมีความสว่างไสวรุ่งเรือง
อลิษา,อะ-ลิ-สา,ผู้มีพลังเฉพาะตน ความละมุน และความอ่อนโยนสง่างาม
อลิส,อะ-ลิด,ชื่อทับศัพท์ รอการตรวจสอบความหมายเฉพาะ
อลิสิทธิ์,อะ-ลิ-สิด,ผู้มีความสำเร็จและสิทธิอันชอบและมีสิทธิและความสำเร็จ
อ้วน,อ้วน,ผู้เปี่ยมด้วยความสมบูรณ์
อวบอ่อน,อวบ-อ่อน,ผู้เปี่ยมด้วยความไม่สิ้นสุด
อวริน,อะ-วะ-ริน,ผู้ประเสริฐดุจสายน้ำและไหลรินอ่อนโยน
อวรินนันท์,อะ-วะ-นิ-รัน,ผู้มีความประเสริฐ ความสุข และความอ่อนโยน
อวรินภัทร,อะ-วะ-ริน-พัด-ทรอ,ผู้มีความประเสริฐ ความอ่อนโยน และความดีงาม
อวรินวรา,อะ-นะ-วิ-ระ-วา,ผู้ประเสริฐดุจสายน้ำ ผู้ไหลรินอ่อนโยน และประเสริฐ
ออ,ออ,ผู้มีความนุ่มนวลและเป็นธรรมชาติ
อ้อ,อ้อ,ผู้ยืดหยุ่น อ่อนโยน และมีเสน่ห์
ออกัส,อะ-อัก,ชื่อทับศัพท์ สื่อถึงความยิ่งใหญ่ตามรากตะวันตก
ออน,ออน,ผู้มีความนุ่มนวลและจิตใจละมุน
อ่อนคำ,อ่อน-คำ,ผู้มีความอ่อนโยนและมีค่าดุจทองคำ
ออม,ออม,ผู้เปี่ยมด้วยความยั่งยืน
อะกิ,อะ-กิ,ชื่อทับศัพท์ รอการตรวจสอบความหมายเฉพาะ
อะคะปัน,อะ-คะ-ปัน,ผู้เปี่ยมด้วยความยิ่งใหญ่
อะชิรนันท์,อะ-ชิ-ระ-นัน,ผู้มีความว่องไวและความสุขยินดี
อะชิรวิช,อะ-ชิ-ระ-วิด,ผู้มีดวงอาทิตย์และความรู้
อะชิรวิชญ์,อะ-ชิ-ระ-วิด,ผู้มีดวงอาทิตย์ นักปราชญ์ และความรู้
อะชิรวิญญ์,อะ-ชิ-ระ-วิน,ผู้มีดวงอาทิตย์และความรู้ลึกซึ้ง
อะชิระ,อะ-ชิ-ระ,ผู้เปี่ยมด้วยความว่องไว
อะชิลักษณ์,อะ-ชิ-ลัก,ผู้มีพลังเฉพาะตนและลักษณะงดงาม
อักษร,อัก-สอน,ตัวหนังสือหรือความรู้ทางภาษา
อักษรชู,อัก-สอน-ชู,ตัวหนังสือหรือความรู้ทางภาษา
อักษรธร,อัก-สอน-ทอน,ผู้ค้ำจุนและตัวหนังสือหรือความรู้ทางภาษา
อักษรวรรณ,อัก-สอน-วัน,ผู้มีวรรณะงดงามและตัวหนังสือหรือความรู้ทางภาษา
อักษรวัชร์,อัก-สอ-ระ-วัด,ผู้มีความรู้
อักษรศิลป์,อัก-สอน-สิน,ตัวหนังสือหรือความรู้ทางภาษา ผู้มีศิลปะ และเป็นใหญ่
อักษรสิทธิ์,อัก-สอน-สิด,ผู้มีความรู้และความสำเร็จ
อักษรสิริ,อัก-สอน-สิ-หริ,ผู้มีสิริมงคลและตัวหนังสือหรือความรู้ทางภาษา
อักษรา,อัก-สะ-รา,ผู้มีความรู้และความงดงาม
อักษรินทร์,อัก-สะ-ริน,ผู้มีความเป็นผู้นำ ความรู้ และความอ่อนโยน
อัคคณัฐ,อัก-คะ-นัด,ผู้ยอดเยี่ยมและนักปราชญ์ผู้มีปัญญา
อัครณัฐ,อัก-คระ-นัด,ผู้ยอดเยี่ยมและเป็นเอกและนักปราชญ์ผู้มีปัญญา
อัครธน,อัก-คระ-ทน,ผู้ยอดเยี่ยมและเป็นเอกและมีทรัพย์
อัครธนะโชค,อัก-คระ-ทะ-นะ-โชด,ผู้ยอดเยี่ยมและเป็นเอก ผู้มีทรัพย์ และมีโชคดี
อัครนรินทร์,อัก-คระ-นะ-ริน,ผู้มีความเป็นผู้นำและความอ่อนโยน
อัครนันท์,อัก-คระ-นัน,ผู้มีความสุขยินดีและยอดเยี่ยมและเป็นเอก
อัครนิธิ,อัก-คระ-นิ-ทิ,ผู้ยอดเยี่ยมและเป็นเอกและเป็นขุมทรัพย์
อัครนิธิศ,อัก-คระ-นิ-ทิ,ผู้ยอดเยี่ยมและเป็นเอก ผู้เป็นใหญ่ และเป็นขุมทรัพย์
อัครปัญญ์,อัก-ครัน,ผู้ยอดเยี่ยมและเป็นเอกและมีปัญญา
อัครภัทร,อัก-คระ-พัด,ผู้มีความดีงาม
อัครโภคินนท์,อัก-คระ-โพ-นิน,ผู้มีความสุข ความมั่งคั่ง และความยินดี
อัครรัฐ,อะ-คระ-รัด,ผู้ยอดเยี่ยมและเป็นเอกและเกี่ยวข้องกับบ้านเมือง
อัครวัชร,อัก-คระ-วัด,ผู้ยอดเยี่ยมและเป็นเอก ผู้แข็งแกร่งดุจเพชร และเพชรหรือสาย…
อัครวิชญ์,อัก-คระ-วิด,นักปราชญ์ผู้รู้และยอดเยี่ยมและเป็นเอก
อัครวินท์,อัก-คระ-วิน,ผู้ยอดเยี่ยมและเป็นเอกและมีชัยชนะ
อัครศิลป์,อัก-คระ-สิน,ผู้ยอดเยี่ยมและเป็นเอก ผู้มีศิลปะ และเป็นใหญ่
อัครสร,อัก-คระ-สอน,ผู้ยอดเยี่ยมและเป็นเอกและมีแก่นสาร
อัครสิทธิ์,อัก-คระ-สิด,ผู้มีความสำเร็จ
อัคระ,อัก-คระ,ผู้ยอดเยี่ยมและเป็นเอก
อัครา,อัก-คะ-รา,ผู้ยอดเยี่ยมและเป็นเอก
อัครานนท์,อัก-คะ-รา-นน,ผู้ยอดเยี่ยมและเป็นเอกและมีความสุขยินดี
อัครินทร์,อัก-คะ-ริน,ผู้ไหลรินอ่อนโยน ผู้ยอดเยี่ยมและเป็นเอก และเป็นใหญ่
อังคณา,อัง-คะ-นา,หญิงงาม
อังค์วรา,อัง-วะ-รา,ผู้มีองค์ประกอบงดงาม ความประเสริฐ และความอ่อนโยนสง่างาม
อังคาร,อัง-คาน,ดาวอังคารหรือวันอังคาร
อังษณา,อัง-สะ-นา,ผู้มีพลังเฉพาะตนและความอ่อนโยนสง่างาม
อัจฉรา,อัด-ฉะ-รา,นางฟ้าหรือผู้วิเศษงดงาม
อัจฉราวิชญ์,อัด-ฉะ-รา-วิด,นักปราชญ์ผู้รู้และนางฟ้าหรือผู้วิเศษงดงาม
อัจฉรินทร์,อัด-ฉะ-ริน,ผู้ไหลรินอ่อนโยนและเป็นใหญ่
อัจฉรินธร,อัด-ฉะ-ริน-ทอน,ผู้ค้ำจุนและไหลรินอ่อนโยน
อัจฉรีย์,อัด-ฉะ-รี,ผู้มีความอัศจรรย์และความสง่างาม
อัญ,อัน,สิ่งพิเศษหรือสิ่งอื่นอันแตกต่าง
อัญชลินทร์,อัน-ชะ-ลิน,ผู้มีความงดงาม
อัญชัญ,อัน-ชัน,ดอกอัญชัน สีงามตามธรรมชาติ
อัญชิรา,อัน-ชิ-รา,ชื่อประดิษฐ์ สื่อถึงความดีงามและความเจริญ
อัญญธิญาน์,อัน-ทะ-ยิ-ถา,ผู้มีความพิเศษ ความรู้ และการค้ำจุน
อัญญา,อัน-ยา,ผู้มีความรู้
อัญญาริน,อัน-ยา-ริน,ผู้มีความรู้และความอ่อนโยน
อัญญารินทร์,อัน-ยา-ริน,ผู้มีความรู้และความอ่อนโยน
อัญญาลักษณ์,อัน-ยา-ลัก,ผู้มีความรู้
อัญญาวริน,อัน-ยา-วะ-ริน,ผู้มีปัญญา
อัญรินทร์,อัน-ยะ-ริน,ผู้ไหลรินอ่อนโยน สิ่งอื่นหรือสิ่งพิเศษ และเป็นใหญ่
อัญวรา,อัน-ยะ-วะ-รา,สิ่งอื่นหรือสิ่งพิเศษและประเสริฐ
อัญศรา,อัน-ยะ-สะ-รา,ผู้มีความมุ่งมั่นและความเป็นผู้นำ
อัญศิริ,อัน-ยะ-สิ-หริ,สิ่งอื่นหรือสิ่งพิเศษ ผู้เป็นใหญ่ และมีสิริมงคล
อัญสร,อัน-สะ-สอน,สิ่งอื่นหรือสิ่งพิเศษและมีแก่นสาร
อัญสรา,อัน-สะ-รา,สิ่งอื่นหรือสิ่งพิเศษ ผู้ไหลลื่นงดงาม และมีแก่นสาร
อัญสิริ,อัน-ยะ-สิ-หริ,ผู้มีสิริมงคลและสิ่งอื่นหรือสิ่งพิเศษ
อัญสิริโชค,อัน-ยะ-สิ-หริ-โชก,ผู้มีสิริมงคล สิ่งอื่นหรือสิ่งพิเศษ และมีโชคดี
อัฐ,อัด,แปดหรือสิ่งมั่นคง
อัฐพงษ์,อัด-ถะ-พง,แปดหรือสิ่งมั่นคงและสืบวงศ์ตระกูล
อัดนาน,อัด-นาน,ผู้มีความมั่นคงและความอ่อนโยน
อันต์นลิน,อัน-นะ-ลิน,ดอกบัวอันไม่มีที่สิ้นสุด
อันทะระ,อัน-ทะ-ระ,ผู้เปี่ยมด้วยความกว้างใหญ่
อันธิฌา,อัน-ทิ-ชา,ผู้มีความกว้างใหญ่ การค้ำจุน และความอ่อนโยนสง่างาม
อันวาร์,อัน-วา,ชื่อทับศัพท์ รอการตรวจสอบความหมายเฉพาะ
อัมภิรา,อัม-พิ-รา,ผู้มีความลึกซึ้งและความอ่อนโยนสง่างาม
อัมรัน,อำ-มะ-รัน,ผู้เปี่ยมด้วยความมั่นคงลึกล้ำ
อัมลิน,อัม-มะ-ลิน,ผู้เปี่ยมด้วยความละมุน
อัษฏา,อัด-สะ-ตา,แปดหรือผู้ประกอบด้วยคุณแปดประการ
อัษฏาวุธ,อัด-สะ-ดา-วุด,แปดหรือผู้ประกอบด้วยคุณแปดประการและมีพลังป้องกัน
อัษฏาวุษ,อัด-สะ-ดา-วุด,ผู้เปี่ยมด้วยพลังเฉพาะตน
อาคะนิช,อา-คะ-นิด,ผู้มีแสงรุ่งและคุณค่าเฉพาะตน
อาคิ,อา-คิ,ชื่อทับศัพท์ รอการตรวจสอบความหมายเฉพาะ
อาคิระ,อะ-คิ-ระ,ชื่อทับศัพท์ รอการตรวจสอบความหมายเฉพาะ
อาคิราห์,อะ-คิ-รา,ชื่อทับศัพท์ รอการตรวจสอบความหมายเฉพาะ
อาจนาวัง,อาด-จะ-นา-วัง,ผู้มีความกล้าหาญและความอ่อนโยน
อาจหาญ,อาด-หาน,ผู้กล้าหาญองอาจ
อาณัชญา,อา-นัด-ชะ-ยา,ผู้มีอำนาจคุ้มครอง ความรู้ และความอ่อนโยนสง่างาม
อาณาจักร,อา-นา-จัก,ผู้มีความสร้างสรรค์และอำนาจ
อาณาจักรสิทธิ์,อา-นา-จัก-สิด,ผู้มีความสร้างสรรค์และอำนาจ
อาณารักษ์,อา-นา-รัก,อำนาจหรือขอบเขตการปกครอง
อานนท์,อา-นน,ผู้มีความสุขยินดี
อานวา,อา-นะ-วา,ผู้มีความกว้างขวาง ความกว้างไกล และความใหม่งดงาม
อาโป,อา-โป,น้ำหรือธาตุน้ำ
อาม,อาม,ผู้เปี่ยมด้วยความสงบ
อามนา,อาม-มะ-นา,ผู้มีจิตใจ ความอ่อนโยน และความอ่อนโยนสง่างาม
อาร์ต,อาด,ผู้มีความสร้างสรรค์
อาร์ม,อาม,ชื่อทับศัพท์ อาจหมายถึงแขนหรือสัญลักษณ์ตามบริบท
อารมณ์,อา-รม,ผู้เปี่ยมด้วยความอ่อนโยน
อาร์มิน,อา-มิน,ชื่อทับศัพท์ รอการตรวจสอบความหมายเฉพาะ
อาร์วิน,อา-วิน,ชื่อทับศัพท์ รอการตรวจสอบความหมายเฉพาะ
อารักษ์,อา-รัก,ผู้ปกป้องคุ้มครอง
อารัญ,อา-รัน,ผู้เปี่ยมด้วยความรื่นรมย์
อาริซ,อา-ริด,ผู้เปี่ยมด้วยความอ่อนละมุน
อาริญาลักษณ์,อา-ริ-ยา-ลัก,ผู้มีลักษณะแห่งน้ำใจ ปัญญา และความเจริญ
อาริญาวรัญญา,อา-ริ-ยา-วะ-รัน-ยา,ผู้มีน้ำใจและปัญญาความรู้ที่ประเสริฐ
อาริณ,อา-ริน,ผู้เปี่ยมด้วยความอ่อนละมุน
อาริณนภัส,อา-ริน-นะ-พัด,ผู้มีน้ำใจและความเจริญสูงส่งดุจท้องฟ้า
อาริณภัทรา,อา-ริน-พัด-ทรา,ผู้มีความดีงามเจริญรุ่งเรืองและทรงเกียรติ
อาริณรงค์,อา-ริน-รง,ผู้กล้าหาญในการต่อสู้กับศัตรู
อาริณวรัญญา,อา-ริน-วะ-รัน-ยา,ผู้มีความรู้ที่ประเสริฐและมีความเจริญมีน้ำใจ
อาริณา,อา-ริ-นา,ผู้มีความอ่อนละมุนและความอ่อนโยนสง่างาม
อาริน,อะ-ริน,ผู้มีความอ่อนละมุนและความละมุนดุจสายน้ำ
อารินทร์,อะ-ริน,ผู้มีความเป็นผู้นำ
อารินา,อา-ริ-นา,ผู้มีความอ่อนละมุน ความละมุนดุจสายน้ำ และความอ่อนโยน
อาริภัค,อา-ริ-พัก,ผู้เปี่ยมด้วยโชคและความสุข
อาริวิชญ์,อา-ริ-ชะ-ยะ,ผู้มีความอ่อนละมุน นักปราชญ์ และความรู้
อาริศ,อะ-ริด,ผู้เปี่ยมด้วยความอ่อนละมุน
อาริษ,อา-ริด,ผู้เปี่ยมด้วยความอ่อนละมุน
อาริษา,อา-ริ-สา,ผู้มีความอ่อนละมุนและความอ่อนโยนสง่างาม
อาริส,อะ-ริด,ผู้เปี่ยมด้วยความอ่อนละมุน
อาริสิทธิ์,อะ-ริ-สิด,ผู้มีความสำเร็จและสิทธิอันชอบและมีสิทธิและความสำเร็จ
อารี,อา-รี,ผู้มีเมตตาเอื้อเฟื้อ
อารีย์,อา-รี,ผู้มีเมตตาเอื้อเฟื้อ
อารีรักษ์,อา-รี-รัก,ผู้มีเมตตาเอื้อเฟื้อและปกป้องรักษา
อาลิษา,อา-ลิ-สา,ผู้มีพลังเฉพาะตน ความละมุน และความอ่อนโยนสง่างาม
อาวรณ์,อา-วอน,ความผูกพันหรือความอาลัย
อาวุธ,อา-วุด,ผู้มีพลังป้องกันและค้ำจุน
อำนาจ,อำ-นาด,ผู้มีอำนาจบารมี
อำนาจเจริญ,อำ-นาด-จะ-เริน,ผู้มีอำนาจบารมีและเจริญรุ่งเรือง
อำไพ,อำ-ไพ,ผู้สว่างงดงาม
อิง,อิง,ผู้พึ่งพิงหรือแนบชิด
อิงค์วรา,อิง-วะ-รา,ผู้พึ่งพิงหรือแนบชิดและประเสริฐ
อิงคัวรา,อิง-คะ-วัด-รา,ผู้พึ่งพิงหรือแนบชิดและประเสริฐ
อิงลักษณ์,อิง-ลัก,ผู้พึ่งพิงหรือแนบชิดและมีลักษณะงดงาม
อิงอร,อิง-ออน,ผู้พึ่งพิงหรือแนบชิดและมีความงามอ่อนหวาน
อิจิโร่,อิ-จิ-โร่,ชื่อญี่ปุ่น รอการตรวจสอบความหมายเฉพาะ
อิฐ,อิด,สิ่งก่อสร้างที่มั่นคง
อิทธิ,อิด-ทิ,ผู้มีฤทธิ์อำนาจ ผู้ค้ำจุน และมีปัญญา
อิทธิ์,อิด,ผู้มีฤทธิ์อำนาจ ผู้ค้ำจุน และมีปัญญา
อิทธิกร,อิด-ทิ-กอน,ผู้มีฤทธิ์อำนาจ ผู้ค้ำจุน และมีปัญญา
อิทธิเชษฐ์,อิด-ทิ-เชด,ผู้มีฤทธิ์อำนาจ ผู้ค้ำจุน และประเสริฐเป็นใหญ่
อิทธิเชษฐ์สิทธิ์,อิด-ทิ-ชะ-เสิด-สิด,ผู้มีฤทธิ์อำนาจ ผู้ค้ำจุน และประเสริฐเป็นใหญ่
อิทธิณรงค์,อิด-ทิ-นะ-รง,ผู้ทรงอำนาจแห่งชัยชนะ
อิทธิณัฐ,อิด-ทิ-นัด,ผู้ทรงความรู้และความสำเร็จ
อิทธิธนา,อิด-ทิ-ทะ-นา,ผู้มีฤทธิ์อำนาจ ผู้มีทรัพย์ และค้ำจุน
อิทธิธัช,อิด-ทิ-ทัด,ผู้เป็นเครื่องหมายแห่งอำนาจและชัยชนะ
อิทธินันต์,อิด-ทิ-นัน,ผู้มีฤทธิ์อำนาจ ผู้ค้ำจุน และมีปัญญา
อิทธิภณ,อิด-ทิ-พน,ผู้มีฤทธิ์อำนาจ ผู้ค้ำจุน และมีปัญญา
อิทธิภัทร,อิด-ทิ-พัด-ทรอ,ผู้มีฤทธิ์อำนาจ ผู้ดีงามเป็นมงคล และค้ำจุน
อิทธิวิชญ์,อิด-ทิ-วิด,ผู้มีฤทธิ์อำนาจ ผู้ค้ำจุน และมีปัญญา
อิ่น,อิ่น,ผู้เปี่ยมด้วยความสว่างภายใน
อินทนนท์,อิน-ทะ-นน,ผู้เป็นใหญ่
อินทนรลักษณา,อิน-ทน-ละ-ลัก-สะ-หนะ,ผู้มีพลังเฉพาะตนและความอ่อนโยนสง่างาม
อินทนา,อิน-ทะ-นา,ผู้เป็นใหญ่
อินทร์,อิน,ผู้เป็นใหญ่
อินทร์จันทร์,อิน-จัน,ผู้เป็นใหญ่และเย็นงามดุจจันทร์
อินทร์เจริญ,อิน-จะ-เริน,ผู้เป็นใหญ่และเจริญรุ่งเรือง
อินทร์แจ้ง,อิน-แจ้ง,ผู้เป็นใหญ่และสว่างชัดเจน
อินทร์ณรงค์,อิน-นะ-รง,ผู้เป็นใหญ่และกล้าหาญในการต่อสู้
อินทร์ทับ,อิน-ทับ,ผู้มีความสว่างภายในและความเป็นใหญ่
อินทรนันท์,อิน-ทะ-ระ-นัน,ผู้เป็นใหญ่และมีความสุขยินดี
อินทร์แปลง,อิน-แปลง,ผู้มีความสว่างภายในและความเป็นใหญ่
อินทรภัทร,อิน-ทะ-ระ-พัด,ผู้เป็นใหญ่และดีงามเป็นมงคล
อินทรวรา,อิน-ทระ-วะ-รา,ผู้เป็นใหญ่และประเสริฐ
อินทร์อำคา,อิน-อำ-คา,ผู้มีความสว่างภายใน ความเป็นใหญ่ และความอ่อนโยนสง่างาม
อินทรัช,อิน-ทะ-รัด,ผู้เป็นใหญ่และรุ่งเรืองด้วยอำนาจ
อินทรา,อิน-ทรา,ผู้เป็นใหญ่
อินทราธิป,อิน-ทรา-ทิบ,ผู้เป็นใหญ่ ผู้ค้ำจุน และมีปัญญา
อินทรานนท์,อิน-ทรา-นน,ผู้เป็นใหญ่
อินทรานุรักษ์,อิน-ทรา-นุ-รัก,ผู้เป็นใหญ่และปกป้องรักษา
อินทราลักษณ์,อิน-ทาร-ลัก,ผู้เป็นใหญ่และมีลักษณะงดงาม
อินทราวัชร,อิน-ทรา-วัด,ผู้เป็นใหญ่และแข็งแกร่งดุจเพชร
อินท์วาริน,อิน-วา-ริน,ผู้เป็นใหญ่และสายน้ำอันเย็นใส
อินทะจันทร์,อิน-ทะ-จัน,ผู้เป็นใหญ่และเย็นงามดุจจันทร์
อินทะวงค์,อิน-ทะ-วง,ผู้เป็นใหญ่และสืบวงศ์ตระกูล
อินทัช,อิน-ทัด,ผู้เป็นใหญ่
อินทิรา,อิน-ทิ-รา,ผู้เป็นใหญ่และมีความงามและความยิ่งใหญ่
อินทิรานันท์,อิน-ทิ-นา-รัน,ผู้มีความเป็นผู้นำ ความงดงาม และความสุข
อินทิราวรรณ,อิน-ทิ-รา-วัน,ผู้มีความเป็นผู้นำและความงดงาม
อินธรักษา,อิน-ทะ-รัก-สา,ผู้เป็นใหญ่และค้ำจุน
อินนะใจ,อิน-นะ-ไจ,ผู้เป็นใหญ่ในดวงใจ
อินโน,อิน-โน,ผู้เปี่ยมด้วยความสว่างภายใน
อินหวัน,อิน-หวัน,ผู้มีสิริมงคล
อิม,อิม,ผู้เปี่ยมด้วยความสว่างภายใน
อิ่ม,อิ่ม,ผู้สมบูรณ์พูนสุข
อิ่มใจ,อิ่ม-ใจ,ผู้สมบูรณ์พูนสุขและมีจิตใจงดงาม
อิ่มอารมณ์,อิ่ม-อา-รม,ผู้สมบูรณ์พูนสุข
อิริณา,อิ-ริ-นา,ผู้มีความอ่อนละมุนและความอ่อนโยนสง่างาม
อิริน,อิ-ริน,ผู้สง่างามอ่อนโยน
อิรินญา,อิ-ริ-ยา,ผู้สง่างามอ่อนโยน
อิรินญาลักษณ์,อิ-ริน-ยา-ลัก,ผู้มีปัญญาและความงดงาม
อิรินญาวรัญญา,อิ-ริ-ยา-วะ-รัน-ยา,ผู้สง่างามอ่อนโยน
อิรินทร์,อิ-ริน,ผู้เป็นใหญ่และสง่างาม ผู้สง่างามอ่อนโยน และเป็นใหญ่
อิรินทิรา,อิน-ทิ-ริ-ทา,ผู้สง่างามอ่อนโยน
อิรินนภัส,อิ-ริน-นะ-พัด,ผู้สง่างามอ่อนโยนและสว่างดั่งฟ้า
อิรินภัทรา,อิ-ริน-พัด-ทรา,ผู้มีความดีงามเจริญรุ่งเรืองและมั่นคงดุจแผ่นดิน
อิรินวรัญญา,อิ-ริน-วะ-รัน-ยา,ผู้สง่างามอ่อนโยน
อิรินอนันต์,อิ-ริน-อะ-นัน,ผู้สง่างามอ่อนโยนและไม่มีที่สิ้นสุด
อิศรภัทร,อิด-สะ-ระ-พัด,ผู้เป็นใหญ่และดีงามเป็นมงคล
อิศรา,อิด-สะ-รา,ผู้เป็นใหญ่และเป็นอิสระและเป็นใหญ่
อิศรานันท์,อิด-สะ-รา-นัน,ผู้มีความเป็นผู้นำ ความสุข และความยินดี
อิศราวิชญ์,อิด-สะ-รา-วิด,ผู้เป็นใหญ่และเป็นอิสระและเป็นใหญ่
อิศรินทร์,อิด-สะ-ริน,ผู้เป็นใหญ่
อิษรา,อิด-สะ-รา,ผู้มีพลังเฉพาะตนและความอ่อนโยนสง่างาม
อิสระ,อิด-สะ-หระ,ผู้เป็นไทแก่ตน
อิสระศิลป์,อิด-สะ-ระ-ปะ-ริน,ผู้เป็นไทแก่ตนและมีศิลปะ
อิสรา,อิด-สะ-รา,ผู้เป็นอิสระ
อิสรีย์,อิด-สะ-รี-ยะ,ผู้มีความสว่างภายในและความสง่างาม
อุ๊,อุ๊,ผู้เปี่ยมด้วยความรุ่งเรือง
อุระ,อุ-ระ,อกหรือหัวใจ
อุรัญ,อุ-รัน,ผู้เปี่ยมด้วยความรื่นรมย์
อุไรวรรณ,อุ-ไร-วัน,ทองคำหรือความงามผ่องใสและมีวรรณะงดงาม
อุไรวัล,อุ-ไร-วัน,ผู้มีคุณค่าและความรัก
อุษณิษา,อุด-สะ-นิ-สา,มงกุฎหรือเครื่องประดับศีรษะอันสูงส่ง
อุษา,อุ-สา,รุ่งอรุณ ผู้สดใสเบิกบาน
อุษารินทร์,อุ-สา-ริน,รุ่งอรุณ ผู้สดใสเบิกบานและเป็นใหญ่
อู๋,อู๋,ชื่อจีน รอการตรวจสอบความหมายเฉพาะ
เอ,เอ,อักษรหรือชื่อเล่น รอการตรวจสอบความหมายเฉพาะ
เอ๋,เอ๋,ชื่อเล่น รอการตรวจสอบความหมายเฉพาะ
เอก,เอก,ผู้เป็นหนึ่งหรือยอดเยี่ยม
เอกจรูญ,เอก-จะ-รูน,ชื่อประดิษฐ์ สื่อถึงความดีงามและความเจริญ
เอกโชค,เอก-โชก,ผู้เป็นหนึ่งหรือยอดเยี่ยมและมีโชคดี
เอกณัฏฐ์,เอก-นัด,ผู้เป็นหนึ่งหรือยอดเยี่ยมและนักปราชญ์ผู้มีปัญญา
เอกณัฐ,เอก-นัด,ผู้เป็นหนึ่งหรือยอดเยี่ยมและนักปราชญ์ผู้มีปัญญา
เอกธนัช,เอก-ทะ-นัด,ผู้มีความมั่งคั่งและความเกื้อหนุน
เอกธนา,เอก-ทะ-นา,ผู้เป็นหนึ่งหรือยอดเยี่ยม ผู้มีทรัพย์ และค้ำจุน
เอกนรินทร์,เอก-นะ-ริน,ผู้มีความเป็นผู้นำ
เอกนันท์,เอก-กะ-นัน,ผู้เป็นหนึ่งหรือยอดเยี่ยมและมีความสุขยินดี
เอกนินทร์,เอก-นิน,ผู้เป็นหนึ่งหรือยอดเยี่ยม
เอกนิรันดร์,เอก-นิ-รัน,ผู้เป็นหนึ่งหรือยอดเยี่ยมและยั่งยืนไม่สิ้นสุด
เอกนิษฐ์,เอก-นิด,ผู้เป็นหนึ่งหรือยอดเยี่ยมและมั่นคงในความดี
เอกรัฐ,เอก-รัด,ผู้เป็นหนึ่งหรือยอดเยี่ยมและเกี่ยวข้องกับบ้านเมือง
เอกรินทร์,เอ-กะ-ริน,ผู้เป็นหนึ่งหรือยอดเยี่ยมและเป็นใหญ่
เอกรุณ,เอก-กะ-รุน,ผู้เป็นหนึ่งหรือยอดเยี่ยมและมีความเมตตา
เอกวงษา,เอก-กะ-วง-สา,ผู้เป็นหนึ่งหรือยอดเยี่ยมและสืบวงศ์ตระกูล
เอกอนันต์,เอก-อะ-นัน,ผู้เป็นหนึ่งหรือยอดเยี่ยมและไม่มีที่สิ้นสุด
เอกอมร,เอก-อะ-มอน,ผู้เป็นหนึ่งหรือยอดเยี่ยมและยั่งยืนเป็นอมตะ
เอกอัครอัญธรณ์,เอก-อัก-คะ-รัน-ออน,ผู้เป็นหนึ่งหรือยอดเยี่ยม ผู้ยอดเยี่ยม และค้ำจุน
เอกอาริช,เอก-อา-ริด,ผู้เปี่ยมด้วยความอ่อนละมุน
เอแคลร์,เอ-แคล,ชื่อขนมเอแคลร์ สื่อถึงความนุ่มหวาน
เอญารินทร์,เอ-ยา-ริน,ผู้มีความอ่อนละมุน ความเป็นใหญ่ และความรู้
เอธศญา,เอด-ทะ-ยา,ผู้มีธรรมะสูงส่ง ความรู้ และการค้ำจุน
เอนก,อะ-เหนก,ผู้มีคุณมากมาย
เอ่นลุน,เอ่น-ลุน,ผู้เปี่ยมด้วยความงอกงาม
เอมิล,เอ-มิน,ชื่อทับศัพท์ รอการตรวจสอบความหมายเฉพาะ
เอรอน,เออ-รอน,ผู้มีความสามารถ
เอรอนต์,เอ-รอน,ผู้มีความสามารถ
เอรัส,เอ-รัด,ผู้มีความสามารถ
เอราลิน,เอ-รา-ลิน,ผู้มีความงดงาม
เอราวรรณ์,เอ-รา-วัน,ช้างเอราวัณ ผู้ยิ่งใหญ่และสง่างาม
เอราวัณ,เอ-รา-วัน,ช้างเอราวัณ ผู้ยิ่งใหญ่และสง่างาม
เอริค,เอ-ริก,ชื่อทับศัพท์ รอการตรวจสอบความหมายเฉพาะ
เอริน,เอ-ริน,ผู้มีความสุขและความสงบ
เอรินทร์,เอ-ริน,ผู้มีความเป็นผู้นำ
เอเรน,เอ-เรน,ชื่อทับศัพท์ รอการตรวจสอบความหมายเฉพาะ
เอเรส,เอ-เรด,ไม่ปรากฏรากศัพท์บาลี-สันสกฤตโดยตรงในพจนานุกรมราชบัณฑิตยสถ…
เอลิซ,เอ-ลิด,ผู้มีความสามารถ
เอลิน,เอ-ลิน,ผู้มีความสามารถ
เอลิรา,เอ-ลิ-รา,ผู้มีความสามารถ
เอลิริน,เอ-ลิ-ริน,ผู้มีความก้าวหน้า
เอวรินทร์,เอ-วะ-ริน,ผู้เป็นใหญ่และประเสริฐดุจสายน้ำ
เอวา,เอ-วา,ชื่อทับศัพท์ รอการตรวจสอบความหมายเฉพาะ
เอวิณ,เอ-วิน,ชื่อประดิษฐ์ สื่อถึงความดีงามและความเจริญ
เอิบ,เอิบ,ผู้เอิบอิ่มเบิกบาน
เอิร์ธ,เอิน,โลกหรือแผ่นดินตามภาษาอังกฤษ
เอิร์น,เอิน,ชื่อทับศัพท์ รอการตรวจสอบความหมายเฉพาะ
แอช,แอด,เถ้าหรือต้นแอชตามภาษาอังกฤษ
แอน,แอน,ชื่อทับศัพท์ รอการตรวจสอบความหมายเฉพาะ
แอนนา,แอน-นา,ชื่อทับศัพท์ รอการตรวจสอบความหมายเฉพาะ
แอบ,แอบ,ซ่อนหรือทำโดยไม่เปิดเผย
แอปเปิ้ล,แอบ-เปิ้น,ผลแอปเปิล สื่อถึงความสดชื่น
แอมโอด,แอม-โอด,ผู้มีการบันดาลและความกว้างใหญ่
แอรอน,แอ-รอน,ชื่อทับศัพท์ รอการตรวจสอบความหมายเฉพาะ
แอริน,แอ-ริน,ชื่อทับศัพท์ รอการตรวจสอบความหมายเฉพาะ
แอริส,แอ-ริด,ชื่อทับศัพท์ รอการตรวจสอบความหมายเฉพาะ
แอเรีย,แอ-เรีย,พื้นที่หรือท่วงทำนองตามบริบทภาษาอังกฤษ
แอล,แหล,อักษรหรือชื่อทับศัพท์ รอการตรวจสอบความหมายเฉพาะ
แอวา,แอ-วา,ชื่อทับศัพท์ รอการตรวจสอบความหมายเฉพาะ
โอ๋,โอ๋,คำปลอบโยนหรือชื่อเล่น
โอ๊ค,โส๊ก,ต้นโอ๊ก สื่อถึงความแข็งแรงมั่นคง
โอเค,โอ-เค,ดีหรือตกลงตามภาษาพูด
โอเงิน,โอ-เงิน,ผู้มีเงินอันงดงาม
โอ๊ต,โจ๊ด,ธัญพืชโอ๊ต หรือชื่อทับศัพท์
โอทอง,โอ-ทอง,ผู้มีคุณค่าดุจทอง
โอบเอม,โอบ-เอม,ผู้เปี่ยมสุขอิ่มเอมและโอบอ้อมและอิ่มเอม
โอปอล,โอ-ปอน,อัญมณีโอปอลอันงดงาม
โอเปิ้ล,โอ-เปิ้น,ชื่อทับศัพท์หรืออัญมณีโอปอล
โอภณ,โอ-พน,ผู้มีวาจาหรือความงามสว่างและมีวาจาดี
โอม,โอม,เสียงศักดิ์สิทธิ์ในคติอินเดีย
โอไรออน,โอ-ไร-ออน,กลุ่มดาวนายพรานอันโดดเด่น
โอลิน,โอ-ลิน,ชื่อทับศัพท์ รอการตรวจสอบความหมายเฉพาะ
โอลิเวอร์,โอ-ลิ-เว่อ,ชื่อทับศัพท์ รอการตรวจสอบความหมายเฉพาะ
โอวภัทร,โอ-วะ-พัด,ผู้มีความดีงาม ความมั่นคง และสิริมงคล
โอเว่น,โอ-เว่น,ชื่อทับศัพท์ รอการตรวจสอบความหมายเฉพาะ
โอฬาร,โอ-ราน,ผู้ยิ่งใหญ่กว้างขวาง
ไอคอน,ไอ-คอน,สัญลักษณ์หรือผู้โดดเด่น
ไอรอน,ไอ-รอน,เหล็ก สื่อถึงความแข็งแกร่ง
ไอรัส,ไอ-รัด,ผู้มีความสามารถ
ไอรา,ไอ-ร่า,ผู้มีอำนาจ
ไอริณ,ไอ-ริน,ผู้มีความสงบ
ไอริน,ไอ-ริน,ผู้มีความสงบ
ไอริส,ไอ-ริด,ดอกไอริสหรือรุ้งตามรากตะวันตก
ไอเรน,ไอ-เรน,'ความสงบสุข'
ไอเรส,ไอ-เรด,ผู้มีความงดงาม
ไอล์ลลิน,ไอ-ละ-ลิน,ผู้เปี่ยมด้วยความละมุน
ไอลวิน,ไอ-ละ-วิน,ชื่อทับศัพท์ รอการตรวจสอบความหมายเฉพาะ
ไอลิน,ไอ-ลิน,'เปล่งประกาย' หรือ 'รัศมีแห่งดวงจันทร์'
ไอวอน,ไอ-วอน,ผู้มีความสามารถ
ไอวาลัญ,ไอ-วา-ลัน,ผู้มีความกว้างขวางและความกว้างไกล
ไอวิน,ไอ-วิน,ผู้มีความสามารถ
ไอเวอร์,ไอ-เวอ,ชื่อทับศัพท์ รอการตรวจสอบความหมายเฉพาะ
ฮก,ฮ็ก,โชคลาภหรือความเป็นมงคล
ฮกมล,ฮิก-มน,โชคลาภหรือความเป็นมงคล
ฮกมลนันท์,ฮะ-กะ-มน-ลัน,โชคลาภหรือความเป็นมงคลและมีความสุขยินดี
ฮกมลภัทร,ฮิก-มน-พัด-ทรอ,โชคลาภหรือความเป็นมงคลและดีงามเป็นมงคล
ฮกมลวรา,ฮะ-กำ-มน-ละ-วา,โชคลาภหรือความเป็นมงคลและประเสริฐ
ฮกลั่ว,ฮิก-ลั่ว,ผู้เปี่ยมด้วยโชคลาภ
ฮกหลง,ฮ็ก-หลง,ผู้เปี่ยมด้วยเสน่ห์ตรึงใจ
ฮกฮวด,ฮฮก-ฮวด,โชคลาภหรือความเป็นมงคลและความเจริญรุ่งเรือง
ฮจรัส,ฮะ-จะ-หรัด,ผู้มีความโชคดีเฉพาะตนและความสว่างไสว
ฮจรูญ,ฮะ-จูน-รย,ผู้มีความโชคดีเฉพาะตนและความรุ่งเรือง
ฮจรูญนันท์,ฮะ-จูน-รัน,ผู้มีความสุขยินดีและรุ่งเรืองงดงาม
ฮจรูญภัทร,ฮะ-จูน-รย-พัด-ทรอ,ผู้ดีงามเป็นมงคลและรุ่งเรืองงดงาม
ฮจรูญวรา,ฮะ-จูน-ระ-วะ-รา,ผู้ประเสริฐและรุ่งเรืองงดงาม
ฮจรูญศรี,ฮ็จ-รูน-สี,ผู้รุ่งเรืองงดงามและมีศรีสง่า
ฮจรูญสิทธิ์,ฮ็ด-รูน-สิด-ทิ,ผู้ค้ำจุน ผู้มีปัญญา และมีความสำเร็จและสิทธิอันชอบ
ฮจิรา,ฮิ-จิ-รา,ผู้มีความโชคดีเฉพาะตนและความอ่อนโยนสง่างาม
ฮจิรานันท์,ฮิ-จิ-รา-นัน,ผู้มีความสุขยินดีและยั่งยืนยาวนาน
ฮจิราวรา,ฮิ-จิ-รา-วอ-ระ,ผู้ประเสริฐและยั่งยืนยาวนาน
ฮณัฐ,ฮะ-นัด,ผู้มีความโชคดีเฉพาะตนและปัญญานักปราชญ์
ฮณัฐนันท์,ฮะ-นัด-ถะ-นัน,ผู้มีความสุขยินดีและนักปราชญ์ผู้มีปัญญา
ฮณัฐภัทร,ฮะ-นัด-พัด-ทรอ,ผู้ดีงามเป็นมงคลและนักปราชญ์ผู้มีปัญญา
ฮณัฐวรา,ฮะ-นัด-ถะ-วะ-รา,ผู้ประเสริฐและนักปราชญ์ผู้มีปัญญา
ฮณิน,ฮิน-นะ,ชื่อประดิษฐ์ สื่อถึงความดีงามและความเจริญ
ฮดล,ฮด-ลด,ผู้มีความโชคดีเฉพาะตนและการบันดาล
ฮดลนันท์,ฮิด-ละ-นัน,ผู้มีความสุขยินดีและบันดาลให้เกิดผล
ฮดลภัทร,ฮด-ลด-พัด-ทรอ,ผู้ดีงามเป็นมงคลและบันดาลให้เกิดผล
ฮดลวรา,ฮด-ลวน-รา,ผู้ประเสริฐและบันดาลให้เกิดผล
ฮดวง,ฮิด-งวง,ผู้มีความโชคดีเฉพาะตนและมิ่งขวัญ
ฮดวงวรา,ฮิด-วง-วอ-ระ,ผู้ประเสริฐและเป็นมิ่งขวัญ
ฮดิลก,ฮิ-ดิน,ผู้มีความโชคดีเฉพาะตนและความเป็นยอด
ฮดิลกนันท์,ฮิ-ละ-นิ-กัน,ผู้มีความสุขยินดีและเป็นยอดและเครื่องประดับ
ฮดิลกวรา,ฮิ-ดิน-กวา-ระ,ผู้ประเสริฐและเป็นยอดและเครื่องประดับ
ฮตนุ,ฮ็ด-ตะ-นุ,ผู้มีความโชคดีเฉพาะตนและความละเอียดอ่อน
ฮตนุนันท์,ฮะ-ตะ-นุ-วัน,ผู้มีความสุขยินดีและละเอียดอ่อน
ฮตนุวรา,ฮ็ด-ตะ-นุ-วะ-รา,ผู้ประเสริฐและละเอียดอ่อน
ฮทิน,ฮะ-ทิน-ฮิ้น,ผู้มีความโชคดีเฉพาะตนและแสงแห่งวัน
ฮทินนันท์,ฮะ-ทิน-นัน,ผู้มีความสุขยินดีและสว่างดุจวัน
ฮทินภัทร,ฮะ-ทิน-ฮิ้น-พัด-ทรอ,ผู้ดีงามเป็นมงคลและสว่างดุจวัน
ฮทินวรา,ฮะ-ทิน-วะ-รา,ผู้ประเสริฐและสว่างดุจวัน
ฮธนภัทร,ฮะ-ทะ-นะ-พัด,ผู้ดีงามเป็นมงคล ผู้ค้ำจุน และมีทรัพย์
ฮธนวรา,ฮะ-ทะ-นะ-วะ-รา,ผู้ประเสริฐ ผู้ค้ำจุน และมีทรัพย์
ฮธนันท์,ฮะ-ทะ-นัน,ผู้มีความสุขยินดี ผู้ค้ำจุน และมีทรัพย์
ฮธนา,ฮะ-ทะ-นา,ผู้มีทรัพย์และค้ำจุน
ฮธวัช,ฮะ-ทะ-วัด,ผู้ค้ำจุนและเป็นธงชัยแห่งเกียรติ
ฮธวัชวรา,ฮะ-คะ-วัด-ชะ-รา-วะ,ผู้ประเสริฐ ผู้ค้ำจุน และเป็นธงชัยแห่งเกียรติ
ฮนน,ฮิน-นน,ชื่อประดิษฐ์ สื่อถึงความดีงามและความเจริญ
ฮนฤมล,ฮะ-นะ-รึม-ลิน,ผู้มีความโชคดีเฉพาะตนและความบริสุทธิ์งดงาม
ฮนฤมลนันท์,ฮะ-นิน-ลม-นัน,ผู้มีความสุขยินดีและบริสุทธิ์งดงาม
ฮนฤมลภัทร,ฮะ-นะ-รึม-ลิน-พัด-ทรอ,ผู้ดีงามเป็นมงคลและบริสุทธิ์งดงาม
ฮนฤมลวรา,ฮอน-ลิม-รา-วะ-ลี,ผู้ประเสริฐและบริสุทธิ์งดงาม
ฮนาวา,ฮะ-นา-วา,ผู้มีความกว้างขวาง การนำพาชีวิต และความกว้างไกล
ฮนาวานันท์,ฮะ-นา-วา-นัน,ผู้มีความสุขยินดีและนำพาชีวิตดุจเรือ
ฮนาวาวรา,ฮะ-นา-วา-รา,ผู้ประเสริฐและนำพาชีวิตดุจเรือ
ฮภัทร,ฮะ-ฮัด-ทอน,ผู้มีความดีงาม ความมั่นคง และสิริมงคล
ฮภัทรนันท์,ฮะ-พัด-ทระ-นัน,ผู้มีความสุขยินดีและดีงามเป็นมงคล
ฮภัทรภัทร,ฮะ-ฮัด-ทอน-พัด-ทรอ,ผู้มีความดีงาม ความมั่นคง และสิริมงคล
ฮภัทรวรา,ฮะ-พัด-ทระ-วะ-รา,ผู้ประเสริฐและดีงามเป็นมงคล
ฮมนต์,ฮะ-หนม,ผู้มีจิตใจและถ้อยคำศักดิ์สิทธิ์
ฮมนต์นันท์,ฮะ-มะ-นัน,ผู้มีความสุขยินดีและถ้อยคำศักดิ์สิทธิ์
ฮมนต์ภัทร,ฮะ-หนม-พัด-ทรอ,ผู้ดีงามเป็นมงคลและถ้อยคำศักดิ์สิทธิ์
ฮมนต์วรา,ฮะ-มน-วะ-รา,ผู้ประเสริฐและถ้อยคำศักดิ์สิทธิ์
ฮมนต์ศรี,ฮ็ม-นะ-สี,ถ้อยคำศักดิ์สิทธิ์และมีศรีสง่า
ฮมนต์สิทธิ์,ฮ็ม-นะ-สิด,ผู้ค้ำจุน ผู้มีปัญญา และมีความสำเร็จและสิทธิอันชอบ
ฮมนัส,ฮ็ม-นัด,ผู้มีจิตใจและจิตใจงดงาม
ฮรจนา,หรีด-จะ-นา,ผู้มีความสร้างสรรค์ ความอ่อนโยน และวาจาดี
ฮรจนานันท์,หริน-จะ-นา-นัน,ผู้มีความสุขยินดีและเรียบเรียงหรือสร้างสรรค์ถ้อยคำ
ฮรจนาวรา,หรี-จะ-นา-ราว,ผู้ประเสริฐและเรียบเรียงหรือสร้างสรรค์ถ้อยคำ
ฮลิน,ฮิน-ลิน,ผู้มีความอ่อนโยน
ฮวง,ฮวง,ฮวงหรือกระแสลมตามสำเนียงจีน
ฮ่วน,ฮ็่วน,ผู้เปี่ยมด้วยความโชคดีเฉพาะตน
ฮวริน,ฮว-ริน,ผู้มีความอ่อนละมุน ความประเสริฐ และความละมุนดุจสายน้ำ
ฮวรินนันท์,ฮะ-วิน-นะ-นัน,ผู้มีความสุขยินดีและประเสริฐดุจสายน้ำ
ฮวรินภัทร,ฮว-ริน-พัด-ทรอ,ผู้ดีงามเป็นมงคลและประเสริฐดุจสายน้ำ
ฮวรินวรา,ฮวน-ริ-วะ-รา,ผู้ประเสริฐและประเสริฐดุจสายน้ำ
ฮวานกิ,ฮวณ-งา-กิ,ชื่อเกาหลี รอการตรวจสอบความหมายเฉพาะ
ฮวานโซ,ฮวน-โซ,ชื่อเกาหลี รอการตรวจสอบความหมายเฉพาะ
ฮวานอิน,ฮวา-นิ-ออน,ชื่อเกาหลี รอการตรวจสอบความหมายเฉพาะ
ฮวานอิล,ฮิว-นา-อิน,ชื่อเกาหลี รอการตรวจสอบความหมายเฉพาะ
ฮวานอู,ฮู-นา-อู,ชื่อเกาหลี รอการตรวจสอบความหมายเฉพาะ
ฮวานโฮ,ฮวน-โฮ-เฟา,ชื่อเกาหลี รอการตรวจสอบความหมายเฉพาะ
ฮวิน,ฮิ-วน,ผู้มีความก้าวหน้า
ฮอค,ฮ็อก,ผู้เฉียบคมและมองการณ์ไกลดุจเหยี่ยว
ฮ่องเต้,ฮ็่อง-เต้,ผู้ยิ่งใหญ่ดุจจักรพรรดิ
ฮอต,ฮ็อด,ร้อนหรือเป็นที่นิยมตามภาษาพูด
ฮอบบิท,ฮ็อบ-บิด,ชื่อชนเผ่าในวรรณกรรมแฟนตาซี
ฮอร์ก,ฮ็อก,ผู้เปี่ยมด้วยความงามอ่อนหวาน
ฮอร์โมน,ฮอ-โมน,สารควบคุมการทำงานของร่างกาย
ฮอรัส,ฮอ-รัด,ชื่อเทพฮอรัสในคติอียิปต์
ฮอริณ,ฮ็อ-ริน,ผู้มีความงดงาม
ฮอไรซัน,ฮ็อ-ไล-รัน,ขอบฟ้าตามภาษาอังกฤษ
ฮอลแลนด์,ฮอน-แลน,ชื่อภูมิภาค/ประเทศในยุโรป
ฮอลโลว์,ฮ็อ-โล,ว่างเปล่าหรือกลวงตามภาษาอังกฤษ
ฮอว์ก,ฮ็อก,เหยี่ยว สื่อถึงความเฉียบคม
ฮอินทร์,ฮิ้อ-ทอน,ผู้มีความสว่างภายในและความเป็นใหญ่
ฮอินทรนันท์,ฮอ-นิน-ทอน,ผู้เป็นใหญ่และมีความสุขยินดี
ฮอินทรภัทร,ฮอ-นิ-ทระ-พัด,ผู้เป็นใหญ่และดีงามเป็นมงคล
ฮอินทรวรา,ฮอ-ฮิน-ทรา-วะ-รา,ผู้เป็นใหญ่และประเสริฐ
ฮะจิ,ฮะ-จิ,ชื่อญี่ปุ่น รอการตรวจสอบความหมายเฉพาะ
ฮะหามะ,ฮะ-หา-มะ,ผู้เปี่ยมด้วยความอ่อนโยน
ฮัจญ์,ฮัด,ผู้มุ่งมั่นในศรัทธาและบุญกุศล
ฮัท,ฮัด,กระท่อมหรือที่พักตามภาษาอังกฤษ
ฮั่น,ฮั่น,ชื่อจีน/ราชวงศ์ฮั่น
ฮั่นกวน,ฮั่น-กวน,ชื่อจีน รอการตรวจสอบความหมายเฉพาะ
ฮันโช,ฮัน-โช,ชื่อทับศัพท์ รอการตรวจสอบความหมายเฉพาะ
ฮันดะ,ฮัน-ดะ,ชื่อญี่ปุ่น รอการตรวจสอบความหมายเฉพาะ
ฮันนะ,ฮัน-นะ,ชื่อทับศัพท์ รอการตรวจสอบความหมายเฉพาะ
ฮันนิบัล,ฮัน-นิ-บัน,ชื่อบุคคลโบราณ รอการตรวจสอบความหมายเฉพาะ
ฮันมิน,ฮัน-มิน,ชื่อเกาหลี รอการตรวจสอบความหมายเฉพาะ
ฮันวอล,ฮัน-วอน,ชื่อเกาหลี รอการตรวจสอบความหมายเฉพาะ
ฮั่นหมิง,ฮั่น-หมิง,ชื่อจีน รอการตรวจสอบความหมายเฉพาะ
ฮั่นหรุน,ฮั่น-หรุน,ชื่อจีน รอการตรวจสอบความหมายเฉพาะ
ฮั่นหลิง,ฮั่น-หลิง,ชื่อจีน รอการตรวจสอบความหมายเฉพาะ
ฮันอิล,ฮัน-อิน,ชื่อเกาหลี รอการตรวจสอบความหมายเฉพาะ
ฮันอู,ฮัน-อู,ชื่อเกาหลี รอการตรวจสอบความหมายเฉพาะ
ฮันโฮ,ฮัน-โฮ,ชื่อเกาหลี รอการตรวจสอบความหมายเฉพาะ
ฮับ,ฮับ,รับหรือศูนย์กลางตามบริบท
ฮับเบิล,ฮับ-เบิน,ชื่อทับศัพท์ รอการตรวจสอบความหมายเฉพาะ
ฮัมดัม,ฮัม-ดัม,ผู้เปี่ยมด้วยความโชคดีเฉพาะตน
ฮัว,ฮัว,หัวหรือความเป็นต้นตามสำเนียงจีน
ฮั่ว,ฮั่ว,ผู้เปี่ยมด้วยความโชคดีเฉพาะตน
ฮั้ว,ฮั้ว,ผู้เปี่ยมด้วยความโชคดีเฉพาะตน
ฮั่วกวง,ฮั่ว-กวง,ชื่อจีน รอการตรวจสอบความหมายเฉพาะ
ฮาโกะ,ฮา-โกะ,กล่องตามภาษาญี่ปุ่น
ฮาคิม,ฮา-คิม,ผู้เปี่ยมปัญญาและความยุติธรรม
ฮาจิ,ฮา-จิ,เลขแปดตามภาษาญี่ปุ่น
ฮาจิกะ,ฮา-จิ-กะ,ชื่อญี่ปุ่น รอการตรวจสอบความหมายเฉพาะ
ฮาจิโร่,ฮิ-จิ-โร่,ชื่อญี่ปุ่น มักสื่อถึงบุตรชายลำดับที่แปด
ฮาจุน,ฮา-จุน,ชื่อเกาหลี รอการตรวจสอบความหมายเฉพาะ
ฮานนท์,ฮา-นน,ผู้มีความยินดี
ฮานะ,ฮา-นะ,ผู้สดใสงดงามดุจดอกไม้
ฮานะจัง,ฮา-นะ-จัง,ดอกไม้เล็กน่ารักตามภาษาญี่ปุ่น
ฮานา,ฮา-นา,ดอกไม้ตามภาษาญี่ปุ่น/ชื่อเกาหลี
ฮานิ,ฮา-นิ,ชื่อประดิษฐ์ สื่อถึงความดีงามและความเจริญ
ฮานิม,ฮา-นิม,ชื่อทับศัพท์ รอการตรวจสอบความหมายเฉพาะ
ฮามาน,ฮา-มาน,ชื่อทับศัพท์ รอการตรวจสอบความหมายเฉพาะ
ฮามิน,ฮา-มิน,ชื่อประดิษฐ์ สื่อถึงความดีงามและความเจริญ
ฮาร์ต,ดิด,หัวใจตามภาษาอังกฤษ
ฮาร์ท,ฮิด,หัวใจตามภาษาอังกฤษ
ฮาร์เปอร์,ฮา-เปอ,ผู้เล่นพิณตามรากภาษาอังกฤษ
ฮาร์โมนิก,ฮา-โม-นิก,ความกลมกลืนทางเสียง
ฮาร์ลาน,ลิ-ลาน,ชื่อทับศัพท์ รอการตรวจสอบความหมายเฉพาะ
ฮารา,ฮา-รา,ทุ่งหรือท้องตามภาษาญี่ปุ่นขึ้นกับอักษรเดิม
ฮาราอุมิ,ฮา-รา-อุ-ยม,ชื่อญี่ปุ่น รอการตรวจสอบความหมายเฉพาะ
ฮาริม,ฮา-ริม,ชื่อทับศัพท์ รอการตรวจสอบความหมายเฉพาะ
ฮาริสัน,ฮิ-ริ-สัน,ชื่อทับศัพท์ รอการตรวจสอบความหมายเฉพาะ
ฮาริเอะ,ฮิ-ริ-เอะ,ชื่อญี่ปุ่น รอการตรวจสอบความหมายเฉพาะ
ฮารุ,ฮา-รุ,ผู้สดใสเหมือนฤดูใบไม้ผลิ
ฮารุนะ,ฮา-รุ-นะ,ชื่อญี่ปุ่น สื่อถึงความสดใสของฤดูใบไม้ผลิ
ฮาล์ฟ,ฮ้าฟ,ครึ่งหนึ่งตามภาษาอังกฤษ
ฮาลาล,ฮา-ลาน,สิ่งที่อนุมัติตามหลักศาสนาอิสลาม
ฮาวล์,ฮาว,เสียงหอนหรือชื่อทับศัพท์
ฮาวลิ่น,ฮาว-ลิ่น,ผู้มีความงามอ่อนช้อยและความละมุน
ฮิกิ,ฮิ-กิ,ผู้เปี่ยมด้วยความโชคดีเฉพาะตน
ฮิคาริ,ฮิ-คา-ริ,ผู้เปล่งประกายดุจแสงสว่าง
ฮิคารุ,ฮิ-คา-รุ,ผู้มีแสงสว่างและความโดดเด่น
ฮิณน์,ฮิน,ชื่อประดิษฐ์ สื่อถึงความดีงามและความเจริญ
ฮิน,ฮิน,ผู้เปี่ยมด้วยความโชคดีเฉพาะตน
ฮินาโกะ,ฮิ-นา-โกะ,ชื่อญี่ปุ่น รอการตรวจสอบความหมายเฉพาะ
ฮินามิ,ฮิ-นา-มิ,ชื่อญี่ปุ่น รอการตรวจสอบความหมายเฉพาะ
ฮิปโน,ฮิบ-โน,เกี่ยวกับการสะกดจิตตามรากตะวันตก
ฮิปโป,ฮิบ-โป,ฮิปโปโปเตมัส สัตว์ใหญ่ในน้ำ
ฮิม,ฮิม,ผู้เปี่ยมด้วยความโชคดีเฉพาะตน
ฮิมณ,ฮิม-มน,ชื่อประดิษฐ์ สื่อถึงความดีงามและความเจริญ
ฮิมม์คานา,ฮิม-คา-นา,ผู้มีความโชคดีเฉพาะตน ความงดงาม และความอ่อนโยน
ฮิมวา,ฮิม-วา,ชื่อประดิษฐ์ สื่อถึงความดีงามและความเจริญ
ฮิมะ,ฮิ-มะ,ผู้บริสุทธิ์เย็นงามดุจหิมะ
ฮิมาริ,ฮิ-มา-ริ,ชื่อญี่ปุ่น รอการตรวจสอบความหมายเฉพาะ
ฮิมาวาริ,ฮิ-มา-วา-ริ,ผู้สดใสดุจดอกทานตะวัน
ฮิมิโกะ,ฮิ-มิ-โกะ,ชื่อญี่ปุ่นโบราณ รอการตรวจสอบความหมายเฉพาะ
ฮิรณ,ฮิ-รน,ชื่อประดิษฐ์ สื่อถึงความดีงามและความเจริญ
ฮิรดิน,ฮิน-ระ-ดิน,ชื่อประดิษฐ์ สื่อถึงความดีงามและความเจริญ
ฮิรัญ,ฮิ-รัน,ชื่อประดิษฐ์ สื่อถึงความดีงามและความเจริญ
ฮิราม,ฮิ-ราม,ชื่อทับศัพท์ รอการตรวจสอบความหมายเฉพาะ
ฮิราอิ,ฮิ-รา-อิ,ชื่อญี่ปุ่น รอการตรวจสอบความหมายเฉพาะ
ฮิริโกะ,ฮิ-ริ-โกะ,ชื่อญี่ปุ่น รอการตรวจสอบความหมายเฉพาะ
ฮิโรโกะ,ฮิ-โร-โกะ,ชื่อญี่ปุ่น รอการตรวจสอบความหมายเฉพาะ
ฮิโรชิ,ฮิ-โร-หิิ,ชื่อญี่ปุ่น รอการตรวจสอบความหมายเฉพาะ
ฮิโรมิ,ฮิ-โร-มิ,ชื่อญี่ปุ่น รอการตรวจสอบความหมายเฉพาะ
ฮิโรอาคิ,ฮิ-โร-อิ-คา,ชื่อญี่ปุ่น รอการตรวจสอบความหมายเฉพาะ
ฮิโระ,ฮิ-โระ,ชื่อญี่ปุ่น สื่อถึงความกว้างใหญ่ตามอักษรเดิม
ฮิวกะ,วิ-วะ-กะ,ชื่อญี่ปุ่น รอการตรวจสอบความหมายเฉพาะ
ฮิวงะ,ฮิว-งะ,ชื่อญี่ปุ่น รอการตรวจสอบความหมายเฉพาะ
ฮิวจ์,ฮิว,ชื่อทับศัพท์ รอการตรวจสอบความหมายเฉพาะ
ฮิษณุ,ฮิด-สะ-นุ,ชื่อประดิษฐ์ สื่อถึงความดีงามและความเจริญ
โฮกะ,โขก-คะ,ผู้มีโชคลาภและจุดเริ่มต้น
โฮกิ,โฮก,ชื่อญี่ปุ่น รอการตรวจสอบความหมายเฉพาะ
โฮคอน,โฮ-คอน,ชื่อทับศัพท์ รอการตรวจสอบความหมายเฉพาะ
โฮคุ,โฮ-คุ,ทิศเหนือในภาษาญี่ปุ่น
โฮจิ,โฮ-จิ,ผู้เปี่ยมด้วยความโชคดีเฉพาะตน
โฮโซ,โฮ-โซ,ผู้เปี่ยมด้วยความโชคดีเฉพาะตน
โฮโซโกะ,โข-โห-โซ-กะ,ผู้มีความโชคดีเฉพาะตนและจุดเริ่มต้น
โฮโซคาวะ,โฮ-โค-ซา-คว้,ชื่อญี่ปุ่น รอการตรวจสอบความหมายเฉพาะ
โฮนามิ,โฮ-นา-มิ,ชื่อญี่ปุ่น รอการตรวจสอบความหมายเฉพาะ
โฮโนกะ,โฮ-โนะ-กะ,ชื่อญี่ปุ่น รอการตรวจสอบความหมายเฉพาะ
โฮโนมิ,โฮ-โน-มิ,ชื่อญี่ปุ่น รอการตรวจสอบความหมายเฉพาะ
โฮโนริ,โฮ-โน-ริ,ชื่อญี่ปุ่น รอการตรวจสอบความหมายเฉพาะ
โฮโนรุ,โฮ-โน-รุ,ชื่อญี่ปุ่น รอการตรวจสอบความหมายเฉพาะ
โฮม,โฮม,บ้านหรือที่พักพิง
โฮมรัน,โฮม-รัน,บ้านหรือที่พักพิงและความสำเร็จโดดเด่นในกีฬาเบสบอล
โฮมะ,โม-หะ-ยะ,ผู้เปี่ยมด้วยความอ่อนโยน
โฮมุระ,โฮ-มุ-ระ,เปลวไฟตามภาษาญี่ปุ่น
โฮริ,โฮ-ริ,คูน้ำหรือชื่อญี่ปุ่นตามอักษรเดิม
โฮริซัน,โฮ-ลิ-ซัน,ขอบฟ้าตามภาษาอังกฤษ
โฮลดิ้ง,โฮด-ลิ้ง,การถือครองตามภาษาอังกฤษ
โฮลท์,โฮด,ชื่อทับศัพท์ รอการตรวจสอบความหมายเฉพาะ
โฮโล,โฮ-โล,ผู้เปี่ยมด้วยความกว้างใหญ่
โฮว,โฮว,ผู้เปี่ยมด้วยความโชคดีเฉพาะตน
โฮวาร์ด,โฮ-วาด,ชื่อทับศัพท์ รอการตรวจสอบความหมายเฉพาะ
โฮอิจิ,โฮ-ปิ-จิ,ชื่อญี่ปุ่น รอการตรวจสอบความหมายเฉพาะ
ใฮณิน,ไฮ-นิน,ชื่อประดิษฐ์ สื่อถึงความดีงามและความเจริญ
ใฮธิน,ไฮ-ทิน,ชื่อประดิษฐ์ สื่อถึงความดีงามและความเจริญ
ใฮภัทร,ใบ-พัด,ผู้มีความดีงาม
ใฮมนัส,ไม-นัด,จิตใจ
ใฮมิน,ไฮ-มิน,ชื่อประดิษฐ์ สื่อถึงความดีงามและความเจริญ
ใฮรัญ,ใฮ-ปรัน,ชื่อประดิษฐ์ สื่อถึงความดีงามและความเจริญ
ใฮริน,ไฮ-ริน,ผู้มีความรื่นไหล
ใฮลิน,ไฮ-ลิน,ผู้มีความอ่อนโยน
ใฮวิชญ์,ไฮ-วิด,ผู้มีความรู้
ใฮวิน,ไฮ-วิน,ผู้มีความก้าวหน้า
ใฮอรุณ,ไฮ-อะ-รุน,รุ่งอรุณ
ไฮณิน,ไฮ-นิน,ชื่อประดิษฐ์ สื่อถึงความดีงามและความเจริญ
ไฮธิน,ไฮ-ทิน,ชื่อประดิษฐ์ สื่อถึงความดีงามและความเจริญ
ไฮภัทร,ไต-พัด,ผู้มีความดีงาม
ไฮมนัส,ไฮ-มะ-นัด,จิตใจ
ไฮมิน,ไฮ-มิน,ชื่อประดิษฐ์ สื่อถึงความดีงามและความเจริญ
ไฮรัญ,ไฮ-ปรัน,ชื่อประดิษฐ์ สื่อถึงความดีงามและความเจริญ
ไฮริน,ไฮ-ริน,ผู้มีความรื่นไหล
ไฮลิน,ไฮ-ลิน,ผู้มีความอ่อนโยน
ไฮวิชญ์,ไฮ-วิด,ผู้มีความรู้
ไฮวิน,ไฮ-วิน,ผู้มีความก้าวหน้า
ไฮอรุณ,ไฮ-อะ-รุน,รุ่งอรุณ
