ชื่อ,คำอ่านหลัก,คำอ่านอื่น,สถานะคำอ่าน,สถานะความหมาย,รากศัพท์,แหล่งอ้างอิง,หมายเหตุ
กงศร,กง-สอน,,pending,pending,,,รอตรวจ: missing-official-evidence
กฉิน,กะ-ฉิน,,pending,pending,,,รอตรวจ: missing-official-evidence
กชลา,กด-ชะ-ลา,,pending,pending,,,รอตรวจ: missing-official-evidence
กฌิน,กิน,,pending,pending,,,รอตรวจ: missing-official-evidence
กฐิน,กะ-ถิน,,pending,pending,,,รอตรวจ: missing-official-evidence
กณพ,กะ-นบ,,pending,pending,,,รอตรวจ: missing-official-evidence
กณิกนันต์,กะ-นิก-กะ-นัน,,pending,pending,,,รอตรวจ: missing-official-evidence
กณิน,กะ-นิน,,pending,pending,,,รอตรวจ: missing-official-evidence
กณิศ,กะ-นิด,,pending,pending,,,รอตรวจ: missing-official-evidence
กณิษฐ์,กะ-นิด,,pending,pending,,,รอตรวจ: missing-official-evidence
กณิษฐา,กะ-นิด-ถา,,pending,pending,,,รอตรวจ: missing-official-evidence
กตมน,กะ-ตะ-มน,,pending,pending,,,รอตรวจ: missing-official-evidence
กนก,กะ-หนก,,pending,pending,,,รอตรวจ: missing-official-evidence
กนกโกมล,กะ-หนก-โก-มน,,pending,pending,,,รอตรวจ: missing-official-evidence
กนกจันทร์,กะ-หนก-จัน,,pending,pending,,,รอตรวจ: missing-official-evidence
กนกณัฐ,กะ-หนก-นัด,,pending,pending,,,รอตรวจ: missing-official-evidence
กนกณิชรัญชน์,กะ-หนก-นิ-ชะ-รัน,,pending,pending,,,รอตรวจ: missing-official-evidence
กนกธร,กะ-หนก-ทอน,,pending,pending,,,รอตรวจ: missing-official-evidence
กนกนภัทร,กะ-หนก-นะ-พัด,,pending,pending,,,รอตรวจ: missing-official-evidence
กนกนภัส,กะ-หนก-นะ-พัด,,pending,pending,,,รอตรวจ: missing-official-evidence
กนกนรี,กะ-หนก-นะ-รี,,pending,pending,,,รอตรวจ: missing-official-evidence
กนกรัตน์,กะ-หนก-รัด,,pending,pending,,,รอตรวจ: missing-official-evidence
กนกริน,กะ-หนก-ริน,,pending,pending,,,รอตรวจ: missing-official-evidence
กนกรินทร์,กะ-หนก-ริน,,pending,pending,,,รอตรวจ: missing-official-evidence
กนกลด,กะ-หนก-ลด,,pending,pending,,,รอตรวจ: missing-official-evidence
กนกลักษณ์,กะ-หนก-ลัก,,pending,pending,,,รอตรวจ: missing-official-evidence
กนกวร,กะ-หนก-วอน,,pending,pending,,,รอตรวจ: missing-official-evidence
กนกวรรณ,กะ-หนก-วัน,,pending,pending,,,รอตรวจ: missing-official-evidence
กนกวรรณ์,กะ-หนก-วัน,,pending,pending,,,รอตรวจ: missing-official-evidence
กนกวิช,กะ-หนก-วิด,,pending,pending,,,รอตรวจ: missing-official-evidence
กนกอมรศิลป์,กะ-หนก-อะ-มอน-สิน,,pending,pending,,,รอตรวจ: missing-official-evidence
กนกอร,กะ-หนก-ออน,,pending,pending,,,รอตรวจ: missing-official-evidence
กนกอินทร์,กะ-หนก-อิน,,pending,pending,,,รอตรวจ: missing-official-evidence
กนต์ธีร์,กน-ที,,pending,pending,,,รอตรวจ: missing-official-evidence
กนต์พงษ์,กน-พง,,pending,pending,,,รอตรวจ: missing-official-evidence
กนต์ภัทร,กน-พัด,,pending,pending,,,รอตรวจ: missing-official-evidence
กนต์ลักษณ์,กะ-นะ-ลัก,,pending,pending,,,รอตรวจ: missing-official-evidence
กนต์วรรณ,กน-ตะ-วัน,,pending,pending,,,รอตรวจ: missing-official-evidence
กนต์วริน,กน-วะ-ริน,,pending,pending,,,รอตรวจ: missing-official-evidence
กนต์วิน,กน-วิน,,pending,pending,,,รอตรวจ: missing-official-evidence
กนต์ษร,กน-สอน,,pending,pending,,,รอตรวจ: missing-official-evidence
กนต์อร,กน-ออน,,pending,pending,,,รอตรวจ: missing-official-evidence
กนธี,กน-ที,,pending,pending,,,รอตรวจ: missing-official-evidence
กนล,กะ-นน,,pending,pending,,,รอตรวจ: missing-official-evidence
กนิญา,กะ-นิ-ยา,,pending,pending,,,รอตรวจ: missing-official-evidence
กนิน,กะ-นิน,,pending,pending,,,รอตรวจ: missing-official-evidence
กนิศ,กะ-นิด,,pending,pending,,,รอตรวจ: missing-official-evidence
กนิษฐ์,กะ-นิด,,pending,pending,,,รอตรวจ: missing-official-evidence
กนิษฐา,กะ-นิด-ถา,,pending,pending,,,รอตรวจ: missing-official-evidence
กมน,กะ-มน,,pending,pending,,,รอตรวจ: missing-official-evidence
กมนทัต,กะ-มน-ทัด,,pending,pending,,,รอตรวจ: missing-official-evidence
กมนธนัท,กะ-มน-ทะ-นัด,,pending,pending,,,รอตรวจ: missing-official-evidence
กมนลักษณ์,กะ-มน-ลัก,,pending,pending,,,รอตรวจ: missing-official-evidence
กมนวรรณ,กะ-มน-วัน,,pending,pending,,,รอตรวจ: missing-official-evidence
กมล,กะ-มน,,pending,pending,,,รอตรวจ: missing-official-evidence
กมลกนก,กะ-มน-กะ-หนก,,pending,pending,,,รอตรวจ: missing-official-evidence
กมลกร,กะ-มน-กอน,,pending,pending,,,รอตรวจ: missing-official-evidence
กมลขัณฑ์,กะ-มน-ละ-ขัน,,pending,pending,,,รอตรวจ: missing-official-evidence
กมลฉนันท์,กะ-มน-ฉะ-หนัน,,pending,pending,,,รอตรวจ: missing-official-evidence
กมลฉันท์,กะ-มน-ฉัน,,pending,pending,,,รอตรวจ: missing-official-evidence
กมลฌาน,กะ-มน-ชาน,,pending,pending,,,รอตรวจ: missing-official-evidence
กมลณพัฒน์,กะ-มน-นะ-พัด,,pending,pending,,,รอตรวจ: missing-official-evidence
กมลณัฐชน์,กะ-มะ-ละ-ชัด,,pending,pending,,,รอตรวจ: missing-official-evidence
กมลธรรม,กะ-มน-ทำ,,pending,pending,,,รอตรวจ: missing-official-evidence
กมลนัท,กะ-มน-ละ-นัด,,pending,pending,,,รอตรวจ: missing-official-evidence
กมลนัทธ์,กะ-มน-นัด,,pending,pending,,,รอตรวจ: missing-official-evidence
กมลนันท์,กะ-มน-ละ-นัน,,pending,pending,,,รอตรวจ: missing-official-evidence
กมลนิษฐ์,กะ-มน-นิด,,pending,pending,,,รอตรวจ: missing-official-evidence
กมลภ,กะ-มน-พบ,,pending,pending,,,รอตรวจ: missing-official-evidence
กมลภัค,กะ-มน-พัก,,pending,pending,,,รอตรวจ: missing-official-evidence
กมลภัทร,กะ-มน-พัด-ทรอ,,pending,pending,,,รอตรวจ: missing-official-evidence
กมลรส,กะ-มน-รด,,pending,pending,,,รอตรวจ: missing-official-evidence
กมลโรจน์,กะ-มน-โรด,,pending,pending,,,รอตรวจ: missing-official-evidence
กมลลักษณ์,กะ-มน-ลัก,,pending,pending,,,รอตรวจ: missing-official-evidence
กมลโลจน์,กะ-มน-โลด,,pending,pending,,,รอตรวจ: missing-official-evidence
กมลวร,กะ-มน-ละ-วอน,,pending,pending,,,รอตรวจ: missing-official-evidence
กมลวรรณ,กะ-มน-วัน,,pending,pending,,,รอตรวจ: missing-official-evidence
กมลวัทน์,กะ-มน-วัด,,pending,pending,,,รอตรวจ: missing-official-evidence
กมลวัน,กะ-มน-วัน,,pending,pending,,,รอตรวจ: missing-official-evidence
กมลวิช,กะ-มน-วิด,,pending,pending,,,รอตรวจ: missing-official-evidence
กมลวิชญ์,กะ-มน-วิด,,pending,pending,,,รอตรวจ: missing-official-evidence
กมลวิทน์,กะ-มน-วิด,,pending,pending,,,รอตรวจ: missing-official-evidence
กมลอร,กะ-มน-ออน,,pending,pending,,,รอตรวจ: missing-official-evidence
กมลา,กะ-มะ-ลา,,pending,pending,,,รอตรวจ: missing-official-evidence
กมลาฉันท์,กะ-มะ-ลา-ฉัน,,pending,pending,,,รอตรวจ: missing-official-evidence
กมลานันท์,กะ-มะ-ลา-นัน,,pending,pending,,,รอตรวจ: missing-official-evidence
กมิน,กะ-มิน,,pending,pending,,,รอตรวจ: missing-official-evidence
กร,กอน,,pending,pending,,,รอตรวจ: missing-official-evidence
กรกฎ,กอ-ระ-กด,,pending,pending,,,รอตรวจ: missing-official-evidence
กรกฏ,กอ-ระ-กด,,pending,pending,,,รอตรวจ: missing-official-evidence
กรกนก,กอน-กะ-หนก,,pending,pending,,,รอตรวจ: missing-official-evidence
กรกมล,กอน-กะ-มน,,pending,pending,,,รอตรวจ: missing-official-evidence
กรกร,กอน-กอน,,pending,pending,,,รอตรวจ: missing-official-evidence
กรกวรรษ,กะ-หรก-วัด,,pending,pending,,,รอตรวจ: missing-official-evidence
กรกษิณ,กอน-กะ-สิน,,pending,pending,,,รอตรวจ: missing-official-evidence
กรกัญญ์ญา,กอน-กัน-ยา,,pending,pending,,,รอตรวจ: missing-official-evidence
กรกัญญา,กอน-กัน-ยา,,pending,pending,,,รอตรวจ: missing-official-evidence
กรคมกร,กอน-คม-กอน,,pending,pending,,,รอตรวจ: missing-official-evidence
กรจันทร์,กอน-จัน,,pending,pending,,,รอตรวจ: missing-official-evidence
กรชวัล,กอน-ชะ-วัน,,pending,pending,,,รอตรวจ: missing-official-evidence
กรไชย,กอน-ไช,,pending,pending,,,รอตรวจ: missing-official-evidence
กรญาณ์,กอน-ยา,,pending,pending,,,รอตรวจ: missing-official-evidence
กรณ์,กอน,,pending,pending,,,รอตรวจ: missing-official-evidence
กรณ์กมล,กอน-กะ-มน,,pending,pending,,,รอตรวจ: missing-official-evidence
กรณ์ชวัล,กอน-ชะ-วัน,,pending,pending,,,รอตรวจ: missing-official-evidence
กรณ์ทักษ์,กอน-ทัก,,pending,pending,,,รอตรวจ: missing-official-evidence
กรณ์ธนนินต์,กอน-ทะ-นิน,,pending,pending,,,รอตรวจ: missing-official-evidence
กรณ์ธนนินทร์,กอน-ทะ-นิน,,pending,pending,,,รอตรวจ: missing-official-evidence
กรณภัทร์,กอ-ระ-นะ-พัด,,pending,pending,,,รอตรวจ: missing-official-evidence
กรณ์ภัสร์,กอน-พัด,,pending,pending,,,รอตรวจ: missing-official-evidence
กรณัฏฐ์,กอน-นัด,,pending,pending,,,รอตรวจ: missing-official-evidence
กรณิช,กะ-ระ-นิด,,pending,pending,,,รอตรวจ: missing-official-evidence
กรณินทร์,กะ-ระ-นิน,,pending,pending,,,รอตรวจ: missing-official-evidence
กรณิศ,กะ-ระ-นิด,,pending,pending,,,รอตรวจ: missing-official-evidence
กรดล,กรด-ดน,,pending,pending,,,รอตรวจ: missing-official-evidence
กรดา,กอ-ระ-ดา,,pending,pending,,,รอตรวจ: missing-official-evidence
กรทักษ์,กอน-ทัก,,pending,pending,,,รอตรวจ: missing-official-evidence
กรทัช,กอ-ระ-ทัด,,pending,pending,,,รอตรวจ: missing-official-evidence
กรธน,กอน-ทะ-นะ,,pending,pending,,,รอตรวจ: missing-official-evidence
กรธนัช,กอน-ทะ-นัด,,pending,pending,,,รอตรวจ: missing-official-evidence
กรธรรศ,กอน-ทัด,,pending,pending,,,รอตรวจ: missing-official-evidence
กรธวัช,กอน-ทะ-วัด,,pending,pending,,,รอตรวจ: missing-official-evidence
กรธัช,กอ-ระ-ทัด,,pending,pending,,,รอตรวจ: missing-official-evidence
กรนันท์,กอ-ระ-นัน,,pending,pending,,,รอตรวจ: missing-official-evidence
กรนาวา,กอน-นา-วา,,pending,pending,,,รอตรวจ: missing-official-evidence
กรภัค,กอน-พัก,,pending,pending,,,รอตรวจ: missing-official-evidence
กรภัทร,กอน-พัด-ทรอ,,pending,pending,,,รอตรวจ: missing-official-evidence
กรภัทร์,กอน-พัด,,pending,pending,,,รอตรวจ: missing-official-evidence
กรภา,กอ-ระ-พา,,pending,pending,,,รอตรวจ: missing-official-evidence
กรมน,กอน-มน,,pending,pending,,,รอตรวจ: missing-official-evidence
กรมล,กอน-มน,,pending,pending,,,รอตรวจ: missing-official-evidence
กรรจกร,กัน-จะ-กอน,,pending,pending,,,รอตรวจ: missing-official-evidence
กรรฐา,กอน-ระ-ถา,,pending,pending,,,รอตรวจ: missing-official-evidence
กรรณ,กัน,,pending,pending,,,รอตรวจ: missing-official-evidence
กรรณิมา,กัน-นิ-มา,,pending,pending,,,รอตรวจ: missing-official-evidence
กรรพ,กับ,,pending,pending,,,รอตรวจ: missing-official-evidence
กรรัตน์,กอ-ระ-รัด,,pending,pending,,,รอตรวจ: missing-official-evidence
กรรัตนา,กอน-รัด-ตะ-นา,,pending,pending,,,รอตรวจ: missing-official-evidence
กรรินี,กอน-นิ-ยี,,pending,pending,,,รอตรวจ: missing-official-evidence
กรเรศ,กอ-ระ-เรด,,pending,pending,,,รอตรวจ: missing-official-evidence
กรลักษ์,กอ-ระ-ลัก,,pending,pending,,,รอตรวจ: missing-official-evidence
กรลักษณ์,กอ-ระ-ลัก,,pending,pending,,,รอตรวจ: missing-official-evidence
กรวร,กอ-ระ-วอน,,pending,pending,,,รอตรวจ: missing-official-evidence
กรวรรณ,กอ-ระ-วัน,,pending,pending,,,รอตรวจ: missing-official-evidence
กรวรา,กอน-วะ-รา,,pending,pending,,,รอตรวจ: missing-official-evidence
กรวัชร,กอน-วัด,,pending,pending,,,รอตรวจ: missing-official-evidence
กรวัลลี,กอ-ระ-วัน,,pending,pending,,,รอตรวจ: missing-official-evidence
กรวิก,กะ-ระ-วิก,,pending,pending,,,รอตรวจ: missing-official-evidence
กรวิช,กอ-ระ-วิด,,pending,pending,,,รอตรวจ: missing-official-evidence
กรวิชญ์,กอ-ระ-วิด,,pending,pending,,,รอตรวจ: missing-official-evidence
กรวินท์,กอ-ระ-วิน,,pending,pending,,,รอตรวจ: missing-official-evidence
กรวิมล,กะ-ระ-วิ-มน,,pending,pending,,,รอตรวจ: missing-official-evidence
กรวุฒิ,กอ-ระ-วุด,,pending,pending,,,รอตรวจ: missing-official-evidence
กรศิริ,กอ-ระ-สิ-หริ,,pending,pending,,,รอตรวจ: missing-official-evidence
กรศิลป์,กอน-สะ-ริ,,pending,pending,,,รอตรวจ: missing-official-evidence
กรสิริ,กอน-สิ-หริ,,pending,pending,,,รอตรวจ: missing-official-evidence
กรองขวัญ,กรอง-ขวัน,,pending,pending,,,รอตรวจ: missing-official-evidence
กรองคำ,กรอง-คำ,,pending,pending,,,รอตรวจ: missing-official-evidence
กรอร,กอน-ออน,,pending,pending,,,รอตรวจ: missing-official-evidence
กรอรุณ,กอน-อะ-รุน,,pending,pending,,,รอตรวจ: missing-official-evidence
กรอัครินทร์,กอน-อัก-คะ-ริน,,pending,pending,,,รอตรวจ: missing-official-evidence
กรอุมา,กอน-อุ-มา,,pending,pending,,,รอตรวจ: missing-official-evidence
กระโด,กระ-โด,,pending,pending,,,รอตรวจ: missing-official-evidence
กระแต,กระ-แต,,pending,pending,,,รอตรวจ: missing-official-evidence
กระถิน,กระ-ถิน,,pending,pending,,,รอตรวจ: missing-official-evidence
กระบิล,กระ-บอน,,pending,pending,,,รอตรวจ: missing-official-evidence
กระมล,กระ-มน,,pending,pending,,,รอตรวจ: missing-official-evidence
กระวิน,กระ-วิน,,pending,pending,,,รอตรวจ: missing-official-evidence
กรัญญ์กรณ์,กะ-รัน-กอน,,pending,pending,,,รอตรวจ: missing-official-evidence
กรัณฑ์,กะ-รัน,,pending,pending,,,รอตรวจ: missing-official-evidence
กราน,กราน,,pending,pending,,,รอตรวจ: missing-official-evidence
กริช,กริด,,pending,pending,,,รอตรวจ: missing-official-evidence
กริณา,กะ-ริ-นา,,pending,pending,,,รอตรวจ: missing-official-evidence
กริน,กะ-ริน,,pending,pending,,,รอตรวจ: missing-official-evidence
กรินท์,กะ-ริน,,pending,pending,,,รอตรวจ: missing-official-evidence
กรินทร์,กะ-ริน,,pending,pending,,,รอตรวจ: missing-official-evidence
กริมา,กริ-มา,,pending,pending,,,รอตรวจ: missing-official-evidence
กริษฐ์,กะ-ริด,,pending,pending,,,รอตรวจ: missing-official-evidence
กริษฐา,กะ-ริด-ถา,,pending,pending,,,รอตรวจ: missing-official-evidence
กรุณา,กะ-รุ-นา,,pending,pending,,,รอตรวจ: missing-official-evidence
กรูวาน,กรู-วาน,,pending,pending,,,รอตรวจ: missing-official-evidence
กฤชนันท์,กริด-ชะ-นัน,,pending,pending,,,รอตรวจ: missing-official-evidence
กฤตนัน,กริด-ตะ-นัน,,pending,pending,,,รอตรวจ: missing-official-evidence
กฤตนันท์,กริด-ตะ-นัน,,pending,pending,,,รอตรวจ: missing-official-evidence
กฤตยา,กริด-ตะ-ยา,,pending,pending,,,รอตรวจ: missing-official-evidence
กฤติน,กริด-ติน,,pending,pending,,,รอตรวจ: missing-official-evidence
กฤษ,กริด,,pending,pending,,,รอตรวจ: missing-official-evidence
กฤษฎาพร,กริด-สะ-ดา-พอน,,pending,pending,,,รอตรวจ: missing-official-evidence
กฤษณะ,กริด-สะ-นะ,,pending,pending,,,รอตรวจ: missing-official-evidence
กลวัชร,กน-ละ-วัด,,pending,pending,,,รอตรวจ: missing-official-evidence
กลวัชร์,กน-ละ-วัด,,pending,pending,,,รอตรวจ: missing-official-evidence
กลวิชร,กน-ละ-วิด,,pending,pending,,,รอตรวจ: missing-official-evidence
กลิ่นดอน,กลิ่น-ดอน,,pending,pending,,,รอตรวจ: missing-official-evidence
กลิ่นหอม,กะ-ลิ่น-หอม,,pending,pending,,,รอตรวจ: missing-official-evidence
กวาธร,กะ-วา-ทอน,,pending,pending,,,รอตรวจ: missing-official-evidence
กวิณ,กะ-วิน,,pending,pending,,,รอตรวจ: missing-official-evidence
กวิณัฐ,กะ-วิ-นัด,,pending,pending,,,รอตรวจ: missing-official-evidence
กวิน,กะ-วิน,,pending,pending,,,รอตรวจ: missing-official-evidence
กวินกร,กะ-วิน-กอน,,pending,pending,,,รอตรวจ: missing-official-evidence
กวินดา,กะ-วิน-ดา,,pending,pending,,,รอตรวจ: missing-official-evidence
กวินท์,กะ-วิน,,pending,pending,,,รอตรวจ: missing-official-evidence
กวินท์ธร,กะ-วิน-ทอน,,pending,pending,,,รอตรวจ: missing-official-evidence
กวินทร์,กะ-วิน,,pending,pending,,,รอตรวจ: missing-official-evidence
กวินทรา,กะ-วิน-ทรา,,pending,pending,,,รอตรวจ: missing-official-evidence
กวินธร,กะ-วิน-ทอน,,pending,pending,,,รอตรวจ: missing-official-evidence
กวินนท์,กะ-วิน,,pending,pending,,,รอตรวจ: missing-official-evidence
กวินนา,กะ-วิน-นา,,pending,pending,,,รอตรวจ: missing-official-evidence
กวินนาฏ,กะ-วิน-นาด,,pending,pending,,,รอตรวจ: missing-official-evidence
กวินภัค,กะ-วิน-พัก,,pending,pending,,,รอตรวจ: missing-official-evidence
กวินภัทร,กะ-วิน-พัด-ทรอ,,pending,pending,,,รอตรวจ: missing-official-evidence
กวินภา,กะ-วิน-พา,,pending,pending,,,รอตรวจ: missing-official-evidence
กวินรพ,กะ-วิน-รบ,,pending,pending,,,รอตรวจ: missing-official-evidence
กวินรัตน์,กะ-วิน-รัด,,pending,pending,,,รอตรวจ: missing-official-evidence
กวินรัตนา,กะ-วิน-รัด-ตะ-นา,,pending,pending,,,รอตรวจ: missing-official-evidence
กวินรินี,กะ-วิน-ริ-นี,,pending,pending,,,รอตรวจ: missing-official-evidence
กวินเรศ,กะ-วิน-เรด,,pending,pending,,,รอตรวจ: missing-official-evidence
กวินวร,กะ-วิน-วอน,,pending,pending,,,รอตรวจ: missing-official-evidence
กวินวรรณ,กะ-วิน-วัน,,pending,pending,,,รอตรวจ: missing-official-evidence
กวินวรา,กะ-วิน-วะ-รา,,pending,pending,,,รอตรวจ: missing-official-evidence
กวินวัจน์,กะ-วิน-วัด,,pending,pending,,,รอตรวจ: missing-official-evidence
กวินวัชร์,กะ-วิน-วัด,,pending,pending,,,รอตรวจ: missing-official-evidence
กวินวิชญ์,กะ-วิน-วิด,,pending,pending,,,รอตรวจ: missing-official-evidence
กวินวุฒิ,กะ-วิน-วุด,,pending,pending,,,รอตรวจ: missing-official-evidence
กวินอร,กะ-วิน-ออน,,pending,pending,,,รอตรวจ: missing-official-evidence
กวิสรา,กะ-วิ-สะ-รา,,pending,pending,,,รอตรวจ: missing-official-evidence
กษม,กะ-สม,,pending,pending,,,รอตรวจ: missing-official-evidence
กษมน,กะ-สะ-มน,,pending,pending,,,รอตรวจ: missing-official-evidence
กษมล,กะ-สะ-มน,,pending,pending,,,รอตรวจ: missing-official-evidence
กษมา,กะ-สะ-มา,,pending,pending,,,รอตรวจ: missing-official-evidence
กษิกร,กะ-สิ-กอน,,pending,pending,,,รอตรวจ: missing-official-evidence
กษิดิฐ,กะ-สิ-ดิด,,pending,pending,,,รอตรวจ: missing-official-evidence
กษิดินทร์,กะ-สิ-ดิน,,pending,pending,,,รอตรวจ: missing-official-evidence
กษิดิศ,กะ-สิ-ดิด,,pending,pending,,,รอตรวจ: missing-official-evidence
กษิน,กะ-สิน,,pending,pending,,,รอตรวจ: missing-official-evidence
กษิรวิชญ์,กะ-สิ-ระ-วิด,,pending,pending,,,รอตรวจ: missing-official-evidence
กษิรา,กะ-สิ-รา,,pending,pending,,,รอตรวจ: missing-official-evidence
กหิน,กะ-หิน,,pending,pending,,,รอตรวจ: missing-official-evidence
กอง,กอง,,pending,pending,,,รอตรวจ: missing-official-evidence
ก้องกิตติ,ก้อง-กิด-ติ,,pending,pending,,,รอตรวจ: missing-official-evidence
ก้องเกียรติ,ก้อง-เกียด,,pending,pending,,,รอตรวจ: missing-official-evidence
กองคำ,กอง-คำ,,pending,pending,,,รอตรวจ: missing-official-evidence
ก้องณรงค์,ก้อน-มะ-รง,,pending,pending,,,รอตรวจ: missing-official-evidence
ก้องเดช,ก้อง-เดด,,pending,pending,,,รอตรวจ: missing-official-evidence
ก้องภพ,ก้อง-พบ,,pending,pending,,,รอตรวจ: missing-official-evidence
กอตอ,กอ-ตอ,,pending,pending,,,รอตรวจ: missing-official-evidence
กอบกุล,กอบ-กุน,,pending,pending,,,รอตรวจ: missing-official-evidence
กอบคุณ,กอบ-คุน,,pending,pending,,,รอตรวจ: missing-official-evidence
กอบชน,กอบ-ชน,,pending,pending,,,รอตรวจ: missing-official-evidence
กอบชวาล,กอบ-ชะ-วาน,,pending,pending,,,รอตรวจ: missing-official-evidence
กอบชัย,กอบ-ไช,,pending,pending,,,รอตรวจ: missing-official-evidence
กอบโชค,กอบ-โชก,,pending,pending,,,รอตรวจ: missing-official-evidence
กอบธนัช,กอบ-ทะ-นัด,,pending,pending,,,รอตรวจ: missing-official-evidence
กอบธรรม,กอบ-ทำ,,pending,pending,,,รอตรวจ: missing-official-evidence
กอบพงษ์,กอบ-พง,,pending,pending,,,รอตรวจ: missing-official-evidence
กอบยศ,กอบ-ยด,,pending,pending,,,รอตรวจ: missing-official-evidence
กอบลาภ,กอบ-ลาบ,,pending,pending,,,รอตรวจ: missing-official-evidence
กอบวริทธิ์,กอบ-วะ-ริด,,pending,pending,,,รอตรวจ: missing-official-evidence
กอบศักดิ์,กอบ-สัก,,pending,pending,,,รอตรวจ: missing-official-evidence
กอบสิน,กอบ-สิน,,pending,pending,,,รอตรวจ: missing-official-evidence
กอยบุญ,กอย-บุน,,pending,pending,,,รอตรวจ: missing-official-evidence
กอลาภ,กะ-ลา-พบ,,pending,pending,,,รอตรวจ: missing-official-evidence
กอสิน,กอ-สิน,,pending,pending,,,รอตรวจ: missing-official-evidence
กะจิ,กะ-จิ,,pending,pending,,,รอตรวจ: missing-official-evidence
กะทิ,กะ-ทิ,,pending,pending,,,รอตรวจ: missing-official-evidence
กังวาน,กัง-วาน,,pending,pending,,,รอตรวจ: missing-official-evidence
กัชชลา,กัด-ชะ-ลา,,pending,pending,,,รอตรวจ: missing-official-evidence
กัญจณ์ณลิน,กัน-นะ-ลิน,,pending,pending,,,รอตรวจ: missing-official-evidence
กัญจน์,กัน,,pending,pending,,,รอตรวจ: missing-official-evidence
กัญจน์กมล,กัน-กะ-มน,,pending,pending,,,รอตรวจ: missing-official-evidence
กัญจน์ชญา,กัน-ชะ-ยา,,pending,pending,,,รอตรวจ: missing-official-evidence
กัญจน์ญภัส,กัน-ยะ-พัด,,pending,pending,,,รอตรวจ: missing-official-evidence
กัญจน์ธนาหฤษฎ์,กัน-ทะ-นา-หะ-ริด,,pending,pending,,,รอตรวจ: missing-official-evidence
กัญจน์นภัสรา,กัน-พัด-สะ-รา,,pending,pending,,,รอตรวจ: missing-official-evidence
กัญจน์ภัส,กัน-พัด,,pending,pending,,,รอตรวจ: missing-official-evidence
กัญจน์ภัสสร,กัน-พัด-สอน,,pending,pending,,,รอตรวจ: missing-official-evidence
กัญจน์รัชต์,กัน-รัด,,pending,pending,,,รอตรวจ: missing-official-evidence
กัญจน์วราห์,กัน-วะ-รา,,pending,pending,,,รอตรวจ: missing-official-evidence
กัญจน์วิมล,กัน-วิ-มน,,pending,pending,,,รอตรวจ: missing-official-evidence
กัญจน์สิรี,กัน-สิ-รี,,pending,pending,,,รอตรวจ: missing-official-evidence
กัญจน์อมร,กัน-อะ-มอน,,pending,pending,,,รอตรวจ: missing-official-evidence
กัญจน์อมล,กัน-อะ-มน,,pending,pending,,,รอตรวจ: missing-official-evidence
กัญจนา,กัน-จะ-นา,,pending,pending,,,รอตรวจ: missing-official-evidence
กัญจภรณ์,กัน-จะ-พอน,,pending,pending,,,รอตรวจ: missing-official-evidence
กัญจิรา,กัน-จิ-รา,,pending,pending,,,รอตรวจ: missing-official-evidence
กัญชรส,กัน-ชะ-รด,,pending,pending,,,รอตรวจ: missing-official-evidence
กัญชลา,กัน-ชะ-ลา,,pending,pending,,,รอตรวจ: missing-official-evidence
กัญชลิกา,กัน-ชะ-ลิ-กา,,pending,pending,,,รอตรวจ: missing-official-evidence
กัญญ์กนิษฐ์,กัน-กะ-นิด,,pending,pending,,,รอตรวจ: missing-official-evidence
กัญญ์ชญา,กัน-ชะ-ยา,,pending,pending,,,รอตรวจ: missing-official-evidence
กัญญฌัช,กัน-ยะ-ชัด,,pending,pending,,,รอตรวจ: missing-official-evidence
กัญญ์ฐญา,กัน-ถะ-ยา,,pending,pending,,,รอตรวจ: missing-official-evidence
กัญญ์ณณัฏฐ์,กัน-นะ-นัด,,pending,pending,,,รอตรวจ: missing-official-evidence
กัญญ์ณภัทร,กัน-นะ-พัด,,pending,pending,,,รอตรวจ: missing-official-evidence
กัญญ์ณภัส,กัน-นะ-พัด,,pending,pending,,,รอตรวจ: missing-official-evidence
กัญญ์ณรัณ,กัน-นะ-รัน,,pending,pending,,,รอตรวจ: missing-official-evidence
กัญญ์ณัช,กัน-นัด,,pending,pending,,,รอตรวจ: missing-official-evidence
กัญญ์ณัฏฐ์,กัน-นัด,,pending,pending,,,รอตรวจ: missing-official-evidence
กัญญณัฐ,กัน-ยะ-นัด,,pending,pending,,,รอตรวจ: missing-official-evidence
กัญญ์ณัฐ,กัน-นัด,,pending,pending,,,รอตรวจ: missing-official-evidence
กัญญณิชา,กัน-ยะ-นิ-ชา,,pending,pending,,,รอตรวจ: missing-official-evidence
กัญญนก,กัน-ยะ-นก,,pending,pending,,,รอตรวจ: missing-official-evidence
กัญญ์นภวรรณ,กัน-ยะ-พะ-วัน,,pending,pending,,,รอตรวจ: missing-official-evidence
กัญญ์นลิน,กัน-นะ-ลิน,,pending,pending,,,รอตรวจ: missing-official-evidence
กัญญนันทน์,กัน-ยะ-นัน,,pending,pending,,,รอตรวจ: missing-official-evidence
กัญญ์นารา,กัน-นา-รา,,pending,pending,,,รอตรวจ: missing-official-evidence
กัญญ์นาริน,กัน-นา-ริน,,pending,pending,,,รอตรวจ: missing-official-evidence
กัญญปภัส,กัน-ยะ-ปะ-พัด,,pending,pending,,,รอตรวจ: missing-official-evidence
กัญญภัค,กัน-ยา-พัก,,pending,pending,,,รอตรวจ: missing-official-evidence
กัญญ์มนันท์,กัน-มะ-นัน,,pending,pending,,,รอตรวจ: missing-official-evidence
กัญญ์รวินท์,กัน-ระ-วิน,,pending,pending,,,รอตรวจ: missing-official-evidence
กัญญ์วรรณ,กัน-วัน,,pending,pending,,,รอตรวจ: missing-official-evidence
กัญญ์วรศิริ,กัน-วอ-ระ-สิ-หริ,,pending,pending,,,รอตรวจ: missing-official-evidence
กัญญ์วรัชญ์,กัน-วะ-รัด,,pending,pending,,,รอตรวจ: missing-official-evidence
กัญญวรา,กัน-ยะ-วะ-รา,,pending,pending,,,รอตรวจ: missing-official-evidence
กัญญ์วรา,กัน-วะ-รา,,pending,pending,,,รอตรวจ: missing-official-evidence
กัญญ์วริน,กัน-วะ-ริน,,pending,pending,,,รอตรวจ: missing-official-evidence
กัญญ์วารี,กัน-วา-รี,,pending,pending,,,รอตรวจ: missing-official-evidence
กัญญ์วิน,กัน-วิน,,pending,pending,,,รอตรวจ: missing-official-evidence
กัญญ์วิภิน,กัน-วิ-พิน,,pending,pending,,,รอตรวจ: missing-official-evidence
กัญญ์วิมล,กัน-วิ-มน,,pending,pending,,,รอตรวจ: missing-official-evidence
กัญญ์ศรา,กัน-สอ,,pending,pending,,,รอตรวจ: missing-official-evidence
กัญญ์ศริน,กัน-สิน,,pending,pending,,,รอตรวจ: missing-official-evidence
กัญญ์ศิริ,กัน-สิ-หริ,,pending,pending,,,รอตรวจ: missing-official-evidence
กัญญ์อร,กัน-ออน,,pending,pending,,,รอตรวจ: missing-official-evidence
กัญญ์อริน,กัน-อะ-ริน,,pending,pending,,,รอตรวจ: missing-official-evidence
กัญญ์อิฏฐา,กัน-อิ-ดา,,pending,pending,,,รอตรวจ: missing-official-evidence
กัญญา,กัน-ยา,,pending,pending,,,รอตรวจ: missing-official-evidence
กัญญาณัฏฐ์,กัน-ยา-นัด,,pending,pending,,,รอตรวจ: missing-official-evidence
กัญญาณัฐ,กัน-ยา-นัด,,pending,pending,,,รอตรวจ: missing-official-evidence
กัญญาณัฐ์,กัน-ยา-นัด,,pending,pending,,,รอตรวจ: missing-official-evidence
กัญญาณัท,กัน-ยา-นัด,,pending,pending,,,รอตรวจ: missing-official-evidence
กัญญานัฐ,กัน-ยา-นัด,,pending,pending,,,รอตรวจ: missing-official-evidence
กัญญาภัค,กัน-ยา-พัก,,pending,pending,,,รอตรวจ: missing-official-evidence
กัญญารักษ์,กัน-ยา-รัก,,pending,pending,,,รอตรวจ: missing-official-evidence
กัญญารัช,กัน-ยา-รัด,,pending,pending,,,รอตรวจ: missing-official-evidence
กัญญารัตน์,กัน-ยา-รัด,,pending,pending,,,รอตรวจ: missing-official-evidence
กัญญาลภัส,กัน-ยา-ละ-พัด,,pending,pending,,,รอตรวจ: missing-official-evidence
กัญญาวร,กัน-ยา-วอน,,pending,pending,,,รอตรวจ: missing-official-evidence
กัญญาวีร์,กัน-ยา-วี,,pending,pending,,,รอตรวจ: missing-official-evidence
กัญญาศิริ,กัน-ยา-สิ-หริ,,pending,pending,,,รอตรวจ: missing-official-evidence
กัญญาอร,กัน-ยา-ออน,,pending,pending,,,รอตรวจ: missing-official-evidence
กัญฐณณัฐ,กัน-ถะ-นัด,,pending,pending,,,รอตรวจ: missing-official-evidence
กัญฐณา,กัน-ถะ-นา,,pending,pending,,,รอตรวจ: missing-official-evidence
กัญฐวรรธน์,กัน-ยะ-ถะ-วัด,,pending,pending,,,รอตรวจ: missing-official-evidence
กัญธนณัฐ,กัน-ทะ-นะ-นัด,,pending,pending,,,รอตรวจ: missing-official-evidence
กัญภัคดิ์,กัน-ยะ-พัก,,pending,pending,,,รอตรวจ: missing-official-evidence
กัญรินทร์,กัน-ยะ-ริน,,pending,pending,,,รอตรวจ: missing-official-evidence
กัญวรา,กัน-ยะ-วะ-รา,,pending,pending,,,รอตรวจ: missing-official-evidence
กัณจน์,กัน,,pending,pending,,,รอตรวจ: missing-official-evidence
กัณจนา,กัน-จะ-นา,,pending,pending,,,รอตรวจ: missing-official-evidence
กัณฐกานต์,กัน-ถะ-กาน,,pending,pending,,,รอตรวจ: missing-official-evidence
กัณฐมณี,กัน-ถะ-มะ-นี,,pending,pending,,,รอตรวจ: missing-official-evidence
กัณฐัศว์,กัน-นะ-ถะ,,pending,pending,,,รอตรวจ: missing-official-evidence
กัณฐิกา,กัน-ถิ-กา,,pending,pending,,,รอตรวจ: missing-official-evidence
กัณฑ์,กัน,,pending,pending,,,รอตรวจ: missing-official-evidence
กัณฑ์ภัทร,กัน-พัด-ทรอ,,pending,pending,,,รอตรวจ: missing-official-evidence
กัณฑ์ยชญ์,กัน-ยด,,pending,pending,,,รอตรวจ: missing-official-evidence
กัณฑรัตน์,กัน-ทะ-รัด,,pending,pending,,,รอตรวจ: missing-official-evidence
กัณณ์,กัน,,pending,pending,,,รอตรวจ: missing-official-evidence
กัณตภณ,กัน-ตะ-พน,,pending,pending,,,รอตรวจ: missing-official-evidence
กัณตวรรณ,กัน-ตะ-วัน,,pending,pending,,,รอตรวจ: missing-official-evidence
กัณตวิชญ์,กัน-ตะ-วิด,,pending,pending,,,รอตรวจ: missing-official-evidence
กัณทิมา,กัน-ทิ-มา,,pending,pending,,,รอตรวจ: missing-official-evidence
กัณภัทร,กัน-นะ-พัด,,pending,pending,,,รอตรวจ: missing-official-evidence
กัณยิกา,กัน-ยิ-กา,,pending,pending,,,รอตรวจ: missing-official-evidence
กัณวรา,กัน-วะ-รา,,pending,pending,,,รอตรวจ: missing-official-evidence
กัณวีร์,กัน-นะ-วี,,pending,pending,,,รอตรวจ: missing-official-evidence
กัณหา,กัน-หา,,pending,pending,,,รอตรวจ: missing-official-evidence
กันจะนะ,กัน-จะ-นะ,,pending,pending,,,รอตรวจ: missing-official-evidence
กันจินะ,กัน-จิ-นะ,,pending,pending,,,รอตรวจ: missing-official-evidence
กันใจ,กัน-ใจ,,pending,pending,,,รอตรวจ: missing-official-evidence
กันญภัทร,กัน-ยา-พัด,,pending,pending,,,รอตรวจ: missing-official-evidence
กันต์,กัน,,pending,pending,,,รอตรวจ: missing-official-evidence
กันต์กนิษฐ์,กัน-กะ-นิด,,pending,pending,,,รอตรวจ: missing-official-evidence
กันต์กมล,กัน-กะ-มน,,pending,pending,,,รอตรวจ: missing-official-evidence
กันต์กร,กัน-กอน,,pending,pending,,,รอตรวจ: missing-official-evidence
กันต์กรณ์,กัน-กอน,,pending,pending,,,รอตรวจ: missing-official-evidence
กันต์ณัฐ,กัน-นัด,,pending,pending,,,รอตรวจ: missing-official-evidence
กันตณิช,กัน-ตะ-นิด,,pending,pending,,,รอตรวจ: missing-official-evidence
กันต์ดิศ,กัน-ดิด,,pending,pending,,,รอตรวจ: missing-official-evidence
กันต์ธนัท,กัน-ทะ-นัด,,pending,pending,,,รอตรวจ: missing-official-evidence
กันต์ธร,กัน-ทอน,,pending,pending,,,รอตรวจ: missing-official-evidence
กันต์ธีร์,กัน-ที,,pending,pending,,,รอตรวจ: missing-official-evidence
กันต์ธีระ,กัน-ที-ระ,,pending,pending,,,รอตรวจ: missing-official-evidence
กันต์นภันต์,กัน-นะ-พัน,,pending,pending,,,รอตรวจ: missing-official-evidence
กันต์นภัส,กัน-นะ-พัด,,pending,pending,,,รอตรวจ: missing-official-evidence
กันตนา,กัน-ตะ-นา,,pending,pending,,,รอตรวจ: missing-official-evidence
กันต์พงษ์,กัน-พง,,pending,pending,,,รอตรวจ: missing-official-evidence
กันตพัฒน์,กัน-ตะ-พัด,,pending,pending,,,รอตรวจ: missing-official-evidence
กันต์ภณ,กัน-พน,,pending,pending,,,รอตรวจ: missing-official-evidence
กันต์ภัทร,กัน-พัด-ทรอ,,pending,pending,,,รอตรวจ: missing-official-evidence
กันตวรรณ,กัน-ตะ-วัน,,pending,pending,,,รอตรวจ: missing-official-evidence
กันตวิชญ์,กัน-ตะ-วิด,,pending,pending,,,รอตรวจ: missing-official-evidence
กันต์ศิริ,กัน-สิ-หริ,,pending,pending,,,รอตรวจ: missing-official-evidence
กันต์สิริ,กัน-สิ-หริ,,pending,pending,,,รอตรวจ: missing-official-evidence
กันต์สิรี,กัน-สิ-รี,,pending,pending,,,รอตรวจ: missing-official-evidence
กันทร,กัน-ทอน,,pending,pending,,,รอตรวจ: missing-official-evidence
กันธิมา,กัน-ทิ-มา,,pending,pending,,,รอตรวจ: missing-official-evidence
กัลชกร,กัน-ชะ-กอน,,pending,pending,,,รอตรวจ: missing-official-evidence
กัลชนา,กัน-ชะ-นา,,pending,pending,,,รอตรวจ: missing-official-evidence
กัลชลดา,กัน-ชะ-ละ-ดา,,pending,pending,,,รอตรวจ: missing-official-evidence
กัลญา,กัน-ละ-ยา,,pending,pending,,,รอตรวจ: missing-official-evidence
กัลน์ธร,กัน-ทอน,,pending,pending,,,รอตรวจ: missing-official-evidence
กัลป์,กัน,,pending,pending,,,รอตรวจ: missing-official-evidence
กัลยกร,กัน-ยะ-กอน,,pending,pending,,,รอตรวจ: missing-official-evidence
กัลยทรรศน์,กัน-ละ-ยะ-ทัด,,pending,pending,,,รอตรวจ: missing-official-evidence
กัลยพัชร,กัน-ละ-ยะ-พัด,,pending,pending,,,รอตรวจ: missing-official-evidence
กัลยรักษ์,กัน-ละ-ยะ-รัก,,pending,pending,,,รอตรวจ: missing-official-evidence
กัลยา,กัน-ละ-ยา,,pending,pending,,,รอตรวจ: missing-official-evidence
กัลยาณี,กัน-ละ-ยา-นี,,pending,pending,,,รอตรวจ: missing-official-evidence
กัลยาวีร์,กัน-ละ-ยา-วี,,pending,pending,,,รอตรวจ: missing-official-evidence
กัลวรา,กัน-ละ-วะ-รา,,pending,pending,,,รอตรวจ: missing-official-evidence
กัษณ,กัส-สะ-หนะ,,pending,pending,,,รอตรวจ: missing-official-evidence
กาญจนพร,กาน-จะ-นะ-พอน,,pending,pending,,,รอตรวจ: missing-official-evidence
กาญจนวัฒน์,กาน-จะ-นะ-วัด,,pending,pending,,,รอตรวจ: missing-official-evidence
กานต์การัณย์,กาน-กา-รัน,,pending,pending,,,รอตรวจ: missing-official-evidence
กานต์ธิดา,กาน-ทิ-ดา,,pending,pending,,,รอตรวจ: missing-official-evidence
กานต์พิชชา,กาน-พิด-ชา,,pending,pending,,,รอตรวจ: missing-official-evidence
กาสะลอง,กา-สะ-ลอง,,pending,pending,,,รอตรวจ: missing-official-evidence
กิกิ,กิ-กิ,,pending,pending,,,รอตรวจ: missing-official-evidence
กิ่งกาญจน์,กิ่ง-กาน,,pending,pending,,,รอตรวจ: missing-official-evidence
กิ่งดาว,กิ่ง-ดาว,,pending,pending,,,รอตรวจ: missing-official-evidence
กิ่งเพชร,กิ่ง-เพ็ด,,pending,pending,,,รอตรวจ: missing-official-evidence
กิ่งฟ้า,กิ่ง-ฟ้า,,pending,pending,,,รอตรวจ: missing-official-evidence
กิ่งมณี,กิ่ง-มะ-นี,,pending,pending,,,รอตรวจ: missing-official-evidence
กิจ,กิด,,pending,pending,,,รอตรวจ: missing-official-evidence
กิจกมล,กิด-กะ-มน,,pending,pending,,,รอตรวจ: missing-official-evidence
กิจจา,กิด-จา,,pending,pending,,,รอตรวจ: missing-official-evidence
กิจจานนท์,กิด-จา-นน,,pending,pending,,,รอตรวจ: missing-official-evidence
กิจจานี,กิด-จา-นี,,pending,pending,,,รอตรวจ: missing-official-evidence
กิจจาพร,กิด-จา-พอน,,pending,pending,,,รอตรวจ: missing-official-evidence
กิจธนา,กิด-ทะ-นา,,pending,pending,,,รอตรวจ: missing-official-evidence
กิจนิรันดร์,กิด-นิ-รัน,,pending,pending,,,รอตรวจ: missing-official-evidence
กิจใบ,กิด-ไบ,,pending,pending,,,รอตรวจ: missing-official-evidence
กิจพัฒน์,กิด-จะ-พัด,,pending,pending,,,รอตรวจ: missing-official-evidence
กิจพิทยา,กิด-จะ-พิด-ทะ-ยา,,pending,pending,,,รอตรวจ: missing-official-evidence
กิณน,กิ-นน,,pending,pending,,,รอตรวจ: missing-official-evidence
กิณม,กิ-นม,,pending,pending,,,รอตรวจ: missing-official-evidence
กิณฬ,กิน-ละ,,pending,pending,,,รอตรวจ: missing-official-evidence
กิตติ,กิด-ติ,,pending,pending,,,รอตรวจ: missing-official-evidence
กิตติธัช,กิด-ติ-ทัด,,pending,pending,,,รอตรวจ: missing-official-evidence
กิตตินันท์,กิต-ติ-นัน,,pending,pending,,,รอตรวจ: missing-official-evidence
กิตติพงศ์,กิด-ติ-พง,,pending,pending,,,รอตรวจ: missing-official-evidence
กิตติศักดิ์,กิด-ติ-สัก,,pending,pending,,,รอตรวจ: missing-official-evidence
กินรี,กิน-นะ-รี,,pending,pending,,,รอตรวจ: missing-official-evidence
กิรณา,กิ-ระ-นา,,pending,pending,,,รอตรวจ: missing-official-evidence
กิริฎา,กิ-ริ-ดา,,pending,pending,,,รอตรวจ: missing-official-evidence
กิษณวิษณ์,กิด-สะ-นะ-วิด,,pending,pending,,,รอตรวจ: missing-official-evidence
เกียรติคุณ,เกียด-ติ-คุน,,pending,pending,,,รอตรวจ: missing-official-evidence
เกียรติศักดิ์,เกียด-ติ-สัก,,pending,pending,,,รอตรวจ: missing-official-evidence
โกมล,โก-มน,,pending,pending,,,รอตรวจ: missing-official-evidence
โกมลกร,โก-มน-กอน,,pending,pending,,,รอตรวจ: missing-official-evidence
โกมลคุณ,โก-มน-คุน,,pending,pending,,,รอตรวจ: missing-official-evidence
โกมลธรรม,โก-มน-ทำ,,pending,pending,,,รอตรวจ: missing-official-evidence
โกมลภัทร,โก-มน-พัด-ทรอ,,pending,pending,,,รอตรวจ: missing-official-evidence
โกมินทร์กร,โก-มิน-กอน,,pending,pending,,,รอตรวจ: missing-official-evidence
โกมินทร์คุณ,โก-มิน-คุน,,pending,pending,,,รอตรวจ: missing-official-evidence
โกมินทร์ภัทร,โก-มิน-พัด,,pending,pending,,,รอตรวจ: missing-official-evidence
โกมินทร์วิชญ์,โก-มิน-วิด,,pending,pending,,,รอตรวจ: missing-official-evidence
โกลัญญา,โก-ลัน-ยา,,pending,pending,,,รอตรวจ: missing-official-evidence
โกวิฐ,โก-วิด,,pending,pending,,,รอตรวจ: missing-official-evidence
โกวิท,โก-วิด,,pending,pending,,,รอตรวจ: missing-official-evidence
โกวิทคุณ,โก-วิด-คุน,,pending,pending,,,รอตรวจ: missing-official-evidence
โกวิทธรรม,โก-วิด-ทำ,,pending,pending,,,รอตรวจ: missing-official-evidence
ไกน,ไก,,pending,pending,,,รอตรวจ: missing-official-evidence
ไกร,ไกร,,pending,pending,,,รอตรวจ: missing-official-evidence
ไกรณัท,ไกร-นัด,,pending,pending,,,รอตรวจ: missing-official-evidence
ไกรทอง,ไกร-ทอง,,pending,pending,,,รอตรวจ: missing-official-evidence
ไกรธรรม,ไกร-ทำ,,pending,pending,,,รอตรวจ: missing-official-evidence
ไกรธรรมธรรม,ไกร-ทำ-มะ-ทำ,,pending,pending,,,รอตรวจ: missing-official-evidence
ไกรนรา,ไกร-นะ-รา,,pending,pending,,,รอตรวจ: missing-official-evidence
ไกรภัทรกร,ไกร-พัด-ทระ-กอน,,pending,pending,,,รอตรวจ: missing-official-evidence
ไกรภัทรคุณ,ไกร-พัด-ทระ-คุน,,pending,pending,,,รอตรวจ: missing-official-evidence
ไกรภัทรภัทร,ไกร-พัด-ทรอ-พัด-ทรอ,,pending,pending,,,รอตรวจ: missing-official-evidence
ไกรภัทรวิชญ์,ไกร-พัด-ทระ-วิด,,pending,pending,,,รอตรวจ: missing-official-evidence
ไกรโรจน์,ไกร-โรด,,pending,pending,,,รอตรวจ: missing-official-evidence
ไกรวัชร,ไกร-วัด,,pending,pending,,,รอตรวจ: missing-official-evidence
ไกรวิชญ์,ไกร-วิด,,pending,pending,,,รอตรวจ: missing-official-evidence
ไกรวิชญ์คุณ,ไกร-วิด-ชุ-คน,,pending,pending,,,รอตรวจ: missing-official-evidence
ไกรวิชญ์ภัทร,ไกร-วิด-พัด-ทรอ,,pending,pending,,,รอตรวจ: missing-official-evidence
ไกรศรกร,ไกร-สะ-หระ-กอน,,pending,pending,,,รอตรวจ: missing-official-evidence
ไกรศรคุณ,ไกร-สะ-หนุก,,pending,pending,,,รอตรวจ: missing-official-evidence
ไกรศรธรรม,ไกร-สัน-ทำ,,pending,pending,,,รอตรวจ: missing-official-evidence
ไกรศรภัทร,ไกร-สะ-พัด,,pending,pending,,,รอตรวจ: missing-official-evidence
ไกรศรวิชญ์,ไกร-สะ-หวิด,,pending,pending,,,รอตรวจ: missing-official-evidence
ไกรสร,ไกร-สอน,,pending,pending,,,รอตรวจ: missing-official-evidence
ไกรสรกร,ไกร-สอน-กอน,,pending,pending,,,รอตรวจ: missing-official-evidence
ไกรสรคุณ,ไกร-สะ-หนุน,,pending,pending,,,รอตรวจ: missing-official-evidence
ไกรสรธรรม,ไกร-สัน-ทำ,,pending,pending,,,รอตรวจ: missing-official-evidence
ไกรสรภัทร,ไกร-สอน-พัด-ทรอ,,pending,pending,,,รอตรวจ: missing-official-evidence
ไกรสรวิชญ์,ไกร-สอ-ระ-วิด,,pending,pending,,,รอตรวจ: missing-official-evidence
ไกรสิทธิ์,ไกร-สิด,,pending,pending,,,รอตรวจ: missing-official-evidence
ไกวัล,ไก-วัน,,pending,pending,,,รอตรวจ: missing-official-evidence
ไกษ,ไก-สะ,,pending,pending,,,รอตรวจ: missing-official-evidence
ขจร,ขะ-จอน,,pending,pending,,,รอตรวจ: missing-official-evidence
ขจรกัณฑ์,ขะ-จอน-กัน,,pending,pending,,,รอตรวจ: missing-official-evidence
ขจรจบ,ขะ-จอน-จบ,,pending,pending,,,รอตรวจ: missing-official-evidence
ขจรทองคำ,ขะ-จอน-ทอง-คำ,,pending,pending,,,รอตรวจ: missing-official-evidence
ขจรวรรณ,ขะ-จอน-วัน,,pending,pending,,,รอตรวจ: missing-official-evidence
ขจรวรรณรักษ์,ขะ-จอน-วัน-นะ-รัก,,pending,pending,,,รอตรวจ: missing-official-evidence
ขจรวัจน์,ขะ-จอน-วัด,,pending,pending,,,รอตรวจ: missing-official-evidence
ขจรอุษา,ขะ-จอน-อุ-สา,,pending,pending,,,รอตรวจ: missing-official-evidence
ขต,ขด,,pending,pending,,,รอตรวจ: missing-official-evidence
ขบวรวรรณ,ขะ-บอน-วัน-วอน,,pending,pending,,,รอตรวจ: missing-official-evidence
ขรรค์,ขัน,,pending,pending,,,รอตรวจ: missing-official-evidence
ขวัญ,ขวัน,,pending,pending,,,รอตรวจ: missing-official-evidence
ขวัญกจร,ขวัน-จะ-กอน,,pending,pending,,,รอตรวจ: missing-official-evidence
ขวัญกนก,ขวัน-กะ-หนก,,pending,pending,,,รอตรวจ: missing-official-evidence
ขวัญกมล,ขวัน-กะ-มน,,pending,pending,,,รอตรวจ: missing-official-evidence
ขวัญกลับ,ขวัน-กะ-บับ,,pending,pending,,,รอตรวจ: missing-official-evidence
ขวัญขจร,ขวัน-ขะ-จอน,,pending,pending,,,รอตรวจ: missing-official-evidence
ขวัญจร,ขวัน-จอน,,pending,pending,,,รอตรวจ: missing-official-evidence
ขวัญจิรา,ขวัน-จิ-รา,,pending,pending,,,รอตรวจ: missing-official-evidence
ขวัญใจ,ขวัน-ใจ,,pending,pending,,,รอตรวจ: missing-official-evidence
ขวัญชญา,ขวัน-ชะ-ยา,,pending,pending,,,รอตรวจ: missing-official-evidence
ขวัญธิดา,ขวัน-ทิ-ดา,,pending,pending,,,รอตรวจ: missing-official-evidence
ขวัญนรี,ขวัน-นะ-รี,,pending,pending,,,รอตรวจ: missing-official-evidence
ขวัญนานน,ขวัน-นา-นน,,pending,pending,,,รอตรวจ: missing-official-evidence
ขวัญนารี,ขวัน-นา-รี,,pending,pending,,,รอตรวจ: missing-official-evidence
ขวัญมนัท,ขวัน-มะ-นัด,,pending,pending,,,รอตรวจ: missing-official-evidence
ขวัญมนัส,ขวัน-มะ-นัด,,pending,pending,,,รอตรวจ: missing-official-evidence
ขวัญลักษณ์,ขวัน-ลัก,,pending,pending,,,รอตรวจ: missing-official-evidence
ขวัญวร,ขวัน-วอน,,pending,pending,,,รอตรวจ: missing-official-evidence
ขวัญวรัชญ์,ขวัน-วะ-รัด,,pending,pending,,,รอตรวจ: missing-official-evidence
ขวัญวิชญ์,ขวัน-ยิด,,pending,pending,,,รอตรวจ: missing-official-evidence
ขวัญศิริลักษ,ขวัน-สิ-หริ-ลัก,,pending,pending,,,รอตรวจ: missing-official-evidence
ขวัญสรวง,ขวัน-สวง,,pending,pending,,,รอตรวจ: missing-official-evidence
ขวัญเอิง,ขวัน-เอิง,,pending,pending,,,รอตรวจ: missing-official-evidence
ขวัณนนท์,ขวัน-นน,,pending,pending,,,รอตรวจ: missing-official-evidence
ขวัณภรณ์,ขวัน-พอน,,pending,pending,,,รอตรวจ: missing-official-evidence
ขวาจอมทอง,ขวาม-จอม-ทอง,,pending,pending,,,รอตรวจ: missing-official-evidence
ขวานทองคำ,ขวธ-นาง-คำ,,pending,pending,,,รอตรวจ: missing-official-evidence
ขอนทอง,ขอน-ทอง,,pending,pending,,,รอตรวจ: missing-official-evidence
ขันคำ,ขัน-คำ,,pending,pending,,,รอตรวจ: missing-official-evidence
ขันทอง,ขัน-ทอง,,pending,pending,,,รอตรวจ: missing-official-evidence
ขันทะ,ขัน-ทะ,,pending,pending,,,รอตรวจ: missing-official-evidence
ขันธ์,ขัน,,pending,pending,,,รอตรวจ: missing-official-evidence
ขันธม่วง,ขัน-ทะ-ม่วง,,pending,pending,,,รอตรวจ: missing-official-evidence
ขันธรรม,ขัน-ทำ,,pending,pending,,,รอตรวจ: missing-official-evidence
ขันธสรณ์,ขัน-ทะ-สอน,,pending,pending,,,รอตรวจ: missing-official-evidence
ขันธาวาร,ขัน-ทา-วาน,,pending,pending,,,รอตรวจ: missing-official-evidence
ขันธุลา,ขัน-ทุ-ลา,,pending,pending,,,รอตรวจ: missing-official-evidence
ขัมน์,ขำ,,pending,pending,,,รอตรวจ: missing-official-evidence
ขิม,ขิม,,pending,pending,,,รอตรวจ: missing-official-evidence
ขิม่,ขิ-ม่,,pending,pending,,,รอตรวจ: missing-official-evidence
ขิมจันทร์,ขิม-จัน,,pending,pending,,,รอตรวจ: missing-official-evidence
ขิมน,ขิ-มน,,pending,pending,,,รอตรวจ: missing-official-evidence
ขิมนนท์,ขิม-นน,,pending,pending,,,รอตรวจ: missing-official-evidence
เขตประกร,เขด-ประ-กอน,,pending,pending,,,รอตรวจ: missing-official-evidence
เขตอนันต์,เขด-อัน-ตะ,,pending,pending,,,รอตรวจ: missing-official-evidence
เขมจิรา,เขม-จิ-รา,,pending,pending,,,รอตรวจ: missing-official-evidence
เขมนิจ,เข-มะ-นิด,,pending,pending,,,รอตรวจ: missing-official-evidence
เขมิณทรา,เข-มิน-ทรา,,pending,pending,,,รอตรวจ: missing-official-evidence
เขมินทรา,เข-มิน-ทรา,,pending,pending,,,รอตรวจ: missing-official-evidence
เขรกรรินทร์,เข-ระ-กริน,,pending,pending,,,รอตรวจ: missing-official-evidence
เขรกรลักษณ์,เขด-รก-ลัก,,pending,pending,,,รอตรวจ: missing-official-evidence
เขรคุณณัฐ,เขด-คุน-นัด,,pending,pending,,,รอตรวจ: missing-official-evidence
เขรจิราณัฐ,เขด-ริ-จา-รัน-นะ-ดิ,,pending,pending,,,รอตรวจ: missing-official-evidence
เขรจิราธรรม,เขด-จิ-รา-ทำ,,pending,pending,,,รอตรวจ: missing-official-evidence
เขรจิราวรรณ,เขด-จะ-ริ-วา-รัน,,pending,pending,,,รอตรวจ: missing-official-evidence
เขรญารินทร์,เข-ยา-ริน,,pending,pending,,,รอตรวจ: missing-official-evidence
เขรญาลักษณ์,เขด-รา-ยัล,,pending,pending,,,รอตรวจ: missing-official-evidence
เขรณัฐคุณ,เขด-นัด-คุน,,pending,pending,,,รอตรวจ: missing-official-evidence
เขรณัฐจิรา,เขด-นัน-จิ-รา,,pending,pending,,,รอตรวจ: missing-official-evidence
เขรณัฐนนท์,เข-ระ-นัน-ทะ,,pending,pending,,,รอตรวจ: missing-official-evidence
เขรณัฐภัทร,เข-ระ-นัด-พัด,,pending,pending,,,รอตรวจ: missing-official-evidence
เขรณัฐวรรณ,เขด-นัน-วัด,,pending,pending,,,รอตรวจ: missing-official-evidence
เขรณัฐวิชญ์,เข-ระ-นัด-ถะ-วิด,,pending,pending,,,รอตรวจ: missing-official-evidence
เขรณัฐอร,เข-ระ-นัด-ออน,,pending,pending,,,รอตรวจ: missing-official-evidence
เขรธรนนท์,เขด-ทอ-ระ-นน,,pending,pending,,,รอตรวจ: missing-official-evidence
เขรธรรมจิรา,เข-ทอน-มิ-จิ-รา,,pending,pending,,,รอตรวจ: missing-official-evidence
เขรธรรมนนท์,เขด-ทำ-มะ-นน,,pending,pending,,,รอตรวจ: missing-official-evidence
เขรธรรมวรรณ,เขด-ซำ-มะ-วัน,,pending,pending,,,รอตรวจ: missing-official-evidence
เขรธรลักษณ์,เขด-ระ-ลัก,,pending,pending,,,รอตรวจ: missing-official-evidence
เขรธรวิชญ์,เข-ระ-ทระ-วิด,,pending,pending,,,รอตรวจ: missing-official-evidence
เขรนนท์ณัฐ,เข-รน-นะ-นัด,,pending,pending,,,รอตรวจ: missing-official-evidence
เขรนนท์ธร,เข-รน-ทอน,,pending,pending,,,รอตรวจ: missing-official-evidence
เขรนนท์ธรรม,เข-นอน-ทำ,,pending,pending,,,รอตรวจ: missing-official-evidence
เขรภัทรณัฐ,เข-ระ-พัด-ทระ-นัด,,pending,pending,,,รอตรวจ: missing-official-evidence
เขรรินทร์กร,เขด-นิ-ทะ-กอน,,pending,pending,,,รอตรวจ: missing-official-evidence
เขรรินทร์ญา,เข-ระ-นิ-ยา,,pending,pending,,,รอตรวจ: missing-official-evidence
เขรวรรณณัฐ,เข-ระ-วัน-นัด,,pending,pending,,,รอตรวจ: missing-official-evidence
เขรวิชญ์ธร,เข-ระ-วิด-ทอน,,pending,pending,,,รอตรวจ: missing-official-evidence
เขรอรณัฐ,เขอ-ระ-นัด,,pending,pending,,,รอตรวจ: missing-official-evidence
เขรินกรณัฐ,เข-ริน-กอ-ระ-นัด,,pending,pending,,,รอตรวจ: missing-official-evidence
เขรินญาณัฐ,เข-ริ-ยา-นัด,,pending,pending,,,รอตรวจ: missing-official-evidence
เขรินณัฐกร,เข-ริน-นัด-ถะ-กอน,,pending,pending,,,รอตรวจ: missing-official-evidence
เขรินณัฐญา,เข-ริน-นัด-ถะ-ยา,,pending,pending,,,รอตรวจ: missing-official-evidence
เขรินณัฐอร,เข-ริน-นัด-ถอน,,pending,pending,,,รอตรวจ: missing-official-evidence
เขรินวรรณ,เข-ริน-วัน,,pending,pending,,,รอตรวจ: missing-official-evidence
เขรินวิชญ์,เข-ริน-วิด,,pending,pending,,,รอตรวจ: missing-official-evidence
เขรินอรณัฐ,เข-ริน-อะ-นัด,,pending,pending,,,รอตรวจ: missing-official-evidence
เขวกร,เข-วะ-กอน,,pending,pending,,,รอตรวจ: missing-official-evidence
เขวกรวิชญ์,เข-วะ-กระ-วิด,,pending,pending,,,รอตรวจ: missing-official-evidence
เขวคุณนนท์,เขด-คุน-นะ-นน,,pending,pending,,,รอตรวจ: missing-official-evidence
เขวญา,เข-วะ-ยา,,pending,pending,,,รอตรวจ: missing-official-evidence
เขวญาวิชญ์,เข-วะ-ยา-วิด,,pending,pending,,,รอตรวจ: missing-official-evidence
เขวณัฐธร,เข-วะ-นัด-ทอน,,pending,pending,,,รอตรวจ: missing-official-evidence
เขวณัฐธรรม,เข-วะ-นัด-ถะ-ทำ,,pending,pending,,,รอตรวจ: missing-official-evidence
เขวธรณัฐ,เข-วะ-ทะ-นัด,,pending,pending,,,รอตรวจ: missing-official-evidence
เขวธรรมณัฐ,เข-มะ-ทะ-นัน-ด้,,pending,pending,,,รอตรวจ: missing-official-evidence
เขวนนท์คุณ,เข-วน-คุน,,pending,pending,,,รอตรวจ: missing-official-evidence
เขวนนท์อร,เข-วน-ออน,,pending,pending,,,รอตรวจ: missing-official-evidence
เขววิชญ์กร,เข-วะ-วิด-กอน,,pending,pending,,,รอตรวจ: missing-official-evidence
เขววิชญ์ญา,เขว-วิด-ยา,,pending,pending,,,รอตรวจ: missing-official-evidence
เขววิชญ์อร,เข-วะ-วิด-ออน,,pending,pending,,,รอตรวจ: missing-official-evidence
เขวอรนนท์,เข-วอ-ระ-นน,,pending,pending,,,รอตรวจ: missing-official-evidence
เขวอรวิชญ์,เข-อะ-วะ-ริด,,pending,pending,,,รอตรวจ: missing-official-evidence
เขวิกร,ขะ-เวิน-กอน,,pending,pending,,,รอตรวจ: missing-official-evidence
เขวิกรญา,เข-วิน-ยะ-กา,,pending,pending,,,รอตรวจ: missing-official-evidence
เขวิกรธรรม,เข-วิ-กระ-ทำ,,pending,pending,,,รอตรวจ: missing-official-evidence
เขวิคุณ,เข-วิ-คุน,,pending,pending,,,รอตรวจ: missing-official-evidence
เขวิคุณณัฐ,เข-วิ-คุน-นัด,,pending,pending,,,รอตรวจ: missing-official-evidence
เขวิญา,เข-วิ-ยา,,pending,pending,,,รอตรวจ: missing-official-evidence
เขวิญาธรรม,เข-วิ-ยา-ทำ,,pending,pending,,,รอตรวจ: missing-official-evidence
เขวิณัฐคุณ,เข-วิ-นัด-คุน,,pending,pending,,,รอตรวจ: missing-official-evidence
เขวิณัฐธร,เข-วิ-นัด-ถะ-กอน,,pending,pending,,,รอตรวจ: missing-official-evidence
เขวิณัฐอร,เข-วิ-นัด,,pending,pending,,,รอตรวจ: missing-official-evidence
เขวิธรณัฐ,เข-วิ-ทะ-นะ-รัด,,pending,pending,,,รอตรวจ: missing-official-evidence
เขวิธรนนท์,เข-วิ-ทะ-นะ-รน,,pending,pending,,,รอตรวจ: missing-official-evidence
เขวิธรรมกร,เข-วิ-ทำ-มะ-กอน,,pending,pending,,,รอตรวจ: missing-official-evidence
เขวิธรรมญา,เข-วิ-ทำ-ยา,,pending,pending,,,รอตรวจ: missing-official-evidence
เขวิธรรมอร,เข-วิ-ทำ-มอน,,pending,pending,,,รอตรวจ: missing-official-evidence
เขวิธรวรรณ,เข-วิ-ทอน-วัน,,pending,pending,,,รอตรวจ: missing-official-evidence
เขวินนท์ธร,เข-วิน-ทอน,,pending,pending,,,รอตรวจ: missing-official-evidence
เขวินนท์อร,เข-วิน-นอน,,pending,pending,,,รอตรวจ: missing-official-evidence
เขวิภัทร,เข-วิ-พัด,,pending,pending,,,รอตรวจ: missing-official-evidence
เขวิรินทร์,เข-วิ-ริน,,pending,pending,,,รอตรวจ: missing-official-evidence
เขวิวรรณธร,เข-วิ-นัน,,pending,pending,,,รอตรวจ: missing-official-evidence
เขวิอร,เข-วิ-ออน,,pending,pending,,,รอตรวจ: missing-official-evidence
เขวิอรณัฐ,เข-วิ-ออน-นัด,,pending,pending,,,รอตรวจ: missing-official-evidence
เขวิอรธรรม,เข-วิ-ทอน-มำ,,pending,pending,,,รอตรวจ: missing-official-evidence
เขวิอรนนท์,เข-วิ-ออน-นน,,pending,pending,,,รอตรวจ: missing-official-evidence
แข็งแรง,แข็ง-แรง,,pending,pending,,,รอตรวจ: missing-official-evidence
โขธรกร,โข-ทะ-ระ-กอน,,pending,pending,,,รอตรวจ: missing-official-evidence
โขธรกรญา,โข-ทอน-กะ-ระ-ยา,,pending,pending,,,รอตรวจ: missing-official-evidence
โขธรกรธรรม,โขด-ซะ-กำ-ทะ-ระ,,pending,pending,,,รอตรวจ: missing-official-evidence
โขธรกรวิชญ์,โข-ทะ-ระ-กอน-วิด,,pending,pending,,,รอตรวจ: missing-official-evidence
โขธรคุณ,โขด-ทะ-รุน,,pending,pending,,,รอตรวจ: missing-official-evidence
โขธรคุณณัฐ,โขด-ทะ-รุน-นัด,,pending,pending,,,รอตรวจ: missing-official-evidence
โขธรคุณธรรม,โขด-คะ-ทะ-รุน-คุ-ทำ,,pending,pending,,,รอตรวจ: missing-official-evidence
โขธรคุณนนท์,โขด-ทะ-รุน-นน,,pending,pending,,,รอตรวจ: missing-official-evidence
โขธรญา,โขด-ทะ-ระ-ยา,,pending,pending,,,รอตรวจ: missing-official-evidence
โขธรญาธรรม,โขด-ซะ-ทา-ระ-ยะ-ทำ,,pending,pending,,,รอตรวจ: missing-official-evidence
โขธรญาวิชญ์,โขด-ทรา-ยา-วิด,,pending,pending,,,รอตรวจ: missing-official-evidence
โขธรณัฐคุณ,โขด-ทะ-นัน-คุ-นะ,,pending,pending,,,รอตรวจ: missing-official-evidence
โขธรณัฐธร,โข-ทะ-ระ-นัด-ถะ-ทอน,,pending,pending,,,รอตรวจ: missing-official-evidence
โขธรณัฐภัทร,โข-ทะ-นะ-รัด-ถะ-พัด,,pending,pending,,,รอตรวจ: missing-official-evidence
โขธรณัฐวรรณ,โขด-ทะ-นัน-ระ-วัด,,pending,pending,,,รอตรวจ: missing-official-evidence
โขธรณัฐอร,โข-ทะ-นอ-ระ-อัด,,pending,pending,,,รอตรวจ: missing-official-evidence
โขธรธรณัฐ,โข-ทอ-ระ-ทะ-นัด,,pending,pending,,,รอตรวจ: missing-official-evidence
โขธรธรนนท์,โขด-ทะ-ระ-ทน,,pending,pending,,,รอตรวจ: missing-official-evidence
โขธรธรรมกร,โขด-ซะ-ทำ-มะ-กอน,,pending,pending,,,รอตรวจ: missing-official-evidence
โขธรธรรมคุณ,โขด-ทำ-มะ-ทุน-คอน,,pending,pending,,,รอตรวจ: missing-official-evidence
โขธรธรรมญา,โขด-ทำ-มะ-ทะ-ยา,,pending,pending,,,รอตรวจ: missing-official-evidence
โขธรธรรมอร,โข-ทอ-ระ-ทำ-มะ-ออน,,pending,pending,,,รอตรวจ: missing-official-evidence
โขธรธรวรรณ,โขด-ซะ-ทะ-ระ-วัน,,pending,pending,,,รอตรวจ: missing-official-evidence
โขธรนนท์คุณ,โขด-ซะ-นะ-คุน,,pending,pending,,,รอตรวจ: missing-official-evidence
โขธรนนท์ธร,โขด-ซะ-นะ-นน,,pending,pending,,,รอตรวจ: missing-official-evidence
โขธรนนท์อร,โขด-ทอน-นอน,,pending,pending,,,รอตรวจ: missing-official-evidence
โขธรภัทร,โข-ทอน-รัด,,pending,pending,,,รอตรวจ: missing-official-evidence
โขธรภัทรณัฐ,โข-ทอน-รัด-นัด,,pending,pending,,,รอตรวจ: missing-official-evidence
โขธรรินทร์,โข-ทะ-ระ-นิน,,pending,pending,,,รอตรวจ: missing-official-evidence
โขธรวรรณณัฐ,โข-ทะ-วัน-นะ-วัด,,pending,pending,,,รอตรวจ: missing-official-evidence
โขธรวรรณธร,โข-ทะ-วัน-ทะ-ระ-นะ,,pending,pending,,,รอตรวจ: missing-official-evidence
โขธรวิชญ์กร,โข-ทะ-ระ-วิด-ชะ-กอน,,pending,pending,,,รอตรวจ: missing-official-evidence
โขธรวิชญ์ญา,โขด-ซะ-วิด-ชะ-ยา,,pending,pending,,,รอตรวจ: missing-official-evidence
โขธรอร,โข-ทอ-รอน,,pending,pending,,,รอตรวจ: missing-official-evidence
โขธรอรณัฐ,โข-ทอ-รอน-นัด,,pending,pending,,,รอตรวจ: missing-official-evidence
โขธรอรธรรม,โขด-อะ-ทอน-ระ-มี,,pending,pending,,,รอตรวจ: missing-official-evidence
โขธรอรนนท์,โข-ทอ-รอน-นน,,pending,pending,,,รอตรวจ: missing-official-evidence
โขรินกร,ขะ-เริน-กอน,,pending,pending,,,รอตรวจ: missing-official-evidence
โขรินกรณัฐ,ขะ-เริน-กอน-นัด,,pending,pending,,,รอตรวจ: missing-official-evidence
โขรินกรธรรม,ขะ-โริน-กรม-รด,,pending,pending,,,รอตรวจ: missing-official-evidence
โขรินกรนนท์,ขะ-เริน-กอน-นน,,pending,pending,,,รอตรวจ: missing-official-evidence
โขรินญา,โข-ริน-ยา,,pending,pending,,,รอตรวจ: missing-official-evidence
โขรินญาณัฐ,โข-ริน-ยา-นัด,,pending,pending,,,รอตรวจ: missing-official-evidence
โขรินณัฐกร,โข-ริน-นัด-ถะ-กอน,,pending,pending,,,รอตรวจ: missing-official-evidence
โขรินณัฐญา,โข-ริน-นัด-ยา,,pending,pending,,,รอตรวจ: missing-official-evidence
โขรินณัฐธร,โข-ริน-นัด-ทะ-นะ,,pending,pending,,,รอตรวจ: missing-official-evidence
โขรินธรณัฐ,ขะ-ริน-ทอ-ระ-นัด,,pending,pending,,,รอตรวจ: missing-official-evidence
โขรินธรรม,ขะ-ริน-ทำ,,pending,pending,,,รอตรวจ: missing-official-evidence
โขรินวิชญ์,โข-ริน-วิด,,pending,pending,,,รอตรวจ: missing-official-evidence
โขวิทญาณัฐ,ขะ-วิด-ยา-นัด,,pending,pending,,,รอตรวจ: missing-official-evidence
โขวิทณัฐกร,โข-วิด-ทะ-นัด-ถะ-กอน,,pending,pending,,,รอตรวจ: missing-official-evidence
โขวิทณัฐญา,โขว-ทิด-นัด-ยา,,pending,pending,,,รอตรวจ: missing-official-evidence
โขวิทณัฐอร,โขว-ทิด-อะ-นัด,,pending,pending,,,รอตรวจ: missing-official-evidence
โขวิทวรรณ,โข-วิด-ทะ-วัน,,pending,pending,,,รอตรวจ: missing-official-evidence
โขวิทวิชญ์,โข-วิด-ทะ-ยิด,,pending,pending,,,รอตรวจ: missing-official-evidence
โขวิทอรณัฐ,โขว-ทิ-อะ-นัด,,pending,pending,,,รอตรวจ: missing-official-evidence
โขวินกรคุณ,ขวิ-วน-กอน-คน,,pending,pending,,,รอตรวจ: missing-official-evidence
โขวินกรณัฐ,ขวิ-วอน-กะ-นัด,,pending,pending,,,รอตรวจ: missing-official-evidence
โขวินกรอร,ขวา-วิน-กรอน,,pending,pending,,,รอตรวจ: missing-official-evidence
โขวินคุณกร,โขว-นิน-คุน-กะ-รบ,,pending,pending,,,รอตรวจ: missing-official-evidence
โขวินคุณญา,โขว-นิ-คุ-ยา,,pending,pending,,,รอตรวจ: missing-official-evidence
โขวินคุณอร,ขวะ-เหนิน-คุน-ออน,,pending,pending,,,รอตรวจ: missing-official-evidence
โขวินจิรา,โขว-จิน-จิ-รา,,pending,pending,,,รอตรวจ: missing-official-evidence
โขวินญาคุณ,โขว-นิ-ยา-คุน,,pending,pending,,,รอตรวจ: missing-official-evidence
โขวินญาณัฐ,โขว-ลิ-ยา-นัด,,pending,pending,,,รอตรวจ: missing-official-evidence
โขวินญาอร,ขวิ-ยาน-ออน,,pending,pending,,,รอตรวจ: missing-official-evidence
โขวินณัฐกร,โข-วิน-นัด-ถะ-กอน,,pending,pending,,,รอตรวจ: missing-official-evidence
โขวินณัฐญา,โขว-ลิด-นัด,,pending,pending,,,รอตรวจ: missing-official-evidence
โขวินนนท์,ขวิ-นิน,,pending,pending,,,รอตรวจ: missing-official-evidence
โขวินวรรณ,โขว-วิ-นัน,,pending,pending,,,รอตรวจ: missing-official-evidence
โขวินวิชญ์,โข-วิน-วิด,,pending,pending,,,รอตรวจ: missing-official-evidence
โขวินอรกร,โข-วิน-อะ-ระ-กอน,,pending,pending,,,รอตรวจ: missing-official-evidence
โขวินอรคุณ,โขว-นิ-อะ-คุน,,pending,pending,,,รอตรวจ: missing-official-evidence
โขวินอรญา,โข-วิน-อะ-ยา,,pending,pending,,,รอตรวจ: missing-official-evidence
ไขธรกร,ไข-ทะ-ระ-กอน,,pending,pending,,,รอตรวจ: missing-official-evidence
ไขธรกรณัฐ,ไข-ทะ-ระ-กอน-นัด,,pending,pending,,,รอตรวจ: missing-official-evidence
ไขธรกรธรรม,ไข-ทอ-ระ-กำ,,pending,pending,,,รอตรวจ: missing-official-evidence
ไขธรกรนนท์,ไข-ทะ-ระ-กอน-นน,,pending,pending,,,รอตรวจ: missing-official-evidence
ไขธรจิราธร,ไข-ทระ-รา-จิ-ทอน,,pending,pending,,,รอตรวจ: missing-official-evidence
ไขธรจิราอร,ไข-ทริ-จาน-อิ-รา,,pending,pending,,,รอตรวจ: missing-official-evidence
ไขธรญา,ไข-ทะ-ระ-ยา,,pending,pending,,,รอตรวจ: missing-official-evidence
ไขธรญาณัฐ,ไข-ทะ-ระ-ยา-นัด,,pending,pending,,,รอตรวจ: missing-official-evidence
ไขธรญาธรรม,ไข-ทะ-ระ-ยา-ระ-ทำ,,pending,pending,,,รอตรวจ: missing-official-evidence
ไขธรญานนท์,ไข-ทะ-ระ-ยา-นน,,pending,pending,,,รอตรวจ: missing-official-evidence
ไขธรณัฐกร,ไข-ทะ-รัน-นะ-กอน,,pending,pending,,,รอตรวจ: missing-official-evidence
ไขธรณัฐญา,ไข-ทะ-รัน-ดา,,pending,pending,,,รอตรวจ: missing-official-evidence
ไขธรณัฐธร,ไข-ทะ-ระ-นัด-ถะ-ทอน,,pending,pending,,,รอตรวจ: missing-official-evidence
ไขธรธรจิรา,ไข-ทระ-รา-จิ-ทรา,,pending,pending,,,รอตรวจ: missing-official-evidence
ไขธรธรณัฐ,ไข-ทอ-ระ-นะ-ทัด,,pending,pending,,,รอตรวจ: missing-official-evidence
ไขธรธรธรรม,ไข-ทะ-ระ-ทำ,,pending,pending,,,รอตรวจ: missing-official-evidence
ไขธรธรรม,ไข-ทำ-ระ-ทิม,,pending,pending,,,รอตรวจ: missing-official-evidence
ไขธรธรรมกร,ไข-ทำ-ระ-ทิม-กอน,,pending,pending,,,รอตรวจ: missing-official-evidence
ไขธรธรรมญา,ไข-ทำ-กะ-ระ-ยา,,pending,pending,,,รอตรวจ: missing-official-evidence
ไขธรธรรมธร,ไข-ทำ-ทะ-ระ-ทอม,,pending,pending,,,รอตรวจ: missing-official-evidence
ไขธรธรรมอร,ไข-ทำ-ระ-ทิม-ออน,,pending,pending,,,รอตรวจ: missing-official-evidence
ไขธรธรวรรณ,ไข-ทระ-ทอ-ระ-วัน,,pending,pending,,,รอตรวจ: missing-official-evidence
ไขธรนนท์กร,ไข-ทอ-ระ-นะ-กน,,pending,pending,,,รอตรวจ: missing-official-evidence
ไขธรนนท์ญา,ไข-ทอ-ระ-นะ-ยา,,pending,pending,,,รอตรวจ: missing-official-evidence
ไขธรรินทร์,ไข-ทัน-นิ,,pending,pending,,,รอตรวจ: missing-official-evidence
ไขธรวรรณธร,ไข-ทอ-ระ-วัน,,pending,pending,,,รอตรวจ: missing-official-evidence
ไขธรวิชญ์,ไข-ทะ-ระ-วิด,,pending,pending,,,รอตรวจ: missing-official-evidence
ไขธรอรจิรา,ไข-ทอ-ระ-อะ-จิ-รา,,pending,pending,,,รอตรวจ: missing-official-evidence
ไขธรอรธรรม,ไข-ทอ-ระ-ทอน,,pending,pending,,,รอตรวจ: missing-official-evidence
ไขรินคุณธร,ไข-ริน-คุน-นะ-คอน,,pending,pending,,,รอตรวจ: missing-official-evidence
ไขรินคุณอร,ไข-ริน-คุน-ออน,,pending,pending,,,รอตรวจ: missing-official-evidence
ไขรินณัฐ,ไข-ริน-นัด,,pending,pending,,,รอตรวจ: missing-official-evidence
ไขรินณัฐธร,ไข-ริน-นะ-ทัด,,pending,pending,,,รอตรวจ: missing-official-evidence
ไขรินธรคุณ,ไข-ริน-ทอ-ระ-คุน,,pending,pending,,,รอตรวจ: missing-official-evidence
ไขรินธรณัฐ,ไข-ริน-ทอน-นัด,,pending,pending,,,รอตรวจ: missing-official-evidence
ไขรินธรรม,ไข-ริน-ทำ,,pending,pending,,,รอตรวจ: missing-official-evidence
ไขรินธรอร,ไข-ริน-ทอ-ระ,,pending,pending,,,รอตรวจ: missing-official-evidence
ไขรินนนท์,ไข-ริ-นน,,pending,pending,,,รอตรวจ: missing-official-evidence
ไขรินอรธร,ไข-ริน-ออน,,pending,pending,,,รอตรวจ: missing-official-evidence
ไขวรกรคุณ,ไขว-ระ-กอน-คุน,,pending,pending,,,รอตรวจ: missing-official-evidence
ไขวรกรณัฐ,ไข-วอ-ระ-นะ-กอน-รัด,,pending,pending,,,รอตรวจ: missing-official-evidence
ไขวรกรอร,ไข-วอน-กรอ,,pending,pending,,,รอตรวจ: missing-official-evidence
ไขวรคุณกร,ไขว-ระ-คุน-นะ-กอน,,pending,pending,,,รอตรวจ: missing-official-evidence
ไขวรคุณญา,ไขว-รุน-คุ-ยา,,pending,pending,,,รอตรวจ: missing-official-evidence
ไขวรคุณอร,ไขว-คอน-อุ-นอน,,pending,pending,,,รอตรวจ: missing-official-evidence
ไขวรจิรา,ไขว-ริ-จะ-รา,,pending,pending,,,รอตรวจ: missing-official-evidence
ไขวรญาคุณ,ไขร-อะ-นา-ยุก,,pending,pending,,,รอตรวจ: missing-official-evidence
ไขวรญาณัฐ,ไข-รอ-ยา-นัด,,pending,pending,,,รอตรวจ: missing-official-evidence
ไขวรญาอร,ไข-วอน-ยา-ออน,,pending,pending,,,รอตรวจ: missing-official-evidence
ไขวรณัฐกร,ไข-วอ-ระ-นัด-ถะ-กอน,,pending,pending,,,รอตรวจ: missing-official-evidence
ไขวรณัฐญา,ไข-ระ-นะ-วัด-ถะ-ยา,,pending,pending,,,รอตรวจ: missing-official-evidence
ไขวรนนท์,ไข-วะ-รน,,pending,pending,,,รอตรวจ: missing-official-evidence
ไขวรวรรณ,ไขว-ระ-วัน,,pending,pending,,,รอตรวจ: missing-official-evidence
ไขวรวิชญ์,ไข-รวด-ชิ,,pending,pending,,,รอตรวจ: missing-official-evidence
ไขวรอรกร,ไขว-รอ-ระ-กอน,,pending,pending,,,รอตรวจ: missing-official-evidence
ไขวรอรคุณ,ไขว-รอ-คุน,,pending,pending,,,รอตรวจ: missing-official-evidence
ไขวรอรญา,ไข-รอน-อา-ยา,,pending,pending,,,รอตรวจ: missing-official-evidence
ไขวินกรญา,ไข-วิน-กอ-ระ-ยา,,pending,pending,,,รอตรวจ: missing-official-evidence
ไขวินกรอร,ไขว-นิก-ขอ-รอ,,pending,pending,,,รอตรวจ: missing-official-evidence
ไขวินคุณ,ไขว-นิน,,pending,pending,,,รอตรวจ: missing-official-evidence
ไขวินจิรา,ไข-วิน-จิ-รา,,pending,pending,,,รอตรวจ: missing-official-evidence
ไขวินญาอร,ไขว-นิ-ยา,,pending,pending,,,รอตรวจ: missing-official-evidence
ไขวินณัฐ,ไขว-นิ-ถั,,pending,pending,,,รอตรวจ: missing-official-evidence
ไขวินธรอร,ไข-วิน-ทอน,,pending,pending,,,รอตรวจ: missing-official-evidence
ไขวินนนท์,ไข-วิน-นน,,pending,pending,,,รอตรวจ: missing-official-evidence
ไขวินภัทร,ไข-วิน-พัด,,pending,pending,,,รอตรวจ: missing-official-evidence
ไขวินวรรณ,ไขว-นิว,,pending,pending,,,รอตรวจ: missing-official-evidence
ไขวินอร,ไขว-นิ-ออน,,pending,pending,,,รอตรวจ: missing-official-evidence
ไขวินอรกร,ไขว-นิ-ออน-กอน,,pending,pending,,,รอตรวจ: missing-official-evidence
ไขวินอรญา,ไข-วิน-อะ-ยา,,pending,pending,,,รอตรวจ: missing-official-evidence
ไขวินอรธร,ไขว-อิน-ทรอ,,pending,pending,,,รอตรวจ: missing-official-evidence
คคนะ,คะ-คะ-นะ,,pending,pending,,,รอตรวจ: missing-official-evidence
คคนานต์,คะ-คะ-นาน,,pending,pending,,,รอตรวจ: missing-official-evidence
คง,คง,,pending,pending,,,รอตรวจ: missing-official-evidence
คงคา,คง-คา,,pending,pending,,,รอตรวจ: missing-official-evidence
คงแคล้ว,คง-แคล้ว,,pending,pending,,,รอตรวจ: missing-official-evidence
คงจันทร์,คง-จัน,,pending,pending,,,รอตรวจ: missing-official-evidence
คงเจริญ,คง-จะ-เริน,,pending,pending,,,รอตรวจ: missing-official-evidence
คงเพชร,คง-เพ็ด,,pending,pending,,,รอตรวจ: missing-official-evidence
คงวัดใหม่,คง-วัด-ไหม่,,pending,pending,,,รอตรวจ: missing-official-evidence
คงวิไล,คง-วิ-ไล,,pending,pending,,,รอตรวจ: missing-official-evidence
คงเวหน,คง-เวน,,pending,pending,,,รอตรวจ: missing-official-evidence
คงอ่อน,คง-อ่อน,,pending,pending,,,รอตรวจ: missing-official-evidence
คงอาจหาญ,คง-อาด-หาน,,pending,pending,,,รอตรวจ: missing-official-evidence
คชษิน,คด-สะ-ชิน,,pending,pending,,,รอตรวจ: missing-official-evidence
คชาธร,คะ-ชา-ทอน,,pending,pending,,,รอตรวจ: missing-official-evidence
คชิน,คะ-ชิน,,pending,pending,,,รอตรวจ: missing-official-evidence
คณกมลทอง,คะ-นะ-กะ-มน-ทอง,,pending,pending,,,รอตรวจ: missing-official-evidence
คณกร,คะ-นะ-กอน,,pending,pending,,,รอตรวจ: missing-official-evidence
คณทอง,คน-ทอง,,pending,pending,,,รอตรวจ: missing-official-evidence
คณทองคำ,คน-ทอง-คำ,,pending,pending,,,รอตรวจ: missing-official-evidence
คณนภัค,คะ-นน-นะ-พัก,,pending,pending,,,รอตรวจ: missing-official-evidence
คณนันท์,คะ-นะ-นัน,,pending,pending,,,รอตรวจ: missing-official-evidence
คณภณ,คะ-นะ-พน,,pending,pending,,,รอตรวจ: missing-official-evidence
คณภร,คะ-นะ-พอน,,pending,pending,,,รอตรวจ: missing-official-evidence
คณภรณ์,คะ-นะ-พอน,,pending,pending,,,รอตรวจ: missing-official-evidence
คณภัทร,คะ-นะ-พัด,,pending,pending,,,รอตรวจ: missing-official-evidence
คณม,คะ-นม,,pending,pending,,,รอตรวจ: missing-official-evidence
คณวัท,คะ-นะ-วัด,,pending,pending,,,รอตรวจ: missing-official-evidence
คณวิน,คะ-นะ-วิน,,pending,pending,,,รอตรวจ: missing-official-evidence
คณวินธร,คะ-นะ-วิน-ทอน,,pending,pending,,,รอตรวจ: missing-official-evidence
คณัช,คะ-นัด,,pending,pending,,,รอตรวจ: missing-official-evidence
คณัท,คะ-นัด,,pending,pending,,,รอตรวจ: missing-official-evidence
คณัทธร,คะ-นัด-ทอน,,pending,pending,,,รอตรวจ: missing-official-evidence
คณัทวิน,คะ-นัด-วิน,,pending,pending,,,รอตรวจ: missing-official-evidence
คณา,คะ-นา,,pending,pending,,,รอตรวจ: missing-official-evidence
คณาธร,คะ-นา-ทอน,,pending,pending,,,รอตรวจ: missing-official-evidence
คณาธิป,คะ-นา-ทิบ,,pending,pending,,,รอตรวจ: missing-official-evidence
คณานัท,คะ-นา-นัด,,pending,pending,,,รอตรวจ: missing-official-evidence
คณามัน,คะ-นา-มัน,,pending,pending,,,รอตรวจ: missing-official-evidence
คณาวัน,คะ-นา-วัน,,pending,pending,,,รอตรวจ: missing-official-evidence
คณิญา,คะ-นิ-ยา,,pending,pending,,,รอตรวจ: missing-official-evidence
คณิณ,คะ-นิน,,pending,pending,,,รอตรวจ: missing-official-evidence
คณิณวิน,คะ-นิน-วิน,,pending,pending,,,รอตรวจ: missing-official-evidence
คณิน,คะ-นิน,,pending,pending,,,รอตรวจ: missing-official-evidence
คณินท์,คะ-นิน,,pending,pending,,,รอตรวจ: missing-official-evidence
คณินทน,คะ-นิน-ทน,,pending,pending,,,รอตรวจ: missing-official-evidence
คณินทร์,คะ-นิน,,pending,pending,,,รอตรวจ: missing-official-evidence
คณินธร,คะ-นิน-ทอน,,pending,pending,,,รอตรวจ: missing-official-evidence
คณิศ,คะ-นิด,,pending,pending,,,รอตรวจ: missing-official-evidence
คณิศธร,คะ-นิด-ทอน,,pending,pending,,,รอตรวจ: missing-official-evidence
คณิศร,คะ-นิด-สอน,,pending,pending,,,รอตรวจ: missing-official-evidence
คณิสร,คะ-นิ-สอน,,pending,pending,,,รอตรวจ: missing-official-evidence
คณิสรน,คะ-นิ-สอน-สน,,pending,pending,,,รอตรวจ: missing-official-evidence
คนานถ์,คะ-นาด,,pending,pending,,,รอตรวจ: missing-official-evidence
คนารัน,คะ-นา-รัน,,pending,pending,,,รอตรวจ: missing-official-evidence
คนิศร,คะ-นิ-สอน,,pending,pending,,,รอตรวจ: missing-official-evidence
คปิน,คะ-ปิน,,pending,pending,,,รอตรวจ: missing-official-evidence
คม,คม,,pending,pending,,,รอตรวจ: missing-official-evidence
คมกร,คม-กอน,,pending,pending,,,รอตรวจ: missing-official-evidence
คมคณินณ์,คม-คะ-นิน,,pending,pending,,,รอตรวจ: missing-official-evidence
คมฐณิษฎ์,คม-ถะ-นิด,,pending,pending,,,รอตรวจ: missing-official-evidence
คมธันวา,คม-มะ-ทัน-วา,,pending,pending,,,รอตรวจ: missing-official-evidence
คมน,คะ-มน,,pending,pending,,,รอตรวจ: missing-official-evidence
คมภัทร,คม-พัด-ทรอ,,pending,pending,,,รอตรวจ: missing-official-evidence
คมศักดิ์,คม-สัก,,pending,pending,,,รอตรวจ: missing-official-evidence
คมอนันต์,คม-อะ-นัน,,pending,pending,,,รอตรวจ: missing-official-evidence
คมัก,คะ-มัก,,pending,pending,,,รอตรวจ: missing-official-evidence
คมิก,คะ-มิก,,pending,pending,,,รอตรวจ: missing-official-evidence
ครคง,คระ-คง,,pending,pending,,,รอตรวจ: missing-official-evidence
ครองใจ,ครอง-ไจ,,pending,pending,,,รอตรวจ: missing-official-evidence
ครองตน,ครอง-ตน,,pending,pending,,,รอตรวจ: missing-official-evidence
ครองรัก,ครอง-รัก,,pending,pending,,,รอตรวจ: missing-official-evidence
คริณ,คริน,,pending,pending,,,รอตรวจ: missing-official-evidence
คริณท์,คะ-ริน,,pending,pending,,,รอตรวจ: missing-official-evidence
คริณธร,คะ-ริน-ทอน,,pending,pending,,,รอตรวจ: missing-official-evidence
คริณธา,คะ-ริน-ทา,,pending,pending,,,รอตรวจ: missing-official-evidence
คริณธิน,คะ-ริน-ทิน,,pending,pending,,,รอตรวจ: missing-official-evidence
คริณภัทร,คริน-พัด-ทรอ,,pending,pending,,,รอตรวจ: missing-official-evidence
คริณวิน,คริน-วิน,,pending,pending,,,รอตรวจ: missing-official-evidence
คริณา,คะ-ริ-นา,,pending,pending,,,รอตรวจ: missing-official-evidence
คริณาวิน,คะ-ริ-นา-วิน,,pending,pending,,,รอตรวจ: missing-official-evidence
คริศ,คะ-ริด,,pending,pending,,,รอตรวจ: missing-official-evidence
คริสตินา,คริด-ติ-นา,,pending,pending,,,รอตรวจ: missing-official-evidence
ครุธโกษา,ครุ-โกด-สา,,pending,pending,,,รอตรวจ: missing-official-evidence
ครุธหอม,ครุด-หอม,,pending,pending,,,รอตรวจ: missing-official-evidence
คล่อง,คล่อง,,pending,pending,,,รอตรวจ: missing-official-evidence
คลังเพชร,คลัง-เพ็ด,,pending,pending,,,รอตรวจ: missing-official-evidence
ควร,ควน,,pending,pending,,,รอตรวจ: missing-official-evidence
ควิณ,ควิน,,pending,pending,,,รอตรวจ: missing-official-evidence
ควินท์,ควิน,,pending,pending,,,รอตรวจ: missing-official-evidence
ควินธร,ควิน-ทอน,,pending,pending,,,รอตรวจ: missing-official-evidence
ควินน์,ควิน,,pending,pending,,,รอตรวจ: missing-official-evidence
ควินภัทร,ควิน-พัด,,pending,pending,,,รอตรวจ: missing-official-evidence
คหรุโจด,คะ-หรุ-โจด,,pending,pending,,,รอตรวจ: missing-official-evidence
คหัง,คะ-หัง,,pending,pending,,,รอตรวจ: missing-official-evidence
คหัสธรรม,คะ-หัด-ทำ,,pending,pending,,,รอตรวจ: missing-official-evidence
คอมแพงจันทร์,คอง-แพง-จัน,,pending,pending,,,รอตรวจ: missing-official-evidence
คะณา,คะ-นา,,pending,pending,,,รอตรวจ: missing-official-evidence
คักนาม,คัก-นาม,,pending,pending,,,รอตรวจ: missing-official-evidence
คันทะมน,คัน-ทะ-มน,,pending,pending,,,รอตรวจ: missing-official-evidence
คันทะมาร์ต,คัน-ทะ-มาด,,pending,pending,,,รอตรวจ: missing-official-evidence
คันทะราษฎร์,คัน-ทะ-ราด,,pending,pending,,,รอตรวจ: missing-official-evidence
คันทะวัน,คัน-ทะ-วัน,,pending,pending,,,รอตรวจ: missing-official-evidence
คันทิวัน,คัน-ทิ-วัน,,pending,pending,,,รอตรวจ: missing-official-evidence
คาคำลุน,คา-คำ-ลุน,,pending,pending,,,รอตรวจ: missing-official-evidence
คานทอง,คาน-ทอง,,pending,pending,,,รอตรวจ: missing-official-evidence
คาม,คาม,,pending,pending,,,รอตรวจ: missing-official-evidence
คามิน,คา-มิน,,pending,pending,,,รอตรวจ: missing-official-evidence
คามิม,คา-มิม,,pending,pending,,,รอตรวจ: missing-official-evidence
คาร,คาน,,pending,pending,,,รอตรวจ: missing-official-evidence
คารม,คา-รม,,pending,pending,,,รอตรวจ: missing-official-evidence
คาราห์,คา-รา,,pending,pending,,,รอตรวจ: missing-official-evidence
คาริน,คา-ริน,,pending,pending,,,รอตรวจ: missing-official-evidence
คาเรน,คา-เรน,,pending,pending,,,รอตรวจ: missing-official-evidence
คำ,คำ,,pending,pending,,,รอตรวจ: missing-official-evidence
คำจวง,คำ-จวง,,pending,pending,,,รอตรวจ: missing-official-evidence
คำจอง,คำ-จอง,,pending,pending,,,รอตรวจ: missing-official-evidence
คำนวน,คำ-นวน,,pending,pending,,,รอตรวจ: missing-official-evidence
คำมัน,คำ-มัน,,pending,pending,,,รอตรวจ: missing-official-evidence
คำมั่น,คำ-มั่น,,pending,pending,,,รอตรวจ: missing-official-evidence
คำรน,คำ-รน,,pending,pending,,,รอตรวจ: missing-official-evidence
คำรอบ,คำ-รอบ,,pending,pending,,,รอตรวจ: missing-official-evidence
คำอ้อ,คำ-อ้อ,,pending,pending,,,รอตรวจ: missing-official-evidence
คำออน,คำ-ออน,,pending,pending,,,รอตรวจ: missing-official-evidence
คิณภัทร,คิน-นะ-พัด,,pending,pending,,,รอตรวจ: missing-official-evidence
คิมนท์,คิ-มน,,pending,pending,,,รอตรวจ: missing-official-evidence
คิมหันต์,คิม-หัน,,pending,pending,,,รอตรวจ: missing-official-evidence
คิราจน,คิ-ราด,,pending,pending,,,รอตรวจ: missing-official-evidence
คิราธา,คิ-รา-ทา,,pending,pending,,,รอตรวจ: missing-official-evidence
คิราธิน,คิ-รา-ทิน,,pending,pending,,,รอตรวจ: missing-official-evidence
คิริ,คิ-ริ,,pending,pending,,,รอตรวจ: missing-official-evidence
คิริน,คิ-ริน,,pending,pending,,,รอตรวจ: missing-official-evidence
คิรินทน,คิ-ริน-ทน,,pending,pending,,,รอตรวจ: missing-official-evidence
คิรินธิน,คิ-ริ-นะ-ทิน,,pending,pending,,,รอตรวจ: missing-official-evidence
คิรินา,คิ-ริ-นา,,pending,pending,,,รอตรวจ: missing-official-evidence
คิริว,คิ-ริว,,pending,pending,,,รอตรวจ: missing-official-evidence
คีตะภัทร,คี-ตะ-พัด,,pending,pending,,,รอตรวจ: missing-official-evidence
คีรณ,คี-รน,,pending,pending,,,รอตรวจ: missing-official-evidence
คีรธร,คี-ระ-ทอน,,pending,pending,,,รอตรวจ: missing-official-evidence
คีรวัน,คี-ระ-วัน,,pending,pending,,,รอตรวจ: missing-official-evidence
คีรัช,คี-รัด,,pending,pending,,,รอตรวจ: missing-official-evidence
คีรัน,คี-รัน,,pending,pending,,,รอตรวจ: missing-official-evidence
คีรันต์,คี-รัน,,pending,pending,,,รอตรวจ: missing-official-evidence
คีรันท์,คี-รัน,,pending,pending,,,รอตรวจ: missing-official-evidence
คีรา,คี-รา,,pending,pending,,,รอตรวจ: missing-official-evidence
คีราธา,คี-รา-ทา,,pending,pending,,,รอตรวจ: missing-official-evidence
คีราธิน,คี-รา-ทิน,,pending,pending,,,รอตรวจ: missing-official-evidence
คีริน,คี-ริน,,pending,pending,,,รอตรวจ: missing-official-evidence
คีรินทร์,คี-ริน,,pending,pending,,,รอตรวจ: missing-official-evidence
คีรินธา,คี-ริน-ทา,,pending,pending,,,รอตรวจ: missing-official-evidence
คีรินา,คี-ริ-นา,,pending,pending,,,รอตรวจ: missing-official-evidence
คีรี,คี-รี,,pending,pending,,,รอตรวจ: missing-official-evidence
คุณกณนต,คุน-นะ-กะ-นะ-นะ,,pending,pending,,,รอตรวจ: missing-official-evidence
คุณกร,คุ-นา-กอน,,pending,pending,,,รอตรวจ: missing-official-evidence
คุณกะ,คุน-นะ-กะ,,pending,pending,,,รอตรวจ: missing-official-evidence
คุณกานต์,คุน-นะ-กาน,,pending,pending,,,รอตรวจ: missing-official-evidence
คุณกิ,คุน-นะ-กิ,,pending,pending,,,รอตรวจ: missing-official-evidence
คุณคุณ,คุน-คุน,,pending,pending,,,รอตรวจ: missing-official-evidence
คุณณัฏฐ์,คุน-นัด,,pending,pending,,,รอตรวจ: missing-official-evidence
คุณณัฐนต,คุน-นัด-ถะ-นด,,pending,pending,,,รอตรวจ: missing-official-evidence
คุณโณ,คุ-นะ-โน,,pending,pending,,,รอตรวจ: missing-official-evidence
คุณโณกร,คุ-นะ-โน-กอน,,pending,pending,,,รอตรวจ: missing-official-evidence
คุณโณกะ,คุน-โน-โกะ,,pending,pending,,,รอตรวจ: missing-official-evidence
คุณโณกิ,คุน-นะ-โกิ,,pending,pending,,,รอตรวจ: missing-official-evidence
คุณดร,คุน-นะ-ดอน,,pending,pending,,,รอตรวจ: missing-official-evidence
คุณดล,คุน-ดน,,pending,pending,,,รอตรวจ: missing-official-evidence
คุณดา,คุน-นะ-ดา,,pending,pending,,,รอตรวจ: missing-official-evidence
คุณเดช,คุน-เดด,,pending,pending,,,รอตรวจ: missing-official-evidence
คุณนนต,คุน-นะ-นน,,pending,pending,,,รอตรวจ: missing-official-evidence
คุณนาม,คุน-นะ-นาม,,pending,pending,,,รอตรวจ: missing-official-evidence
คุณภัทรา,คุน-นะ-พัด-ทรา,,pending,pending,,,รอตรวจ: missing-official-evidence
คุณภา,คุน-นะ-พา,,pending,pending,,,รอตรวจ: missing-official-evidence
คุณภาณุ,คุน-นะ-พา-นุ,,pending,pending,,,รอตรวจ: missing-official-evidence
คุณมณี,คุน-นะ-มะ-นี,,pending,pending,,,รอตรวจ: missing-official-evidence
คุณมิน,คุน-นิม,,pending,pending,,,รอตรวจ: missing-official-evidence
คุณเมธา,คุน-เม-ทา,,pending,pending,,,รอตรวจ: missing-official-evidence
คุณรณ,คุน-นะ-รน,,pending,pending,,,รอตรวจ: missing-official-evidence
คุณรณกร,คุน-นะ-รน-กอน,,pending,pending,,,รอตรวจ: missing-official-evidence
คุณรณกะ,คุ-นัน-นะ-กะ,,pending,pending,,,รอตรวจ: missing-official-evidence
คุณรณกิ,คุ-นะ-ระ-นะ-กิ,,pending,pending,,,รอตรวจ: missing-official-evidence
คุณรพ,คุน-นะ-รบ,,pending,pending,,,รอตรวจ: missing-official-evidence
คุณรวิ,คุน-นะ-ระ-วิ,,pending,pending,,,รอตรวจ: missing-official-evidence
คุณรัตน์,คุน-นะ-รัด,,pending,pending,,,รอตรวจ: missing-official-evidence
คุณรัตนา,คุน-นะ-รัด-ตะ-นา,,pending,pending,,,รอตรวจ: missing-official-evidence
คุณรา,คุน-นะ-รา,,pending,pending,,,รอตรวจ: missing-official-evidence
คุณรินี,คุน-นะ-ริ-นี,,pending,pending,,,รอตรวจ: missing-official-evidence
คุณเรศ,คุน-เรด,,pending,pending,,,รอตรวจ: missing-official-evidence
คุณลักษณา,คุน-นัก-สะ-ลา,,pending,pending,,,รอตรวจ: missing-official-evidence
คุณลินา,คุน-นิ-นา,,pending,pending,,,รอตรวจ: missing-official-evidence
คุณวร,คุน-นะ-วอน,,pending,pending,,,รอตรวจ: missing-official-evidence
คุณวรา,คุน-วะ-รา,,pending,pending,,,รอตรวจ: missing-official-evidence
คุณวรี,คุน-วะ-ระ-วี,,pending,pending,,,รอตรวจ: missing-official-evidence
คุณวัฒ,คุน-นะ-วัด,,pending,pending,,,รอตรวจ: missing-official-evidence
คุณวันอณ,คุน-นะ-วัน,,pending,pending,,,รอตรวจ: missing-official-evidence
คุณวินา,คุน-นะ-วิ-นา,,pending,pending,,,รอตรวจ: missing-official-evidence
คุณวุฒิ,คุน-นะ-วุด,,pending,pending,,,รอตรวจ: missing-official-evidence
คุณอณวัน,คุน-อะ-วะ-รัน,,pending,pending,,,รอตรวจ: missing-official-evidence
คุณอณอิม,คุน-นอ-อิม,,pending,pending,,,รอตรวจ: missing-official-evidence
คุณอรวิณ,คุน-อะ-ระ-วิน,,pending,pending,,,รอตรวจ: missing-official-evidence
คุณอิมอณ,คุน-อิ-มอน,,pending,pending,,,รอตรวจ: missing-official-evidence
คุณะ,คุ-นะ,,pending,pending,,,รอตรวจ: missing-official-evidence
คุณัญญา,คุ-นัน-ยา,,pending,pending,,,รอตรวจ: missing-official-evidence
คุณานัน,คุ-นา-นัน,,pending,pending,,,รอตรวจ: missing-official-evidence
คุณาไม,คุ-นา-ไม,,pending,pending,,,รอตรวจ: missing-official-evidence
คุณาวัน,คุ-นา-วัน,,pending,pending,,,รอตรวจ: missing-official-evidence
คุณาวุธ,คุ-นา-วุด,,pending,pending,,,รอตรวจ: missing-official-evidence
คุณิน,คุ-นิน,,pending,pending,,,รอตรวจ: missing-official-evidence
คุน,คุน,,pending,pending,,,รอตรวจ: missing-official-evidence
คุลิก,คุ-ลิก,,pending,pending,,,รอตรวจ: missing-official-evidence
เค,เค,,pending,pending,,,รอตรวจ: missing-official-evidence
เคน,เคน,,pending,pending,,,รอตรวจ: missing-official-evidence
เคนโซ,เคน-โซ,,pending,pending,,,รอตรวจ: missing-official-evidence
เคนดัล,เคน-ดัน,,pending,pending,,,รอตรวจ: missing-official-evidence
เคบลู,เค-บลู,,pending,pending,,,รอตรวจ: missing-official-evidence
เคโปร,เค-โปร,,pending,pending,,,รอตรวจ: missing-official-evidence
เคลวา,เคน-วา,,pending,pending,,,รอตรวจ: missing-official-evidence
เคลวิน,เคน-วิน,,pending,pending,,,รอตรวจ: missing-official-evidence
เคลิงค์,เคิง,,pending,pending,,,รอตรวจ: missing-official-evidence
เควิน,เค-วิน,,pending,pending,,,รอตรวจ: missing-official-evidence
เคไวบ์,เค-ไว,,pending,pending,,,รอตรวจ: missing-official-evidence
เคส,เคด,,pending,pending,,,รอตรวจ: missing-official-evidence
เคโอ,เค-โอ,,pending,pending,,,รอตรวจ: missing-official-evidence
โคกคำ,โคก-คำ,,pending,pending,,,รอตรวจ: missing-official-evidence
ไคโตะ,ไค-โตะ,,pending,pending,,,รอตรวจ: missing-official-evidence
ไคล์,ไค,,pending,pending,,,รอตรวจ: missing-official-evidence
ไคลด์,ไคล,,pending,pending,,,รอตรวจ: missing-official-evidence
ไคลิน,ไค-ลิน,,pending,pending,,,รอตรวจ: missing-official-evidence
ฆจรัส,คะ-จะ-รัด,,pending,pending,,,รอตรวจ: missing-official-evidence
ฆจรูญ,คะ-จูน,,pending,pending,,,รอตรวจ: missing-official-evidence
ฆจรูญนันท์,คะ-จะ-รู-นัน,,pending,pending,,,รอตรวจ: missing-official-evidence
ฆจรูญภัทร,คะ-จูน-พัด-ทรอ,,pending,pending,,,รอตรวจ: missing-official-evidence
ฆจรูญวรา,คะ-จะ-รู-วะ-รา,,pending,pending,,,รอตรวจ: missing-official-evidence
ฆจิรา,คะ-จิ-รา,,pending,pending,,,รอตรวจ: missing-official-evidence
ฆจิรานันท์,คะ-จิ-รา-นัน,,pending,pending,,,รอตรวจ: missing-official-evidence
ฆจิราวรา,คะ-จิ-รา-วะ-รา,,pending,pending,,,รอตรวจ: missing-official-evidence
ฆชล,คะ-ชน,,pending,pending,,,รอตรวจ: missing-official-evidence
ฆชลนันท์,คะ-ชะ-ละ-นัน,,pending,pending,,,รอตรวจ: missing-official-evidence
ฆชลภัทร,คะ-ชน-พัด-ทรอ,,pending,pending,,,รอตรวจ: missing-official-evidence
ฆชลวรา,คะ-ชน-วะ-รา,,pending,pending,,,รอตรวจ: missing-official-evidence
ฆณวัณณ์,คะ-นะ-วัน,,pending,pending,,,รอตรวจ: missing-official-evidence
ฆณัฏฐ์กณ,คะ-นัด-กน,,pending,pending,,,รอตรวจ: missing-official-evidence
ฆณัฏฐ์กร,คะ-นัด-กอน,,pending,pending,,,รอตรวจ: missing-official-evidence
ฆณัฏฐ์กะ,คะ-นัด-ถะ-กะ,,pending,pending,,,รอตรวจ: missing-official-evidence
ฆณัฏฐ์กิ,คะ-นัด-ถะ-กิ,,pending,pending,,,รอตรวจ: missing-official-evidence
ฆณัฏฐ์ดน,คะ-นัด-ดน,,pending,pending,,,รอตรวจ: missing-official-evidence
ฆณัฏฐ์ภณ,คะ-นัด-พน,,pending,pending,,,รอตรวจ: missing-official-evidence
ฆณัฏฐ์อณ,คะ-นัด-ถะ-ออน,,pending,pending,,,รอตรวจ: missing-official-evidence
ฆณัฐ,คะ-นัด,,pending,pending,,,รอตรวจ: missing-official-evidence
ฆณัฐนนท์,คะ-นัด-นน,,pending,pending,,,รอตรวจ: missing-official-evidence
ฆณัฐนันท์,คะ-นัด-ถะ-นัน,,pending,pending,,,รอตรวจ: missing-official-evidence
ฆณัฐภัทร,คะ-นัด-พัด-ทรอ,,pending,pending,,,รอตรวจ: missing-official-evidence
ฆณัฐวรา,คะ-นัด-ถะ-วะ-รา,,pending,pending,,,รอตรวจ: missing-official-evidence
ฆณัฐวัณ,คะ-นัด-ถะ-วัน,,pending,pending,,,รอตรวจ: missing-official-evidence
ฆณัฐอิม,คะ-นัด-อิม,,pending,pending,,,รอตรวจ: missing-official-evidence
ฆตนุ,คะ-ตะ-นุ,,pending,pending,,,รอตรวจ: missing-official-evidence
ฆตนุนันท์,คะ-ตะ-นุ-นัน,,pending,pending,,,รอตรวจ: missing-official-evidence
ฆตนุวรา,คะ-ตะ-นะ-วุ-รา,,pending,pending,,,รอตรวจ: missing-official-evidence
ฆน,คน,,pending,pending,,,รอตรวจ: missing-official-evidence
ฆนจิรา,คน-จิ-รา,,pending,pending,,,รอตรวจ: missing-official-evidence
ฆนจิรานันท์,คะ-นิด-จะ-รัน,,pending,pending,,,รอตรวจ: missing-official-evidence
ฆนจิราวรา,คะ-นิ-จะ-รา-วะ-รา,,pending,pending,,,รอตรวจ: missing-official-evidence
ฆนดลคุณ,คะ-นด-คน,,pending,pending,,,รอตรวจ: missing-official-evidence
ฆนดลธีร์,คน-ดน-ละ-ที,,pending,pending,,,รอตรวจ: missing-official-evidence
ฆนตนต,คะ-ตะ-นด,,pending,pending,,,รอตรวจ: missing-official-evidence
ฆนทินคุณ,คะ-นิน-ทิน,,pending,pending,,,รอตรวจ: missing-official-evidence
ฆนทินธีร์,คะ-นิน-ที,,pending,pending,,,รอตรวจ: missing-official-evidence
ฆนธนธีร์,คน-ทะ-นะ-ที,,pending,pending,,,รอตรวจ: missing-official-evidence
ฆนธร,คะ-นะ-ทอน,,pending,pending,,,รอตรวจ: missing-official-evidence
ฆนธรรม,คะ-นะ-ทำ,,pending,pending,,,รอตรวจ: missing-official-evidence
ฆนนท์ณัฐ,คะ-นะ-นัน-ถี,,pending,pending,,,รอตรวจ: missing-official-evidence
ฆนนาวาคุณ,คะ-นะ-นา-วา-คุน,,pending,pending,,,รอตรวจ: missing-official-evidence
ฆนนาวาธีร์,คน-นา-วา-ที,,pending,pending,,,รอตรวจ: missing-official-evidence
ฆนภัทร,คน-พัด-ทรอ,,pending,pending,,,รอตรวจ: missing-official-evidence
ฆนภัทรคุณ,คะ-นะ-พัด-ทระ-คุน,,pending,pending,,,รอตรวจ: missing-official-evidence
ฆนภัทรธีร์,คะ-นะ-พัด-ที,,pending,pending,,,รอตรวจ: missing-official-evidence
ฆนมนต์,คะ-นะ-มน,,pending,pending,,,รอตรวจ: missing-official-evidence
ฆนรส,คะ-นะ-รด,,pending,pending,,,รอตรวจ: missing-official-evidence
ฆนรุจ,คะ-นะ-รุ,,pending,pending,,,รอตรวจ: missing-official-evidence
ฆนรุจคุณ,คะ-นะ-รุน-คุด,,pending,pending,,,รอตรวจ: missing-official-evidence
ฆนรุจธีร์,คะ-นะ-รุ-ที,,pending,pending,,,รอตรวจ: missing-official-evidence
ฆนโรจน์,คะ-นะ-โรด,,pending,pending,,,รอตรวจ: missing-official-evidence
ฆนโรจน์คุณ,คะ-นะ-รุด-คูน,,pending,pending,,,รอตรวจ: missing-official-evidence
ฆนโรจน์ธีร์,คะ-นะ-โรด-ที,,pending,pending,,,รอตรวจ: missing-official-evidence
ฆนฤมล,คะ-นะ-รึ-มน,,pending,pending,,,รอตรวจ: missing-official-evidence
ฆนฤมลนันท์,คะ-นะ-รึ-มน-ละ-นัน,,pending,pending,,,รอตรวจ: missing-official-evidence
ฆนฤมลภัทร,คะ-นะ-รึ-มน-พัด-ทรอ,,pending,pending,,,รอตรวจ: missing-official-evidence
ฆนฤมลวรา,คะ-นะ-รึ-มะ-เล-วา,,pending,pending,,,รอตรวจ: missing-official-evidence
ฆนวร,คะ-นะ-วอน,,pending,pending,,,รอตรวจ: missing-official-evidence
ฆนวรคุณ,คะ-นะ-วะ-รุน,,pending,pending,,,รอตรวจ: missing-official-evidence
ฆนวรธีร์,คะ-นะ-วอน-ที,,pending,pending,,,รอตรวจ: missing-official-evidence
ฆนวัชร์,คะ-นะ-วัด,,pending,pending,,,รอตรวจ: missing-official-evidence
ฆนวัชร์คุณ,คะ-นะ-วัด-คุน,,pending,pending,,,รอตรวจ: missing-official-evidence
ฆนวัชร์ธีร์,คะ-นะ-วัด-ที,,pending,pending,,,รอตรวจ: missing-official-evidence
ฆนวิชญ์,คะ-นะ-วิด,,pending,pending,,,รอตรวจ: missing-official-evidence
ฆนวิชญ์คุณ,คะ-นะ-วิด-ชุน,,pending,pending,,,รอตรวจ: missing-official-evidence
ฆนวิชญ์ธีร์,คะ-นะ-วิด-ที,,pending,pending,,,รอตรวจ: missing-official-evidence
ฆนัท,คะ-นัด,,pending,pending,,,รอตรวจ: missing-official-evidence
ฆนันท์โณ,คะ-นัน-โท,,pending,pending,,,รอตรวจ: missing-official-evidence
ฆนันท์รณ,คะ-นัน-รอน,,pending,pending,,,รอตรวจ: missing-official-evidence
ฆนาคม,คะ-นา-คม,,pending,pending,,,รอตรวจ: missing-official-evidence
ฆนาธิป,คะ-นา-ทิบ,,pending,pending,,,รอตรวจ: missing-official-evidence
ฆนานนท์,คะ-นา-นน,,pending,pending,,,รอตรวจ: missing-official-evidence
ฆนารักษ์,คะ-นา-รัก,,pending,pending,,,รอตรวจ: missing-official-evidence
ฆนาวา,คะ-นา-วา,,pending,pending,,,รอตรวจ: missing-official-evidence
ฆนาวานันท์,คะ-นา-วา-นัน,,pending,pending,,,รอตรวจ: missing-official-evidence
ฆนาวาวรา,คะ-นา-วา-วะ-รา,,pending,pending,,,รอตรวจ: missing-official-evidence
ฆบวร,คะ-บอ-วอน,,pending,pending,,,รอตรวจ: missing-official-evidence
ฆบวรนันท์,คะ-บอ-วอน-นัน,,pending,pending,,,รอตรวจ: missing-official-evidence
ฆบวรภัทร,คะ-บอ-วอน-พัด-ทรอ,,pending,pending,,,รอตรวจ: missing-official-evidence
ฆบวรวรา,คะ-บอ-วอ-ระ-วะ-รา,,pending,pending,,,รอตรวจ: missing-official-evidence
ฆปฐม,ปะ-ปะ-ถะ-มด,,pending,pending,,,รอตรวจ: missing-official-evidence
ฆปฐมนันท์,ปะ-ปะ-ถะ-มะ-ทัน,,pending,pending,,,รอตรวจ: missing-official-evidence
ฆปฐมภัทร,ปะ-ปะ-ถะ-มด-พัด-ทรอ,,pending,pending,,,รอตรวจ: missing-official-evidence
ฆปฐมวรา,ปะ-ถะ-ปะ-มะ-ตา-วะ-รา,,pending,pending,,,รอตรวจ: missing-official-evidence
ฆปริญญา,ปะ-คอน-ยิ,,pending,pending,,,รอตรวจ: missing-official-evidence
ฆปริญญานันท์,ปะ-คะ-ริน-ยา-นัน,,pending,pending,,,รอตรวจ: missing-official-evidence
ฆปริญญาวรา,ปะ-ปริน-ยา-วา,,pending,pending,,,รอตรวจ: missing-official-evidence
ฆปัญญา,คะ-ปัน-ยา,,pending,pending,,,รอตรวจ: missing-official-evidence
ฆปัญญานันท์,คะ-ปัน-ยา-นัน,,pending,pending,,,รอตรวจ: missing-official-evidence
ฆปัญญาวรา,คะ-ปัน-ยา-วะ-รา,,pending,pending,,,รอตรวจ: missing-official-evidence
ฆมนต์,คะ-มน,,pending,pending,,,รอตรวจ: missing-official-evidence
ฆมนต์กิจ,คะ-มน-กิด,,pending,pending,,,รอตรวจ: missing-official-evidence
ฆมนต์นันท์,คะ-มน-นัน,,pending,pending,,,รอตรวจ: missing-official-evidence
ฆมนต์ภัทร,คะ-มน-พัด-ทรอ,,pending,pending,,,รอตรวจ: missing-official-evidence
ฆมนต์วรา,คะ-มน-วะ-รา,,pending,pending,,,รอตรวจ: missing-official-evidence
ฆมนต์วัณ,คะ-มน-วัน,,pending,pending,,,รอตรวจ: missing-official-evidence
ฆมนต์อณ,คะ-มะ-นอน,,pending,pending,,,รอตรวจ: missing-official-evidence
ฆมนต์อิม,คะ-มน-อิม,,pending,pending,,,รอตรวจ: missing-official-evidence
ฆมนัส,คะ-มะ-นัด,,pending,pending,,,รอตรวจ: missing-official-evidence
ฆลณ,คะ-ละ-นะ,,pending,pending,,,รอตรวจ: missing-official-evidence
ฆวน,ควน,,pending,pending,,,รอตรวจ: missing-official-evidence
ฆวรกณ,ควน-กระ-เวน,,pending,pending,,,รอตรวจ: missing-official-evidence
ฆวรกม,คะ-วะ-กำ,,pending,pending,,,รอตรวจ: missing-official-evidence
ฆวรชิน,ควน-ชิน,,pending,pending,,,รอตรวจ: missing-official-evidence
ฆวรดน,ควน-ดน,,pending,pending,,,รอตรวจ: missing-official-evidence
ฆวรภณ,ควน-พอน,,pending,pending,,,รอตรวจ: missing-official-evidence
ฆวรอณ,ควน-ออน,,pending,pending,,,รอตรวจ: missing-official-evidence
ฆวริน,คะ-วะ-ริน,,pending,pending,,,รอตรวจ: missing-official-evidence
ฆวรินนันท์,คะ-วะ-ริน-นัน,,pending,pending,,,รอตรวจ: missing-official-evidence
ฆวรินภัทร,คะ-วะ-ริน-พัด-ทรอ,,pending,pending,,,รอตรวจ: missing-official-evidence
ฆวรินวรา,คะ-วะ-ริน-วะ-รา,,pending,pending,,,รอตรวจ: missing-official-evidence
ฆวัณกณ,คะ-วัน-กะ-นะ,,pending,pending,,,รอตรวจ: missing-official-evidence
ฆวัณกม,คะ-วัน-กะ-มะ-ไก,,pending,pending,,,รอตรวจ: missing-official-evidence
ฆวัณณัฐ,คะ-วัน-นัด,,pending,pending,,,รอตรวจ: missing-official-evidence
ฆวัณดน,คะ-วัน-ด้น,,pending,pending,,,รอตรวจ: missing-official-evidence
ฆวัณภณ,คะ-วัน-นะ-พง,,pending,pending,,,รอตรวจ: missing-official-evidence
ฆวิณกณ,คะ-วิน-กะ-นะ,,pending,pending,,,รอตรวจ: missing-official-evidence
ฆวิณกม,คะ-วิน-กะ-มะ-ไส,,pending,pending,,,รอตรวจ: missing-official-evidence
ฆวิณณัฐ,คะ-วิ-นัด,,pending,pending,,,รอตรวจ: missing-official-evidence
ฆวิณดน,ควิ-นิด,,pending,pending,,,รอตรวจ: missing-official-evidence
ฆวิณภณ,คะ-วิน-พะ-นะ,,pending,pending,,,รอตรวจ: missing-official-evidence
ฆวิณมนต์,คะ-วิน-มน,,pending,pending,,,รอตรวจ: missing-official-evidence
ฆ้อง,ค้อง,,pending,pending,,,รอตรวจ: missing-official-evidence
ฆอณ,คอ,,pending,pending,,,รอตรวจ: missing-official-evidence
ฆอณกร,คอ-กอน,,pending,pending,,,รอตรวจ: missing-official-evidence
ฆอณกะ,คอน-กะ,,pending,pending,,,รอตรวจ: missing-official-evidence
ฆอณกัณ,คอน-กัน,,pending,pending,,,รอตรวจ: missing-official-evidence
ฆอณกัน,คอน-กัน,,pending,pending,,,รอตรวจ: missing-official-evidence
ฆอณกิ,คอน-กิ,,pending,pending,,,รอตรวจ: missing-official-evidence
ฆอณกิณ,คอน-กิน,,pending,pending,,,รอตรวจ: missing-official-evidence
ฆอณกิม,คอน-กิม,,pending,pending,,,รอตรวจ: missing-official-evidence
ฆอณคุณ,คอน-คุน,,pending,pending,,,รอตรวจ: missing-official-evidence
ฆอณณัฏฐ์,คอ-นัด,,pending,pending,,,รอตรวจ: missing-official-evidence
ฆอณดิณ,คอน-ดิน,,pending,pending,,,รอตรวจ: missing-official-evidence
ฆอณธาม,คอ-ทาม,,pending,pending,,,รอตรวจ: missing-official-evidence
ฆอณมนต์,คอน-มน,,pending,pending,,,รอตรวจ: missing-official-evidence
ฆอณอร,คอ-ออน,,pending,pending,,,รอตรวจ: missing-official-evidence
ฆอรกณ,คอ-ระ-กน,,pending,pending,,,รอตรวจ: missing-official-evidence
ฆอรกม,คอ-ระ-กะ-มะ-ไก,,pending,pending,,,รอตรวจ: missing-official-evidence
ฆอรกิจ,คอ-ระ-กิด,,pending,pending,,,รอตรวจ: missing-official-evidence
ฆอรชิน,คอ-ระ-ชิน,,pending,pending,,,รอตรวจ: missing-official-evidence
ฆอรดน,คอ-ระ-ดน,,pending,pending,,,รอตรวจ: missing-official-evidence
ฆอรภณ,คอ-ระ-พน,,pending,pending,,,รอตรวจ: missing-official-evidence
ฆอรอณ,คอ-รอน,,pending,pending,,,รอตรวจ: missing-official-evidence
ฆอินทร์,คอ-นิ,,pending,pending,,,รอตรวจ: missing-official-evidence
ฆอินทรนันท์,คอ-ริน-ทอ-ระ-นัน,,pending,pending,,,รอตรวจ: missing-official-evidence
ฆอินทรภัทร,คอ-นิน-ทระ-พัด,,pending,pending,,,รอตรวจ: missing-official-evidence
ฆอินทรวรา,คอ-นิน-ทะ-ระ-วะ-รา,,pending,pending,,,รอตรวจ: missing-official-evidence
ฆอิมกณ,คอ-มิ-กอน,,pending,pending,,,รอตรวจ: missing-official-evidence
ฆอิมกม,คอ-อิ-กม,,pending,pending,,,รอตรวจ: missing-official-evidence
ฆอิมณัฐ,คอ-มิ-นัด,,pending,pending,,,รอตรวจ: missing-official-evidence
ฆอิมภณ,คอ-มิ-พน,,pending,pending,,,รอตรวจ: missing-official-evidence
งจิรา,ง-จ-ร,,pending,pending,,,รอตรวจ: missing-official-evidence
งจิรานันท์,ง-จ-ภ,,pending,pending,,,รอตรวจ: missing-official-evidence
งจิราวรา,งิ-จิ-รา-วะ-รา,,pending,pending,,,รอตรวจ: missing-official-evidence
งชล,ง-ชน,,pending,pending,,,รอตรวจ: missing-official-evidence
งชลนันท์,งด-ชะ-นัน,,pending,pending,,,รอตรวจ: missing-official-evidence
งชลภัทร,ง-ชน-พัด-ทรอ,,pending,pending,,,รอตรวจ: missing-official-evidence
งชลวรา,งด-ชะ-ละ-วะ-รา,,pending,pending,,,รอตรวจ: missing-official-evidence
งธนภัทร,งะ-นะ-พัด,,pending,pending,,,รอตรวจ: missing-official-evidence
งธนวรา,งน-ทะ-วะ-รา,,pending,pending,,,รอตรวจ: missing-official-evidence
งธนันท์,งะ-นะ-ทัน,,pending,pending,,,รอตรวจ: missing-official-evidence
งธนา,งะ-ทะ-นา,,pending,pending,,,รอตรวจ: missing-official-evidence
งบวร,งบ-วะ-รน,,pending,pending,,,รอตรวจ: missing-official-evidence
งบวรนันท์,งบ-วะ-รัน-นะ,,pending,pending,,,รอตรวจ: missing-official-evidence
งบวรภัทร,งบ-วะ-รน-พัด-ทรอ,,pending,pending,,,รอตรวจ: missing-official-evidence
งบวรวรา,งบ-วอ-ระ-วะ-รา,,pending,pending,,,รอตรวจ: missing-official-evidence
งปัญญา,งิน-ปัน-ยา,,pending,pending,,,รอตรวจ: missing-official-evidence
งปัญญานันท์,ง-ปัน-ยา-นัน,,pending,pending,,,รอตรวจ: missing-official-evidence
งปัญญาวรา,ง-ปัน-ยา-วะ-รา,,pending,pending,,,รอตรวจ: missing-official-evidence
งยศ,งง-ยด,,pending,pending,,,รอตรวจ: missing-official-evidence
งวริน,งอ-วะ-ริน,,pending,pending,,,รอตรวจ: missing-official-evidence
งวรินนันท์,งอ-วะ-นิ-ทัน,,pending,pending,,,รอตรวจ: missing-official-evidence
งวรินภัทร,งอ-วะ-ริน-พัด-ทรอ,,pending,pending,,,รอตรวจ: missing-official-evidence
งวรินวรา,งง-วะ-ริ-วา,,pending,pending,,,รอตรวจ: missing-official-evidence
งอินทร์,งอ-ริ,,pending,pending,,,รอตรวจ: missing-official-evidence
งอินทรนันท์,งอ-ริน-ทอน-นัน,,pending,pending,,,รอตรวจ: missing-official-evidence
งอินทรภัทร,งอ-ริน-ทะ-หรัด,,pending,pending,,,รอตรวจ: missing-official-evidence
งอินทรวรา,งอ-ริน-ทะ-วะ-รา,,pending,pending,,,รอตรวจ: missing-official-evidence
งัดโชค,งัด-โชก,,pending,pending,,,รอตรวจ: missing-official-evidence
งันกมล,งัน-กะ-มน,,pending,pending,,,รอตรวจ: missing-official-evidence
งันไกร,งัน-ไกร,,pending,pending,,,รอตรวจ: missing-official-evidence
งันโชค,งัน-โชก,,pending,pending,,,รอตรวจ: missing-official-evidence
งันดัง,งัน-ดัง,,pending,pending,,,รอตรวจ: missing-official-evidence
งันทอง,งัน-ทอง,,pending,pending,,,รอตรวจ: missing-official-evidence
งันธร,งัน-ทอน,,pending,pending,,,รอตรวจ: missing-official-evidence
งันธรรม,งัน-ทำ,,pending,pending,,,รอตรวจ: missing-official-evidence
งันธรา,งัน-ทรา,,pending,pending,,,รอตรวจ: missing-official-evidence
งันธวัช,งัน-ทะ-วัด,,pending,pending,,,รอตรวจ: missing-official-evidence
งันธิมา,งัน-ทิ-มา,,pending,pending,,,รอตรวจ: missing-official-evidence
งันนนท์,งัน-นน,,pending,pending,,,รอตรวจ: missing-official-evidence
งันนันท์,งัน-นัน,,pending,pending,,,รอตรวจ: missing-official-evidence
งันนับ,งัน-นับ,,pending,pending,,,รอตรวจ: missing-official-evidence
งันนา,งัน-นา,,pending,pending,,,รอตรวจ: missing-official-evidence
งันนารถ,งัน-นา-รด,,pending,pending,,,รอตรวจ: missing-official-evidence
งันนำ,งัน-นำ,,pending,pending,,,รอตรวจ: missing-official-evidence
งันนิรันดร์,งัน-นิ-รัน,,pending,pending,,,รอตรวจ: missing-official-evidence
งันนิส,งัน-นิด,,pending,pending,,,รอตรวจ: missing-official-evidence
งันภัทร,งัน-พัด,,pending,pending,,,รอตรวจ: missing-official-evidence
งันโภคิน,งัน-โพ-คิน,,pending,pending,,,รอตรวจ: missing-official-evidence
งันมหิทธา,งัน-มะ-หิ-ทา,,pending,pending,,,รอตรวจ: missing-official-evidence
งันมิน,งัน-มิน,,pending,pending,,,รอตรวจ: missing-official-evidence
งันระ,งัน-ระ,,pending,pending,,,รอตรวจ: missing-official-evidence
งันระริน,งัน-ระ-ริน,,pending,pending,,,รอตรวจ: missing-official-evidence
งันรัก,งัน-รัก,,pending,pending,,,รอตรวจ: missing-official-evidence
งันรักษ์,งัน-รัก,,pending,pending,,,รอตรวจ: missing-official-evidence
งันรัช,งัน-รัด,,pending,pending,,,รอตรวจ: missing-official-evidence
งันริน,งัน-ริน,,pending,pending,,,รอตรวจ: missing-official-evidence
งันรินทร์,งัน-นะ-ริน,,pending,pending,,,รอตรวจ: missing-official-evidence
งันรุจ,งัน-รุด,,pending,pending,,,รอตรวจ: missing-official-evidence
งันรุจา,งัน-รุ-จา,,pending,pending,,,รอตรวจ: missing-official-evidence
งันรุจินนท์,งัน-รุ-จิน-นน,,pending,pending,,,รอตรวจ: missing-official-evidence
งันรุจิรา,งัน-รุ-จิ-รา,,pending,pending,,,รอตรวจ: missing-official-evidence
งันโรจน์,งัน-โรด,,pending,pending,,,รอตรวจ: missing-official-evidence
งันล้วน,งัน-ล้วน,,pending,pending,,,รอตรวจ: missing-official-evidence
งันลักษณ์,งัน-ลัก,,pending,pending,,,รอตรวจ: missing-official-evidence
งันวร,งัน-วอน,,pending,pending,,,รอตรวจ: missing-official-evidence
งันวราธร,งัน-วะ-ราด,,pending,pending,,,รอตรวจ: missing-official-evidence
งันวราวุธ,งัน-วา-ระ-วุด,,pending,pending,,,รอตรวจ: missing-official-evidence
งันวรินทร์,งัน-วะ-ริน,,pending,pending,,,รอตรวจ: missing-official-evidence
งันวัลลภ,งัน-วัน-ลบ,,pending,pending,,,รอตรวจ: missing-official-evidence
งันวิชญ์,งัน-วิด,,pending,pending,,,รอตรวจ: missing-official-evidence
งันวิน,งัน-วิน,,pending,pending,,,รอตรวจ: missing-official-evidence
งันวิมล,งัน-วิ-มน,,pending,pending,,,รอตรวจ: missing-official-evidence
งันวิโรจน์,งัน-วิ-โรด,,pending,pending,,,รอตรวจ: missing-official-evidence
งันไว,งัน-ไว,,pending,pending,,,รอตรวจ: missing-official-evidence
งันหลัก,งัน-หลัก,,pending,pending,,,รอตรวจ: missing-official-evidence
งันใหม่,งัน-ไหม่,,pending,pending,,,รอตรวจ: missing-official-evidence
งันอดิเรก,งัน-อะ-ดิ-เหรก,,pending,pending,,,รอตรวจ: missing-official-evidence
งันอนันต์,งัน-อะ-นัน,,pending,pending,,,รอตรวจ: missing-official-evidence
งันอนุรักษ์,งัน-อะ-นุ-รัก,,pending,pending,,,รอตรวจ: missing-official-evidence
งันอภินันท์,งัน-อะ-พิ-นัน,,pending,pending,,,รอตรวจ: missing-official-evidence
งันอภิสิทธิ์,งัน-อะ-พิ-สิด,,pending,pending,,,รอตรวจ: missing-official-evidence
งันอรรถ,งัน-ออด,,pending,pending,,,รอตรวจ: missing-official-evidence
งันอรุณ,งัน-อะ-รุน,,pending,pending,,,รอตรวจ: missing-official-evidence
งันอัคร,งัน-อัก,,pending,pending,,,รอตรวจ: missing-official-evidence
งันอานนท์,งัน-อา-นน,,pending,pending,,,รอตรวจ: missing-official-evidence
งันอำนาจ,งัน-อำ-นาด,,pending,pending,,,รอตรวจ: missing-official-evidence
งันอำไพ,งัน-อำ-ไพ,,pending,pending,,,รอตรวจ: missing-official-evidence
งันอิสระ,งัน-อิด-สะ-หระ,,pending,pending,,,รอตรวจ: missing-official-evidence
งันอิสรา,งัน-อิด-สะ-รา,,pending,pending,,,รอตรวจ: missing-official-evidence
งันโอ,งัน-โอ,,pending,pending,,,รอตรวจ: missing-official-evidence
งันโอดม,งัน-โอ-ดม,,pending,pending,,,รอตรวจ: missing-official-evidence
งันโอฬาร,งัน-โอ-ลาน,,pending,pending,,,รอตรวจ: missing-official-evidence
งันัน,งัน-ยัน,,pending,pending,,,รอตรวจ: missing-official-evidence
เงธรกร,เงธ-รก,,pending,pending,,,รอตรวจ: missing-official-evidence
เงธรคุณ,เง-ระ-คุน,,pending,pending,,,รอตรวจ: missing-official-evidence
เงธรจิรา,เง-ทระ-จิ-รา,,pending,pending,,,รอตรวจ: missing-official-evidence
เงธรณัฐ,เง-ระ-ทัด,,pending,pending,,,รอตรวจ: missing-official-evidence
เงธรณัฐกร,เง-ระ-ทัด-กอน,,pending,pending,,,รอตรวจ: missing-official-evidence
เงธรณัฐธร,เง-ระ-ทัด-นอน,,pending,pending,,,รอตรวจ: missing-official-evidence
เงธรธนา,เง-ระ-ทะ-นา,,pending,pending,,,รอตรวจ: missing-official-evidence
เงธรธนาธร,เง-ทรา-นะ-ทอน,,pending,pending,,,รอตรวจ: missing-official-evidence
เงธรธนาอร,เง-ระ-ทะ-นา-ออน,,pending,pending,,,รอตรวจ: missing-official-evidence
เงธรธร,เงธ-ระ-ทอน,,pending,pending,,,รอตรวจ: missing-official-evidence
เงธรธรรม,เงธ-ระ-ทำ,,pending,pending,,,รอตรวจ: missing-official-evidence
เงธรธีร์,เงง-ทรี,,pending,pending,,,รอตรวจ: missing-official-evidence
เงธรนภัส,เง-ทระ-นะ-พัด,,pending,pending,,,รอตรวจ: missing-official-evidence
เงธรภัทร,เง-ทระ-พัด,,pending,pending,,,รอตรวจ: missing-official-evidence
เงธรรินทร์,เง-ทะ-ริน,,pending,pending,,,รอตรวจ: missing-official-evidence
เงธรวร,เงธ-รวน,,pending,pending,,,รอตรวจ: missing-official-evidence
เงธรวรกร,เงธ-รวน-กอน,,pending,pending,,,รอตรวจ: missing-official-evidence
เงธรวรธร,เง-ธอ-ระ-วัด,,pending,pending,,,รอตรวจ: missing-official-evidence
เงธรวรรณ,เงธ-รัน-วัน,,pending,pending,,,รอตรวจ: missing-official-evidence
เงธรวรอร,เงธ-รวน-ออน,,pending,pending,,,รอตรวจ: missing-official-evidence
เงธรวริศ,เงธ-ระ-วิด,,pending,pending,,,รอตรวจ: missing-official-evidence
เงธรวิชญ์,เงอ-ระ-วิด,,pending,pending,,,รอตรวจ: missing-official-evidence
เงธรศรี,เงง-รี-สี,,pending,pending,,,รอตรวจ: missing-official-evidence
เงธรสิริ,เง-ทระ-สิ-หริ,,pending,pending,,,รอตรวจ: missing-official-evidence
เงธรสิริกร,เง-ทระ-สิ-หริ-กอน,,pending,pending,,,รอตรวจ: missing-official-evidence
เงธรสิรินันท์,เง-ระ-ทิ-สะ-นัน,,pending,pending,,,รอตรวจ: missing-official-evidence
เงธรสิริวรรณ,เง-ระ-สิ-วิ-รัน,,pending,pending,,,รอตรวจ: missing-official-evidence
เงธรสิริวิชญ์,เง-ระ-สิ-หริ-วิด,,pending,pending,,,รอตรวจ: missing-official-evidence
เงธรสิริอร,เง-ทระ-สิ-หริ-ออน,,pending,pending,,,รอตรวจ: missing-official-evidence
เงธรอร,เงอ-ระ-ทอน,,pending,pending,,,รอตรวจ: missing-official-evidence
เงธรอรุณ,เงอ-ระ-อะ-รุน,,pending,pending,,,รอตรวจ: missing-official-evidence
เงธรอัคร,เง-ระ-อัก,,pending,pending,,,รอตรวจ: missing-official-evidence
เงธรอารี,เงง-รา-อี,,pending,pending,,,รอตรวจ: missing-official-evidence
เงรินกร,เง-ริน-กอน,,pending,pending,,,รอตรวจ: missing-official-evidence
เงรินคุณ,เง-ริน-คุน,,pending,pending,,,รอตรวจ: missing-official-evidence
เงรินจิรา,เง-ริน-จิ-รา,,pending,pending,,,รอตรวจ: missing-official-evidence
เงรินณัฐ,เง-ริน-นัด,,pending,pending,,,รอตรวจ: missing-official-evidence
เงรินธนา,เงิน-ทะ-นา,,pending,pending,,,รอตรวจ: missing-official-evidence
เงรินธร,เง-ริน-ทอน,,pending,pending,,,รอตรวจ: missing-official-evidence
เงรินธรรม,เง-ริน-ทำ,,pending,pending,,,รอตรวจ: missing-official-evidence
เงรินธีร์,เง-ริน-ที,,pending,pending,,,รอตรวจ: missing-official-evidence
เงรินนภัส,เง-ริน-นะ-พัด,,pending,pending,,,รอตรวจ: missing-official-evidence
เงรินนรินทร์,เง-ริน-นะ-ริน,,pending,pending,,,รอตรวจ: missing-official-evidence
เงรินภัทร,เง-ริน-นะ-พัด,,pending,pending,,,รอตรวจ: missing-official-evidence
เงรินวร,เง-ริน-วอน,,pending,pending,,,รอตรวจ: missing-official-evidence
เงรินวริศ,เง-ริน-วะ-ริด,,pending,pending,,,รอตรวจ: missing-official-evidence
เงรินอร,เง-ริ-นอน,,pending,pending,,,รอตรวจ: missing-official-evidence
เงรินอรุณ,เง-ริน-อะ-รุน,,pending,pending,,,รอตรวจ: missing-official-evidence
เงรินอัคร,เงิน-อะ-หัน,,pending,pending,,,รอตรวจ: missing-official-evidence
เงรินอารี,เง-ริน-อา-รี,,pending,pending,,,รอตรวจ: missing-official-evidence
เงวินคุณ,เง-วิน-คุน,,pending,pending,,,รอตรวจ: missing-official-evidence
เงวินจิรา,เงิน-วิ-จิ-รา,,pending,pending,,,รอตรวจ: missing-official-evidence
เงวินณัฐ,เง-นิน-นัด,,pending,pending,,,รอตรวจ: missing-official-evidence
เงวินธนา,เงิน-วิน-ทะ-นา,,pending,pending,,,รอตรวจ: missing-official-evidence
เงวินธร,เงิน-วอน,,pending,pending,,,รอตรวจ: missing-official-evidence
เงวินธีร์,เง-วี-ทิน,,pending,pending,,,รอตรวจ: missing-official-evidence
เงวินนภัส,เงิน-นิ-พด,,pending,pending,,,รอตรวจ: missing-official-evidence
เงวินนันท์,เงิน-นิน,,pending,pending,,,รอตรวจ: missing-official-evidence
เงวินภัทร,เงิน-วิด,,pending,pending,,,รอตรวจ: missing-official-evidence
เงวินลักษณ์,เง-วิน-ลัก,,pending,pending,,,รอตรวจ: missing-official-evidence
เงวินวร,เงิน-วัน,,pending,pending,,,รอตรวจ: missing-official-evidence
เงวินวรรณ,เงิน-วัน,,pending,pending,,,รอตรวจ: missing-official-evidence
เงวินวรินทร์,เง-วิน-วิน,,pending,pending,,,รอตรวจ: missing-official-evidence
เงวินวริศ,เง-วิน-วะ-ริด,,pending,pending,,,รอตรวจ: missing-official-evidence
เงวินอร,เง-วิ-นอน,,pending,pending,,,รอตรวจ: missing-official-evidence
เงวินอรุณ,เง-วิ-นอน-รุน,,pending,pending,,,รอตรวจ: missing-official-evidence
เงวินอัคร,เง-วิ-นัก,,pending,pending,,,รอตรวจ: missing-official-evidence
เงวินอารี,เง-วิน-อา-รี,,pending,pending,,,รอตรวจ: missing-official-evidence
เงินกมล,เงิน-กะ-มน,,pending,pending,,,รอตรวจ: missing-official-evidence
เงินกอง,เงิน-กอง,,pending,pending,,,รอตรวจ: missing-official-evidence
เงินกอบ,เงิน-กอบ,,pending,pending,,,รอตรวจ: missing-official-evidence
เงินโชค,เงิน-โชก,,pending,pending,,,รอตรวจ: missing-official-evidence
เงินถม,เงิน-ถม,,pending,pending,,,รอตรวจ: missing-official-evidence
เงินทอง,เงิน-ทอง,,pending,pending,,,รอตรวจ: missing-official-evidence
เงินทอด,เงิน-ทอด,,pending,pending,,,รอตรวจ: missing-official-evidence
เงินธวัช,เงิน-ทะ-วัด,,pending,pending,,,รอตรวจ: missing-official-evidence
เงินธีระ,เงีน-ที-ระ,,pending,pending,,,รอตรวจ: missing-official-evidence
เงินนก,เงิน-กน,,pending,pending,,,รอตรวจ: missing-official-evidence
เงินนนท์,เงิน-นน,,pending,pending,,,รอตรวจ: missing-official-evidence
เงินนอง,เงิน-นอง,,pending,pending,,,รอตรวจ: missing-official-evidence
เงินนิรันดร์,เงิน-นิ-รัน,,pending,pending,,,รอตรวจ: missing-official-evidence
เงินมัด,เงิน-มัด,,pending,pending,,,รอตรวจ: missing-official-evidence
เงินมัดใจ,เงิน-มัด-ไจ,,pending,pending,,,รอตรวจ: missing-official-evidence
เงินมั่น,เงิน-มั่น,,pending,pending,,,รอตรวจ: missing-official-evidence
เงินมา,เงิน-มา,,pending,pending,,,รอตรวจ: missing-official-evidence
เงินวร,เงิน-วอน,,pending,pending,,,รอตรวจ: missing-official-evidence
เงินวิชญ์,เงิน-วิด,,pending,pending,,,รอตรวจ: missing-official-evidence
เงินวิโรจน์,เงิน-วิ-โรด,,pending,pending,,,รอตรวจ: missing-official-evidence
เงินหนุน,เงิน-หนุน,,pending,pending,,,รอตรวจ: missing-official-evidence
เงินหาญ,เงิน-หาน,,pending,pending,,,รอตรวจ: missing-official-evidence
เงินไหล,เงิน-ไหล,,pending,pending,,,รอตรวจ: missing-official-evidence
เงินอนันต์,เงิน-อะ-นัน,,pending,pending,,,รอตรวจ: missing-official-evidence
เงินออม,เงิน-ออม,,pending,pending,,,รอตรวจ: missing-official-evidence
เงินอำนาจ,เงิน-อำ-นาด,,pending,pending,,,รอตรวจ: missing-official-evidence
เงินอิ่ม,เงิน-อิ่ม,,pending,pending,,,รอตรวจ: missing-official-evidence
โงธรศรีธร,โง-ทอ-ระ-สี-ทอน,,pending,pending,,,รอตรวจ: missing-official-evidence
โงธรศรีรินทร์,โง-ทรา-สี-ริน,,pending,pending,,,รอตรวจ: missing-official-evidence
โงธรสิริธร,โง-ทระ-สิ-ริ-ทอน,,pending,pending,,,รอตรวจ: missing-official-evidence
โงธรสิริรินทร์,โทง-สิ-ริ-ริน,,pending,pending,,,รอตรวจ: missing-official-evidence
โงรินนภัส,โรง-นิน-พัด,,pending,pending,,,รอตรวจ: missing-official-evidence
โงรินวริศ,โง-ริน-วะ-ริด,,pending,pending,,,รอตรวจ: missing-official-evidence
โง้วจิรา,โง้ย-จิ-วาร,,pending,pending,,,รอตรวจ: missing-official-evidence
โง้วชญา,โง้ย-ชะ-วะ-ยา,,pending,pending,,,รอตรวจ: missing-official-evidence
โง้วณัฐ,โง้-วะ-นัด,,pending,pending,,,รอตรวจ: missing-official-evidence
โง้วธร,โง้-ทะ-วอน,,pending,pending,,,รอตรวจ: missing-official-evidence
โง้วธรรม,โง้-ทะ-วัม,,pending,pending,,,รอตรวจ: missing-official-evidence
โง้วธีร์,โง้ว-ที,,pending,pending,,,รอตรวจ: missing-official-evidence
โง้วนภัส,โง้ง-พะ-วัด,,pending,pending,,,รอตรวจ: missing-official-evidence
โงวรรณนภัส,โง-วัน-นะ-พัด,,pending,pending,,,รอตรวจ: missing-official-evidence
โงวรรณวริศ,โง-วัน-นะ-วะ-สิด,,pending,pending,,,รอตรวจ: missing-official-evidence
โงวินธีร์,โง-วิน-ที,,pending,pending,,,รอตรวจ: missing-official-evidence
โงวินวริศ,โง-วิน-วะ-ริด,,pending,pending,,,รอตรวจ: missing-official-evidence
ไงธรคุณ,ไท-รง-ทุน,,pending,pending,,,รอตรวจ: missing-official-evidence
ไงธรจิรา,ไง-ทรา-จิ-รา,,pending,pending,,,รอตรวจ: missing-official-evidence
ไงธรชญา,ไท-รง-ชะ-ยา,,pending,pending,,,รอตรวจ: missing-official-evidence
ไงธรณัฐ,ไท-ระ-นัด,,pending,pending,,,รอตรวจ: missing-official-evidence
ไงธรธนา,ไท-รง-ทะ-นา,,pending,pending,,,รอตรวจ: missing-official-evidence
ไงธรธร,ไท-ระ-ทอน,,pending,pending,,,รอตรวจ: missing-official-evidence
ไงธรธีร์,ไท-ระ-ที,,pending,pending,,,รอตรวจ: missing-official-evidence
ไงธรนภัส,ไง-ทอน-พัด,,pending,pending,,,รอตรวจ: missing-official-evidence
ไงธรภัทร,ไท-ระ-ทะ-พัด,,pending,pending,,,รอตรวจ: missing-official-evidence
ไงธรวร,ไท-ระ-วอน,,pending,pending,,,รอตรวจ: missing-official-evidence
ไงธรวริศ,ไท-ระ-วอ-ระ-สิด,,pending,pending,,,รอตรวจ: missing-official-evidence
ไงธรศรี,ไท-รง-สี,,pending,pending,,,รอตรวจ: missing-official-evidence
ไงธรศรีธร,ไง-ทรัด-สี-ทอน,,pending,pending,,,รอตรวจ: missing-official-evidence
ไงธรศรีรินทร์,ไง-ทรี-สิน-ริน,,pending,pending,,,รอตรวจ: missing-official-evidence
ไงธรสิริธร,ไท-รง-ทะ-ริ-สิด,,pending,pending,,,รอตรวจ: missing-official-evidence
ไงธรสิริรินทร์,ไท-รง-สิ-ริน,,pending,pending,,,รอตรวจ: missing-official-evidence
ไงธรสิริวิชญ์,ไง-ทระ-สิ-หริ-วิ-เชด,,pending,pending,,,รอตรวจ: missing-official-evidence
ไงธรอร,ไท-รอง,,pending,pending,,,รอตรวจ: missing-official-evidence
ไงรินกร,ไร-งิน-กอน,,pending,pending,,,รอตรวจ: missing-official-evidence
ไงรินธร,ไร-งิน-ทอน,,pending,pending,,,รอตรวจ: missing-official-evidence
ไงรินนภัส,ไง-ริน-พัด,,pending,pending,,,รอตรวจ: missing-official-evidence
ไงรินวร,ไร-งิน,,pending,pending,,,รอตรวจ: missing-official-evidence
ไงรินวริศ,ไร-งิ-ระ-วิด,,pending,pending,,,รอตรวจ: missing-official-evidence
ไงรินอร,ไร-งิน-ออน,,pending,pending,,,รอตรวจ: missing-official-evidence
ไงรินอารี,ไง-ริน-อา-รี,,pending,pending,,,รอตรวจ: missing-official-evidence
ไงวรรณธีร์,ไง-วัน-ที,,pending,pending,,,รอตรวจ: missing-official-evidence
ไงวรรณวริศ,ไง-วัน-นะ-วะ-ริด,,pending,pending,,,รอตรวจ: missing-official-evidence
ไงวาคุณ,ไง-วา-คุน,,pending,pending,,,รอตรวจ: missing-official-evidence
ไงวาธนา,ไง-วาด-นา,,pending,pending,,,รอตรวจ: missing-official-evidence
ไงวาธร,ไง-วาด,,pending,pending,,,รอตรวจ: missing-official-evidence
ไงวาธีร์,ไง-วา-ที,,pending,pending,,,รอตรวจ: missing-official-evidence
ไงวาวร,ไง-วา-วอน,,pending,pending,,,รอตรวจ: missing-official-evidence
ไงวาอร,ไง-วา-ออน,,pending,pending,,,รอตรวจ: missing-official-evidence
ไงวาอารี,ไง-วา-อา-รี,,pending,pending,,,รอตรวจ: missing-official-evidence
จงจิ,จง-จิ,,pending,pending,,,รอตรวจ: missing-official-evidence
จงจินต์,จง-จิน,,pending,pending,,,รอตรวจ: missing-official-evidence
จงเจต,จง-เจด,,pending,pending,,,รอตรวจ: missing-official-evidence
จงเจตน์,จง-เจด,,pending,pending,,,รอตรวจ: missing-official-evidence
จงรัก,จง-รัก,,pending,pending,,,รอตรวจ: missing-official-evidence
จงรักษ์,จง-รัก,,pending,pending,,,รอตรวจ: missing-official-evidence
จตุรงค์,จะ-ตุ-รง,,pending,pending,,,รอตรวจ: missing-official-evidence
จมิ,จิม,,pending,pending,,,รอตรวจ: missing-official-evidence
จรกรรณ,จะ-ระ-กัน,,pending,pending,,,รอตรวจ: missing-official-evidence
จรณ,จะ-รน,,pending,pending,,,รอตรวจ: missing-official-evidence
จรณ์,จอน,,pending,pending,,,รอตรวจ: missing-official-evidence
จรณรัญ,จะ-รน-รัน,,pending,pending,,,รอตรวจ: missing-official-evidence
จรณะ,จะ-ระ-นะ,,pending,pending,,,รอตรวจ: missing-official-evidence
จรณา,จะ-ระ-นา,,pending,pending,,,รอตรวจ: missing-official-evidence
จรณิน,จะ-ระ-นิน,,pending,pending,,,รอตรวจ: missing-official-evidence
จรณินท์,จะ-ระ-นิน,,pending,pending,,,รอตรวจ: missing-official-evidence
จรณินทร์,จะ-ระ-นิน,,pending,pending,,,รอตรวจ: missing-official-evidence
จรัญญา,จะ-รัน-ยา,,pending,pending,,,รอตรวจ: missing-official-evidence
จรัดไช,จะ-รัด-ไช,,pending,pending,,,รอตรวจ: missing-official-evidence
จรัดรรม,จะ-รัด-รม,,pending,pending,,,รอตรวจ: missing-official-evidence
จรัดราวัน,จะ-รัด-รา-วัน,,pending,pending,,,รอตรวจ: missing-official-evidence
จรัดวาริน,จะ-หรัด-วา-ริน,,pending,pending,,,รอตรวจ: missing-official-evidence
จรัดอมร,จะ-หรัด-อะ-มอน,,pending,pending,,,รอตรวจ: missing-official-evidence
จรัล,จะ-รัน,,pending,pending,,,รอตรวจ: missing-official-evidence
จรัลทร,จะ-รัน-ทอน,,pending,pending,,,รอตรวจ: missing-official-evidence
จรัลรมณ์,จะ-รัน-รม,,pending,pending,,,รอตรวจ: missing-official-evidence
จริญญา,จะ-ริน-ยา,,pending,pending,,,รอตรวจ: missing-official-evidence
จริน,จะ-ริน,,pending,pending,,,รอตรวจ: missing-official-evidence
จรินทร,จะ-ริน-ทอน,,pending,pending,,,รอตรวจ: missing-official-evidence
จรินทร์,จะ-ริน,,pending,pending,,,รอตรวจ: missing-official-evidence
จรินรสิน,จะ-ริน-ริด,,pending,pending,,,รอตรวจ: missing-official-evidence
จรินรา,จะ-ริน-รา,,pending,pending,,,รอตรวจ: missing-official-evidence
จรินราคาน,จะ-ริน-รา-คาน,,pending,pending,,,รอตรวจ: missing-official-evidence
จรินราณน,จะ-ริน-ราน,,pending,pending,,,รอตรวจ: missing-official-evidence
จรินรานาน,จะ-ริน-รา-นาน,,pending,pending,,,รอตรวจ: missing-official-evidence
จรินรารวัน,จะ-ริน-รา-วัน,,pending,pending,,,รอตรวจ: missing-official-evidence
จรินรารี,จะ-ริน-รา-รี,,pending,pending,,,รอตรวจ: missing-official-evidence
จรินราวัน,จะ-ริน-รา-วัน,,pending,pending,,,รอตรวจ: missing-official-evidence
จรินริน,จะ-ริน-ริน,,pending,pending,,,รอตรวจ: missing-official-evidence
จรินรินน,จะ-ริน-ริน,,pending,pending,,,รอตรวจ: missing-official-evidence
จรินรูจด,จะ-ริน-รูด,,pending,pending,,,รอตรวจ: missing-official-evidence
จรินรูเจต,จะ-ริน-รู-เจด,,pending,pending,,,รอตรวจ: missing-official-evidence
จรินรูไช,จะ-ริน-รู-ไช,,pending,pending,,,รอตรวจ: missing-official-evidence
จรินวร,จะ-ริน-วอน,,pending,pending,,,รอตรวจ: missing-official-evidence
จรินวารา,จะ-ริน-วา-รา,,pending,pending,,,รอตรวจ: missing-official-evidence
จรินวาริน,จะ-ริน-วา-ริน,,pending,pending,,,รอตรวจ: missing-official-evidence
จรินวิทร,จะ-ริน-วิด,,pending,pending,,,รอตรวจ: missing-official-evidence
จริม,จิ-หมิ,,pending,pending,,,รอตรวจ: missing-official-evidence
จรุญวงษ์,จะ-รุน-สะ-วง,,pending,pending,,,รอตรวจ: missing-official-evidence
จรูญ,จะ-รูน,,pending,pending,,,รอตรวจ: missing-official-evidence
จรูญไชย,จะ-รูน-ไช,,pending,pending,,,รอตรวจ: missing-official-evidence
จรูญญ์,จะ-รูน,,pending,pending,,,รอตรวจ: missing-official-evidence
จรูญภ์,จะ-รูน,,pending,pending,,,รอตรวจ: missing-official-evidence
จรูญเลิศ,จะ-รู-เลิด,,pending,pending,,,รอตรวจ: missing-official-evidence
จรูญศิลป์,จะ-รูน-สิน,,pending,pending,,,รอตรวจ: missing-official-evidence
จรูญสิน,จะ-รูน-สิน,,pending,pending,,,รอตรวจ: missing-official-evidence
จรูญสิริ,จะ-รูน-สิ-หริ,,pending,pending,,,รอตรวจ: missing-official-evidence
จวรรณภรณ์,จะ-วัน-พอน,,pending,pending,,,รอตรวจ: missing-official-evidence
จฬิ,จะ-หริ,,pending,pending,,,รอตรวจ: missing-official-evidence
จ้อง,จ้อง,,pending,pending,,,รอตรวจ: missing-official-evidence
จอนลา,จอน-ลา,,pending,pending,,,รอตรวจ: missing-official-evidence
จอมกมล,จอม-กะ-มน,,pending,pending,,,รอตรวจ: missing-official-evidence
จอมใจ,จอม-ใจ,,pending,pending,,,รอตรวจ: missing-official-evidence
จอมทอง,จอม-ทอง,,pending,pending,,,รอตรวจ: missing-official-evidence
จอมทองคำ,จอม-ทอง-คำ,,pending,pending,,,รอตรวจ: missing-official-evidence
จักร,จัก,,pending,pending,,,รอตรวจ: missing-official-evidence
จักรกริช,จัก-กริด,,pending,pending,,,รอตรวจ: missing-official-evidence
จักรธร,จัก-กระ-ทอน,,pending,pending,,,รอตรวจ: missing-official-evidence
จักรพงศ์,จัก-กระ-พง,,pending,pending,,,รอตรวจ: missing-official-evidence
จักรเพชร,จัก-เพ็ด,,pending,pending,,,รอตรวจ: missing-official-evidence
จักรภัทร,จัก-พัด-ทรอ,,pending,pending,,,รอตรวจ: missing-official-evidence
จักรวาล,จัก-กระ-วาน,,pending,pending,,,รอตรวจ: missing-official-evidence
จักรวุธ,จัก-กระ-วุด,,pending,pending,,,รอตรวจ: missing-official-evidence
จักราวิชช์,จัก-กรา-วิด,,pending,pending,,,รอตรวจ: missing-official-evidence
จักริน,จัก-กริน,,pending,pending,,,รอตรวจ: missing-official-evidence
จักรี,จัก-กรี,,pending,pending,,,รอตรวจ: missing-official-evidence
จัดณรงค์,จัด-นะ-รง,,pending,pending,,,รอตรวจ: missing-official-evidence
จันจิรา,จัน-จิ-รา,,pending,pending,,,รอตรวจ: missing-official-evidence
จันทจร,จัน-ทะ-จอน,,pending,pending,,,รอตรวจ: missing-official-evidence
จันทนา,จัน-ทะ-นา,,pending,pending,,,รอตรวจ: missing-official-evidence
จันทนานนท์,จัน-ทะ-นา-นน,,pending,pending,,,รอตรวจ: missing-official-evidence
จันทร์,จัน,,pending,pending,,,รอตรวจ: missing-official-evidence
จันทรขจร,จัน-ทะ-ขะ-จอน,,pending,pending,,,รอตรวจ: missing-official-evidence
จันทร์คง,จัน-คง,,pending,pending,,,รอตรวจ: missing-official-evidence
จันทร์จรัส,จัน-จะ-หรัด,,pending,pending,,,รอตรวจ: missing-official-evidence
จันทร์จิรา,จัน-จิ-รา,,pending,pending,,,รอตรวจ: missing-official-evidence
จันทร์เจริญ,จัน-จะ-เริน,,pending,pending,,,รอตรวจ: missing-official-evidence
จันทร์แจ้ง,จัน-แจ้ง,,pending,pending,,,รอตรวจ: missing-official-evidence
จันทร์เชย,จัน-เชย,,pending,pending,,,รอตรวจ: missing-official-evidence
จันทร์ทรง,จัน-ทรง,,pending,pending,,,รอตรวจ: missing-official-evidence
จันทร์ประภัส,จัน-ประ-พัด,,pending,pending,,,รอตรวจ: missing-official-evidence
จันทร์แปลง,จัน-แปลง,,pending,pending,,,รอตรวจ: missing-official-evidence
จันทร์ยี,จัน-ยี,,pending,pending,,,รอตรวจ: missing-official-evidence
จันทร์ลิ้ม,จัน-ลิ้ม,,pending,pending,,,รอตรวจ: missing-official-evidence
จันทร์วัน,จัน-วัน,,pending,pending,,,รอตรวจ: missing-official-evidence
จันทร์ศิริ,จัน-สิ-หริ,,pending,pending,,,รอตรวจ: missing-official-evidence
จันทร์สม,จัน-สม,,pending,pending,,,รอตรวจ: missing-official-evidence
จันทร์หอม,จัน-หอม,,pending,pending,,,รอตรวจ: missing-official-evidence
จันทร์หาญ,จัน-หาน,,pending,pending,,,รอตรวจ: missing-official-evidence
จันทร์โอ,จัน-โอ,,pending,pending,,,รอตรวจ: missing-official-evidence
จันทรังษ์,จัน-ทะ-รัง,,pending,pending,,,รอตรวจ: missing-official-evidence
จันทรัช,จัน-ทะ-รัด,,pending,pending,,,รอตรวจ: missing-official-evidence
จันทรากิณะ,จัน-ทา-ระ-กิ-นะ,,pending,pending,,,รอตรวจ: missing-official-evidence
จันทรานนท์,จัน-ทรา-นน,,pending,pending,,,รอตรวจ: missing-official-evidence
จันทราวรรณ,จัน-ทรา-วัน,,pending,pending,,,รอตรวจ: missing-official-evidence
จันทวารา,จัน-ทะ-วา-รา,,pending,pending,,,รอตรวจ: missing-official-evidence
จันทะคัด,จัน-ทะ-คัด,,pending,pending,,,รอตรวจ: missing-official-evidence
จันทะวงษ์,จัน-ทะ-วง,,pending,pending,,,รอตรวจ: missing-official-evidence
จันทะวัง,จัน-ทะ-วัง,,pending,pending,,,รอตรวจ: missing-official-evidence
จันทิรา,จัน-ทิ-รา,,pending,pending,,,รอตรวจ: missing-official-evidence
จันธนนิโรจน์,จัน-ทะ-นา-โร-ดิน,,pending,pending,,,รอตรวจ: missing-official-evidence
จันธิมา,จัน-ทิ-มา,,pending,pending,,,รอตรวจ: missing-official-evidence
จับใจ,จับ-ไจ,,pending,pending,,,รอตรวจ: missing-official-evidence
จามิกรณ์,จา-มิ-กอน,,pending,pending,,,รอตรวจ: missing-official-evidence
จาร์มิกรณ์,จา-มิ-กอน,,pending,pending,,,รอตรวจ: missing-official-evidence
จารุกิตต์,จา-รุ-กิด,,pending,pending,,,รอตรวจ: missing-official-evidence
จารุจันท์โชค,จา-รุ-จัน-โชก,,pending,pending,,,รอตรวจ: missing-official-evidence
จารุธำรง,จา-รุด-ทำ-มง,,pending,pending,,,รอตรวจ: missing-official-evidence
จารุนภัทร์,จา-รุน-พัด,,pending,pending,,,รอตรวจ: missing-official-evidence
จารุนันท์,จา-รุ-นัน,,pending,pending,,,รอตรวจ: missing-official-evidence
จารุรินทร์,จา-รุ-ริน,,pending,pending,,,รอตรวจ: missing-official-evidence
จารุวรรณ,จา-รุ-วัน,,pending,pending,,,รอตรวจ: missing-official-evidence
จารูญ,จา-รูน,,pending,pending,,,รอตรวจ: missing-official-evidence
จาลิบ,จา-ลิบ,,pending,pending,,,รอตรวจ: missing-official-evidence
จำนาน,จำ-นาน,,pending,pending,,,รอตรวจ: missing-official-evidence
จำรอง,จำ-รอง,,pending,pending,,,รอตรวจ: missing-official-evidence
จำรูญ,จำ-รูน,,pending,pending,,,รอตรวจ: missing-official-evidence
จำรูญศรี,จำ-รูน-สี,,pending,pending,,,รอตรวจ: missing-official-evidence
จำลอง,จำ-ลอง,,pending,pending,,,รอตรวจ: missing-official-evidence
จิณณ์,จิน,,pending,pending,,,รอตรวจ: missing-official-evidence
จิณณ์เจษฎ์,จิน-เจด,,pending,pending,,,รอตรวจ: missing-official-evidence
จิณณ์ณัฏฐี,จิน-นัด-ถี,,pending,pending,,,รอตรวจ: missing-official-evidence
จิณณ์วินท์,จิน-นะ-วิน,,pending,pending,,,รอตรวจ: missing-official-evidence
จิณณ์ศร,จิน-สอน,,pending,pending,,,รอตรวจ: missing-official-evidence
จิณณะ,จิน-นะ,,pending,pending,,,รอตรวจ: missing-official-evidence
จิณธร,จิน-ทอน,,pending,pending,,,รอตรวจ: missing-official-evidence
จิณห์วรา,จิน-วะ-รา,,pending,pending,,,รอตรวจ: missing-official-evidence
จิดาภา,จิ-ดา-พา,,pending,pending,,,รอตรวจ: missing-official-evidence
จิตติพร,จิด-ติ-พอน,,pending,pending,,,รอตรวจ: missing-official-evidence
จิตติมา,จิด-ติ-มา,,pending,pending,,,รอตรวจ: missing-official-evidence
จิตรดิลก,จิด-ดิ-หลก,,pending,pending,,,รอตรวจ: missing-official-evidence
จิตรเทพ,จิด-ตระ-เทบ,,pending,pending,,,รอตรวจ: missing-official-evidence
จิตรภณ,จิด-ตระ-พน,,pending,pending,,,รอตรวจ: missing-official-evidence
จิตริน,จิด-ริน,,pending,pending,,,รอตรวจ: missing-official-evidence
จิธิมา,จิ-ทิ-มา,,pending,pending,,,รอตรวจ: missing-official-evidence
จิน,จิน,,pending,pending,,,รอตรวจ: missing-official-evidence
จินณ์,จิน,,pending,pending,,,รอตรวจ: missing-official-evidence
จินตณัฐ,จิน-ตะ-นัด,,pending,pending,,,รอตรวจ: missing-official-evidence
จินตนภรณ์,จิน-ตะ-นะ-พอน,,pending,pending,,,รอตรวจ: missing-official-evidence
จินตนา,จิน-ตะ-นา,,pending,pending,,,รอตรวจ: missing-official-evidence
จินต์ลภัส,จิน-ละ-พัด,,pending,pending,,,รอตรวจ: missing-official-evidence
จินนะ,จิน-นะ,,pending,pending,,,รอตรวจ: missing-official-evidence
จินนะธรรม,จิน-นะ-ทำ,,pending,pending,,,รอตรวจ: missing-official-evidence
จินนะวิทร,จิน-นะ-วิด,,pending,pending,,,รอตรวจ: missing-official-evidence
จินวิทร,จิน-วิ-ทอน,,pending,pending,,,รอตรวจ: missing-official-evidence
จินาวา,จิ-นา-วา,,pending,pending,,,รอตรวจ: missing-official-evidence
จิรกร,จิ-รา-กอน,,pending,pending,,,รอตรวจ: missing-official-evidence
จิรญา,จิ-ระ-ยา,,pending,pending,,,รอตรวจ: missing-official-evidence
จิรฐา,จิ-ระ-ถา,,pending,pending,,,รอตรวจ: missing-official-evidence
จิรดล,จิ-ระ-ดน,,pending,pending,,,รอตรวจ: missing-official-evidence
จิรเดช,จิ-ระ-เดด,,pending,pending,,,รอตรวจ: missing-official-evidence
จิรทีปต์,จิ-ระ-ทีบ,,pending,pending,,,รอตรวจ: missing-official-evidence
จิรนันท์,จิ-ระ-นัน,,pending,pending,,,รอตรวจ: missing-official-evidence
จิรนาฏ,จิ-ระ-นาด,,pending,pending,,,รอตรวจ: missing-official-evidence
จิรบวรภัทร,จิ-ระ-บอ-วอ-ระ-พัด,,pending,pending,,,รอตรวจ: missing-official-evidence
จิรเปรมธนิก,จิ-ระ-เปรม-กะ-นิด,,pending,pending,,,รอตรวจ: missing-official-evidence
จิรพรรณ,จิ-ระ-พัน,,pending,pending,,,รอตรวจ: missing-official-evidence
จิรภัทร,จิ-ระ-พัด,,pending,pending,,,รอตรวจ: missing-official-evidence
จิรภิญญา,จิ-ระ-พิน-ยา,,pending,pending,,,รอตรวจ: missing-official-evidence
จิรเมธ,จิ-ระ-เมด,,pending,pending,,,รอตรวจ: missing-official-evidence
จิรวัฒน์,จิ-ระ-วัด,,pending,pending,,,รอตรวจ: missing-official-evidence
จิรเวช,จิ-ระ-เวด,,pending,pending,,,รอตรวจ: missing-official-evidence
จิรศักดิ์,จิ-ระ-สัก,,pending,pending,,,รอตรวจ: missing-official-evidence
จิระคุณ,จิ-ระ-คุน,,pending,pending,,,รอตรวจ: missing-official-evidence
จิระเจริญรุจน์,จิ-ระ-เร-จุ-ริน,,pending,pending,,,รอตรวจ: missing-official-evidence
จิระนันท์,จิ-ระ-นัน,,pending,pending,,,รอตรวจ: missing-official-evidence
จิระประไพ,จิ-ระ-ปะ-ไพ,,pending,pending,,,รอตรวจ: missing-official-evidence
จิรัชญา,จิ-รัด-ชะ-ยา,,pending,pending,,,รอตรวจ: missing-official-evidence
จิรัฎฐ์,จิ-รัด,,pending,pending,,,รอตรวจ: missing-official-evidence
จิรัฏฐ,จิ-ระ-จัด,,pending,pending,,,รอตรวจ: missing-official-evidence
จิรัฏฐ์,จิ-รัด,,pending,pending,,,รอตรวจ: missing-official-evidence
จิรัฏฐา,จิ-รัด-ถา,,pending,pending,,,รอตรวจ: missing-official-evidence
จิรันธนิน,จิ-รัน-ทะ-นิน,,pending,pending,,,รอตรวจ: missing-official-evidence
จิรันธร,จิ-รัน-ทอน,,pending,pending,,,รอตรวจ: missing-official-evidence
จิรัส,จิ-รัด,,pending,pending,,,รอตรวจ: missing-official-evidence
จิรา,จิ-รา,,pending,pending,,,รอตรวจ: missing-official-evidence
จิราธร,จิ-รา-ทอน,,pending,pending,,,รอตรวจ: missing-official-evidence
จิรานุวัจน์,จิ-รา-นุ-วัด,,pending,pending,,,รอตรวจ: missing-official-evidence
จิรายุ,จิ-รา-ยุ,,pending,pending,,,รอตรวจ: missing-official-evidence
จิรายุทธ,จิ-รา-ยุด,,pending,pending,,,รอตรวจ: missing-official-evidence
จิราวุธ,จิ-รา-วุด,,pending,pending,,,รอตรวจ: missing-official-evidence
จิริญา,จิ-ริ-ยา,,pending,pending,,,รอตรวจ: missing-official-evidence
จิลลภัทร,จิน-ละ-พัด,,pending,pending,,,รอตรวจ: missing-official-evidence
จีรณะ,จี-ระ-นะ,,pending,pending,,,รอตรวจ: missing-official-evidence
จุฑามาศ,จุ-ทา-มาด,,pending,pending,,,รอตรวจ: missing-official-evidence
จุนันท์,จุ-นัน,,pending,pending,,,รอตรวจ: missing-official-evidence
จุลจักร,จุน-ละ-จัก,,pending,pending,,,รอตรวจ: missing-official-evidence
จุลอักษร,จุ-ละ-อัก-สอน,,pending,pending,,,รอตรวจ: missing-official-evidence
จุลินทร์,จุ-ลิน,,pending,pending,,,รอตรวจ: missing-official-evidence
จุฬารักษ์,จุ-รา-รัก,,pending,pending,,,รอตรวจ: missing-official-evidence
จุฬาลักษณ์,จุ-รา-ลัก,,pending,pending,,,รอตรวจ: missing-official-evidence
จุฬาวรรณ,จุ-รา-วัน,,pending,pending,,,รอตรวจ: missing-official-evidence
จูงใจ,จูง-ไจ,,pending,pending,,,รอตรวจ: missing-official-evidence
จูมนา,จูม-นา,,pending,pending,,,รอตรวจ: missing-official-evidence
เจดับบลิว,เจ-ดับ-วิน,,pending,pending,,,รอตรวจ: missing-official-evidence
เจตณัฐ,เจด-ตะ-นัด,,pending,pending,,,รอตรวจ: missing-official-evidence
เจตณัฐว์,เจด-ตะ-นัด,,pending,pending,,,รอตรวจ: missing-official-evidence
เจตน์,เจด,,pending,pending,,,รอตรวจ: missing-official-evidence
เจตนจันทร์,เจด-ตะ-นะ-จัน,,pending,pending,,,รอตรวจ: missing-official-evidence
เจตนิพัทธ์,เจด-นิ-พัด,,pending,pending,,,รอตรวจ: missing-official-evidence
เจน,เจน,,pending,pending,,,รอตรวจ: missing-official-evidence
เจนจบ,เจน-จบ,,pending,pending,,,รอตรวจ: missing-official-evidence
เจนจาคะ,เจน-จา-คะ,,pending,pending,,,รอตรวจ: missing-official-evidence
เจนจิรา,เจน-จิ-รา,,pending,pending,,,รอตรวจ: missing-official-evidence
เจนจิรารีย์,เจน-จิ-รา-รี,,pending,pending,,,รอตรวจ: missing-official-evidence
เจนภณ,เจน-พน,,pending,pending,,,รอตรวจ: missing-official-evidence
เจนรบ,เจน-รบ,,pending,pending,,,รอตรวจ: missing-official-evidence
เจนลักษณ์,เจน-ลัก,,pending,pending,,,รอตรวจ: missing-official-evidence
เจนวร,เจน-วะ-ระ,,pending,pending,,,รอตรวจ: missing-official-evidence
เจนวิน,เจน-วิน,,pending,pending,,,รอตรวจ: missing-official-evidence
เจนอักษร,เจน-อัก-สอน,,pending,pending,,,รอตรวจ: missing-official-evidence
เจริญ,จะ-เริน,,pending,pending,,,รอตรวจ: missing-official-evidence
เจริญกัลป์,จะ-เริน-กัน,,pending,pending,,,รอตรวจ: missing-official-evidence
เจริญขวัญ,จะ-เริน-ขวัน,,pending,pending,,,รอตรวจ: missing-official-evidence
เจริญใจ,จะ-เริน-ไจ,,pending,pending,,,รอตรวจ: missing-official-evidence
เจริญรักษ์,จะ-เริน-รัก,,pending,pending,,,รอตรวจ: missing-official-evidence
เจริญโรจน์ปัญญา,จะ-เริน-จัน-ยะ-ปา,,pending,pending,,,รอตรวจ: missing-official-evidence
เจริญวงษ์,จะ-เริน-งว,,pending,pending,,,รอตรวจ: missing-official-evidence
เจริญไว,จะ-เริน-ไว,,pending,pending,,,รอตรวจ: missing-official-evidence
เจริญใหญ่,จะ-เริน-ใหย่,,pending,pending,,,รอตรวจ: missing-official-evidence
เจษฎ์ภัทร,เจด-พัด,,pending,pending,,,รอตรวจ: missing-official-evidence
เจษฎา,เจด-สะ-ดา,,pending,pending,,,รอตรวจ: missing-official-evidence
เจษฎาวิน,เจด-สะ-ดา-วิน,,pending,pending,,,รอตรวจ: missing-official-evidence
เจษฎาวุธ,เจด-สะ-ดา-วุด,,pending,pending,,,รอตรวจ: missing-official-evidence
เจษฏา,เจด-สะ-ตา,,pending,pending,,,รอตรวจ: missing-official-evidence
เจษภัทร,เจด-สะ-พัด,,pending,pending,,,รอตรวจ: missing-official-evidence
เจษรินทร์,เจด-สะ-ริน,,pending,pending,,,รอตรวจ: missing-official-evidence
เจษวิชญ์,เจด-สะ-วิด,,pending,pending,,,รอตรวจ: missing-official-evidence
เจะดิง,เจ-ดิง,,pending,pending,,,รอตรวจ: missing-official-evidence
เจะเละ,เจะ-เละ,,pending,pending,,,รอตรวจ: missing-official-evidence
เจะโวะ,เจะ-โวะ,,pending,pending,,,รอตรวจ: missing-official-evidence
เจิมจันทร์,เจิม-จัน,,pending,pending,,,รอตรวจ: missing-official-evidence
แจ้งคำ,แจ้ง-คำ,,pending,pending,,,รอตรวจ: missing-official-evidence
แจ้งประดิษฐ์,แจ้ง-ประ-ดิด,,pending,pending,,,รอตรวจ: missing-official-evidence
แจวทอง,แจว-ทอง,,pending,pending,,,รอตรวจ: missing-official-evidence
ใจแคล้ว,ไจ-แคล้ว,,pending,pending,,,รอตรวจ: missing-official-evidence
ใจหลัก,ไจ-หลัก,,pending,pending,,,รอตรวจ: missing-official-evidence
ฉกณนต,ฉะ-กะ-หนด,,pending,pending,,,รอตรวจ: missing-official-evidence
ฉกมนต,ฉก-มะ-นด,,pending,pending,,,รอตรวจ: missing-official-evidence
ฉกรกะ,ฉะ-กอ-ระ-กะ,,pending,pending,,,รอตรวจ: missing-official-evidence
ฉกรกิ,ฉะ-กอน-กิ,,pending,pending,,,รอตรวจ: missing-official-evidence
ฉกรณัฏฐ์,ฉะ-กอ-ระ-นัด,,pending,pending,,,รอตรวจ: missing-official-evidence
ฉกรมิน,ฉะ-กะ-มะ-ลิน,,pending,pending,,,รอตรวจ: missing-official-evidence
ฉกรรจ์,ฉะ-กัน,,pending,pending,,,รอตรวจ: missing-official-evidence
ฉกะกร,ฉะ-กอน,,pending,pending,,,รอตรวจ: missing-official-evidence
ฉกะมิน,ฉะ-กะ-มะ-นิ,,pending,pending,,,รอตรวจ: missing-official-evidence
ฉกัณ,ฉะ-กัน,,pending,pending,,,รอตรวจ: missing-official-evidence
ฉกัณโณ,ฉะ-กัน-โน,,pending,pending,,,รอตรวจ: missing-official-evidence
ฉกัน,ฉะ-กัน,,pending,pending,,,รอตรวจ: missing-official-evidence
ฉกันโณ,ฉะ-กัน-โน,,pending,pending,,,รอตรวจ: missing-official-evidence
ฉกันรณ,ฉะ-กัน-ระ-กอน,,pending,pending,,,รอตรวจ: missing-official-evidence
ฉกิกะ,ฉะ-กิ-กะ,,pending,pending,,,รอตรวจ: missing-official-evidence
ฉกิกิ,ฉะ-กิ-โก,,pending,pending,,,รอตรวจ: missing-official-evidence
ฉกิจชล,ฉะ-กิด-ชน,,pending,pending,,,รอตรวจ: missing-official-evidence
ฉกิจนต,ฉะ-กิ-จน,,pending,pending,,,รอตรวจ: missing-official-evidence
ฉกิจนนท์,ฉิ-กิ-นน,,pending,pending,,,รอตรวจ: missing-official-evidence
ฉกิณ,ฉะ-กิน,,pending,pending,,,รอตรวจ: missing-official-evidence
ฉกิณโณ,ฉะ-กิน-โน,,pending,pending,,,รอตรวจ: missing-official-evidence
ฉกิณรณ,ฉะ-กิ-ระ-นะ,,pending,pending,,,รอตรวจ: missing-official-evidence
ฉกิณัฏฐ์,ฉะ-กิ-นัด,,pending,pending,,,รอตรวจ: missing-official-evidence
ฉกิม,ฉะ-กิม,,pending,pending,,,รอตรวจ: missing-official-evidence
ฉกิมโณ,ฉะ-กิ-โมน,,pending,pending,,,รอตรวจ: missing-official-evidence
ฉกิมรณ,ฉะ-กิ-มน,,pending,pending,,,รอตรวจ: missing-official-evidence
ฉกิมิน,ฉะ-กิ-มิน,,pending,pending,,,รอตรวจ: missing-official-evidence
ฉคะภิ,ฉะ-คะ-พิ,,pending,pending,,,รอตรวจ: missing-official-evidence
ฉคุณ,ฉะ-คุน,,pending,pending,,,รอตรวจ: missing-official-evidence
ฉคุณโณ,ฉะ-คุน-โน,,pending,pending,,,รอตรวจ: missing-official-evidence
ฉคุณรณ,ฉะ-คุน-ระ-นะ,,pending,pending,,,รอตรวจ: missing-official-evidence
ฉณัฏฐ์,ฉะ-นัด,,pending,pending,,,รอตรวจ: missing-official-evidence
ฉณัฏฐ์กะ,ฉะ-หนัด-กะ,,pending,pending,,,รอตรวจ: missing-official-evidence
ฉณัฏฐ์โณ,ฉะ-หนัด-โน,,pending,pending,,,รอตรวจ: missing-official-evidence
ฉณัฏฐ์รณ,ฉะ-รัน-ดอน,,pending,pending,,,รอตรวจ: missing-official-evidence
ฉณัฏฐ์วร,ฉะ-หระ-วัด,,pending,pending,,,รอตรวจ: missing-official-evidence
ฉณัฏฐ์อร,ฉะ-นัด-ออน,,pending,pending,,,รอตรวจ: missing-official-evidence
ฉณัฐณัฐ,ฉะ-หรัด-ถะ-นัด,,pending,pending,,,รอตรวจ: missing-official-evidence
ฉณัฐมนต์,ฉะ-นัด-ถะ-มน,,pending,pending,,,รอตรวจ: missing-official-evidence
ฉโณ,ฉะ-โหน,,pending,pending,,,รอตรวจ: missing-official-evidence
ฉโณกร,ฉะ-โหน-กอน,,pending,pending,,,รอตรวจ: missing-official-evidence
ฉโณกัน,ฉะ-โน-โกน,,pending,pending,,,รอตรวจ: missing-official-evidence
ฉโณกิม,ฉะ-โน-กิม,,pending,pending,,,รอตรวจ: missing-official-evidence
ฉโณณัฏฐ์,ฉะ-โหน-นัด,,pending,pending,,,รอตรวจ: missing-official-evidence
ฉโณดิณ,โฉ-โน-ดิน,,pending,pending,,,รอตรวจ: missing-official-evidence
ฉโณธาม,ฉะ-โหน-ทาม,,pending,pending,,,รอตรวจ: missing-official-evidence
ฉโณภิณ,ฉะ-โน-นิบ,,pending,pending,,,รอตรวจ: missing-official-evidence
ฉโณมนต์,ฉะ-โน-มน,,pending,pending,,,รอตรวจ: missing-official-evidence
ฉโณวร,โฉ-โน-วอน,,pending,pending,,,รอตรวจ: missing-official-evidence
ฉดนนด,ฉะ-ดะ-หนด,,pending,pending,,,รอตรวจ: missing-official-evidence
ฉดิณ,ฉะ-ดิน,,pending,pending,,,รอตรวจ: missing-official-evidence
ฉดิณรณ,ฉะ-ดิ-ระ-นะ-ระ,,pending,pending,,,รอตรวจ: missing-official-evidence
ฉธาม,ฉะ-ทาม,,pending,pending,,,รอตรวจ: missing-official-evidence
ฉธามโณ,ฉะ-ทา-โมน,,pending,pending,,,รอตรวจ: missing-official-evidence
ฉธามรณ,ทะ-ทา-ระ-มน,,pending,pending,,,รอตรวจ: missing-official-evidence
ฉนตอณ,ฉะ-หนอน,,pending,pending,,,รอตรวจ: missing-official-evidence
ฉนนท์กิจ,ฉะ-หน-นะ-กิด,,pending,pending,,,รอตรวจ: missing-official-evidence
ฉนนท์วิณ,ฉะ-หนน-วิน,,pending,pending,,,รอตรวจ: missing-official-evidence
ฉนนท์อณ,ฉะ-หนน-ออน,,pending,pending,,,รอตรวจ: missing-official-evidence
ฉนันท์อณ,ฉะ-หนัน-ออน,,pending,pending,,,รอตรวจ: missing-official-evidence
ฉมน,ฉะ-มน,,pending,pending,,,รอตรวจ: missing-official-evidence
ฉมนต์ณัฐ,ฉะ-มะ-นัด,,pending,pending,,,รอตรวจ: missing-official-evidence
ฉมนต์โณ,ฉะ-มน-โน,,pending,pending,,,รอตรวจ: missing-official-evidence
ฉมนต์รณ,ฉะ-มน-รน,,pending,pending,,,รอตรวจ: missing-official-evidence
ฉมนต์รวิ,ฉม-นะ-ริ,,pending,pending,,,รอตรวจ: missing-official-evidence
ฉมนต์วิณ,ฉะ-มน-วิน,,pending,pending,,,รอตรวจ: missing-official-evidence
ฉมนต์อิม,ฉะ-มน-อิม,,pending,pending,,,รอตรวจ: missing-official-evidence
ฉมา,ฉะ-มา,,pending,pending,,,รอตรวจ: missing-official-evidence
ฉมิน,ฉะ-หมิน,,pending,pending,,,รอตรวจ: missing-official-evidence
ฉมินกร,ฉะ-หมิน-กอน,,pending,pending,,,รอตรวจ: missing-official-evidence
ฉมินกิ,ฉะ-มิน-นิก,,pending,pending,,,รอตรวจ: missing-official-evidence
ฉมินมนต์,ฉะ-มิน-มน,,pending,pending,,,รอตรวจ: missing-official-evidence
ฉรณ,ฉะ-ระ-ณ,,pending,pending,,,รอตรวจ: missing-official-evidence
ฉรณกร,ฉะ-ระ-ณ-กอน,,pending,pending,,,รอตรวจ: missing-official-evidence
ฉรณกะ,ฉะ-ระ-นะ-กะ,,pending,pending,,,รอตรวจ: missing-official-evidence
ฉรณกัน,ฉะ-ระ-นะ-กัน,,pending,pending,,,รอตรวจ: missing-official-evidence
ฉรณกิ,ฉะ-ระ-นะ-กิด,,pending,pending,,,รอตรวจ: missing-official-evidence
ฉรณกิณ,ฉะ-ระ-นะ-กิน,,pending,pending,,,รอตรวจ: missing-official-evidence
ฉรณคุณ,ฉะ-ระ-นะ-คุน,,pending,pending,,,รอตรวจ: missing-official-evidence
ฉรณณัฏฐ์,ฉะ-ระ-ณ-นัด,,pending,pending,,,รอตรวจ: missing-official-evidence
ฉรณดิณ,ฉอ-ระ-นะ-ดิน,,pending,pending,,,รอตรวจ: missing-official-evidence
ฉรณธาม,ฉะ-ระ-ณ-ทาม,,pending,pending,,,รอตรวจ: missing-official-evidence
ฉรณมนต์,ฉะ-ระ-มน,,pending,pending,,,รอตรวจ: missing-official-evidence
ฉรณวร,ฉะ-ระ-นะ-วอน,,pending,pending,,,รอตรวจ: missing-official-evidence
ฉรณอร,ฉะ-ระ-ณ-ออน,,pending,pending,,,รอตรวจ: missing-official-evidence
ฉรวิ,ฉะ-ระ-วิ,,pending,pending,,,รอตรวจ: missing-official-evidence
ฉรวิกร,ฉะ-ระ-วิ-กอน,,pending,pending,,,รอตรวจ: missing-official-evidence
ฉรวิกะ,ฉะ-หระ-วิ-กะ,,pending,pending,,,รอตรวจ: missing-official-evidence
ฉรวิกิ,ฉะ-หระ-วิ-กิ,,pending,pending,,,รอตรวจ: missing-official-evidence
ฉรวิมนต์,ฉะ-ระ-วิม-นะ,,pending,pending,,,รอตรวจ: missing-official-evidence
ฉลอง,ฉะ-หลอง,,pending,pending,,,รอตรวจ: missing-official-evidence
ฉลองขวัญ,ฉะ-หลอง-ขวัน,,pending,pending,,,รอตรวจ: missing-official-evidence
ฉลองคุณ,ฉะ-หลอง-คุน,,pending,pending,,,รอตรวจ: missing-official-evidence
ฉลองใจ,ฉะ-หลอง-ไจ,,pending,pending,,,รอตรวจ: missing-official-evidence
ฉลองรัช,ฉะ-หลอง-รัด,,pending,pending,,,รอตรวจ: missing-official-evidence
ฉลอม,ฉะ-หลอม,,pending,pending,,,รอตรวจ: missing-official-evidence
ฉลาจ,ฉะ-หลาด,,pending,pending,,,รอตรวจ: missing-official-evidence
ฉลาจเลิศ,ฉะ-หลาด-เลิด,,pending,pending,,,รอตรวจ: missing-official-evidence
ฉวร,ฉะ-หวัน,,pending,pending,,,รอตรวจ: missing-official-evidence
ฉวรณัฏฐ์,ฉะ-หวัน-นัด,,pending,pending,,,รอตรวจ: missing-official-evidence
ฉวัณนนท์,ฉะ-หวัน-นน,,pending,pending,,,รอตรวจ: missing-official-evidence
ฉวัณมนต์,ฉะ-หวัน-มน,,pending,pending,,,รอตรวจ: missing-official-evidence
ฉวิณนนท์,ฉะ-วิน-นน,,pending,pending,,,รอตรวจ: missing-official-evidence
ฉวิณมนต์,ฉะ-วิ-มน,,pending,pending,,,รอตรวจ: missing-official-evidence
ฉอณนนท์,ฉอ-นะ-นน,,pending,pending,,,รอตรวจ: missing-official-evidence
ฉอณนันท์,ฉอ-นะ-นัน,,pending,pending,,,รอตรวจ: missing-official-evidence
ฉอร,ฉอ-ระ,,pending,pending,,,รอตรวจ: missing-official-evidence
ฉอิมนนท์,ฉอ-มิน-มน,,pending,pending,,,รอตรวจ: missing-official-evidence
ฉอิมมนต์,ฉอ-มิน-มะ-ทิ,,pending,pending,,,รอตรวจ: missing-official-evidence
ฉัน,ฉัน,,pending,pending,,,รอตรวจ: missing-official-evidence
ฉันถัน,ฉัน-ถัน,,pending,pending,,,รอตรวจ: missing-official-evidence
ฉันถิช,ฉัน-ถิด,,pending,pending,,,รอตรวจ: missing-official-evidence
ฉันท์,ฉัน,,pending,pending,,,รอตรวจ: missing-official-evidence
ฉันท์กิจ,ฉัน-กิด,,pending,pending,,,รอตรวจ: missing-official-evidence
ฉันท์ชนก,ฉัน-ชะ-นก,,pending,pending,,,รอตรวจ: missing-official-evidence
ฉันท์ทัต,ฉัน-ทัด,,pending,pending,,,รอตรวจ: missing-official-evidence
ฉันทพล,ฉัน-ทะ-พน,,pending,pending,,,รอตรวจ: missing-official-evidence
ฉันทพัฒน์,ฉัน-ทะ-พัด,,pending,pending,,,รอตรวจ: missing-official-evidence
ฉินนรณ,ฉิน-นะ-ระ-นะ,,pending,pending,,,รอตรวจ: missing-official-evidence
ฉิม,ฉิม,,pending,pending,,,รอตรวจ: missing-official-evidence
เฉลิมพล,ฉะ-เหลิม-พน,,pending,pending,,,รอตรวจ: missing-official-evidence
ไฉน,ฉะ-ไหน,,pending,pending,,,รอตรวจ: missing-official-evidence
ชคินทร์,ชะ-คิน,,pending,pending,,,รอตรวจ: missing-official-evidence
ชชญ,ชะ-ยะ-ชน,,pending,pending,,,รอตรวจ: missing-official-evidence
ชญ์,ชะ,,pending,pending,,,รอตรวจ: missing-official-evidence
ชญภัษ,ชะ-ยะ-พัด,,pending,pending,,,รอตรวจ: missing-official-evidence
ชญาญาลักษณ์,ชะ-ยา-ลัก,,pending,pending,,,รอตรวจ: missing-official-evidence
ชญาญาวรัญญา,ชะ-ยาน-วา-นัน-ยา,,pending,pending,,,รอตรวจ: missing-official-evidence
ชญาณ์นันท์,ชะ-ยา-นัน,,pending,pending,,,รอตรวจ: missing-official-evidence
ชญาธร,ชะ-ยา-ทอน,,pending,pending,,,รอตรวจ: missing-official-evidence
ชญานนท์,ชะ-ยา-นน,,pending,pending,,,รอตรวจ: missing-official-evidence
ชญาน์นันท์,ชะ-ยา-นัน,,pending,pending,,,รอตรวจ: missing-official-evidence
ชญานภัส,ชะ-ยาน-พัด,,pending,pending,,,รอตรวจ: missing-official-evidence
ชญานวล,ชะ-ยา-นวน,,pending,pending,,,รอตรวจ: missing-official-evidence
ชญานันท์,ชะ-ยา-นัน,,pending,pending,,,รอตรวจ: missing-official-evidence
ชญานันทน์,ชะ-ยา-นัน,,pending,pending,,,รอตรวจ: missing-official-evidence
ชญานารี,ชะ-ยา-นา-รี,,pending,pending,,,รอตรวจ: missing-official-evidence
ชญานิธิ,ชะ-ยา-นิ-ทิ,,pending,pending,,,รอตรวจ: missing-official-evidence
ชญานิน,ชะ-ยา-นิน,,pending,pending,,,รอตรวจ: missing-official-evidence
ชญานิศ,ชะ-ยา-นิด,,pending,pending,,,รอตรวจ: missing-official-evidence
ชญานิษฐ์,ชะ-ยา-นิด,,pending,pending,,,รอตรวจ: missing-official-evidence
ชญาริน,ชะ-ยา-ริน,,pending,pending,,,รอตรวจ: missing-official-evidence
ชญาลักษณ์,ชะ-ยา-ลัก,,pending,pending,,,รอตรวจ: missing-official-evidence
ชญาวรรณ,ชะ-ยา-วัน,,pending,pending,,,รอตรวจ: missing-official-evidence
ชญาวรศิริ,ชะ-ยาน-วอ-ระ-สิ-หริ,,pending,pending,,,รอตรวจ: missing-official-evidence
ชญาวรัญญา,ชะ-ยา-วะ-รัน-ยา,,pending,pending,,,รอตรวจ: missing-official-evidence
ชญาวริน,ชะ-ยา-วะ-ริน,,pending,pending,,,รอตรวจ: missing-official-evidence
ชญาวิน,ชะ-ยา-วิน,,pending,pending,,,รอตรวจ: missing-official-evidence
ชญาอริน,ชะ-ยา-อะ-ริน,,pending,pending,,,รอตรวจ: missing-official-evidence
ชนมภูมิ,ชน-มะ-พูม,,pending,pending,,,รอตรวจ: missing-official-evidence
ชนิดาภา,ชะ-นิ-ดา-พา,,pending,pending,,,รอตรวจ: missing-official-evidence
ชนิตพล,ชะ-นิด-พน,,pending,pending,,,รอตรวจ: missing-official-evidence
ชนุดม,ชะ-นุ-ดม,,pending,pending,,,รอตรวจ: missing-official-evidence
ชนุตร์,ชะ-นุด,,pending,pending,,,รอตรวจ: missing-official-evidence
ชโนดม,ชะ-โน-ดม,,pending,pending,,,รอตรวจ: missing-official-evidence
ชไมภรณ์,ชะ-ไม-พอน,,pending,pending,,,รอตรวจ: missing-official-evidence
ชยณี,ชะ-ยะ-นี,,pending,pending,,,รอตรวจ: missing-official-evidence
ชยเดชน์,ชะ-ยะ-เดด,,pending,pending,,,รอตรวจ: missing-official-evidence
ชยปัญญา,ชะ-ยะ-ปัน-ยา,,pending,pending,,,รอตรวจ: missing-official-evidence
ชยพล,ชะ-ยะ-พน,,pending,pending,,,รอตรวจ: missing-official-evidence
ชยพัทธ์,ชะ-ยะ-พัด,,pending,pending,,,รอตรวจ: missing-official-evidence
ชยรพ,ชะ-ยะ-รบ,,pending,pending,,,รอตรวจ: missing-official-evidence
ชยศร,ชะ-ยะ-สอน,,pending,pending,,,รอตรวจ: missing-official-evidence
ชยศิลป์,ชะ-ยะ-สิน,,pending,pending,,,รอตรวจ: missing-official-evidence
ชยังกูร,ชะ-ยัง-กูน,,pending,pending,,,รอตรวจ: missing-official-evidence
ชยากร,ชะ-ยา-กอน,,pending,pending,,,รอตรวจ: missing-official-evidence
ชยานันท์,ชะ-ยะ-นัน,,pending,pending,,,รอตรวจ: missing-official-evidence
ชยิน,ชะ-ยิน,,pending,pending,,,รอตรวจ: missing-official-evidence
ชยุตรา,ชะ-ยุด-ตรา,,pending,pending,,,รอตรวจ: missing-official-evidence
ชเยศ,ชะ-เยด,,pending,pending,,,รอตรวจ: missing-official-evidence
ชเยส,ชะ-เยด,,pending,pending,,,รอตรวจ: missing-official-evidence
ชริณทร์,ชะ-ริน,,pending,pending,,,รอตรวจ: missing-official-evidence
ชริน,ชะ-ริน,,pending,pending,,,รอตรวจ: missing-official-evidence
ชรินทร์,ชะ-ริน,,pending,pending,,,รอตรวจ: missing-official-evidence
ชรูญ,ชะ-รูน,,pending,pending,,,รอตรวจ: missing-official-evidence
ชลกมล,ชน-กะ-มน,,pending,pending,,,รอตรวจ: missing-official-evidence
ชลกมลทอง,ชน-กะ-มน-ทอง,,pending,pending,,,รอตรวจ: missing-official-evidence
ชลกร,ชน-ละ-กอน,,pending,pending,,,รอตรวจ: missing-official-evidence
ชลณัฐ,ชน-ละ-นัด,,pending,pending,,,รอตรวจ: missing-official-evidence
ชลทอง,ชน-ละ-ทอง,,pending,pending,,,รอตรวจ: missing-official-evidence
ชลทองคำ,ชน-ละ-ทอง-คำ,,pending,pending,,,รอตรวจ: missing-official-evidence
ชลธร,ชน-ละ-ทอน,,pending,pending,,,รอตรวจ: missing-official-evidence
ชลธรรม์,ชน-ละ-ทำ,,pending,pending,,,รอตรวจ: missing-official-evidence
ชลธวัช,ชน-ละ-ทะ-วัด,,pending,pending,,,รอตรวจ: missing-official-evidence
ชลธาร,ชน-ละ-ทาน,,pending,pending,,,รอตรวจ: missing-official-evidence
ชลธารา,ชน-ละ-ทา-รา,,pending,pending,,,รอตรวจ: missing-official-evidence
ชลธาริน,ชน-ละ-ทา-ริน,,pending,pending,,,รอตรวจ: missing-official-evidence
ชลธิชา,ชน-ทิ-ชา,,pending,pending,,,รอตรวจ: missing-official-evidence
ชลธิภัสร์,ชน-ทิ-พัด,,pending,pending,,,รอตรวจ: missing-official-evidence
ชลธิศ,ชน-ละ-ทิด,,pending,pending,,,รอตรวจ: missing-official-evidence
ชลธิษา,ชน-ทิ-สา,,pending,pending,,,รอตรวจ: missing-official-evidence
ชลธี,ชน-ละ-ที,,pending,pending,,,รอตรวจ: missing-official-evidence
ชลธีร์,ชน-ละ-ที,,pending,pending,,,รอตรวจ: missing-official-evidence
ชลธีรา,ชน-ละ-ที-รา,,pending,pending,,,รอตรวจ: missing-official-evidence
ชลนภัส,ชน-ละ-นะ-พัด,,pending,pending,,,รอตรวจ: missing-official-evidence
ชลภัทร,ชน-ละ-พัด,,pending,pending,,,รอตรวจ: missing-official-evidence
ชลภัส,ชน-ละ-พัด,,pending,pending,,,รอตรวจ: missing-official-evidence
ชลวรรณ,ชน-ละ-วัน,,pending,pending,,,รอตรวจ: missing-official-evidence
ชลวรรณา,ชน-ละ-วัน-นา,,pending,pending,,,รอตรวจ: missing-official-evidence
ชลวรศิริ,ชน-ละ-วอ-ริ-สิน,,pending,pending,,,รอตรวจ: missing-official-evidence
ชลวานิช,ชน-ละ-วา-นิด,,pending,pending,,,รอตรวจ: missing-official-evidence
ชลวิทย์,ชน-ละ-วิด,,pending,pending,,,รอตรวจ: missing-official-evidence
ชลวิธ,ชน-ละ-วิด,,pending,pending,,,รอตรวจ: missing-official-evidence
ชลวิน,ชน-ละ-วิน,,pending,pending,,,รอตรวจ: missing-official-evidence
ชลวิศา,ชน-ละ-วิ-สา,,pending,pending,,,รอตรวจ: missing-official-evidence
ชลอ,ชะ-ลอ,,pending,pending,,,รอตรวจ: missing-official-evidence
ชลอริน,ชะ-ลอ-ริน,,pending,pending,,,รอตรวจ: missing-official-evidence
ชลัช,ชะ-ลัด,,pending,pending,,,รอตรวจ: missing-official-evidence
ชลันทร,ชะ-ลัน-ทอน,,pending,pending,,,รอตรวจ: missing-official-evidence
ชลันธร,ชะ-ลัน-ทอน,,pending,pending,,,รอตรวจ: missing-official-evidence
ชลิตา,ชะ-ลิ-ตา,,pending,pending,,,รอตรวจ: missing-official-evidence
ชวกร,ชะ-วะ-กอน,,pending,pending,,,รอตรวจ: missing-official-evidence
ชวณัฏฐ์,ชะ-วะ-นัด,,pending,pending,,,รอตรวจ: missing-official-evidence
ชวดล,ชะ-วะ-ดน,,pending,pending,,,รอตรวจ: missing-official-evidence
ชวนอาจ,ชะ-วะ-อาด,,pending,pending,,,รอตรวจ: missing-official-evidence
ชวนันท์,ชะ-วะ-นัน,,pending,pending,,,รอตรวจ: missing-official-evidence
ชวนันทร์,ชะ-วะ-นัน,,pending,pending,,,รอตรวจ: missing-official-evidence
ชวนินทร์,ชะ-วะ-นิน,,pending,pending,,,รอตรวจ: missing-official-evidence
ชวภณ,ชะ-วะ-พน,,pending,pending,,,รอตรวจ: missing-official-evidence
ชวโรจน์,ชะ-วะ-โรด,,pending,pending,,,รอตรวจ: missing-official-evidence
ชวลานิช,ชะ-วะ-ลา-นิด,,pending,pending,,,รอตรวจ: missing-official-evidence
ชวัลนุช,ชะ-วัน-นุด,,pending,pending,,,รอตรวจ: missing-official-evidence
ชวัลภ์,ชะ-วัน,,pending,pending,,,รอตรวจ: missing-official-evidence
ชวัลรัชต์,ชะ-วัน-รัด,,pending,pending,,,รอตรวจ: missing-official-evidence
ชวัลวิทย์,ชะ-วัน-วิด,,pending,pending,,,รอตรวจ: missing-official-evidence
ชวาลา,ชะ-วา-ลา,,pending,pending,,,รอตรวจ: missing-official-evidence
ชวิน,ชะ-วิน,,pending,pending,,,รอตรวจ: missing-official-evidence
ชวินทร์,ชะ-วิน,,pending,pending,,,รอตรวจ: missing-official-evidence
ชวินภัทร,ชะ-วิน-พัด-ทรอ,,pending,pending,,,รอตรวจ: missing-official-evidence
ชวิศ,ชะ-วิด,,pending,pending,,,รอตรวจ: missing-official-evidence
ชอน,ชอน,,pending,pending,,,รอตรวจ: missing-official-evidence
ช้อน,ช้อน,,pending,pending,,,รอตรวจ: missing-official-evidence
ชะวรลัทธิ์,ชะ-วะ-ลัด,,pending,pending,,,รอตรวจ: missing-official-evidence
ชะเอม,ชะ-เอม,,pending,pending,,,รอตรวจ: missing-official-evidence
ชัชธนันท์,ชัด-ชะ-ทะ-นัน,,pending,pending,,,รอตรวจ: missing-official-evidence
ชัชวิน,ชัด-ชะ-วิน,,pending,pending,,,รอตรวจ: missing-official-evidence
ชัญญา,ชัน-ยา,,pending,pending,,,รอตรวจ: missing-official-evidence
ชัญญานุษา,ชัน-ยา-นุ-สา,,pending,pending,,,รอตรวจ: missing-official-evidence
ชัญญารินทร์,ชัน-ยา-ริน,,pending,pending,,,รอตรวจ: missing-official-evidence
ชัพวิชญ์,ชับ-พะ-วิด,,pending,pending,,,รอตรวจ: missing-official-evidence
ชัยพงศ์,ไช-ยะ-พง,,pending,pending,,,รอตรวจ: missing-official-evidence
ชัยรัตน์,ไช-รัด,,pending,pending,,,รอตรวจ: missing-official-evidence
ชัยวัฒน์,ไช-ยะ-วัด,,pending,pending,,,รอตรวจ: missing-official-evidence
ชัยศักดิ์,ไช-ยะ-สัก,,pending,pending,,,รอตรวจ: missing-official-evidence
ชิณณวิธ,ชิน-นะ-วิด,,pending,pending,,,รอตรวจ: missing-official-evidence
ชิณวงษ์,ชิน-นะ-วง,,pending,pending,,,รอตรวจ: missing-official-evidence
ชินกร,ชิน-นะ-กอน,,pending,pending,,,รอตรวจ: missing-official-evidence
ชินณภัทร,ชิน-นะ-พัด,,pending,pending,,,รอตรวจ: missing-official-evidence
ชินณวิท,ชิน-นะ-วิด,,pending,pending,,,รอตรวจ: missing-official-evidence
ชินณวิธ,ชิน-นะ-วิด,,pending,pending,,,รอตรวจ: missing-official-evidence
ชินรุจน์,ชิน-รุด,,pending,pending,,,รอตรวจ: missing-official-evidence
ชินวงษ์,ชิน-นะ-วง,,pending,pending,,,รอตรวจ: missing-official-evidence
ชินวรณ์,ชิน-นะ-วอน,,pending,pending,,,รอตรวจ: missing-official-evidence
ชินวัจน์,ชิน-นะ-วัด,,pending,pending,,,รอตรวจ: missing-official-evidence
ชินาธิป,ชิ-นา-ทิบ,,pending,pending,,,รอตรวจ: missing-official-evidence
ชิษณ์,ชิด,,pending,pending,,,รอตรวจ: missing-official-evidence
ชิษณ์ภัทร,ชิด-พัด-ทรอ,,pending,pending,,,รอตรวจ: missing-official-evidence
ชิษณุ,ชิด-สะ-นุ,,pending,pending,,,รอตรวจ: missing-official-evidence
ชิษณุธร,ชิด-สะ-นุ-ทอน,,pending,pending,,,รอตรวจ: missing-official-evidence
ชิษณุวินท์,ชิด-สะ-นุ-วัน,,pending,pending,,,รอตรวจ: missing-official-evidence
ชีวันธร,ชี-วัน-ทอน,,pending,pending,,,รอตรวจ: missing-official-evidence
ชุติกาญจน์,ชุ-ติ-กาน,,pending,pending,,,รอตรวจ: missing-official-evidence
ชุติญา,ชุ-ติ-ยา,,pending,pending,,,รอตรวจ: missing-official-evidence
ชุติเดช,ชุ-ติ-เดด,,pending,pending,,,รอตรวจ: missing-official-evidence
ชุติพนธ์,ชุ-ติ-พน,,pending,pending,,,รอตรวจ: missing-official-evidence
ชุติวัต,ชุ-ติ-วัด,,pending,pending,,,รอตรวจ: missing-official-evidence
ชูเวช,ชู-เวด,,pending,pending,,,รอตรวจ: missing-official-evidence
เชษฐ์วิสิฐ,เชด-วิ-สิด,,pending,pending,,,รอตรวจ: missing-official-evidence
เชิด,เชิด,,pending,pending,,,รอตรวจ: missing-official-evidence
โชคอนันต์,โชก-อะ-นัน,,pending,pending,,,รอตรวจ: missing-official-evidence
ไชย,ไช,,pending,pending,,,รอตรวจ: missing-official-evidence
ไชยเจริญ,ไช-จะ-เริน,,pending,pending,,,รอตรวจ: missing-official-evidence
ไชยเพชร,ไช-เพ็ด,,pending,pending,,,รอตรวจ: missing-official-evidence
ไชยยงค์,ไช-ยง,,pending,pending,,,รอตรวจ: missing-official-evidence
ซพ,ซอบ,,pending,pending,,,รอตรวจ: missing-official-evidence
ซฟ,ซฟ,,pending,pending,,,รอตรวจ: missing-official-evidence
ซิขัข,ซิ-ขัก,,pending,pending,,,รอตรวจ: missing-official-evidence
ซิขัง,ซิ-ขัง,,pending,pending,,,รอตรวจ: missing-official-evidence
ซิขัช,ซิ-ขัด,,pending,pending,,,รอตรวจ: missing-official-evidence
ซิขับ,ซิ-ขับ,,pending,pending,,,รอตรวจ: missing-official-evidence
ซิขัป,ซิ-ขับ,,pending,pending,,,รอตรวจ: missing-official-evidence
ซิขิง,ซิ-ขิง,,pending,pending,,,รอตรวจ: missing-official-evidence
ซิขิช,ซิ-ขิด,,pending,pending,,,รอตรวจ: missing-official-evidence
ซิขิบ,ซิ-ขิบ,,pending,pending,,,รอตรวจ: missing-official-evidence
ซิขิป,ซิ-ขิบ,,pending,pending,,,รอตรวจ: missing-official-evidence
ซินรนร,ซิน-นะ-รน,,pending,pending,,,รอตรวจ: missing-official-evidence
ซินรนะ,ซิน-ระ-นะ,,pending,pending,,,รอตรวจ: missing-official-evidence
ซินรนิ,ซิน-นะ-ริน,,pending,pending,,,รอตรวจ: missing-official-evidence
ซินะฉค,ซิน-ฉะ-หะ-คะ,,pending,pending,,,รอตรวจ: missing-official-evidence
ซินะฉญ,ซิ-นะ-ฉะ-ยะ,,pending,pending,,,รอตรวจ: missing-official-evidence
ซินะฉธ,ซิน-ฉะ-ทด,,pending,pending,,,รอตรวจ: missing-official-evidence
ซินะฉร,ซิน-ฉะ-หระ,,pending,pending,,,รอตรวจ: missing-official-evidence
ซินะฉษ,ซิ-นะ-ฉัด,,pending,pending,,,รอตรวจ: missing-official-evidence
ซินะฉะ,ซิ-นะ-ฉะ,,pending,pending,,,รอตรวจ: missing-official-evidence
ซินะฌธ,ซิ-ชน-ทะ,,pending,pending,,,รอตรวจ: missing-official-evidence
ซินะฌร,ซิ-นะ-ชอน,,pending,pending,,,รอตรวจ: missing-official-evidence
ซินะฌะ,ซิ-ชะ-นะ,,pending,pending,,,รอตรวจ: missing-official-evidence
ซินะฌิ,ซิน-ชิ,,pending,pending,,,รอตรวจ: missing-official-evidence
ซินะฎร,ซิ-นะ-ดอน,,pending,pending,,,รอตรวจ: missing-official-evidence
ซินะฎะ,ซิ-นะ-ดะ,,pending,pending,,,รอตรวจ: missing-official-evidence
ซินะฎิ,ซิ-นะ-ดิ,,pending,pending,,,รอตรวจ: missing-official-evidence
ซินะณค,ซิน-นะ-คะ,,pending,pending,,,รอตรวจ: missing-official-evidence
ซินะณญ,ซิ-นิ-ยน,,pending,pending,,,รอตรวจ: missing-official-evidence
ซินะณธ,ซิ-นะ-นด,,pending,pending,,,รอตรวจ: missing-official-evidence
ซินะณร,ซิ-นะ-นอน,,pending,pending,,,รอตรวจ: missing-official-evidence
ซินะณษ,ซิ-นะ-สะ-นะ,,pending,pending,,,รอตรวจ: missing-official-evidence
ซินะนค,ซิ-นะ-นะ-คง,,pending,pending,,,รอตรวจ: missing-official-evidence
ซินะนญ,ซิ-นะ-นน,,pending,pending,,,รอตรวจ: missing-official-evidence
ซินะนธ,ซิ-นะ-นน,,pending,pending,,,รอตรวจ: missing-official-evidence
ซินะนร,ซิ-นะ-ระ-นะ,,pending,pending,,,รอตรวจ: missing-official-evidence
ซินะนะ,ซิ-นะ-นะ,,pending,pending,,,รอตรวจ: missing-official-evidence
ซินะนิ,ซิ-นะ-นิ,,pending,pending,,,รอตรวจ: missing-official-evidence
ซินะมค,ซิ-นะ-มะ-คะ,,pending,pending,,,รอตรวจ: missing-official-evidence
ซินะมญ,ซิ-นะ-มน,,pending,pending,,,รอตรวจ: missing-official-evidence
ซินะมธ,ซิ-นะ-มะ-ทะ,,pending,pending,,,รอตรวจ: missing-official-evidence
ซินะมร,ซิ-นะ-มอน,,pending,pending,,,รอตรวจ: missing-official-evidence
ซินะมษ,ซิ-นะ-มะ-สม,,pending,pending,,,รอตรวจ: missing-official-evidence
ซินะมะ,ซิ-นะ-มะ,,pending,pending,,,รอตรวจ: missing-official-evidence
ซินะมิ,ซิ-นะ-มิ,,pending,pending,,,รอตรวจ: missing-official-evidence
ซินะหค,ซิ-นะ-หะ-คก,,pending,pending,,,รอตรวจ: missing-official-evidence
ซินะหญ,ซิ-นะ-หน,,pending,pending,,,รอตรวจ: missing-official-evidence
ซินะหธ,ซิน-หะ-ทด,,pending,pending,,,รอตรวจ: missing-official-evidence
ซินะหร,ซิ-นะ-หอน,,pending,pending,,,รอตรวจ: missing-official-evidence
ซินะหษ,ซิน-หะ-หะ-สะ,,pending,pending,,,รอตรวจ: missing-official-evidence
ซินะหิ,ซิน-หิ-หิ,,pending,pending,,,รอตรวจ: missing-official-evidence
ซินะฬค,ซิน-ยะ-คน,,pending,pending,,,รอตรวจ: missing-official-evidence
ซินะฬญ,ซิน-นะ-ยน,,pending,pending,,,รอตรวจ: missing-official-evidence
ซินะฬธ,ซิน-ละ-ทอน,,pending,pending,,,รอตรวจ: missing-official-evidence
ซินะฬร,ซิน-ละ-ระ,,pending,pending,,,รอตรวจ: missing-official-evidence
ซินะฬษ,ซิน-ละ-สะ-ทะ,,pending,pending,,,รอตรวจ: missing-official-evidence
ซินะฬิ,ซิน-ลิ,,pending,pending,,,รอตรวจ: missing-official-evidence
ซินะฮค,ซิน-ฮะ-ค้า,,pending,pending,,,รอตรวจ: missing-official-evidence
ซินะฮญ,ซิ-นะ-ฮย,,pending,pending,,,รอตรวจ: missing-official-evidence
ซินะฮธ,ซิน-ยะ-ทะ,,pending,pending,,,รอตรวจ: missing-official-evidence
ซินะฮร,ซิ-นะ-ฮัน,,pending,pending,,,รอตรวจ: missing-official-evidence
ซินะฮะ,ซิ-นะ-ฮะ,,pending,pending,,,รอตรวจ: missing-official-evidence
ซินะฮิ,ซิ-นิ-ฮิ,,pending,pending,,,รอตรวจ: missing-official-evidence
ซินิฎร,ซิ-นิ-ดอน,,pending,pending,,,รอตรวจ: missing-official-evidence
ซินิฎิ,ซิ-นิ-ดิ,,pending,pending,,,รอตรวจ: missing-official-evidence
เซน,เซน,,pending,pending,,,รอตรวจ: missing-official-evidence
ไซรอน,ไซ-รอน,,pending,pending,,,รอตรวจ: missing-official-evidence
ไซรัส,ไซ-รัด,,pending,pending,,,รอตรวจ: missing-official-evidence
ไซรา,ไซ,,pending,pending,,,รอตรวจ: missing-official-evidence
ไซริน,ไซ-ริน,,pending,pending,,,รอตรวจ: missing-official-evidence
ฌกณนต,ก-ชะ-นน,,pending,pending,,,รอตรวจ: missing-official-evidence
ฌกมนต,กำ-มะ-นด,,pending,pending,,,รอตรวจ: missing-official-evidence
ฌกรกะ,ชก-กระ,,pending,pending,,,รอตรวจ: missing-official-evidence
ฌกรกิ,ชอ-กริ-กิ,,pending,pending,,,รอตรวจ: missing-official-evidence
ฌกรณัฏฐ์,ชะ-กอน-นัด,,pending,pending,,,รอตรวจ: missing-official-evidence
ฌกรริน,ช-ก,,pending,pending,,,รอตรวจ: missing-official-evidence
ฌกะ,ชะ-กะ,,pending,pending,,,รอตรวจ: missing-official-evidence
ฌกะกิ,ช-กะ-เกิ,,pending,pending,,,รอตรวจ: missing-official-evidence
ฌกัน,ชะ-กัน,,pending,pending,,,รอตรวจ: missing-official-evidence
ฌกันโณ,ชะ-กัน-โน,,pending,pending,,,รอตรวจ: missing-official-evidence
ฌกันรณ,ชะ-กัน-ระ-นะ,,pending,pending,,,รอตรวจ: missing-official-evidence
ฌกิกะ,กะ-กิ-กะ,,pending,pending,,,รอตรวจ: missing-official-evidence
ฌกิการ,ชะ-กิ-กาน,,pending,pending,,,รอตรวจ: missing-official-evidence
ฌกิกิ,ชะ-กิ-กิ,,pending,pending,,,รอตรวจ: missing-official-evidence
ฌกิจชล,กะ-กิด-ชน,,pending,pending,,,รอตรวจ: missing-official-evidence
ฌกิณรณ,กะ-กิน-ระ-นะ,,pending,pending,,,รอตรวจ: missing-official-evidence
ฌกิณัฏฐ์,กะ-กิ-นัด,,pending,pending,,,รอตรวจ: missing-official-evidence
ฌกิมรณ,ชะ-กิ-มน,,pending,pending,,,รอตรวจ: missing-official-evidence
ฌกิมิน,กะ-กิ-มิน,,pending,pending,,,รอตรวจ: missing-official-evidence
ฌคมิน,คะ-คะ-มิน,,pending,pending,,,รอตรวจ: missing-official-evidence
ฌคะกร,ชะ-กอน,,pending,pending,,,รอตรวจ: missing-official-evidence
ฌคำนนท์,คะ-ชำ-นน,,pending,pending,,,รอตรวจ: missing-official-evidence
ฌคุณ,ชะ-คุน,,pending,pending,,,รอตรวจ: missing-official-evidence
ฌคุณโณ,ชะ-คุน-โน,,pending,pending,,,รอตรวจ: missing-official-evidence
ฌคุณรณ,ชะ-คุน-นะ,,pending,pending,,,รอตรวจ: missing-official-evidence
ฌณม,ชะ-นม,,pending,pending,,,รอตรวจ: missing-official-evidence
ฌณัฏฐ์โณ,ชะ-นัด-โน,,pending,pending,,,รอตรวจ: missing-official-evidence
ฌณัฏฐ์มนตรี,ชะ-นัด-มน-ตรี,,pending,pending,,,รอตรวจ: missing-official-evidence
ฌณัฐกิณ,ชะ-นัด-ถะ-กิน,,pending,pending,,,รอตรวจ: missing-official-evidence
ฌณัฐฐ์,ชะ-นัด,,pending,pending,,,รอตรวจ: missing-official-evidence
ฌณัฐฐ์อร,ชะ-นัด-ออน,,pending,pending,,,รอตรวจ: missing-official-evidence
ฌณิศร์,ชะ-นิด,,pending,pending,,,รอตรวจ: missing-official-evidence
ฌโณ,กะ-โน,,pending,pending,,,รอตรวจ: missing-official-evidence
ฌโณกร,กะ-โน-กอน,,pending,pending,,,รอตรวจ: missing-official-evidence
ฌโณกะ,สะ-โน-กะ,,pending,pending,,,รอตรวจ: missing-official-evidence
ฌโณกัน,สะ-โน-กัน,,pending,pending,,,รอตรวจ: missing-official-evidence
ฌโณกิ,สะ-โน-กิ,,pending,pending,,,รอตรวจ: missing-official-evidence
ฌโณคุณ,ชะ-โน-คุน,,pending,pending,,,รอตรวจ: missing-official-evidence
ฌโณณัฏฐ์,กะ-โน-นัด,,pending,pending,,,รอตรวจ: missing-official-evidence
ฌโณดิณ,ชะ-โน-ดิน,,pending,pending,,,รอตรวจ: missing-official-evidence
ฌโณดิน,ชะ-โน-ดิน,,pending,pending,,,รอตรวจ: missing-official-evidence
ฌโณธาม,กะ-โน-ทาม,,pending,pending,,,รอตรวจ: missing-official-evidence
ฌโณมนต์,โม-โน-มน,,pending,pending,,,รอตรวจ: missing-official-evidence
ฌโณมิน,กะ-โน-มิน,,pending,pending,,,รอตรวจ: missing-official-evidence
ฌโณวร,โช-นะ-วอน,,pending,pending,,,รอตรวจ: missing-official-evidence
ฌโณษณะ,กะ-โน-สะ-นะ,,pending,pending,,,รอตรวจ: missing-official-evidence
ฌดิณ,ชะ-ดิน,,pending,pending,,,รอตรวจ: missing-official-evidence
ฌดิณรณ,ดะ-ดิน-ระ-นะ,,pending,pending,,,รอตรวจ: missing-official-evidence
ฌตนนต,ชะ-ตะ-นน-ตะ,,pending,pending,,,รอตรวจ: missing-official-evidence
ฌติดโณ,ชะ-ดิด-โน,,pending,pending,,,รอตรวจ: missing-official-evidence
ฌธณธาม,ทอน-ทะ-ทาม,,pending,pending,,,รอตรวจ: missing-official-evidence
ฌธาม,ทะ-สาม,,pending,pending,,,รอตรวจ: missing-official-evidence
ฌธามโณ,ทะ-ทา-โมน,,pending,pending,,,รอตรวจ: missing-official-evidence
ฌธามรณ,ชะ-ทา-มอน,,pending,pending,,,รอตรวจ: missing-official-evidence
ฌนตอณ,ชน-ตอน,,pending,pending,,,รอตรวจ: missing-official-evidence
ฌนนท์กัณ,ชน-นะ-กัน,,pending,pending,,,รอตรวจ: missing-official-evidence
ฌนนท์กิจ,ชน-นะ-กิด,,pending,pending,,,รอตรวจ: missing-official-evidence
ฌนนท์วัน,ชน-นะ-วัน,,pending,pending,,,รอตรวจ: missing-official-evidence
ฌนนท์อณ,ชน-นะ-ออน,,pending,pending,,,รอตรวจ: missing-official-evidence
ฌนันญา,ชะ-นัน-ยา,,pending,pending,,,รอตรวจ: missing-official-evidence
ฌนันท์อณ,ชะ-นัน-ออน,,pending,pending,,,รอตรวจ: missing-official-evidence
ฌภัน,ชะ-พัน,,pending,pending,,,รอตรวจ: missing-official-evidence
ฌมนต์โณ,ชม-นน,,pending,pending,,,รอตรวจ: missing-official-evidence
ฌมนต์มิน,ชม-นิม,,pending,pending,,,รอตรวจ: missing-official-evidence
ฌมนต์รวิ,ชะ-มน-ระ-วิ,,pending,pending,,,รอตรวจ: missing-official-evidence
ฌมนต์วัน,ชม-นัน,,pending,pending,,,รอตรวจ: missing-official-evidence
ฌมิน,ชะ-มิน,,pending,pending,,,รอตรวจ: missing-official-evidence
ฌมินกะ,ชิ-มน-กะ,,pending,pending,,,รอตรวจ: missing-official-evidence
ฌมินกิ,ชิ-มิน-กิ,,pending,pending,,,รอตรวจ: missing-official-evidence
ฌมินกิณ,ชะ-มิน-กิน,,pending,pending,,,รอตรวจ: missing-official-evidence
ฌมินมนต์,ชะ-มิน-มน,,pending,pending,,,รอตรวจ: missing-official-evidence
ฌร,ชอน,,pending,pending,,,รอตรวจ: missing-official-evidence
ฌรณกัน,ช-ร-น,,pending,pending,,,รอตรวจ: missing-official-evidence
ฌรณกิ,ช-ร-น,,pending,pending,,,รอตรวจ: missing-official-evidence
ฌรณกิจน,ช-ร-น-ก,,pending,pending,,,รอตรวจ: missing-official-evidence
ฌรณคะ,ชอ-ระ-นะ-คะ,,pending,pending,,,รอตรวจ: missing-official-evidence
ฌรณจิ,ชอ-ระ-นะ-จิ,,pending,pending,,,รอตรวจ: missing-official-evidence
ฌรณณัฏฐ์,ชอ-ระ-นะ-นัด,,pending,pending,,,รอตรวจ: missing-official-evidence
ฌรณดิณ,ชอ-ระ-นะ-ดิน,,pending,pending,,,รอตรวจ: missing-official-evidence
ฌรณอณ,ชะ-ระ-นอน,,pending,pending,,,รอตรวจ: missing-official-evidence
ฌรณอร,ชะ-ระ-นอน,,pending,pending,,,รอตรวจ: missing-official-evidence
ฌรธ,ชะ-รด,,pending,pending,,,รอตรวจ: missing-official-evidence
ฌรมรณ,ชอ-ระ-มน,,pending,pending,,,รอตรวจ: missing-official-evidence
ฌรวิ,ชอ-ระ-วิ,,pending,pending,,,รอตรวจ: missing-official-evidence
ฌริฏฐ์,ชะ-ริด,,pending,pending,,,รอตรวจ: missing-official-evidence
ฌรินทร์,ชะ-ริน,,pending,pending,,,รอตรวจ: missing-official-evidence
ฌรินทรา,ชะ-ริน-ทรา,,pending,pending,,,รอตรวจ: missing-official-evidence
ฌลา,ชะ-ลา,,pending,pending,,,รอตรวจ: missing-official-evidence
ฌวร,ชะ-วอน,,pending,pending,,,รอตรวจ: missing-official-evidence
ฌวัฒนต์,ชะ-วัด,,pending,pending,,,รอตรวจ: missing-official-evidence
ฌวัณนนท์,ชะ-วัน-นน,,pending,pending,,,รอตรวจ: missing-official-evidence
ฌวิมนมนต์,ชะ-วิ-มน-มน,,pending,pending,,,รอตรวจ: missing-official-evidence
ฌอณนนต,ออน-นน,,pending,pending,,,รอตรวจ: missing-official-evidence
ฌอณนนท์,ออน-นน,,pending,pending,,,รอตรวจ: missing-official-evidence
ฌอร,ชอ-ระ,,pending,pending,,,รอตรวจ: missing-official-evidence
ฌอรณัฏฐ์,ชอ-ระ-นัด,,pending,pending,,,รอตรวจ: missing-official-evidence
ฌอิมนนท์,ชอ-มิน-นะ,,pending,pending,,,รอตรวจ: missing-official-evidence
ฌอิมมนต์,ชอ-มิน-มน,,pending,pending,,,รอตรวจ: missing-official-evidence
ฌัญชญ์,ชัน,,pending,pending,,,รอตรวจ: missing-official-evidence
ฌัญฌา,ชัน-ชา,,pending,pending,,,รอตรวจ: missing-official-evidence
ฌัลล์,ชัน,,pending,pending,,,รอตรวจ: missing-official-evidence
ฌาน,ชาน,,pending,pending,,,รอตรวจ: missing-official-evidence
ฌานกร,ชาน-กอน,,pending,pending,,,รอตรวจ: missing-official-evidence
ฌานดล,ชาน-ดน,,pending,pending,,,รอตรวจ: missing-official-evidence
ฌานธีร์,ชาน-ที,,pending,pending,,,รอตรวจ: missing-official-evidence
ฌานภัทร,ชาน-พัด-ทรอ,,pending,pending,,,รอตรวจ: missing-official-evidence
ฌานภัทร์,ชาน-พัด,,pending,pending,,,รอตรวจ: missing-official-evidence
ฌานวิน,ชาน-วิน,,pending,pending,,,รอตรวจ: missing-official-evidence
ฌานิษา,ชา-นิ-สา,,pending,pending,,,รอตรวจ: missing-official-evidence
ฌาร์ม,ชาม,,pending,pending,,,รอตรวจ: missing-official-evidence
ฌิม,ชิม,,pending,pending,,,รอตรวจ: missing-official-evidence
ญกณกร,ยะ-นะ-กอน,,pending,pending,,,รอตรวจ: missing-official-evidence
ญกมกะ,ยะ-กม-กะ,,pending,pending,,,รอตรวจ: missing-official-evidence
ญกร,ยะ-กอน,,pending,pending,,,รอตรวจ: missing-official-evidence
ญกรกร,ยะ-กอน-กอน,,pending,pending,,,รอตรวจ: missing-official-evidence
ญกรกะ,ยะ-กระ-กะ,,pending,pending,,,รอตรวจ: missing-official-evidence
ญกรกิม,ยะ-กอน-กิม,,pending,pending,,,รอตรวจ: missing-official-evidence
ญกรคณ,ยก-คะ-ระ-คน,,pending,pending,,,รอตรวจ: missing-official-evidence
ญกรคุณ,ยก-ระ-คุน,,pending,pending,,,รอตรวจ: missing-official-evidence
ญกรรม,ยก-ระ-มะ,,pending,pending,,,รอตรวจ: missing-official-evidence
ญกรริน,ยะ-กอน-ริน,,pending,pending,,,รอตรวจ: missing-official-evidence
ญกรอร,ยะ-กอน-ออน,,pending,pending,,,รอตรวจ: missing-official-evidence
ญกรอิม,ยะ-กอน-อิม,,pending,pending,,,รอตรวจ: missing-official-evidence
ญกลรวิ,ยะ-กน-ระ-วิ,,pending,pending,,,รอตรวจ: missing-official-evidence
ญกะ,ยะ-กะ,,pending,pending,,,รอตรวจ: missing-official-evidence
ญกะกร,ยะ-กะ-กอน,,pending,pending,,,รอตรวจ: missing-official-evidence
ญกะคณ,ยะ-กะ-คน,,pending,pending,,,รอตรวจ: missing-official-evidence
ญกะดิณ,ยะ-กะ-ดิน,,pending,pending,,,รอตรวจ: missing-official-evidence
ญกะวัน,ยะ-กะ-วัน,,pending,pending,,,รอตรวจ: missing-official-evidence
ญกัณ,ยก-กัน,,pending,pending,,,รอตรวจ: missing-official-evidence
ญกัณคุณ,ยะ-กัน-คุน,,pending,pending,,,รอตรวจ: missing-official-evidence
ญกัณดิณ,ยก-นัด-ดิน,,pending,pending,,,รอตรวจ: missing-official-evidence
ญกัน,ยะ-กัน,,pending,pending,,,รอตรวจ: missing-official-evidence
ญกันกะ,กะ-นัน-กะ,,pending,pending,,,รอตรวจ: missing-official-evidence
ญกันกัน,ยะ-กัน-กัน,,pending,pending,,,รอตรวจ: missing-official-evidence
ญกันกิณ,ยะ-กัน-กิน,,pending,pending,,,รอตรวจ: missing-official-evidence
ญกัอร,ยะ-กัน,,pending,pending,,,รอตรวจ: missing-official-evidence
ญกิ,ยะ-กิ,,pending,pending,,,รอตรวจ: missing-official-evidence
ญกิกร,ยะ-กิ-กอน,,pending,pending,,,รอตรวจ: missing-official-evidence
ญกิกล,ยะ-กิ-กน,,pending,pending,,,รอตรวจ: missing-official-evidence
ญกิติ,ยะ-กิด,,pending,pending,,,รอตรวจ: missing-official-evidence
ญกิม,ยะ-กิม,,pending,pending,,,รอตรวจ: missing-official-evidence
ญกิมกิ,ยะ-กิม-มะ-กิ,,pending,pending,,,รอตรวจ: missing-official-evidence
ญขิน,ยะ-ขิน,,pending,pending,,,รอตรวจ: missing-official-evidence
ญคณ,ยะ-คะ-นะ,,pending,pending,,,รอตรวจ: missing-official-evidence
ญคณกิ,ยก-นะ-กิ,,pending,pending,,,รอตรวจ: missing-official-evidence
ญคณโณ,ยก-นะ-โน,,pending,pending,,,รอตรวจ: missing-official-evidence
ญคมกร,ยะ-คะ-มะ-กอน,,pending,pending,,,รอตรวจ: missing-official-evidence
ญคมกิ,ยะ-คะ-มะ-กิ,,pending,pending,,,รอตรวจ: missing-official-evidence
ญคมโณ,ยก-มะ-โน,,pending,pending,,,รอตรวจ: missing-official-evidence
ญคำณธาม,ยก-นำ-นะ-ทา,,pending,pending,,,รอตรวจ: missing-official-evidence
ญคิมคุณ,ยิก-คะ-มิด,,pending,pending,,,รอตรวจ: missing-official-evidence
ญชิน,ยะ-ชิน,,pending,pending,,,รอตรวจ: missing-official-evidence
ญซันโณ,ยะ-ซัน-โน,,pending,pending,,,รอตรวจ: missing-official-evidence
ญณณิน,ยน-นิน,,pending,pending,,,รอตรวจ: missing-official-evidence
ญณทรวิ,ยน-นะ-ทะ-ริว,,pending,pending,,,รอตรวจ: missing-official-evidence
ญณธิมนท์,ยน-ทะ-นิ-มน,,pending,pending,,,รอตรวจ: missing-official-evidence
ญณักกร,ยะ-นัก-กอน,,pending,pending,,,รอตรวจ: missing-official-evidence
ญณัฏฐ์,นะ-รัด,,pending,pending,,,รอตรวจ: missing-official-evidence
ญณัฐ,ยะ-นัด,,pending,pending,,,รอตรวจ: missing-official-evidence
ญณัฐฐ์กร,ยะ-นัด-กอน,,pending,pending,,,รอตรวจ: missing-official-evidence
ญณัฐฐ์กิ,ยะ-นัด-กิ,,pending,pending,,,รอตรวจ: missing-official-evidence
ญณัฐฐ์กิม,ยะ-นัด-กิม,,pending,pending,,,รอตรวจ: missing-official-evidence
ญณัฐฐ์ตน,ยะ-นัด-ตะ-นะ,,pending,pending,,,รอตรวจ: missing-official-evidence
ญณัฐฐ์อณ,ยะ-นัด-ออน,,pending,pending,,,รอตรวจ: missing-official-evidence
ญณัฐนันท์,ยะ-นัด-ถะ-นัน,,pending,pending,,,รอตรวจ: missing-official-evidence
ญโณ,ยะ-โน,,pending,pending,,,รอตรวจ: missing-official-evidence
ญดิณ,ยะ-ดิน,,pending,pending,,,รอตรวจ: missing-official-evidence
ญดิณกัน,ยะ-ดิน-กัน,,pending,pending,,,รอตรวจ: missing-official-evidence
ญดิณกิ,ยะ-ดิน-กิ,,pending,pending,,,รอตรวจ: missing-official-evidence
ญดิณวร,ยะ-ดิน-วอน,,pending,pending,,,รอตรวจ: missing-official-evidence
ญดินกัณ,ยะ-ดิน-กัน,,pending,pending,,,รอตรวจ: missing-official-evidence
ญเตียนมนต์,ยะ-เยียน-มน,,pending,pending,,,รอตรวจ: missing-official-evidence
ญนคริน,ยน-คริน,,pending,pending,,,รอตรวจ: missing-official-evidence
ญนนท์,ยะ-นน,,pending,pending,,,รอตรวจ: missing-official-evidence
ญนม,นะ-นม,,pending,pending,,,รอตรวจ: missing-official-evidence
ญนันท์นต,ยะ-นัน-ตะ,,pending,pending,,,รอตรวจ: missing-official-evidence
ญมนต์กัน,ยะ-มน-กัน,,pending,pending,,,รอตรวจ: missing-official-evidence
ญมนต์กิม,ยะ-มน-กิม,,pending,pending,,,รอตรวจ: missing-official-evidence
ญมนต์ณัฐ,ยะ-มน-นัด,,pending,pending,,,รอตรวจ: missing-official-evidence
ญมนต์ดิณ,ยะ-มน-ดิน,,pending,pending,,,รอตรวจ: missing-official-evidence
ญมนต์มิน,ยะ-มน-มิน,,pending,pending,,,รอตรวจ: missing-official-evidence
ญมนต์รวิ,ยะ-มน-ระ-วิ,,pending,pending,,,รอตรวจ: missing-official-evidence
ญมินกณ,ยะ-มิน-กน,,pending,pending,,,รอตรวจ: missing-official-evidence
ญมินคณ,ยะ-มิน-คน,,pending,pending,,,รอตรวจ: missing-official-evidence
ญวร,ยะ-วอน,,pending,pending,,,รอตรวจ: missing-official-evidence
ญวรกัณ,ยะ-วอน-กัน,,pending,pending,,,รอตรวจ: missing-official-evidence
ญวรวร,ยะ-วอ-ระ-วอน,,pending,pending,,,รอตรวจ: missing-official-evidence
ญวรอร,ยะ-วอน-ออน,,pending,pending,,,รอตรวจ: missing-official-evidence
ญวิณ,ยะ-วิน,,pending,pending,,,รอตรวจ: missing-official-evidence
ญวิณกร,ยะ-วิน-กอน,,pending,pending,,,รอตรวจ: missing-official-evidence
ญวิณกะ,ยะ-วิน-กะ,,pending,pending,,,รอตรวจ: missing-official-evidence
ญวิณมนต์,ยะ-วิน-มน,,pending,pending,,,รอตรวจ: missing-official-evidence
ญสายโม,ยะ-สาย-โม,,pending,pending,,,รอตรวจ: missing-official-evidence
ญอร,ยอน,,pending,pending,,,รอตรวจ: missing-official-evidence
ญอรกร,ยอน-กอน,,pending,pending,,,รอตรวจ: missing-official-evidence
ญอรกัณ,ยอ-ระ-กัน,,pending,pending,,,รอตรวจ: missing-official-evidence
ญอรคิม,ยอ-ระ-คิม,,pending,pending,,,รอตรวจ: missing-official-evidence
ญอรณ,ยอ-ระ-นะ,,pending,pending,,,รอตรวจ: missing-official-evidence
ญอรณัฐฐ์,ยอ-ระ-นัด,,pending,pending,,,รอตรวจ: missing-official-evidence
ญอรวร,ยอ-ระ-วอน,,pending,pending,,,รอตรวจ: missing-official-evidence
ญอรอร,ยอน-ออน,,pending,pending,,,รอตรวจ: missing-official-evidence
ญอิม,ยอ-มิ,,pending,pending,,,รอตรวจ: missing-official-evidence
ญอิมกร,ยอ-มิ-กอน,,pending,pending,,,รอตรวจ: missing-official-evidence
ญอิมกะ,ยอ-มิ-กะ,,pending,pending,,,รอตรวจ: missing-official-evidence
ญอิมกิ,อะ-มิ-มะ-กิ,,pending,pending,,,รอตรวจ: missing-official-evidence
ญาณกร,ยา-นะ-กอน,,pending,pending,,,รอตรวจ: missing-official-evidence
ญาณณัช,ยา-นัน-ดัด,,pending,pending,,,รอตรวจ: missing-official-evidence
ญาณธร,ยา-นะ-ทอน,,pending,pending,,,รอตรวจ: missing-official-evidence
ญาณธรรม,ยาน-ทำ,,pending,pending,,,รอตรวจ: missing-official-evidence
ญาณธิป,ยาน-ทิบ,,pending,pending,,,รอตรวจ: missing-official-evidence
ญาณพัฒน์,ยาน-นะ-พัด,,pending,pending,,,รอตรวจ: missing-official-evidence
ญาณภัค,ยา-นะ-พัก,,pending,pending,,,รอตรวจ: missing-official-evidence
ญาณภัทร,ยา-นะ-พัด,,pending,pending,,,รอตรวจ: missing-official-evidence
ญาณโรจน์,ยาน-นะ-โรด,,pending,pending,,,รอตรวจ: missing-official-evidence
ญาณวร,ยา-นะ-วอน,,pending,pending,,,รอตรวจ: missing-official-evidence
ญาณวรรธน์,ยา-นะ-วัด,,pending,pending,,,รอตรวจ: missing-official-evidence
ญาณวารี,ยาน-วา-รี,,pending,pending,,,รอตรวจ: missing-official-evidence
ญาณวุฒิ,ยา-นะ-วุด,,pending,pending,,,รอตรวจ: missing-official-evidence
ญาณอร,ยา-นะ-ออน,,pending,pending,,,รอตรวจ: missing-official-evidence
ญาณัจฉรา,ยา-นัด-ฉะ-ยา,,pending,pending,,,รอตรวจ: missing-official-evidence
ญาณัช,ยา-นัด,,pending,pending,,,รอตรวจ: missing-official-evidence
ญาณัท,ยา-นัด,,pending,pending,,,รอตรวจ: missing-official-evidence
ญาณันธร,ยา-นัน-ทอน,,pending,pending,,,รอตรวจ: missing-official-evidence
ญาณากร,ยา-นา-กอน,,pending,pending,,,รอตรวจ: missing-official-evidence
ญาณาธร,ยา-นา-ทอน,,pending,pending,,,รอตรวจ: missing-official-evidence
ญาณาธิป,ยา-นา-ทิบ,,pending,pending,,,รอตรวจ: missing-official-evidence
ญาณิณ,ยา-นิน,,pending,pending,,,รอตรวจ: missing-official-evidence
ญาณิน,ยา-นิน,,pending,pending,,,รอตรวจ: missing-official-evidence
ญาณินท์,ยา-นิน,,pending,pending,,,รอตรวจ: missing-official-evidence
ญาณินทร,ยา-นิน-ทอน,,pending,pending,,,รอตรวจ: missing-official-evidence
ญาธิป,ยา-ทิบ,,pending,pending,,,รอตรวจ: missing-official-evidence
ญานธร,ยา-นะ-ทอน,,pending,pending,,,รอตรวจ: missing-official-evidence
ญานิอร,ยา-นิ-ออน,,pending,pending,,,รอตรวจ: missing-official-evidence
ญานุจจัย,ยา-นุด-ไจ,,pending,pending,,,รอตรวจ: missing-official-evidence
ญาวงค์,ยา-วง,,pending,pending,,,รอตรวจ: missing-official-evidence
ญิฮาด,ยิ-ฮาด,,pending,pending,,,รอตรวจ: missing-official-evidence
ฎาธรชญา,ดา-ทะ-ระ-ชะ-ยา,,pending,pending,,,รอตรวจ: missing-official-evidence
ฎาธรณัฐ,ดา-ทะ-รัน-ถะ,,pending,pending,,,รอตรวจ: missing-official-evidence
ฎาธรณัฐศรี,ดา-ทะ-นัด-สะ-รี,,pending,pending,,,รอตรวจ: missing-official-evidence
ฎาธรธร,ดา-ทะ-ระ-ทอน,,pending,pending,,,รอตรวจ: missing-official-evidence
ฎาธรธรศรี,ดา-ทะ-ระ-สี,,pending,pending,,,รอตรวจ: missing-official-evidence
ฎาธรธรสิริ,ดา-ทอน-ทริ-สิน,,pending,pending,,,รอตรวจ: missing-official-evidence
ฎาธรธรอารี,ดา-ทะ-ระ-ทอน-อา-รี,,pending,pending,,,รอตรวจ: missing-official-evidence
ฎาธรวรศรี,ดา-ทอน-วอ-ระ-สี,,pending,pending,,,รอตรวจ: missing-official-evidence
ฎาธรวรอารี,ดา-ทอน-วอ-ระ-รา-วี,,pending,pending,,,รอตรวจ: missing-official-evidence
ฎาธรศรี,ดา-ทะ-รี,,pending,pending,,,รอตรวจ: missing-official-evidence
ฎาธรศรีธนา,ดา-ทะ-รี-ทะ-นา,,pending,pending,,,รอตรวจ: missing-official-evidence
ฎาธรศรีธร,ดา-ทะ-รี-สอน,,pending,pending,,,รอตรวจ: missing-official-evidence
ฎาธรศิลป์,ดา-ทะ-ริน,,pending,pending,,,รอตรวจ: missing-official-evidence
ฎาธรสิริธร,ดา-ทะ-ริ-สิ-หริ,,pending,pending,,,รอตรวจ: missing-official-evidence
ฎาธรอรศรี,ดา-ทอน-รอ-สี,,pending,pending,,,รอตรวจ: missing-official-evidence
ฎาธรอรอารี,ดา-ทอ-รอ-อา-รี,,pending,pending,,,รอตรวจ: missing-official-evidence
ฎาธรอารีธร,ดา-ทะ-รา-อี-ทอน,,pending,pending,,,รอตรวจ: missing-official-evidence
ฎาธรอิศร์,ดา-ทะ-ริด,,pending,pending,,,รอตรวจ: missing-official-evidence
ฎาธินกรศรี,ดา-ทิน-กอ-ระ-สี,,pending,pending,,,รอตรวจ: missing-official-evidence
ฎาธินธร,ดา-ทิน-ทอน,,pending,pending,,,รอตรวจ: missing-official-evidence
ฎาธินธรศรี,ดา-ทิน-ทะ-รี-สอน,,pending,pending,,,รอตรวจ: missing-official-evidence
ฎาธินนภัส,ดา-ทิน-นะ-พัด,,pending,pending,,,รอตรวจ: missing-official-evidence
ฎาธินวร,ดา-ทิ-นะ-วอน,,pending,pending,,,รอตรวจ: missing-official-evidence
ฎาธินวริศ,ดา-ทิน-วะ-ริด,,pending,pending,,,รอตรวจ: missing-official-evidence
ฎาธินอร,ดา-ทิ-นอน,,pending,pending,,,รอตรวจ: missing-official-evidence
ฎานิกร,ดา-นิ-กอน,,pending,pending,,,รอตรวจ: missing-official-evidence
ฎานิคุณ,ดา-นิ-คุน,,pending,pending,,,รอตรวจ: missing-official-evidence
ฎานิชญา,ดา-นิด-ชะ-ยา,,pending,pending,,,รอตรวจ: missing-official-evidence
ฎานิณกร,ดา-นิน-นะ-กอน,,pending,pending,,,รอตรวจ: missing-official-evidence
ฎานิณธร,ตา-นิน-ทอน,,pending,pending,,,รอตรวจ: missing-official-evidence
ฎานิณธรศรี,ตา-นิน-ทะ-ระ-สี,,pending,pending,,,รอตรวจ: missing-official-evidence
ฎานิณธีร์,ตา-นิน-ที,,pending,pending,,,รอตรวจ: missing-official-evidence
ฎานิณวร,ดา-นิน-วะ-ระ,,pending,pending,,,รอตรวจ: missing-official-evidence
ฎานิณวริศ,ดา-นิน-วะ-ริด,,pending,pending,,,รอตรวจ: missing-official-evidence
ฎานิณอร,ดา-นิ-นอน,,pending,pending,,,รอตรวจ: missing-official-evidence
ฎานิณอิศร์,ดา-นิ-นิด,,pending,pending,,,รอตรวจ: missing-official-evidence
ฎานิณัฐ,ตา-นิ-นัด,,pending,pending,,,รอตรวจ: missing-official-evidence
ฎานิณัฐศรี,ตา-นิ-นัด-สะ-ยีด,,pending,pending,,,รอตรวจ: missing-official-evidence
ฎานิธนา,ดา-นิ-ทะ-นา,,pending,pending,,,รอตรวจ: missing-official-evidence
ฎานิธร,ดา-นิ-ทอน,,pending,pending,,,รอตรวจ: missing-official-evidence
ฎานิธรศรี,ดา-นิด-สะ-รี,,pending,pending,,,รอตรวจ: missing-official-evidence
ฎานิธรสิริ,ดา-นิด-สะ-หริ-ริ,,pending,pending,,,รอตรวจ: missing-official-evidence
ฎานิธรอารี,ดา-นิ-ทอน-อา-รี,,pending,pending,,,รอตรวจ: missing-official-evidence
ฎานินกร,ดา-นิน-กอน,,pending,pending,,,รอตรวจ: missing-official-evidence
ฎานินธร,ตา-นิน-ทอน,,pending,pending,,,รอตรวจ: missing-official-evidence
ฎานินธีร์,ตา-นิน-ที,,pending,pending,,,รอตรวจ: missing-official-evidence
ฎานินวร,ดา-นิน-วะ-ระ,,pending,pending,,,รอตรวจ: missing-official-evidence
ฎานินวริศ,ตา-นิน-วะ-ริด,,pending,pending,,,รอตรวจ: missing-official-evidence
ฎานินอร,ดา-นิ-นอน,,pending,pending,,,รอตรวจ: missing-official-evidence
ฎานินอิศร์,ดา-นิ-อิด,,pending,pending,,,รอตรวจ: missing-official-evidence
ฎานิวร,ดา-นิ-วอน,,pending,pending,,,รอตรวจ: missing-official-evidence
ฎานิวริศ,ดา-นิ-วะ-ริด,,pending,pending,,,รอตรวจ: missing-official-evidence
ฎานิศรี,ดา-นิด-สะ-รี,,pending,pending,,,รอตรวจ: missing-official-evidence
ฎานิศรีธร,ดา-นิด-สะ-ทอน,,pending,pending,,,รอตรวจ: missing-official-evidence
ฎานิอร,ดา-นิ-ออน,,pending,pending,,,รอตรวจ: missing-official-evidence
ฎานิอิศร์,ดา-นิ-อิด,,pending,pending,,,รอตรวจ: missing-official-evidence
ฎามิกร,ดา-มิ-กอน,,pending,pending,,,รอตรวจ: missing-official-evidence
ฎามิคุณ,ดา-มิก-คุน,,pending,pending,,,รอตรวจ: missing-official-evidence
ฎามิชญา,ดา-มิด-ชะ-ยา,,pending,pending,,,รอตรวจ: missing-official-evidence
ฎามิณกร,ดา-มิน-กอน,,pending,pending,,,รอตรวจ: missing-official-evidence
ฎามิณธร,ตา-มิน-ทอน,,pending,pending,,,รอตรวจ: missing-official-evidence
ฎามิณธีร์,กา-มิน-ที,,pending,pending,,,รอตรวจ: missing-official-evidence
ฎามิณวร,กา-มิน-วะ-ระ,,pending,pending,,,รอตรวจ: missing-official-evidence
ฎามิณวริศ,กา-มิน-วะ-ริด,,pending,pending,,,รอตรวจ: missing-official-evidence
ฎามิณอร,ดา-มิน-ออน,,pending,pending,,,รอตรวจ: missing-official-evidence
ฎามิณอิศร์,กา-มิน-นิ-อิด,,pending,pending,,,รอตรวจ: missing-official-evidence
ฎามิณัฐ,กา-มิ-นัด,,pending,pending,,,รอตรวจ: missing-official-evidence
ฎามิธนา,กา-มิด-ทะ-นา,,pending,pending,,,รอตรวจ: missing-official-evidence
ฎามิธร,กา-มิ-ทอน,,pending,pending,,,รอตรวจ: missing-official-evidence
ฎามิธรศรี,กา-มิด-ทอ-ระ-สี,,pending,pending,,,รอตรวจ: missing-official-evidence
ฎามินกร,ดา-มิน-กอน,,pending,pending,,,รอตรวจ: missing-official-evidence
ฎามินธร,กา-มิน-ทอน,,pending,pending,,,รอตรวจ: missing-official-evidence
ฎามินธีร์,กา-มิน-ที,,pending,pending,,,รอตรวจ: missing-official-evidence
ฎามินวร,ดา-มิน-วอน,,pending,pending,,,รอตรวจ: missing-official-evidence
ฎามินวริศ,กา-มิน-วะ-ริด,,pending,pending,,,รอตรวจ: missing-official-evidence
ฎามินอร,ดา-มิน-ออน,,pending,pending,,,รอตรวจ: missing-official-evidence
ฎามินอิศร์,กา-มิน-อิด,,pending,pending,,,รอตรวจ: missing-official-evidence
ฎามิวร,ดา-มิ-วอน,,pending,pending,,,รอตรวจ: missing-official-evidence
ฎามิวริศ,ดา-มิ-วะ-ริด,,pending,pending,,,รอตรวจ: missing-official-evidence
ฎามิศรี,ภา-มิด-สี,,pending,pending,,,รอตรวจ: missing-official-evidence
ฎามิศรีธร,ดา-มิด-สี-ทอน,,pending,pending,,,รอตรวจ: missing-official-evidence
ฎามิอร,ดา-มิ-ออน,,pending,pending,,,รอตรวจ: missing-official-evidence
ฎามิอิศร์,ดา-มิ-สิด,,pending,pending,,,รอตรวจ: missing-official-evidence
ฎาราคุณ,ดา-รา-คุน,,pending,pending,,,รอตรวจ: missing-official-evidence
ฎาราณัฐ,ตา-รา-นัด,,pending,pending,,,รอตรวจ: missing-official-evidence
ฎาราธนา,ดา-รา-ทะ-นา,,pending,pending,,,รอตรวจ: missing-official-evidence
ฎาราวร,ดา-รา-วอน,,pending,pending,,,รอตรวจ: missing-official-evidence
ฎาราอร,ดา-รา-ออน,,pending,pending,,,รอตรวจ: missing-official-evidence
ฎาราอิศร์,ดา-รา-อิด,,pending,pending,,,รอตรวจ: missing-official-evidence
ฎาริณธร,ตา-ริน-ทอน,,pending,pending,,,รอตรวจ: missing-official-evidence
ฎาริณนภัส,ตา-ริน-นะ-พัด,,pending,pending,,,รอตรวจ: missing-official-evidence
ฎาริณวร,ดา-ริน-วอน,,pending,pending,,,รอตรวจ: missing-official-evidence
ฎาริณวริศ,กา-ริน-วะ-ริด,,pending,pending,,,รอตรวจ: missing-official-evidence
ฎาริณอร,ดา-ริน-ออน,,pending,pending,,,รอตรวจ: missing-official-evidence
ฎารินธร,ตา-ริน-ทอน,,pending,pending,,,รอตรวจ: missing-official-evidence
ฎารินนภัส,กา-ริน-นะ-พัด,,pending,pending,,,รอตรวจ: missing-official-evidence
ฎารินวริศ,กา-ริน-วะ-ริด,,pending,pending,,,รอตรวจ: missing-official-evidence
ฎารุณธีร์,ดา-รุน-ที,,pending,pending,,,รอตรวจ: missing-official-evidence
ฎารุณอิศร์,กา-รุน-นิด,,pending,pending,,,รอตรวจ: missing-official-evidence
ฎาลิณธีร์,ดา-ลิน-ที,,pending,pending,,,รอตรวจ: missing-official-evidence
ฎาลิณวริศ,กา-ลิน-วิ-ระ-สิด,,pending,pending,,,รอตรวจ: missing-official-evidence
ฎาลิณอิศร์,กา-ลิน-นิด,,pending,pending,,,รอตรวจ: missing-official-evidence
ฎาลินธีร์,ลา-ลิน-ที,,pending,pending,,,รอตรวจ: missing-official-evidence
ฎาลินวริศ,ดา-ลิน-วะ-ริด,,pending,pending,,,รอตรวจ: missing-official-evidence
ฎาลินอิศร์,ดา-ลิ-นิด,,pending,pending,,,รอตรวจ: missing-official-evidence
ฎาวรกร,ดา-วะ-ระ-กอน,,pending,pending,,,รอตรวจ: missing-official-evidence
ฎาวรธรศรี,ดา-วะ-ระ-ทะ-ระ-สี,,pending,pending,,,รอตรวจ: missing-official-evidence
ฎาวรธีร์,ดาว-วะ-ที,,pending,pending,,,รอตรวจ: missing-official-evidence
ฎาวรวร,ดา-วอ-ระ-วอน,,pending,pending,,,รอตรวจ: missing-official-evidence
ฎาวรวรศรี,ดา-วอน-สะ-หวี,,pending,pending,,,รอตรวจ: missing-official-evidence
ฎาวรศรีธร,ดา-วะ-รีด-สะ-ทอน,,pending,pending,,,รอตรวจ: missing-official-evidence
ฎาวรศิลป์,ดา-วะ-ริน-สะ-ปะ,,pending,pending,,,รอตรวจ: missing-official-evidence
ฎาวรอร,ดา-วะ-รอน,,pending,pending,,,รอตรวจ: missing-official-evidence
ฎาวรอรศรี,ดาว-รอ-ระ-สี,,pending,pending,,,รอตรวจ: missing-official-evidence
ฎาวรอิศร์,ดา-วะ-ริ-สอ,,pending,pending,,,รอตรวจ: missing-official-evidence
ฎาวิณธีร์,กา-วิน-ที,,pending,pending,,,รอตรวจ: missing-official-evidence
ฎาวิณวริศ,กา-วิน-วะ-ริด,,pending,pending,,,รอตรวจ: missing-official-evidence
ฎาวิณอิศร์,กา-วิน-นิด,,pending,pending,,,รอตรวจ: missing-official-evidence
ฎาวินธีร์,กา-วิน-ที,,pending,pending,,,รอตรวจ: missing-official-evidence
ฎาวินวริศ,ดา-วิน-วะ-ริด,,pending,pending,,,รอตรวจ: missing-official-evidence
ฎาวินอิศร์,ดา-วิ-นิด,,pending,pending,,,รอตรวจ: missing-official-evidence
ฎิณาธร,ดิ-นา-ทอน,,pending,pending,,,รอตรวจ: missing-official-evidence
ฎิณาธรศรี,ดิ-นา-ทอ-ระ-สี,,pending,pending,,,รอตรวจ: missing-official-evidence
ฎิณาวร,ดิ-นา-วอน,,pending,pending,,,รอตรวจ: missing-official-evidence
ฎิณาวริศ,ดิ-นา-วะ-ริด,,pending,pending,,,รอตรวจ: missing-official-evidence
ฎิณาอร,ดิ-นา-ออน,,pending,pending,,,รอตรวจ: missing-official-evidence
ฎิณาอิศร์,ดิ-นา-อิด,,pending,pending,,,รอตรวจ: missing-official-evidence
ฎินาธร,นิ-ดา-ทอน,,pending,pending,,,รอตรวจ: missing-official-evidence
ฎินาธรศรี,ดิ-นา-ทอ-ระ-สี,,pending,pending,,,รอตรวจ: missing-official-evidence
ฎินาวร,ดิ-นา-วอน,,pending,pending,,,รอตรวจ: missing-official-evidence
ฎินาวริศ,ดิ-นา-วะ-ริด,,pending,pending,,,รอตรวจ: missing-official-evidence
ฎินาอร,ดิ-นา-ออน,,pending,pending,,,รอตรวจ: missing-official-evidence
ฎินาอิศร์,ดิ-นา-อิด,,pending,pending,,,รอตรวจ: missing-official-evidence
ฎิมาธร,ติ-มา-ทอน,,pending,pending,,,รอตรวจ: missing-official-evidence
ฎิมาธรศรี,ดิ-มา-ทอน-สี,,pending,pending,,,รอตรวจ: missing-official-evidence
ฎิมาวร,ดิ-มา-วอน,,pending,pending,,,รอตรวจ: missing-official-evidence
ฎิมาวริศ,ดิ-มา-ระ-วิด,,pending,pending,,,รอตรวจ: missing-official-evidence
ฎิมาอร,ดิ-มา-ออน,,pending,pending,,,รอตรวจ: missing-official-evidence
ฎิมาอิศร์,ดิ-มา-อิด,,pending,pending,,,รอตรวจ: missing-official-evidence
ฎิราธร,ดิ-รา-ทอน,,pending,pending,,,รอตรวจ: missing-official-evidence
ฎิราธรศรี,ดิ-รา-ทอ-ระ-สี,,pending,pending,,,รอตรวจ: missing-official-evidence
ฎิราวรศรี,ดิ-รา-วะ-สี,,pending,pending,,,รอตรวจ: missing-official-evidence
ฎิราอรศรี,ดิ-รา-ออน-สี,,pending,pending,,,รอตรวจ: missing-official-evidence
ฎิราอิศร์,ดิ-รา-อิด,,pending,pending,,,รอตรวจ: missing-official-evidence
ฎุรินนภัส,ตุ-ริน-นะ-พัด,,pending,pending,,,รอตรวจ: missing-official-evidence
ฎุรินวริศ,บุ-ริน-วะ-ริด,,pending,pending,,,รอตรวจ: missing-official-evidence
ฎุวินธีร์,ดุ-วิน-ที,,pending,pending,,,รอตรวจ: missing-official-evidence
ฎุวินวริศ,ดุ-วิน-วะ-ริด,,pending,pending,,,รอตรวจ: missing-official-evidence
ฎุวินอิศร์,ดุ-วิ-นิด,,pending,pending,,,รอตรวจ: missing-official-evidence
ฏานณณคี,ตาน-นะ-คี,,pending,pending,,,รอตรวจ: missing-official-evidence
ฏานณณญี,ตาน-นะ-ยะ-ยี,,pending,pending,,,รอตรวจ: missing-official-evidence
ฏานณณธี,ตาน-นน-ที,,pending,pending,,,รอตรวจ: missing-official-evidence
ฏานณณรี,ตาน-นะ-รี,,pending,pending,,,รอตรวจ: missing-official-evidence
ฏานณณษี,ตาน-นะ-นะ-สี,,pending,pending,,,รอตรวจ: missing-official-evidence
ฏานณนคี,ตาน-นะ-คะ-นี,,pending,pending,,,รอตรวจ: missing-official-evidence
ฏานณนญี,ตาน-นะ-นะ-ยี,,pending,pending,,,รอตรวจ: missing-official-evidence
ฏานณนธี,ตาน-นน-ที,,pending,pending,,,รอตรวจ: missing-official-evidence
ฏานณนรี,ตาน-นะ-นะ-รี,,pending,pending,,,รอตรวจ: missing-official-evidence
ฏานณนษี,ตาน-นะ-นะ-สี,,pending,pending,,,รอตรวจ: missing-official-evidence
ฏานณมคี,ตาน-นะ-มะ-คี,,pending,pending,,,รอตรวจ: missing-official-evidence
ฏานณมญี,ตาน-นม-ยี,,pending,pending,,,รอตรวจ: missing-official-evidence
ฏานณมธี,ตาน-นะ-มะ-ที,,pending,pending,,,รอตรวจ: missing-official-evidence
ฏานณมรี,ตาน-นะ-รม-รี,,pending,pending,,,รอตรวจ: missing-official-evidence
ฏานณมษี,ตาน-นะ-สะ-มี,,pending,pending,,,รอตรวจ: missing-official-evidence
ฏานณหคี,ตาน-นะ-หะ-คี,,pending,pending,,,รอตรวจ: missing-official-evidence
ฏานณหญี,ตาน-นะ-หยี,,pending,pending,,,รอตรวจ: missing-official-evidence
ฏานณหธี,ตาน-นะ-หะ-ที,,pending,pending,,,รอตรวจ: missing-official-evidence
ฏานณหรี,ตาน-นะ-หะ-รี,,pending,pending,,,รอตรวจ: missing-official-evidence
ฏานณหษี,ตาน-นะ-หะ-สี,,pending,pending,,,รอตรวจ: missing-official-evidence
ฏานนฉคี,ตาน-นะ-คะ-ฉะ-หี,,pending,pending,,,รอตรวจ: missing-official-evidence
ฏานนฉญี,ตาน-นะ-ฉะ-หยี,,pending,pending,,,รอตรวจ: missing-official-evidence
ฏานนฉธี,ตาน-นะ-ฉะ-ที,,pending,pending,,,รอตรวจ: missing-official-evidence
ฏานนฉรี,ตาน-นะ-ฉะ-หรี,,pending,pending,,,รอตรวจ: missing-official-evidence
ฏานนฉษี,ตาน-นะ-ฉะ-หรี,,pending,pending,,,รอตรวจ: missing-official-evidence
ฏานนฌคี,ตาน-นะ-คะ-ชะ-คี,,pending,pending,,,รอตรวจ: missing-official-evidence
ฏานนฌญี,ตาน-นะ-ชะ-ยี,,pending,pending,,,รอตรวจ: missing-official-evidence
ฏานนฌธี,ตาน-นะ-ชะ-ที,,pending,pending,,,รอตรวจ: missing-official-evidence
ฏานนฌรี,ตาน-นะ-ระ-ชี,,pending,pending,,,รอตรวจ: missing-official-evidence
ฏานนฌษี,ตาน-นะ-สะ-สี,,pending,pending,,,รอตรวจ: missing-official-evidence
ฏานนณคี,ตาน-นะ-คะ-นี,,pending,pending,,,รอตรวจ: missing-official-evidence
ฏานนณญี,ตาน-นะ-นะ-ยี,,pending,pending,,,รอตรวจ: missing-official-evidence
ฏานนณธี,ตา-นน-นะ-ที,,pending,pending,,,รอตรวจ: missing-official-evidence
ฏานนณรี,ตาน-นะ-นะ-รี,,pending,pending,,,รอตรวจ: missing-official-evidence
ฏานนณษี,ตา-นะ-นะ-นะ-สี,,pending,pending,,,รอตรวจ: missing-official-evidence
ฏานนนคี,ตาน-นะ-คะ-นี,,pending,pending,,,รอตรวจ: missing-official-evidence
ฏานนนญี,ตาน-นะ-นะ-ยี,,pending,pending,,,รอตรวจ: missing-official-evidence
ฏานนนธี,ตาน-นน-นะ-ที,,pending,pending,,,รอตรวจ: missing-official-evidence
ฏานนนรี,ตาน-นะ-นะ-รี,,pending,pending,,,รอตรวจ: missing-official-evidence
ฏานนนษี,ตา-นะ-นะ-นะ-สี,,pending,pending,,,รอตรวจ: missing-official-evidence
ฏานนมคี,ตาน-นะ-คะ-มี,,pending,pending,,,รอตรวจ: missing-official-evidence
ฏานนมญี,ตาน-นม-ยี,,pending,pending,,,รอตรวจ: missing-official-evidence
ฏานนมธี,ตาน-นน-มะ-ที,,pending,pending,,,รอตรวจ: missing-official-evidence
ฏานนมรี,ตาน-นะ-มะ-รี,,pending,pending,,,รอตรวจ: missing-official-evidence
ฏานนมษี,ตาน-นะ-มะ-สี,,pending,pending,,,รอตรวจ: missing-official-evidence
ฏานนหคี,ตาน-นี-หะ-คี,,pending,pending,,,รอตรวจ: missing-official-evidence
ฏานนหญี,ตาน-นะ-หยี,,pending,pending,,,รอตรวจ: missing-official-evidence
ฏานนหธี,ตาน-นะ-หะ-ที,,pending,pending,,,รอตรวจ: missing-official-evidence
ฏานนหรี,ตาน-นะ-หะ-รี,,pending,pending,,,รอตรวจ: missing-official-evidence
ฏานนหษี,ตาน-นะ-หะ-สี,,pending,pending,,,รอตรวจ: missing-official-evidence
ฏานนฬคี,ตาน-นะ-คอน-คี,,pending,pending,,,รอตรวจ: missing-official-evidence
ฏานนฬญี,ตาน-นะ-ยะ-ยี,,pending,pending,,,รอตรวจ: missing-official-evidence
ฏานนฬธี,ตาน-นน-ที,,pending,pending,,,รอตรวจ: missing-official-evidence
ฏานนฬรี,ตาน-นะ-ลี-รี,,pending,pending,,,รอตรวจ: missing-official-evidence
ฏานนฬษี,ตาน-นะ-สี,,pending,pending,,,รอตรวจ: missing-official-evidence
ฏานนฮคี,ตาน-นะ-นี-ฮะ-คี,,pending,pending,,,รอตรวจ: missing-official-evidence
ฏานนฮญี,ตาน-น้าม-ยี,,pending,pending,,,รอตรวจ: missing-official-evidence
ฏานนฮธี,ตาน-นน-ฮีด,,pending,pending,,,รอตรวจ: missing-official-evidence
ฏานนฮรี,ตาน-น้าม-ฮี,,pending,pending,,,รอตรวจ: missing-official-evidence
ฏานนฮษี,ตาน-นะ-ฮส-ยี,,pending,pending,,,รอตรวจ: missing-official-evidence
ฏานมฉคี,ตาน-มะ-ฉะ-หมี,,pending,pending,,,รอตรวจ: missing-official-evidence
ฏานมฉญี,ตาน-มะ-ฉะ-หยี,,pending,pending,,,รอตรวจ: missing-official-evidence
ฏานมฉธี,ตาน-มะ-ฉะ-หมี,,pending,pending,,,รอตรวจ: missing-official-evidence
ฏานมฉรี,ตาน-มะ-ฉะ-หรี,,pending,pending,,,รอตรวจ: missing-official-evidence
ฏานมฉษี,ตาน-มะ-ฉะ-หี,,pending,pending,,,รอตรวจ: missing-official-evidence
ฏานมฌคี,ตาน-มะ-ชี-คะ-เช,,pending,pending,,,รอตรวจ: missing-official-evidence
ฏานมฌญี,ตาน-มะ-ชะ-ยี,,pending,pending,,,รอตรวจ: missing-official-evidence
ฏานมฌธี,ตาน-มะ-ชา-ที,,pending,pending,,,รอตรวจ: missing-official-evidence
ฏานมฌรี,ตาน-มะ-ชะ-รี,,pending,pending,,,รอตรวจ: missing-official-evidence
ฏานมฌษี,ตาน-มะ-ชะ-สี,,pending,pending,,,รอตรวจ: missing-official-evidence
ฏานมณคี,ตาน-นม-คี,,pending,pending,,,รอตรวจ: missing-official-evidence
ฏานมณญี,ตาน-มน-นี,,pending,pending,,,รอตรวจ: missing-official-evidence
ฏานมณธี,ตาน-มน-ที,,pending,pending,,,รอตรวจ: missing-official-evidence
ฏานมณรี,ตาน-มน-มะ-รี,,pending,pending,,,รอตรวจ: missing-official-evidence
ฏานมณษี,ตาน-นม-สะ-สี,,pending,pending,,,รอตรวจ: missing-official-evidence
ฏานมนคี,ตาน-มน-นะ-คี,,pending,pending,,,รอตรวจ: missing-official-evidence
ฏานมนญี,ตาน-มน-นี,,pending,pending,,,รอตรวจ: missing-official-evidence
ฏานมนธี,ตาน-มน-ที,,pending,pending,,,รอตรวจ: missing-official-evidence
ฏานมนรี,ตาน-มน-รี,,pending,pending,,,รอตรวจ: missing-official-evidence
ฏานมนษี,ตาน-มน-สะ-หนี,,pending,pending,,,รอตรวจ: missing-official-evidence
ฏานมมคี,ตาน-มะ-มี-คม,,pending,pending,,,รอตรวจ: missing-official-evidence
ฏานมมญี,ตาน-มะ-มะ-ยี,,pending,pending,,,รอตรวจ: missing-official-evidence
ฏานมมธี,ตาน-มน-มะ-ที,,pending,pending,,,รอตรวจ: missing-official-evidence
ฏานมมรี,ตาน-มะ-มะ-รี,,pending,pending,,,รอตรวจ: missing-official-evidence
ฏานมมษี,ตาน-มะ-มะ-สี,,pending,pending,,,รอตรวจ: missing-official-evidence
ฏานมหคี,ตาน-มะ-หมี-คะ,,pending,pending,,,รอตรวจ: missing-official-evidence
ฏานมหญี,ตาน-มะ-หยี,,pending,pending,,,รอตรวจ: missing-official-evidence
ฏานมหธี,ตาน-มะ-หม-ที,,pending,pending,,,รอตรวจ: missing-official-evidence
ฏานมหรี,ตาน-มะ-หรี,,pending,pending,,,รอตรวจ: missing-official-evidence
ฏานมหษี,ตาน-มะ-หะ-สี,,pending,pending,,,รอตรวจ: missing-official-evidence
ฏานมฬคี,ตาน-มน-ละ-คี,,pending,pending,,,รอตรวจ: missing-official-evidence
ฏานมฬญี,ตาน-มน-ยะ-ยี,,pending,pending,,,รอตรวจ: missing-official-evidence
ฏานมฬธี,ตาน-มน-ทะ-ลี,,pending,pending,,,รอตรวจ: missing-official-evidence
ฏานมฬรี,ตาน-มน-รี,,pending,pending,,,รอตรวจ: missing-official-evidence
ฏานมฬษี,ตาน-มน-ละ-สี,,pending,pending,,,รอตรวจ: missing-official-evidence
ฏานมฮคี,ตาน-มะ-ฮี-ค,,pending,pending,,,รอตรวจ: missing-official-evidence
ฏานมฮญี,ตาน-มะ-ฮีย,,pending,pending,,,รอตรวจ: missing-official-evidence
ฏานมฮธี,ตาน-มะ-ฮีด,,pending,pending,,,รอตรวจ: missing-official-evidence
ฏานมฮรี,ตาน-มะ-ฮี-รี,,pending,pending,,,รอตรวจ: missing-official-evidence
ฏานมฮษี,ตาน-มะ-ฮีด,,pending,pending,,,รอตรวจ: missing-official-evidence
ฏานัณฉ,ตา-นัน-ฉอ,,pending,pending,,,รอตรวจ: missing-official-evidence
ฏานัณฌ,ตา-นัน-ชุ,,pending,pending,,,รอตรวจ: missing-official-evidence
ฏานัณณ,ตา-นัน,,pending,pending,,,รอตรวจ: missing-official-evidence
ฏานัณน,ตา-นัน-นะ,,pending,pending,,,รอตรวจ: missing-official-evidence
ฏานัณม,ตา-นัน-มะ,,pending,pending,,,รอตรวจ: missing-official-evidence
ฏานัณห,ตา-นัน-หั,,pending,pending,,,รอตรวจ: missing-official-evidence
ฏานัณฬ,ตา-นัน,,pending,pending,,,รอตรวจ: missing-official-evidence
ฏานัณฮ,ตา-นัน-ฮะ,,pending,pending,,,รอตรวจ: missing-official-evidence
ฏานันฉ,ตา-นัน-ฉอน,,pending,pending,,,รอตรวจ: missing-official-evidence
ฏานันฌ,ตา-นัน-ชะ-สุ,,pending,pending,,,รอตรวจ: missing-official-evidence
ฏานันณ,ตา-นัน,,pending,pending,,,รอตรวจ: missing-official-evidence
ฏานันน,ตา-นัน-นะ,,pending,pending,,,รอตรวจ: missing-official-evidence
ฏานันม,ตา-นัน-มะ-ไน,,pending,pending,,,รอตรวจ: missing-official-evidence
ฏานันห,ตา-นัน-หะ,,pending,pending,,,รอตรวจ: missing-official-evidence
ฏานันฬ,ตา-นัน-ละ,,pending,pending,,,รอตรวจ: missing-official-evidence
ฏานันฮ,ตา-นัน-ฮะ,,pending,pending,,,รอตรวจ: missing-official-evidence
ฏานัมฉ,ตา-รัน-ฉอ,,pending,pending,,,รอตรวจ: missing-official-evidence
ฏานัมฌ,ตา-นะ-มัด,,pending,pending,,,รอตรวจ: missing-official-evidence
ฏานัมณ,ตา-นัม-นะ,,pending,pending,,,รอตรวจ: missing-official-evidence
ฏานัมน,ตา-นัม-นน,,pending,pending,,,รอตรวจ: missing-official-evidence
ฏานัมม,ตา-นัม-มะ,,pending,pending,,,รอตรวจ: missing-official-evidence
ฏานัมห,ตำ-หนัม-หอ,,pending,pending,,,รอตรวจ: missing-official-evidence
ฏานัมฬ,ตา-นัม-ลอน,,pending,pending,,,รอตรวจ: missing-official-evidence
ฏานัมฮ,ตา-นัม-ฮอ,,pending,pending,,,รอตรวจ: missing-official-evidence
ฏานัหฉ,ตา-นัด-ฉั,,pending,pending,,,รอตรวจ: missing-official-evidence
ฏานัหฌ,ตา-นัด-หัด,,pending,pending,,,รอตรวจ: missing-official-evidence
ฏานัหณ,ตา-นัด-หน,,pending,pending,,,รอตรวจ: missing-official-evidence
ฏานัหน,ตา-นั่น,,pending,pending,,,รอตรวจ: missing-official-evidence
ฏานัหม,ตา-นั่-หม,,pending,pending,,,รอตรวจ: missing-official-evidence
ฏานัหห,ตา-นัด-หั่,,pending,pending,,,รอตรวจ: missing-official-evidence
ฏานัหฬ,ตา-นา-หัน,,pending,pending,,,รอตรวจ: missing-official-evidence
ฏานัหฮ,ตา-นัด-หั้,,pending,pending,,,รอตรวจ: missing-official-evidence
ฏานัฬณ,ตา-นัน,,pending,pending,,,รอตรวจ: missing-official-evidence
ฏานัฬน,ตา-นัน,,pending,pending,,,รอตรวจ: missing-official-evidence
ฏานัฬม,ตา-นัน-ลม,,pending,pending,,,รอตรวจ: missing-official-evidence
ฏานัฬห,ตา-นัน-หะ,,pending,pending,,,รอตรวจ: missing-official-evidence
ฏานิฉฉ,ตา-นิ-ฉอน,,pending,pending,,,รอตรวจ: missing-official-evidence
ฏานิฉฌ,ตา-นิด-ชะ-สะ,,pending,pending,,,รอตรวจ: missing-official-evidence
ฏานิฉณ,ตา-นิ-ฉะ-หน,,pending,pending,,,รอตรวจ: missing-official-evidence
ฏานิฉน,ตา-นิ-ฉน,,pending,pending,,,รอตรวจ: missing-official-evidence
ฏานิฉม,ตา-นิด-ไม,,pending,pending,,,รอตรวจ: missing-official-evidence
ฏานิฉห,ตา-นิด-หะ,,pending,pending,,,รอตรวจ: missing-official-evidence
ฏานิฉฬ,ตา-นิ-ฉอน,,pending,pending,,,รอตรวจ: missing-official-evidence
ฏานิฉฮ,ตา-นิ-ฮด,,pending,pending,,,รอตรวจ: missing-official-evidence
ฏานิฌฉ,ตา-นิด-ฉะ,,pending,pending,,,รอตรวจ: missing-official-evidence
ฏานิฌฌ,ตา-นิด,,pending,pending,,,รอตรวจ: missing-official-evidence
ฏานิฌณ,ตา-นิด,,pending,pending,,,รอตรวจ: missing-official-evidence
ฏานิฌน,ตา-นิ-ชน,,pending,pending,,,รอตรวจ: missing-official-evidence
ฏานิฌม,ตา-นิ-ชม,,pending,pending,,,รอตรวจ: missing-official-evidence
ฏานิฌห,ตา-นิด-หะ,,pending,pending,,,รอตรวจ: missing-official-evidence
ฏานิฌฬ,ตา-นิ-ชน,,pending,pending,,,รอตรวจ: missing-official-evidence
ฏานิฌฮ,ตา-นิ-ฮด,,pending,pending,,,รอตรวจ: missing-official-evidence
ฏานิณฉ,ตา-นิน-ฉะ,,pending,pending,,,รอตรวจ: missing-official-evidence
ฏานิณฌ,ตา-นิน-ชน,,pending,pending,,,รอตรวจ: missing-official-evidence
ฏานิณณ,ตา-นิ-นน,,pending,pending,,,รอตรวจ: missing-official-evidence
ฏานิณน,ตา-นิน,,pending,pending,,,รอตรวจ: missing-official-evidence
ฏานิณม,ตา-นิน-มะ,,pending,pending,,,รอตรวจ: missing-official-evidence
ฏานิณห,ตา-นิน-หะ,,pending,pending,,,รอตรวจ: missing-official-evidence
ฏานิณฬ,ตา-นิน,,pending,pending,,,รอตรวจ: missing-official-evidence
ฏานิณฮ,ตา-นิ-ฮิน,,pending,pending,,,รอตรวจ: missing-official-evidence
ฏานินฉ,ตา-นิน-ฉอ,,pending,pending,,,รอตรวจ: missing-official-evidence
ฏานินฌ,ตา-นิน-ชน,,pending,pending,,,รอตรวจ: missing-official-evidence
ฏานินณ,ตา-นิน,,pending,pending,,,รอตรวจ: missing-official-evidence
ฏานินน,ตา-นิน,,pending,pending,,,รอตรวจ: missing-official-evidence
ฏานินม,ตา-นิน-มะ,,pending,pending,,,รอตรวจ: missing-official-evidence
ฏานินห,ตา-นิน-หน,,pending,pending,,,รอตรวจ: missing-official-evidence
ฏานินฬ,ตา-ริน,,pending,pending,,,รอตรวจ: missing-official-evidence
ฏานินฮ,ตา-นิน-ฮะ,,pending,pending,,,รอตรวจ: missing-official-evidence
ฏานิมฉ,ตาน-มิด,,pending,pending,,,รอตรวจ: missing-official-evidence
ฏานิมฌ,ตาน-มิด,,pending,pending,,,รอตรวจ: missing-official-evidence
ฏานิมณ,ตา-นิ-มน,,pending,pending,,,รอตรวจ: missing-official-evidence
ฏานิมน,ตา-นิ-มน,,pending,pending,,,รอตรวจ: missing-official-evidence
ฏานิมม,ตา-นิ-มม,,pending,pending,,,รอตรวจ: missing-official-evidence
ฏานิมห,ตา-นิ-หม,,pending,pending,,,รอตรวจ: missing-official-evidence
ฏานิมฬ,ตา-นิ-ยม,,pending,pending,,,รอตรวจ: missing-official-evidence
ฏานิมฮ,ตา-นิม-ฮอ,,pending,pending,,,รอตรวจ: missing-official-evidence
ฏานิหฉ,ตา-นิ-หะ-ฉะ,,pending,pending,,,รอตรวจ: missing-official-evidence
ฏานิหฌ,ตา-นิ-หะ-ดิ,,pending,pending,,,รอตรวจ: missing-official-evidence
ฏานิหณ,ตา-นิ-หะ-นะ,,pending,pending,,,รอตรวจ: missing-official-evidence
ฏานิหน,ตา-นิ-หน,,pending,pending,,,รอตรวจ: missing-official-evidence
ฏานิหม,ตา-นิ-หม,,pending,pending,,,รอตรวจ: missing-official-evidence
ฏานิหห,ตา-นิ-หะ,,pending,pending,,,รอตรวจ: missing-official-evidence
ฏานิหฬ,ตา-หลิ-หน,,pending,pending,,,รอตรวจ: missing-official-evidence
ฏานิหฮ,ตา-หนิ-ห,,pending,pending,,,รอตรวจ: missing-official-evidence
ฏานิฬฉ,ตา-ริน-ฉะ,,pending,pending,,,รอตรวจ: missing-official-evidence
ฏานิฬฌ,ตา-นิ-ชน,,pending,pending,,,รอตรวจ: missing-official-evidence
ฏานิฬณ,ตา-ริน,,pending,pending,,,รอตรวจ: missing-official-evidence
ฏานิฬน,ตา-นิน,,pending,pending,,,รอตรวจ: missing-official-evidence
ฏานิฬม,ตา-ริน-ลม,,pending,pending,,,รอตรวจ: missing-official-evidence
ฏานิฬห,ตา-นิน,,pending,pending,,,รอตรวจ: missing-official-evidence
ฏานิฬฬ,ตา-ริน,,pending,pending,,,รอตรวจ: missing-official-evidence
ฏานิฬฮ,ตา-ลิน-ฮ้อ,,pending,pending,,,รอตรวจ: missing-official-evidence
ฏานิฮฉ,ตา-หนิ-ฉะ,,pending,pending,,,รอตรวจ: missing-official-evidence
ฏานิฮฌ,ตา-หนิ-ชิด,,pending,pending,,,รอตรวจ: missing-official-evidence
ฏานิฮณ,ตา-นิ-ฮะ-นะ,,pending,pending,,,รอตรวจ: missing-official-evidence
ฏานิฮน,ตา-นิ-ฮน,,pending,pending,,,รอตรวจ: missing-official-evidence
ฏานิฮม,ตา-ฮิน-ฮม,,pending,pending,,,รอตรวจ: missing-official-evidence
ฏานิฮห,ตา-นิ-ห้า,,pending,pending,,,รอตรวจ: missing-official-evidence
ฏานิฮฬ,ตา-หลิน,,pending,pending,,,รอตรวจ: missing-official-evidence
ฏานิฮฮ,ตา-ฮิน-ฮิ,,pending,pending,,,รอตรวจ: missing-official-evidence
ฐกณ,ถะ-กะ-นะ,,pending,pending,,,รอตรวจ: missing-official-evidence
ฐกณณัฏฐ์,ถะ-กะ-นะ-นัด,,pending,pending,,,รอตรวจ: missing-official-evidence
ฐกม,ถะ-กะ-มะ,,pending,pending,,,รอตรวจ: missing-official-evidence
ฐกมณัฏฐ์,ถะ-กะ-มะ-นัด,,pending,pending,,,รอตรวจ: missing-official-evidence
ฐกมโณ,ถะ-กะ-มะ-โน,,pending,pending,,,รอตรวจ: missing-official-evidence
ฐกมรณ,ถะ-กะ-มน-ระ,,pending,pending,,,รอตรวจ: missing-official-evidence
ฐกร,ถะ-กอน,,pending,pending,,,รอตรวจ: missing-official-evidence
ฐกรกัน,ถะ-กอน-กัน,,pending,pending,,,รอตรวจ: missing-official-evidence
ฐกรดิณ,ถะ-กอน-ดิน,,pending,pending,,,รอตรวจ: missing-official-evidence
ฐกรท์,ถะ-กอน,,pending,pending,,,รอตรวจ: missing-official-evidence
ฐกรอร,ถะ-กอน-ออน,,pending,pending,,,รอตรวจ: missing-official-evidence
ฐกะ,ถะ-กะ,,pending,pending,,,รอตรวจ: missing-official-evidence
ฐกะกัน,ถะ-กะ-กัน,,pending,pending,,,รอตรวจ: missing-official-evidence
ฐกะกิม,ถะ-กะ-กิม,,pending,pending,,,รอตรวจ: missing-official-evidence
ฐกะมนต์,ถะ-กะ-มน,,pending,pending,,,รอตรวจ: missing-official-evidence
ฐกะวร,ถะ-กะ-วอน,,pending,pending,,,รอตรวจ: missing-official-evidence
ฐกัณ,ถะ-กัน,,pending,pending,,,รอตรวจ: missing-official-evidence
ฐกัณกิ,ถะ-กัน-กิ,,pending,pending,,,รอตรวจ: missing-official-evidence
ฐกัด,ถะ-กัด,,pending,pending,,,รอตรวจ: missing-official-evidence
ฐกัน,ถะ-กัน,,pending,pending,,,รอตรวจ: missing-official-evidence
ฐกันกร,ถะ-กัน-กอน,,pending,pending,,,รอตรวจ: missing-official-evidence
ฐกันกะ,ถะ-กัน-กะ,,pending,pending,,,รอตรวจ: missing-official-evidence
ฐกันกิ,ถะ-กัน-กิ,,pending,pending,,,รอตรวจ: missing-official-evidence
ฐกิ,ถะ-กิ,,pending,pending,,,รอตรวจ: missing-official-evidence
ฐกิกร,ถะ-กิ-กอน,,pending,pending,,,รอตรวจ: missing-official-evidence
ฐกิกัณ,ถะ-กิ-กัน,,pending,pending,,,รอตรวจ: missing-official-evidence
ฐกิกิ,ถะ-กิ-หิ,,pending,pending,,,รอตรวจ: missing-official-evidence
ฐกิกิณ,ถะ-กิ-กิน,,pending,pending,,,รอตรวจ: missing-official-evidence
ฐกิกิม,ถะ-กิ-กิม,,pending,pending,,,รอตรวจ: missing-official-evidence
ฐกิจมนต์,ถะ-กิด-มน,,pending,pending,,,รอตรวจ: missing-official-evidence
ฐกิณ,ถะ-กิน,,pending,pending,,,รอตรวจ: missing-official-evidence
ฐกิณกิ,ถะ-กิน-นะ-กิ,,pending,pending,,,รอตรวจ: missing-official-evidence
ฐกิม,ถะ-กิม,,pending,pending,,,รอตรวจ: missing-official-evidence
ฐกิมกร,ถะ-กิม-กอน,,pending,pending,,,รอตรวจ: missing-official-evidence
ฐกิมกิ,ถะ-กิม-กิ,,pending,pending,,,รอตรวจ: missing-official-evidence
ฐกิวร,ถะ-กิ-วอน,,pending,pending,,,รอตรวจ: missing-official-evidence
ฐกิอร,ถะ-กิ-ออน,,pending,pending,,,รอตรวจ: missing-official-evidence
ฐคุณ,ถิ-คุน,,pending,pending,,,รอตรวจ: missing-official-evidence
ฐคุณกร,ถิ-คุน-กอน,,pending,pending,,,รอตรวจ: missing-official-evidence
ฐคุณกะ,ถุ-คุน-กะ,,pending,pending,,,รอตรวจ: missing-official-evidence
ฐณโชค,ถะ-นะ-โชก,,pending,pending,,,รอตรวจ: missing-official-evidence
ฐณณ,ถะ-นน,,pending,pending,,,รอตรวจ: missing-official-evidence
ฐณัฏฐ์,ถะ-นัด,,pending,pending,,,รอตรวจ: missing-official-evidence
ฐณัฏฐ์โณ,ถะ-นัด-โน,,pending,pending,,,รอตรวจ: missing-official-evidence
ฐณัฏฐ์รณ,ถะ-นัด-ระ-นอน,,pending,pending,,,รอตรวจ: missing-official-evidence
ฐณัฏฐ์วร,ถะ-นัด-วอน,,pending,pending,,,รอตรวจ: missing-official-evidence
ฐณัฏฐ์อณ,ถะ-นัด-ออน,,pending,pending,,,รอตรวจ: missing-official-evidence
ฐณัฐโณ,ถะ-นัด-ถะ-โน,,pending,pending,,,รอตรวจ: missing-official-evidence
ฐณัฐรณ,ฐ-ณ-ฐ-อน,,pending,pending,,,รอตรวจ: missing-official-evidence
ฐณัฐรวิ,ถะ-นัด-ถะ-ริ,,pending,pending,,,รอตรวจ: missing-official-evidence
ฐณัฐวิณ,ถะ-นัด-ถะ-วิน,,pending,pending,,,รอตรวจ: missing-official-evidence
ฐณัฐอิม,ถะ-นัด-อิม,,pending,pending,,,รอตรวจ: missing-official-evidence
ฐโณกณ,ถะ-นะ-โกน,,pending,pending,,,รอตรวจ: missing-official-evidence
ฐโณณัฏฐ์,ถะ-นะ-โนด,,pending,pending,,,รอตรวจ: missing-official-evidence
ฐโณณัฐ,ถะ-นะ-นัด,,pending,pending,,,รอตรวจ: missing-official-evidence
ฐโณภณ,ถะ-นะ-โนน,,pending,pending,,,รอตรวจ: missing-official-evidence
ฐโณมนต์,ถะ-โน-มน,,pending,pending,,,รอตรวจ: missing-official-evidence
ฐดน,ถะ-ดน,,pending,pending,,,รอตรวจ: missing-official-evidence
ฐดนณัฏฐ์,ถะ-ดน-นัด,,pending,pending,,,รอตรวจ: missing-official-evidence
ฐดนโณ,ถะ-ดะ-นะ,,pending,pending,,,รอตรวจ: missing-official-evidence
ฐดิณ,ถะ-ดิน,,pending,pending,,,รอตรวจ: missing-official-evidence
ฐดิณกะ,ถะ-ดิน-กะ,,pending,pending,,,รอตรวจ: missing-official-evidence
ฐดิณกิ,ถะ-ดิน-กิ,,pending,pending,,,รอตรวจ: missing-official-evidence
ฐธาม,ถะ-ทาม,,pending,pending,,,รอตรวจ: missing-official-evidence
ฐธามกะ,ถะ-ทาง-มะ-กะ,,pending,pending,,,รอตรวจ: missing-official-evidence
ฐธามกิ,ถะ-ทา-มะ,,pending,pending,,,รอตรวจ: missing-official-evidence
ฐธามมนต์,ถะ-ทา-มน,,pending,pending,,,รอตรวจ: missing-official-evidence
ฐนกร,ถะ-นะ-กอน,,pending,pending,,,รอตรวจ: missing-official-evidence
ฐนคร,ถะ-นะ-คอน,,pending,pending,,,รอตรวจ: missing-official-evidence
ฐนนท์อิม,ถะ-นัน-อิม,,pending,pending,,,รอตรวจ: missing-official-evidence
ฐนภัทร,ถะ-นะ-พัด,,pending,pending,,,รอตรวจ: missing-official-evidence
ฐนโรจน์,ถะ-นะ-โรด,,pending,pending,,,รอตรวจ: missing-official-evidence
ฐนันดร,ถะ-นัน-ดอน,,pending,pending,,,รอตรวจ: missing-official-evidence
ฐนันท์โณ,ถะ-นัน-โท,,pending,pending,,,รอตรวจ: missing-official-evidence
ฐนันท์อณ,ถะ-นัน-ออน,,pending,pending,,,รอตรวจ: missing-official-evidence
ฐภณ,ถะ-พน,,pending,pending,,,รอตรวจ: missing-official-evidence
ฐมนต์กร,ถะ-มน-กอน,,pending,pending,,,รอตรวจ: missing-official-evidence
ฐมนต์กะ,ถะ-มน-กะ-ตะ,,pending,pending,,,รอตรวจ: missing-official-evidence
ฐมนต์กัณ,ถะ-มน-กัน,,pending,pending,,,รอตรวจ: missing-official-evidence
ฐมนต์กัน,ถะ-มน-กัน,,pending,pending,,,รอตรวจ: missing-official-evidence
ฐมนต์กิ,ถะ-มน-ยะ-กิ,,pending,pending,,,รอตรวจ: missing-official-evidence
ฐมนต์กิณ,ถะ-มน-กิน,,pending,pending,,,รอตรวจ: missing-official-evidence
ฐมนต์โณ,ถะ-นม-โน,,pending,pending,,,รอตรวจ: missing-official-evidence
ฐมนต์ดิณ,ถะ-มน-นิด,,pending,pending,,,รอตรวจ: missing-official-evidence
ฐมนต์มิน,ถะ-มน-มิน,,pending,pending,,,รอตรวจ: missing-official-evidence
ฐมนต์อิม,ถะ-หนม-อิ-มิ,,pending,pending,,,รอตรวจ: missing-official-evidence
ฐรณกณ,ถะ-ระ-นก-นะ,,pending,pending,,,รอตรวจ: missing-official-evidence
ฐรณกม,ถะ-ระ-นะ-กะ-มะ,,pending,pending,,,รอตรวจ: missing-official-evidence
ฐรณณัฏฐ์,ถะ-ระ-นะ-นัด,,pending,pending,,,รอตรวจ: missing-official-evidence
ฐรณดน,ถะ-ระ-นะ-ดน,,pending,pending,,,รอตรวจ: missing-official-evidence
ฐรณภณ,ถะ-ระ-นะ-พน,,pending,pending,,,รอตรวจ: missing-official-evidence
ฐรวิณัฐ,ถะ-ระ-วิ-นัด,,pending,pending,,,รอตรวจ: missing-official-evidence
ฐรัฐ,ถะ-รัด,,pending,pending,,,รอตรวจ: missing-official-evidence
ฐวร,ถะ-วอน,,pending,pending,,,รอตรวจ: missing-official-evidence
ฐวรกร,ถะ-วอน-กอน,,pending,pending,,,รอตรวจ: missing-official-evidence
ฐวรกิ,ถะ-วะ-ริก,,pending,pending,,,รอตรวจ: missing-official-evidence
ฐวรณัฏฐ์,ถะ-วอน-นัด,,pending,pending,,,รอตรวจ: missing-official-evidence
ฐวรมนต์,ถะ-วะ-ระ-มน,,pending,pending,,,รอตรวจ: missing-official-evidence
ฐวัณ,ถะ-หวัน,,pending,pending,,,รอตรวจ: missing-official-evidence
ฐวัณมนต์,ถะ-วัน-มน,,pending,pending,,,รอตรวจ: missing-official-evidence
ฐวิณ,ถะ-วิน,,pending,pending,,,รอตรวจ: missing-official-evidence
ฐวิณนนท์,ถะ-วิน-นน,,pending,pending,,,รอตรวจ: missing-official-evidence
ฐวิณมนต์,ถะ-วิน-มน,,pending,pending,,,รอตรวจ: missing-official-evidence
ฐอร,ถอ-ระ,,pending,pending,,,รอตรวจ: missing-official-evidence
ฐอรกร,ถอ-ระ-กอน,,pending,pending,,,รอตรวจ: missing-official-evidence
ฐอรกะ,ถอ-ระ-กะ,,pending,pending,,,รอตรวจ: missing-official-evidence
ฐอรมนต์,ถอ-ระ-มน,,pending,pending,,,รอตรวจ: missing-official-evidence
ฐอิม,ถิ-มิ,,pending,pending,,,รอตรวจ: missing-official-evidence
ฐอิมณัฐ,ถิ-มิ-นัด,,pending,pending,,,รอตรวจ: missing-official-evidence
ฐอิมนนท์,ถิ-มิ-นน,,pending,pending,,,รอตรวจ: missing-official-evidence
ฐัชธน,ถัด-ทะ-นะ,,pending,pending,,,รอตรวจ: missing-official-evidence
ฐาคณิษฐ์,ถา-คะ-นิด,,pending,pending,,,รอตรวจ: missing-official-evidence
ฐานกร,ถา-นะ-กอน,,pending,pending,,,รอตรวจ: missing-official-evidence
ฐานนันท์,ถา-นะ-นัน,,pending,pending,,,รอตรวจ: missing-official-evidence
ฐานภร,ถา-นะ-พอน,,pending,pending,,,รอตรวจ: missing-official-evidence
ฐานมญ,ถา-มน,,pending,pending,,,รอตรวจ: missing-official-evidence
ฐานรินทร์,ถา-นะ-ริน,,pending,pending,,,รอตรวจ: missing-official-evidence
ฐานะ,ถา-นะ,,pending,pending,,,รอตรวจ: missing-official-evidence
ฐานะนิธิภร,ถา-นะ-นิ-ทิ-พอน,,pending,pending,,,รอตรวจ: missing-official-evidence
ฐานัน,ถา-นัน,,pending,pending,,,รอตรวจ: missing-official-evidence
ฐานันดร,ถา-นัน-ดอน,,pending,pending,,,รอตรวจ: missing-official-evidence
ฐานันดร์,ถา-นัน,,pending,pending,,,รอตรวจ: missing-official-evidence
ฐานัส,ถา-นัด,,pending,pending,,,รอตรวจ: missing-official-evidence
ฐานิญา,ถา-นิ-ยา,,pending,pending,,,รอตรวจ: missing-official-evidence
ฐานิฏฐ์,ถา-นิด,,pending,pending,,,รอตรวจ: missing-official-evidence
ฐานิน,ถา-นิน,,pending,pending,,,รอตรวจ: missing-official-evidence
ฐานิสรา,ถา-นิด-สะ-รา,,pending,pending,,,รอตรวจ: missing-official-evidence
ฐิฌธนัน,จิด-ทะ-นัน,,pending,pending,,,รอตรวจ: missing-official-evidence
ฐิติพงศ์,ถิ-ติ-พง,,pending,pending,,,รอตรวจ: missing-official-evidence
ฐิติมา,ถิ-ติ-มา,,pending,pending,,,รอตรวจ: missing-official-evidence
ฐิติวรรณ,ถิ-ติ-วัน,,pending,pending,,,รอตรวจ: missing-official-evidence
ฐิติวัสส์,ถิ-ติ-วัด,,pending,pending,,,รอตรวจ: missing-official-evidence
ฐิรไชย,ถิ-ระ-ไช,,pending,pending,,,รอตรวจ: missing-official-evidence
ฐิรญา,ถิ-ระ-ยา,,pending,pending,,,รอตรวจ: missing-official-evidence
ฐิรดล,ถิ-ระ-ดน,,pending,pending,,,รอตรวจ: missing-official-evidence
ฐิรนันท์,ถิ-ระ-นัน,,pending,pending,,,รอตรวจ: missing-official-evidence
ฐิรวรรณ,ถิ-ระ-วัน,,pending,pending,,,รอตรวจ: missing-official-evidence
ฐิรวัชร์,ถิ-ระ-วัด,,pending,pending,,,รอตรวจ: missing-official-evidence
ฐิรวิชญ์,ถิ-ระ-วิด,,pending,pending,,,รอตรวจ: missing-official-evidence
ฐิรศิลป์,ถิ-ระ-สิน,,pending,pending,,,รอตรวจ: missing-official-evidence
ฐิรสิริ,ถิ-ระ-สิ-หริ,,pending,pending,,,รอตรวจ: missing-official-evidence
ฑจน,ทด-จะ-นะ,,pending,pending,,,รอตรวจ: missing-official-evidence
ฑลน,ทน-ละ-นะ,,pending,pending,,,รอตรวจ: missing-official-evidence
ฑลม,ทะ-ลม,,pending,pending,,,รอตรวจ: missing-official-evidence
ฑวณ,ทวน,,pending,pending,,,รอตรวจ: missing-official-evidence
ฑวน,ทวน,,pending,pending,,,รอตรวจ: missing-official-evidence
ฑวม,ทวม,,pending,pending,,,รอตรวจ: missing-official-evidence
ฑอณ,ทอน,,pending,pending,,,รอตรวจ: missing-official-evidence
ฑอน,ทอน,,pending,pending,,,รอตรวจ: missing-official-evidence
ฑอม,ทอม,,pending,pending,,,รอตรวจ: missing-official-evidence
ฑอฬ,ทอน,,pending,pending,,,รอตรวจ: missing-official-evidence
ฒขจร,ทัด-ขะ-จอน,,pending,pending,,,รอตรวจ: missing-official-evidence
ฒจันทร์,ทัด-จะ-ทัน,,pending,pending,,,รอตรวจ: missing-official-evidence
ฒจิรคุณ,ทะ-จิด-ทิ-รุน,,pending,pending,,,รอตรวจ: missing-official-evidence
ฒจิรธีร์,ทะ-จิด-ทิ-รี,,pending,pending,,,รอตรวจ: missing-official-evidence
ฒชล,ทะ-ชะ-สะ-ชน,,pending,pending,,,รอตรวจ: missing-official-evidence
ฒชลคุณ,ทะ-ชะ-ชน-ละ-คุน,,pending,pending,,,รอตรวจ: missing-official-evidence
ฒชลธีร์,ทะ-ชะ-สะ-ชน-ที,,pending,pending,,,รอตรวจ: missing-official-evidence
ฒณัช,ทะ-ดั้-ชัด,,pending,pending,,,รอตรวจ: missing-official-evidence
ฒณัฐคุณ,ทะ-ดัด-ชะ-คุน,,pending,pending,,,รอตรวจ: missing-official-evidence
ฒณัฐธีร์,ทะ-ดัด-ที,,pending,pending,,,รอตรวจ: missing-official-evidence
ฒณัน,ทะ-ดัน-หัน,,pending,pending,,,รอตรวจ: missing-official-evidence
ฒณาธิป,ทะ-นะ-ทา-นิ-ปะ,,pending,pending,,,รอตรวจ: missing-official-evidence
ฒณาวุธ,ทะ-นะ-ทา-วุด,,pending,pending,,,รอตรวจ: missing-official-evidence
ฒณิก,ทะ-นิ-กิ,,pending,pending,,,รอตรวจ: missing-official-evidence
ฒณิช,ทะ-นิ-ชิด,,pending,pending,,,รอตรวจ: missing-official-evidence
ฒณิน,ทะ-ทิ-นิน,,pending,pending,,,รอตรวจ: missing-official-evidence
ฒณิมา,ทะ-ทิ-นะ-มา,,pending,pending,,,รอตรวจ: missing-official-evidence
ฒณิศ,ทะ-นิ-ทิด,,pending,pending,,,รอตรวจ: missing-official-evidence
ฒณิศร,ทะ-นิด-สะ-หริด,,pending,pending,,,รอตรวจ: missing-official-evidence
ฒณิษฐา,ทะ-นิด-ถา-แต,,pending,pending,,,รอตรวจ: missing-official-evidence
ฒนดัง,ทะ-นะ-ทด-ดัง-ดัน,,pending,pending,,,รอตรวจ: missing-official-evidence
ฒนทอง,ทะ-นะ-ทอน-ทอง,,pending,pending,,,รอตรวจ: missing-official-evidence
ฒนธรรม,ทะ-นะ-ทำ-มะ-สะ,,pending,pending,,,รอตรวจ: missing-official-evidence
ฒนนท์,ทะ-นะ-ทะ-นน,,pending,pending,,,รอตรวจ: missing-official-evidence
ฒนนำ,ทะ-นะ-ทำ-นะ-ดำ,,pending,pending,,,รอตรวจ: missing-official-evidence
ฒนมั่น,ทะ-นด-มั่น,,pending,pending,,,รอตรวจ: missing-official-evidence
ฒนรัก,ทะ-นะ-ทรัก-รัก,,pending,pending,,,รอตรวจ: missing-official-evidence
ฒนล้วน,ทะ-นด-ล้วน,,pending,pending,,,รอตรวจ: missing-official-evidence
ฒนวร,ทะ-นะ-ทะ-วะ-นอน,,pending,pending,,,รอตรวจ: missing-official-evidence
ฒนไว,ทะ-นะ-ไท-วะ,,pending,pending,,,รอตรวจ: missing-official-evidence
ฒนหลัก,ทะ-นะ-หน-หลัก-หลัก,,pending,pending,,,รอตรวจ: missing-official-evidence
ฒนหาญ,ทะ-นะ-ทะ-หาน-หาน,,pending,pending,,,รอตรวจ: missing-official-evidence
ฒนใหม่,ทะ-นด-ไหม่,,pending,pending,,,รอตรวจ: missing-official-evidence
ฒนโอ,ทะ-นะ-โอ-เฮด,,pending,pending,,,รอตรวจ: missing-official-evidence
ฒนาวาคุณ,ทะ-นะ-ทาด-วา-นุ-คา,,pending,pending,,,รอตรวจ: missing-official-evidence
ฒนาวาธีร์,ทะ-นะ-ทา-วะ-ที-วา,,pending,pending,,,รอตรวจ: missing-official-evidence
ฒนิรันดร์,ทะ-นะ-ทิ-รัน,,pending,pending,,,รอตรวจ: missing-official-evidence
ฒบวรคุณ,ทะ-บด-วอ-ระ-คุน,,pending,pending,,,รอตรวจ: missing-official-evidence
ฒบวรธีร์,ทะ-บวด-ทะ-รี,,pending,pending,,,รอตรวจ: missing-official-evidence
ฒปัญญาคุณ,ปะ-ทะ-ยัด-ปา-นุ-คัน,,pending,pending,,,รอตรวจ: missing-official-evidence
ฒปัญญาธีร์,ปะ-ตะ-ทัน-ยา-ที-รี,,pending,pending,,,รอตรวจ: missing-official-evidence
ฒมกนิษฐ์,ทะ-มะ-กะ-นิด,,pending,pending,,,รอตรวจ: missing-official-evidence
ฒมกมล,ทำ-มะ-ทก-มะ-นะ,,pending,pending,,,รอตรวจ: missing-official-evidence
ฒมกัญจน์,ทะ-มะ-กัน-จุน,,pending,pending,,,รอตรวจ: missing-official-evidence
ฒมกัลป์,ทะ-มะ-ทะ-กัน,,pending,pending,,,รอตรวจ: missing-official-evidence
ฒมคง,ทะ-มะ-ตะ-คง,,pending,pending,,,รอตรวจ: missing-official-evidence
ฒมคนธร,ทะ-คม-ทน-คะ-นอน,,pending,pending,,,รอตรวจ: missing-official-evidence
ฒมคีรี,ทะ-คม-ที-ระ-คี,,pending,pending,,,รอตรวจ: missing-official-evidence
ฒมจอมคุณ,ทะ-มะ-จอม-จุ-คน,,pending,pending,,,รอตรวจ: missing-official-evidence
ฒมจอมทอง,ทะ-ชม-จอม-ทาง,,pending,pending,,,รอตรวจ: missing-official-evidence
ฒมจักริน,ผะ-มด-จัก-กริ-นิด,,pending,pending,,,รอตรวจ: missing-official-evidence
ฒมจันทร,ทะ-มะ-จัน-ทอ-ระ-นะ-ทิ,,pending,pending,,,รอตรวจ: missing-official-evidence
ฒมจันทรา,ทะ-ชม-จัน-ทรา-จอน,,pending,pending,,,รอตรวจ: missing-official-evidence
ฒมจิรโรจน์,ทะ-มะ-จิง-โร-ริน,,pending,pending,,,รอตรวจ: missing-official-evidence
ฒมญาณวร,ทะ-มะ-ยา-นะ-วะ-นอน,,pending,pending,,,รอตรวจ: missing-official-evidence
ฒมณภัทร,ทะ-มะ-นะ-ทะ-พัด,,pending,pending,,,รอตรวจ: missing-official-evidence
ฒมณรงค์,ทะ-มะ-นะ-รง,,pending,pending,,,รอตรวจ: missing-official-evidence
ฒมณัฐนนท์,ทะ-มะ-ทะ-นัด-ถะ-นะ,,pending,pending,,,รอตรวจ: missing-official-evidence
ฒมทองคำ,ทะ-มะ-ตอง-ทอม-คำ,,pending,pending,,,รอตรวจ: missing-official-evidence
ฒมทองพูล,ทะ-มะ-ทอง-พู-นิน,,pending,pending,,,รอตรวจ: missing-official-evidence
ฒมทักษิณ,ทะ-มะ-ทัก-สะ-มิน,,pending,pending,,,รอตรวจ: missing-official-evidence
ฒมโทณ,ทำ-มะ-ทะ-โมน,,pending,pending,,,รอตรวจ: missing-official-evidence
ฒมธนกร,ท-มด-ทะ-นะ-กอน,,pending,pending,,,รอตรวจ: missing-official-evidence
ฒมธนดล,ทำ-มะ-ทะ-นะ-ดน,,pending,pending,,,รอตรวจ: missing-official-evidence
ฒมธรรม,ทะ-มะ-ทำ,,pending,pending,,,รอตรวจ: missing-official-evidence
ฒมธรรมธร,ทะ-มะ-ทำ-มะ-ทอน,,pending,pending,,,รอตรวจ: missing-official-evidence
ฒมธานินทร์,ทำ-มะ-ทา-นิน,,pending,pending,,,รอตรวจ: missing-official-evidence
ฒมธีรธรรม,ทะ-มะ-ที-ระ-ทัด-นีม,,pending,pending,,,รอตรวจ: missing-official-evidence
ฒมธีรภัทร,ทะ-มี-ทอน-พัด,,pending,pending,,,รอตรวจ: missing-official-evidence
ฒมนรดิศ,ทะ-มะ-นะ-ทอน-ดิด,,pending,pending,,,รอตรวจ: missing-official-evidence
ฒมนรินทร์,ทะ-มะ-นะ-ริน,,pending,pending,,,รอตรวจ: missing-official-evidence
ฒมนัส,ทะ-มะ-หะ-นัด,,pending,pending,,,รอตรวจ: missing-official-evidence
ฒมนัสคุณ,ทะ-มะ-นัด-คุ-นะ-สะ,,pending,pending,,,รอตรวจ: missing-official-evidence
ฒมนัสธีร์,ทะ-มะ-หะ-นัด-ที,,pending,pending,,,รอตรวจ: missing-official-evidence
ฒมนิคม,ทะ-มะ-ทะ-นิ-คม,,pending,pending,,,รอตรวจ: missing-official-evidence
ฒมนิธิกร,ทะ-มะ-นะ-ทิ-มิ-กอน,,pending,pending,,,รอตรวจ: missing-official-evidence
ฒมนิภัทร์,ทะ-มะ-นะ-ทิ-พัด,,pending,pending,,,รอตรวจ: missing-official-evidence
ฒมนิอร,ชะ-มะ-ทะ-นิ-ออน,,pending,pending,,,รอตรวจ: missing-official-evidence
ฒมภัทร,ทะ-มะ-ตะ-พัด,,pending,pending,,,รอตรวจ: missing-official-evidence
ฒมโภคิน,ทำ-มะ-โพก-คะ-นิ,,pending,pending,,,รอตรวจ: missing-official-evidence
ฒมมหาคุณ,ทะ-มะ-ทะ-มะ-คุ-หาน,,pending,pending,,,รอตรวจ: missing-official-evidence
ฒมมหิทธา,ชะ-มะ-ทะ-มะ-หา-มะ-หิ-ดา,,pending,pending,,,รอตรวจ: missing-official-evidence
ฒมรณกร,ทะ-มะ-ทอน-นะ-กอน,,pending,pending,,,รอตรวจ: missing-official-evidence
ฒมลักษณ์,ทะ-มน-ลัก,,pending,pending,,,รอตรวจ: missing-official-evidence
ฒมวรภัทร,ทะ-มะ-วัด-สะ-วะ-พัด,,pending,pending,,,รอตรวจ: missing-official-evidence
ฒมวราธร,ทะ-มะ-วะ-ทา-ระ-ดอน,,pending,pending,,,รอตรวจ: missing-official-evidence
ฒมวราวุธ,ทะ-มะ-วะ-สะ-รา-วุด,,pending,pending,,,รอตรวจ: missing-official-evidence
ฒมวรินทร์ธร,ทะ-มะ-วะ-ทอน-นิ-ระ-ทอน,,pending,pending,,,รอตรวจ: missing-official-evidence
ฒมวริศ,ทะ-มะ-วะ-สิ-ระ-สา,,pending,pending,,,รอตรวจ: missing-official-evidence
ฒมวัชรินทร์,ทะ-มะ-ชะ-วัด-ริน,,pending,pending,,,รอตรวจ: missing-official-evidence
ฒมวัลลภ,ทะ-มะ-ทวน-พัน,,pending,pending,,,รอตรวจ: missing-official-evidence
ฒมวิทวัส,ทะ-มะ-ทะ-วัด-สะ-ดิ,,pending,pending,,,รอตรวจ: missing-official-evidence
ฒมวิบูรณ์,ทะ-มะ-วัด-บู-ริน,,pending,pending,,,รอตรวจ: missing-official-evidence
ฒมวิรุจ,ทะ-มะ-สุ-วิ-รุด,,pending,pending,,,รอตรวจ: missing-official-evidence
ฒมวิศิษฏ์,ทำ-มะ-วิ-สิด,,pending,pending,,,รอตรวจ: missing-official-evidence
ฒมวิษณุ,ทะ-มะ-ตะ-วิด-สะ-ดุน,,pending,pending,,,รอตรวจ: missing-official-evidence
ฒมอนันต์,ทม-มะ-อัน-ตะ-นัน,,pending,pending,,,รอตรวจ: missing-official-evidence
ฒมอรรถ,ทะ-มะ-ทอ-ระ-ถัด,,pending,pending,,,รอตรวจ: missing-official-evidence
ฒมอัคร,ทะ-มัด-อัก-คอน,,pending,pending,,,รอตรวจ: missing-official-evidence
ฒมอานนท์,ทะ-มะ-ทา-อะ-นน,,pending,pending,,,รอตรวจ: missing-official-evidence
ฒมอิสรา,ชะ-มะ-อิด-สะ-รา,,pending,pending,,,รอตรวจ: missing-official-evidence
ฒมโอฬาร,ทะ-มะ-โท-รอ-ลาน,,pending,pending,,,รอตรวจ: missing-official-evidence
ฒวร,ทะ-วะ-ทอน,,pending,pending,,,รอตรวจ: missing-official-evidence
ฒวรินคุณ,ทะ-วะ-ทริ-วะ-คุน,,pending,pending,,,รอตรวจ: missing-official-evidence
ฒวรินธีร์,ทะ-ตะ-วะ-ริน-ที-รี,,pending,pending,,,รอตรวจ: missing-official-evidence
ฒวิชญ์,ทะ-ตะ-วิด,,pending,pending,,,รอตรวจ: missing-official-evidence
ฒวิน,ทะ-ตะ-วิน,,pending,pending,,,รอตรวจ: missing-official-evidence
ฒวิโรจน์,ทะ-ยะ-วิ-โรด,,pending,pending,,,รอตรวจ: missing-official-evidence
ฒวิศ,ทะ-ยะ-วิด,,pending,pending,,,รอตรวจ: missing-official-evidence
ฒเวช,ทะ-เวด-เชด,,pending,pending,,,รอตรวจ: missing-official-evidence
ฒหิรัญ,ทะ-ทิด-หรัน-ยะ-รัน,,pending,pending,,,รอตรวจ: missing-official-evidence
ฒอดิเรก,ทะ-ดอ-ดิ-เหรก,,pending,pending,,,รอตรวจ: missing-official-evidence
ฒอนันต์,ทัด-อะ-นัน,,pending,pending,,,รอตรวจ: missing-official-evidence
ฒอนุรักษ์,ธ-อ-น-อ,,pending,pending,,,รอตรวจ: missing-official-evidence
ฒอภินันท์,ทะ-อะ-พิ-นัน,,pending,pending,,,รอตรวจ: missing-official-evidence
ฒอภิสิทธิ์,พะ-ทะ-ริ-สิด,,pending,pending,,,รอตรวจ: missing-official-evidence
ฒอรุณ,ทะ-ระ-รุน,,pending,pending,,,รอตรวจ: missing-official-evidence
ฒอำนาจ,ทำ-อำ-นาด,,pending,pending,,,รอตรวจ: missing-official-evidence
ฒอินทรคุณ,ทิด-ทอน-ทุ-ระ-คิน,,pending,pending,,,รอตรวจ: missing-official-evidence
ฒอินทรธีร์,ทิ-ทอน-ทิ-รี,,pending,pending,,,รอตรวจ: missing-official-evidence
ฒเอกนิธิ,ทอก-เท้อ-นิ-ทิ,,pending,pending,,,รอตรวจ: missing-official-evidence
ณ,นะ,,pending,pending,,,รอตรวจ: missing-official-evidence
ณกนก,นะ-กะ-หนก,,pending,pending,,,รอตรวจ: missing-official-evidence
ณกมล,นะ-กะ-มน,,pending,pending,,,รอตรวจ: missing-official-evidence
ณกร,นะ-กอน,,pending,pending,,,รอตรวจ: missing-official-evidence
ณกรณ์,นะ-กอน,,pending,pending,,,รอตรวจ: missing-official-evidence
ณกัญญา,นะ-กัน-ยา,,pending,pending,,,รอตรวจ: missing-official-evidence
ณคณัฐ,นะ-คะ-นัด,,pending,pending,,,รอตรวจ: missing-official-evidence
ณคณา,นะ-คะ-นา,,pending,pending,,,รอตรวจ: missing-official-evidence
ณคุณ,นะ-คุน,,pending,pending,,,รอตรวจ: missing-official-evidence
ณจอมทอง,นะ-จอม-ทอง,,pending,pending,,,รอตรวจ: missing-official-evidence
ณฏชย,นะ-ตะ-ชะ-ยะ,,pending,pending,,,รอตรวจ: missing-official-evidence
ณฐกร,นะ-ถะ-กอน,,pending,pending,,,รอตรวจ: missing-official-evidence
ณฐณณ,นะ-ถะ-นน,,pending,pending,,,รอตรวจ: missing-official-evidence
ณฐนน,นะ-ถะ-นน,,pending,pending,,,รอตรวจ: missing-official-evidence
ณฐพร,นะ-ถะ-พอน,,pending,pending,,,รอตรวจ: missing-official-evidence
ณฐภัทร,นะ-ถะ-พัด,,pending,pending,,,รอตรวจ: missing-official-evidence
ณฐมน,นะ-ถะ-มน,,pending,pending,,,รอตรวจ: missing-official-evidence
ณฐา,นะ-ถา,,pending,pending,,,รอตรวจ: missing-official-evidence
ณฐารินทร์,นะ-ถา-ริน,,pending,pending,,,รอตรวจ: missing-official-evidence
ณณรงค์,นะ-นะ-รง,,pending,pending,,,รอตรวจ: missing-official-evidence
ณดล,นะ-ดน,,pending,pending,,,รอตรวจ: missing-official-evidence
ณดวง,นะ-ดะ-วง,,pending,pending,,,รอตรวจ: missing-official-evidence
ณทอง,นะ-ทอง,,pending,pending,,,รอตรวจ: missing-official-evidence
ณทองคำ,นะ-ทอง-คำ,,pending,pending,,,รอตรวจ: missing-official-evidence
ณธน,นะ-ทน,,pending,pending,,,รอตรวจ: missing-official-evidence
ณธร,นะ-ทอน,,pending,pending,,,รอตรวจ: missing-official-evidence
ณธรส,นะ-ทะ-รด,,pending,pending,,,รอตรวจ: missing-official-evidence
ณธษา,นะ-ทะ-สา,,pending,pending,,,รอตรวจ: missing-official-evidence
ณธัช,นะ-ทัด,,pending,pending,,,รอตรวจ: missing-official-evidence
ณธีร์,นะ-ที,,pending,pending,,,รอตรวจ: missing-official-evidence
ณธีรัช,นะ-ที-รัด,,pending,pending,,,รอตรวจ: missing-official-evidence
ณนน,นะ-นน,,pending,pending,,,รอตรวจ: missing-official-evidence
ณนันท์,นะ-นัน,,pending,pending,,,รอตรวจ: missing-official-evidence
ณนันทน์,นะ-นัน,,pending,pending,,,รอตรวจ: missing-official-evidence
ณภคมล,นะ-พะ-คะ-มน,,pending,pending,,,รอตรวจ: missing-official-evidence
ณภณ,นะ-พน,,pending,pending,,,รอตรวจ: missing-official-evidence
ณภรณ์,นะ-พอน,,pending,pending,,,รอตรวจ: missing-official-evidence
ณภัค,นะ-พัก,,pending,pending,,,รอตรวจ: missing-official-evidence
ณภัท,นะ-พัด,,pending,pending,,,รอตรวจ: missing-official-evidence
ณภัทธ,นะ-พัด,,pending,pending,,,รอตรวจ: missing-official-evidence
ณภัทร,นะ-พัด,,pending,pending,,,รอตรวจ: missing-official-evidence
ณภัทรดา,นะ-พัด-ระ-ดา,,pending,pending,,,รอตรวจ: missing-official-evidence
ณภัทรพ,นะ-พัด-ทระ-พบ,,pending,pending,,,รอตรวจ: missing-official-evidence
ณภัทรภา,นะ-พัด-ทระ-พา,,pending,pending,,,รอตรวจ: missing-official-evidence
ณภัทรเรศ,นะ-พัด-ทระ-เรด,,pending,pending,,,รอตรวจ: missing-official-evidence
ณภัทรวร,นะ-พัด-ทระ-วะ-ระ,,pending,pending,,,รอตรวจ: missing-official-evidence
ณภัทรวรา,นะ-พัด-ทระ-วะ-รา,,pending,pending,,,รอตรวจ: missing-official-evidence
ณภัทรวุฒิ,นะ-พัด-ทระ-วุด,,pending,pending,,,รอตรวจ: missing-official-evidence
ณภัทร์ษธร,นะ-พัด-สะ-ทอน,,pending,pending,,,รอตรวจ: missing-official-evidence
ณภัทรัตน์,นะ-พัด-ทะ-รัด,,pending,pending,,,รอตรวจ: missing-official-evidence
ณภัทรัตนา,นะ-พัด-ทรัด-ตะ-นา,,pending,pending,,,รอตรวจ: missing-official-evidence
ณภัทรา,นะ-พัด-ทรา,,pending,pending,,,รอตรวจ: missing-official-evidence
ณภัทริน,นะ-พัด-ริน,,pending,pending,,,รอตรวจ: missing-official-evidence
ณภัทรินี,นะ-พัด-ทริ-นี,,pending,pending,,,รอตรวจ: missing-official-evidence
ณมน,นะ-มน,,pending,pending,,,รอตรวจ: missing-official-evidence
ณมนวรรณ,นะ-มน-วัน,,pending,pending,,,รอตรวจ: missing-official-evidence
ณรงค์,นะ-รง,,pending,pending,,,รอตรวจ: missing-official-evidence
ณรงค์กร,นะ-รง-กอน,,pending,pending,,,รอตรวจ: missing-official-evidence
ณรงค์รัชช์,นะ-รง-รัด,,pending,pending,,,รอตรวจ: missing-official-evidence
ณรรวิฆม์,นะ-ระ-วิ-คม,,pending,pending,,,รอตรวจ: missing-official-evidence
ณรัชช์อร,นะ-รัด-ชอน,,pending,pending,,,รอตรวจ: missing-official-evidence
ณรัชต์,นะ-รัด,,pending,pending,,,รอตรวจ: missing-official-evidence
ณรัฐ,นะ-รัด,,pending,pending,,,รอตรวจ: missing-official-evidence
ณรัณธกรณ์,นะ-รัน-ทะ-กอน,,pending,pending,,,รอตรวจ: missing-official-evidence
ณราวิชญ์,นะ-รา-วิด,,pending,pending,,,รอตรวจ: missing-official-evidence
ณริช,นะ-ริด,,pending,pending,,,รอตรวจ: missing-official-evidence
ณลภัส,นะ-ละ-พัด,,pending,pending,,,รอตรวจ: missing-official-evidence
ณลัลอร,นะ-ลัน-ออน,,pending,pending,,,รอตรวจ: missing-official-evidence
ณวร,นะ-วอน,,pending,pending,,,รอตรวจ: missing-official-evidence
ณวรรณ,นะ-วัน,,pending,pending,,,รอตรวจ: missing-official-evidence
ณวโรจน์,นะ-วะ-โรด,,pending,pending,,,รอตรวจ: missing-official-evidence
ณวัชรีย์,นะ-วัด-ชะ-ยี,,pending,pending,,,รอตรวจ: missing-official-evidence
ณวิธ,นะ-วิด,,pending,pending,,,รอตรวจ: missing-official-evidence
ณวิน,นะ-วิน,,pending,pending,,,รอตรวจ: missing-official-evidence
ณอรัญ,นะ-อะ-รัน,,pending,pending,,,รอตรวจ: missing-official-evidence
ณักษ์ธนัฏฐ์,นัก-ทะ-นัด,,pending,pending,,,รอตรวจ: missing-official-evidence
ณัชช์พงษ์,นัด-พง,,pending,pending,,,รอตรวจ: missing-official-evidence
ณัชชรญ์,นัด-ชะ-ยา,,pending,pending,,,รอตรวจ: missing-official-evidence
ณัชชา,นัด-ชา,,pending,pending,,,รอตรวจ: missing-official-evidence
ณัชธภัค,นัด-ทะ-พัก,,pending,pending,,,รอตรวจ: missing-official-evidence
ณัชวาริน,นัด-ชะ-วา-ริน,,pending,pending,,,รอตรวจ: missing-official-evidence
ณัญภ์ณัฐ,นัน-นัด,,pending,pending,,,รอตรวจ: missing-official-evidence
ณัฏญ์ธิฎา,นัด-ทิ-ดา,,pending,pending,,,รอตรวจ: missing-official-evidence
ณัฏฐ์,นัด,,pending,pending,,,รอตรวจ: missing-official-evidence
ณัฏฐ์ณธรณ์,นัด-ตะ-นะ-ทอน,,pending,pending,,,รอตรวจ: missing-official-evidence
ณัฏฐ์ณลิน,นัด-นะ-ลิน,,pending,pending,,,รอตรวจ: missing-official-evidence
ณัฏฐ์ธิญา,นัด-ทิ-ยา,,pending,pending,,,รอตรวจ: missing-official-evidence
ณัฏฐนันท์,นัด-ถะ-นัน,,pending,pending,,,รอตรวจ: missing-official-evidence
ณัฏฐ์ปวัล,นัด-ปะ-วัน,,pending,pending,,,รอตรวจ: missing-official-evidence
ณัฏฐ์พงษ์,นัด-พง,,pending,pending,,,รอตรวจ: missing-official-evidence
ณัฏฐ์ภณ,นัด-พน,,pending,pending,,,รอตรวจ: missing-official-evidence
ณัฏฐ์ภัค,นัด-พัก,,pending,pending,,,รอตรวจ: missing-official-evidence
ณัฏฐรินทร์,นัด-ถะ-ริน,,pending,pending,,,รอตรวจ: missing-official-evidence
ณัฏฐวรรณ,นัด-ถะ-วัน,,pending,pending,,,รอตรวจ: missing-official-evidence
ณัฏฐา,นัด-ถา,,pending,pending,,,รอตรวจ: missing-official-evidence
ณัฐ,นัด,,pending,pending,,,รอตรวจ: missing-official-evidence
ณัฐกมล,นัด-กะ-มน,,pending,pending,,,รอตรวจ: missing-official-evidence
ณัฐกมาล,นัด-กะ-มะ-ลาน,,pending,pending,,,รอตรวจ: missing-official-evidence
ณัฐกร,นัด-กอน,,pending,pending,,,รอตรวจ: missing-official-evidence
ณัฐกรณ์,นัด-กอน,,pending,pending,,,รอตรวจ: missing-official-evidence
ณัฐกฤต,นัด-ถะ-กริด,,pending,pending,,,รอตรวจ: missing-official-evidence
ณัฐกอน,นัด-ถะ-กอน,,pending,pending,,,รอตรวจ: missing-official-evidence
ณัฐกักัญ,นัด-ถะ-กัน-กัน,,pending,pending,,,รอตรวจ: missing-official-evidence
ณัฐกัญจ์,นัด-ถะ-กัน,,pending,pending,,,รอตรวจ: missing-official-evidence
ณัฐกิก,นัด-ถะ-กิก,,pending,pending,,,รอตรวจ: missing-official-evidence
ณัฐกิจ,นัด-กิด,,pending,pending,,,รอตรวจ: missing-official-evidence
ณัฐครินทร์,นัด-ถะ-คะ-ริน,,pending,pending,,,รอตรวจ: missing-official-evidence
ณัฐจิร,นัด-ถะ-จิง,,pending,pending,,,รอตรวจ: missing-official-evidence
ณัฐชญา,นัด-ชะ-ยา,,pending,pending,,,รอตรวจ: missing-official-evidence
ณัฐชญานันท์,นัด-ชะ-ยา-นัน,,pending,pending,,,รอตรวจ: missing-official-evidence
ณัฐใช,นัด-ถะ-ไช,,pending,pending,,,รอตรวจ: missing-official-evidence
ณัฐฌา,นัด-ชา,,pending,pending,,,รอตรวจ: missing-official-evidence
ณัฐญา,นัด-ถะ-ยา,,pending,pending,,,รอตรวจ: missing-official-evidence
ณัฐฐา,นัด-ถา,,pending,pending,,,รอตรวจ: missing-official-evidence
ณัฐฐารินทร์,นัด-ถา-ริน,,pending,pending,,,รอตรวจ: missing-official-evidence
ณัฐฐิญา,นัด-ถิ-ยา,,pending,pending,,,รอตรวจ: missing-official-evidence
ณัฐฐินันท์,นัด-ถิ-นัน,,pending,pending,,,รอตรวจ: missing-official-evidence
ณัฐฐิมน,นัด-ถิ-มน,,pending,pending,,,รอตรวจ: missing-official-evidence
ณัฐณรงค์,นัด-นะ-รง,,pending,pending,,,รอตรวจ: missing-official-evidence
ณัฐดล,นัด-ถะ-นด,,pending,pending,,,รอตรวจ: missing-official-evidence
ณัฐดา,นัด-ถะ-ดา,,pending,pending,,,รอตรวจ: missing-official-evidence
ณัฐเดช,นัด-ถะ-เดด,,pending,pending,,,รอตรวจ: missing-official-evidence
ณัฐไดน,นัด-ได-นัก,,pending,pending,,,รอตรวจ: missing-official-evidence
ณัฐตอน,นัด-ตะ-ออน,,pending,pending,,,รอตรวจ: missing-official-evidence
ณัฐทนันต์,นัด-ทะ-นัน,,pending,pending,,,รอตรวจ: missing-official-evidence
ณัฐทิมา,นัด-ทิ-มา,,pending,pending,,,รอตรวจ: missing-official-evidence
ณัฐธภรณ์,นัด-ทะ-พอน,,pending,pending,,,รอตรวจ: missing-official-evidence
ณัฐธัญ,นัด-ทัน,,pending,pending,,,รอตรวจ: missing-official-evidence
ณัฐธารา,นัด-ทา-รา,,pending,pending,,,รอตรวจ: missing-official-evidence
ณัฐธาริน,นัด-ทา-ริน,,pending,pending,,,รอตรวจ: missing-official-evidence
ณัฐธิดา,นัด-ทิ-ดา,,pending,pending,,,รอตรวจ: missing-official-evidence
ณัฐ์ธิวรรณ,นัด-ทิ-วัน,,pending,pending,,,รอตรวจ: missing-official-evidence
ณัฐธีรินทร์,นัด-ถะ-ที-ริน,,pending,pending,,,รอตรวจ: missing-official-evidence
ณัฐนน,นัด-ถะ-นน,,pending,pending,,,รอตรวจ: missing-official-evidence
ณัฐนนท์,นัด-นน,,pending,pending,,,รอตรวจ: missing-official-evidence
ณัฐนภ,นัด-ถะ-นบ,,pending,pending,,,รอตรวจ: missing-official-evidence
ณัฐนัน,นัด-ถะ-นัน,,pending,pending,,,รอตรวจ: missing-official-evidence
ณัฐนันท์,นัด-ถะ-นัน,,pending,pending,,,รอตรวจ: missing-official-evidence
ณัฐนา,นัด-ถะ-นา,,pending,pending,,,รอตรวจ: missing-official-evidence
ณัฐนิช,นัด-นิด,,pending,pending,,,รอตรวจ: missing-official-evidence
ณัฐนิดอน,นัด-ถะ-นิ-ดอน,,pending,pending,,,รอตรวจ: missing-official-evidence
ณัฐนินทร์,นัด-ถะ-นิน,,pending,pending,,,รอตรวจ: missing-official-evidence
ณัฐนินนท์,นัด-ถะ-นิน,,pending,pending,,,รอตรวจ: missing-official-evidence
ณัฐบูรณ์,นัด-บูน,,pending,pending,,,รอตรวจ: missing-official-evidence
ณัฐปคัลภ์,นัด-ปะ-คัน,,pending,pending,,,รอตรวจ: missing-official-evidence
ณัฐปัญญา,นัด-ปัน-ยา,,pending,pending,,,รอตรวจ: missing-official-evidence
ณัฐปัณฑ์,นัด-ถะ-ปัน,,pending,pending,,,รอตรวจ: missing-official-evidence
ณัฐพง,นัด-ถะ-พง,,pending,pending,,,รอตรวจ: missing-official-evidence
ณัฐพงค์,นัด-ถะ-พง,,pending,pending,,,รอตรวจ: missing-official-evidence
ณัฐพงษ์,นัด-ถะ-พง,,pending,pending,,,รอตรวจ: missing-official-evidence
ณัฐพล​,นัด-ถะ-พลอ,,pending,pending,,,รอตรวจ: missing-official-evidence
ณัฐพศิน,นัด-พะ-สิน,,pending,pending,,,รอตรวจ: missing-official-evidence
ณัฐพสิษฐ์,นัด-พะ-สิด,,pending,pending,,,รอตรวจ: missing-official-evidence
ณัฐพีร์,นัด-พี,,pending,pending,,,รอตรวจ: missing-official-evidence
ณัฐภณ,นัด-พน,,pending,pending,,,รอตรวจ: missing-official-evidence
ณัฐภร,นัด-ถะ-พอน,,pending,pending,,,รอตรวจ: missing-official-evidence
ณัฐภวิน,นัด-พะ-วิน,,pending,pending,,,รอตรวจ: missing-official-evidence
ณัฐภัค,นัด-พัก,,pending,pending,,,รอตรวจ: missing-official-evidence
ณัฐภัคิน,นัด-พัน-คิน,,pending,pending,,,รอตรวจ: missing-official-evidence
ณัฐภัทร,นัด-พัด-ทรอ,,pending,pending,,,รอตรวจ: missing-official-evidence
ณัฐภา,นัด-ถะ-พา,,pending,pending,,,รอตรวจ: missing-official-evidence
ณัฐมน,นัด-ถะ-มน,,pending,pending,,,รอตรวจ: missing-official-evidence
ณัฐมล,นัด-ถะ-มน,,pending,pending,,,รอตรวจ: missing-official-evidence
ณัฐมา,นัด-ถะ-มา,,pending,pending,,,รอตรวจ: missing-official-evidence
ณัฐรน,นัด-ถะ-รน,,pending,pending,,,รอตรวจ: missing-official-evidence
ณัฐรพ,นัด-ถะ-รบ,,pending,pending,,,รอตรวจ: missing-official-evidence
ณัฐรมณ์,นัด-ถะ-รม,,pending,pending,,,รอตรวจ: missing-official-evidence
ณัฐรอม,นัด-ถะ-รอม,,pending,pending,,,รอตรวจ: missing-official-evidence
ณัฐรัชต์,นัด-ถะ-รัด,,pending,pending,,,รอตรวจ: missing-official-evidence
ณัฐรัตน์,นัด-ถะ-รัด,,pending,pending,,,รอตรวจ: missing-official-evidence
ณัฐรัตนา,นัด-ถะ-รัด-ดาน,,pending,pending,,,รอตรวจ: missing-official-evidence
ณัฐราม,นัด-ถะ-ราม,,pending,pending,,,รอตรวจ: missing-official-evidence
ณัฐรินี,นัด-ถะ-ริ-นี,,pending,pending,,,รอตรวจ: missing-official-evidence
ณัฐรุจา,นัด-รุ-จา,,pending,pending,,,รอตรวจ: missing-official-evidence
ณัฐเรศ,นัด-ถะ-เรด,,pending,pending,,,รอตรวจ: missing-official-evidence
ณัฐวดี,นัด-ถะ-วะ-ดี,,pending,pending,,,รอตรวจ: missing-official-evidence
ณัฐวร,นัด-ถะ-วอน,,pending,pending,,,รอตรวจ: missing-official-evidence
ณัฐวรรณา,นัด-ถะ-วัน-นา,,pending,pending,,,รอตรวจ: missing-official-evidence
ณัฐวรรธน์,นัด-ถะ-วัด,,pending,pending,,,รอตรวจ: missing-official-evidence
ณัฐวรศิริ,นัด-ถะ-วอ-ระ-สิ-หริ,,pending,pending,,,รอตรวจ: missing-official-evidence
ณัฐวรา,นัด-วะ-รา,,pending,pending,,,รอตรวจ: missing-official-evidence
ณัฐวริน,นัด-วะ-ริน,,pending,pending,,,รอตรวจ: missing-official-evidence
ณัฐวรินทร,นัด-วะ-ริน-ทอน,,pending,pending,,,รอตรวจ: missing-official-evidence
ณัฐวริศ,นัด-ถะ-วะ-ริด,,pending,pending,,,รอตรวจ: missing-official-evidence
ณัฐวรีย์,นัด-ถะ-วะ-รี,,pending,pending,,,รอตรวจ: missing-official-evidence
ณัฐวโร,นัด-ถะ-วะ-โร,,pending,pending,,,รอตรวจ: missing-official-evidence
ณัฐวโรจน์,นัด-ถะ-วะ-โรด,,pending,pending,,,รอตรวจ: missing-official-evidence
ณัฐวลัญช์,นัด-วะ-ลัน,,pending,pending,,,รอตรวจ: missing-official-evidence
ณัฐวอน,นัด-ถะ-วอน,,pending,pending,,,รอตรวจ: missing-official-evidence
ณัฐวัชต์,นัด-ถะ-วัด,,pending,pending,,,รอตรวจ: missing-official-evidence
ณัฐวัฒน์,นัด-ถะ-วัด,,pending,pending,,,รอตรวจ: missing-official-evidence
ณัฐวาน,นัด-ถะ-วาน,,pending,pending,,,รอตรวจ: missing-official-evidence
ณัฐวารา,นัด-ถะ-วา-รา,,pending,pending,,,รอตรวจ: missing-official-evidence
ณัฐวาริด,นัด-ถะ-วา-ริด,,pending,pending,,,รอตรวจ: missing-official-evidence
ณัฐวารี,นัด-ถะ-วา-รี,,pending,pending,,,รอตรวจ: missing-official-evidence
ณัฐวาลัน,นัด-ถะ-วา-ลัน,,pending,pending,,,รอตรวจ: missing-official-evidence
ณัฐวาไล,นัด-ถะ-วา-ไล,,pending,pending,,,รอตรวจ: missing-official-evidence
ณัฐวิ,นัด-ถะ-วิ,,pending,pending,,,รอตรวจ: missing-official-evidence
ณัฐวิกรม,นัด-ถะ-กิ-รม,,pending,pending,,,รอตรวจ: missing-official-evidence
ณัฐวิชช์,นัด-ถะ-วิด,,pending,pending,,,รอตรวจ: missing-official-evidence
ณัฐวิน,นัด-วิน,,pending,pending,,,รอตรวจ: missing-official-evidence
ณัฐวินท์,นัด-ถะ-วิน,,pending,pending,,,รอตรวจ: missing-official-evidence
ณัฐวินิจ,นัด-ถะ-วิ-นิด,,pending,pending,,,รอตรวจ: missing-official-evidence
ณัฐวิมน,นัด-ถะ-วิ-มน,,pending,pending,,,รอตรวจ: missing-official-evidence
ณัฐวิโรจน์,นัด-ถะ-วิ-โรด,,pending,pending,,,รอตรวจ: missing-official-evidence
ณัฐวุฒิ,นัด-ถะ-วุด,,pending,pending,,,รอตรวจ: missing-official-evidence
ณัฐวุธ,นัด-ถะ-วุด,,pending,pending,,,รอตรวจ: missing-official-evidence
ณัฐศร,นัด-ถะ-สอน,,pending,pending,,,รอตรวจ: missing-official-evidence
ณัฐศรา,นัด-สะ-รา,,pending,pending,,,รอตรวจ: missing-official-evidence
ณัฐศรี,นัด-สะ-รี,,pending,pending,,,รอตรวจ: missing-official-evidence
ณัฐศักดิ์,นัด-ถะ-สัก,,pending,pending,,,รอตรวจ: missing-official-evidence
ณัฐศิรา,นัด-สิ-รา,,pending,pending,,,รอตรวจ: missing-official-evidence
ณัฐศิริ,นัด-ถะ-สิ-หริ,,pending,pending,,,รอตรวจ: missing-official-evidence
ณัฐศิริวรรณ,นัด-ถิ-สิ-วัน,,pending,pending,,,รอตรวจ: missing-official-evidence
ณัฐศิลป์,นัด-ถะ-สิน,,pending,pending,,,รอตรวจ: missing-official-evidence
ณัฐศิษฐ์,นัด-ถะ-สิด,,pending,pending,,,รอตรวจ: missing-official-evidence
ณัฐสัณห์,นัด-สัน,,pending,pending,,,รอตรวจ: missing-official-evidence
ณัฐสิณี,นัด-สิ-นี,,pending,pending,,,รอตรวจ: missing-official-evidence
ณัฐสิทธิ์,นัด-ถะ-สิด,,pending,pending,,,รอตรวจ: missing-official-evidence
ณัฐสิรี,นัด-สิ-รี,,pending,pending,,,รอตรวจ: missing-official-evidence
ณัฐสิษฐ์,นัด-ถะ-สิด,,pending,pending,,,รอตรวจ: missing-official-evidence
ณัฐสุชา,นัด-สุ-ชา,,pending,pending,,,รอตรวจ: missing-official-evidence
ณัฐอร,นัด-ออน,,pending,pending,,,รอตรวจ: missing-official-evidence
ณัฐอริญา,นัด-อะ-ริ-ยา,,pending,pending,,,รอตรวจ: missing-official-evidence
ณัฐอริน,นัด-อะ-ริน,,pending,pending,,,รอตรวจ: missing-official-evidence
ณัฐอริศรา,นัด-อะ-ริด-สะ-รา,,pending,pending,,,รอตรวจ: missing-official-evidence
ณัฐอาคม,นัด-ถะ-อา-คม,,pending,pending,,,รอตรวจ: missing-official-evidence
ณัฐา,นัด-ถา,,pending,pending,,,รอตรวจ: missing-official-evidence
ณัฐินันท์,นัด-ถิ-นัน,,pending,pending,,,รอตรวจ: missing-official-evidence
ณัทญา,นัด-ทะ-ยา,,pending,pending,,,รอตรวจ: missing-official-evidence
ณัธมล,นัด-ทะ-มน,,pending,pending,,,รอตรวจ: missing-official-evidence
ณาธิป,นา-ทิบ,,pending,pending,,,รอตรวจ: missing-official-evidence
ณาม์ร,นา-รอ,,pending,pending,,,รอตรวจ: missing-official-evidence
ณารา,นา-รา,,pending,pending,,,รอตรวจ: missing-official-evidence
ณาราธา,นา-รา-ทา,,pending,pending,,,รอตรวจ: missing-official-evidence
ณาริน,นา-ริน,,pending,pending,,,รอตรวจ: missing-official-evidence
ณารินา,นา-ริ-นา,,pending,pending,,,รอตรวจ: missing-official-evidence
ณาวา,นา-วา,,pending,pending,,,รอตรวจ: missing-official-evidence
ณาวาริน,นา-วา-ริน,,pending,pending,,,รอตรวจ: missing-official-evidence
ณาวิน,นา-วิน,,pending,pending,,,รอตรวจ: missing-official-evidence
ณาวินธา,นา-วิน-ทา,,pending,pending,,,รอตรวจ: missing-official-evidence
ณาวินล์,นา-วิน,,pending,pending,,,รอตรวจ: missing-official-evidence
ณาวินา,นา-วิ-นา,,pending,pending,,,รอตรวจ: missing-official-evidence
ณาวิลน์,นา-วิน,,pending,pending,,,รอตรวจ: missing-official-evidence
ณิชคุณ,นิด-ชะ-คุน,,pending,pending,,,รอตรวจ: missing-official-evidence
ณิชเชฏฐ์,นิด-ชะ-เดด,,pending,pending,,,รอตรวจ: missing-official-evidence
ณิชญา,นิ-ชะ-ยา,,pending,pending,,,รอตรวจ: missing-official-evidence
ณิชญาลักษณ์,นิ-ชะ-ยา-ลัก,,pending,pending,,,รอตรวจ: missing-official-evidence
ณิชญาวรัญญา,นิ-ชะ-ยา-วะ-รัน-ยา,,pending,pending,,,รอตรวจ: missing-official-evidence
ณิชลักษณ์,นิ-ชะ-ลัก,,pending,pending,,,รอตรวจ: missing-official-evidence
ณิซพ,นิ-ซพ,,pending,pending,,,รอตรวจ: missing-official-evidence
ณิซฟ,นิด-ซะ,,pending,pending,,,รอตรวจ: missing-official-evidence
ณิณัฌ,นิ-นัด,,pending,pending,,,รอตรวจ: missing-official-evidence
ณิณัฎ,นิ-นัด,,pending,pending,,,รอตรวจ: missing-official-evidence
ณิณัณ,นิ-นัน,,pending,pending,,,รอตรวจ: missing-official-evidence
ณิณัน,นิ-นัน,,pending,pending,,,รอตรวจ: missing-official-evidence
ณิณัม,นิ-นัม,,pending,pending,,,รอตรวจ: missing-official-evidence
ณิณัฬ,นิ-นัน,,pending,pending,,,รอตรวจ: missing-official-evidence
ณิณิฉ,นิ-นิด,,pending,pending,,,รอตรวจ: missing-official-evidence
ณิณิฌ,นิ-นิด,,pending,pending,,,รอตรวจ: missing-official-evidence
ณิณิฎ,นิ-นิด,,pending,pending,,,รอตรวจ: missing-official-evidence
ณิณิณ,นิ-นิน,,pending,pending,,,รอตรวจ: missing-official-evidence
ณิณิม,นิ-นิม,,pending,pending,,,รอตรวจ: missing-official-evidence
ณิณิห,นิ-นิด,,pending,pending,,,รอตรวจ: missing-official-evidence
ณิณิฬ,นิ-นิน,,pending,pending,,,รอตรวจ: missing-official-evidence
ณิณิฮ,นิ-นิ,,pending,pending,,,รอตรวจ: missing-official-evidence
ณิน,นิน,,pending,pending,,,รอตรวจ: missing-official-evidence
ณินัฉ,นิ-นัด,,pending,pending,,,รอตรวจ: missing-official-evidence
ณินัฌ,นิ-ชัด,,pending,pending,,,รอตรวจ: missing-official-evidence
ณินัฎ,นิ-ดัด,,pending,pending,,,รอตรวจ: missing-official-evidence
ณินัณ,นิ-นัน,,pending,pending,,,รอตรวจ: missing-official-evidence
ณินัน,นิ-นัน,,pending,pending,,,รอตรวจ: missing-official-evidence
ณินัม,นิ-นัม,,pending,pending,,,รอตรวจ: missing-official-evidence
ณินัห,นิ-หัด,,pending,pending,,,รอตรวจ: missing-official-evidence
ณินัฬ,นิ-นัน,,pending,pending,,,รอตรวจ: missing-official-evidence
ณินิฉ,นิ-นิด,,pending,pending,,,รอตรวจ: missing-official-evidence
ณินิฌ,นิ-นิด,,pending,pending,,,รอตรวจ: missing-official-evidence
ณินิฎ,นิ-นิด,,pending,pending,,,รอตรวจ: missing-official-evidence
ณินิณ,นิ-นิน,,pending,pending,,,รอตรวจ: missing-official-evidence
ณินิน,นิ-นิน,,pending,pending,,,รอตรวจ: missing-official-evidence
ณินิม,นิ-นิม,,pending,pending,,,รอตรวจ: missing-official-evidence
ณินิฬ,นิ-นิน,,pending,pending,,,รอตรวจ: missing-official-evidence
ณิภัทร์,นิ-พัด,,pending,pending,,,รอตรวจ: missing-official-evidence
ณิมัฉ,นิ-ฉัด,,pending,pending,,,รอตรวจ: missing-official-evidence
ณิมัฌ,นิ-มัด,,pending,pending,,,รอตรวจ: missing-official-evidence
ณิมัฎ,นิ-มัด,,pending,pending,,,รอตรวจ: missing-official-evidence
ณิมัณ,นิ-มัน,,pending,pending,,,รอตรวจ: missing-official-evidence
ณิมัน,นิ-มัน,,pending,pending,,,รอตรวจ: missing-official-evidence
ณิมัม,นิ-มัด,,pending,pending,,,รอตรวจ: missing-official-evidence
ณิมัฬ,นิ-มัน,,pending,pending,,,รอตรวจ: missing-official-evidence
ณิมิฉ,นิ-มิด,,pending,pending,,,รอตรวจ: missing-official-evidence
ณิมิฌ,นิ-มิด,,pending,pending,,,รอตรวจ: missing-official-evidence
ณิมิฎ,นิ-มิด,,pending,pending,,,รอตรวจ: missing-official-evidence
ณิมิณ,นิ-มิน,,pending,pending,,,รอตรวจ: missing-official-evidence
ณิมิน,นิ-มิน,,pending,pending,,,รอตรวจ: missing-official-evidence
ณิมิม,นิ-มิม,,pending,pending,,,รอตรวจ: missing-official-evidence
ณิมิฬ,นิ-มิน,,pending,pending,,,รอตรวจ: missing-official-evidence
ณิรัชญา,นิ-รัด-ชะ-ยา,,pending,pending,,,รอตรวจ: missing-official-evidence
ณิรารัช,นิ-รา-รัด,,pending,pending,,,รอตรวจ: missing-official-evidence
ณิศพ,นิ-สบ,,pending,pending,,,รอตรวจ: missing-official-evidence
ณิศฟ,นิ-สฟ,,pending,pending,,,รอตรวจ: missing-official-evidence
ณิสพ,นิด-สบ,,pending,pending,,,รอตรวจ: missing-official-evidence
ณิสฟ,นิด-สะ-ฟ,,pending,pending,,,รอตรวจ: missing-official-evidence
ณิหัฌ,นิ-หัด,,pending,pending,,,รอตรวจ: missing-official-evidence
ณิหัฎ,นิ-หัด,,pending,pending,,,รอตรวจ: missing-official-evidence
ณิหัณ,นิ-หัน,,pending,pending,,,รอตรวจ: missing-official-evidence
ณิหัน,นิ-หัน,,pending,pending,,,รอตรวจ: missing-official-evidence
ณิหัม,นิ-หัม,,pending,pending,,,รอตรวจ: missing-official-evidence
ณิหิฌ,นิ-หิด,,pending,pending,,,รอตรวจ: missing-official-evidence
ณิหิฎ,นิ-หิด,,pending,pending,,,รอตรวจ: missing-official-evidence
โณน,โนน,,pending,pending,,,รอตรวจ: missing-official-evidence
ดณิน,ดะ-นิน,,pending,pending,,,รอตรวจ: missing-official-evidence
ดนกมล,ดน-กะ-มน,,pending,pending,,,รอตรวจ: missing-official-evidence
ดนวินท์,ดน-นะ-วิน,,pending,pending,,,รอตรวจ: missing-official-evidence
ดนัทธ์,ดะ-นัด,,pending,pending,,,รอตรวจ: missing-official-evidence
ดนิน,ดะ-นิน,,pending,pending,,,รอตรวจ: missing-official-evidence
ดนิษฐ์,ดะ-นิด,,pending,pending,,,รอตรวจ: missing-official-evidence
ดนุนันท์,ดะ-นุ-นัน,,pending,pending,,,รอตรวจ: missing-official-evidence
ดนุวัศ,ดะ-นุ-วัด,,pending,pending,,,รอตรวจ: missing-official-evidence
ดนุวิช,ดะ-นุ-วิด,,pending,pending,,,รอตรวจ: missing-official-evidence
ดนุวิน,ดะ-นุ-วิน,,pending,pending,,,รอตรวจ: missing-official-evidence
ดมิน,ดะ-มิน,,pending,pending,,,รอตรวจ: missing-official-evidence
ดรงค์,ดะ-รง,,pending,pending,,,รอตรวจ: missing-official-evidence
ดรณ์,ดอน,,pending,pending,,,รอตรวจ: missing-official-evidence
ดรัณ,ดะ-รัน,,pending,pending,,,รอตรวจ: missing-official-evidence
ดรัณภัทร,ดะ-รัน-พัด-ทรอ,,pending,pending,,,รอตรวจ: missing-official-evidence
ดรุณ,ดะ-รุน,,pending,pending,,,รอตรวจ: missing-official-evidence
ดลกมล,ดน-ละ-กะ-มน,,pending,pending,,,รอตรวจ: missing-official-evidence
ดลจอมทอง,ดน-จอม-ทอง,,pending,pending,,,รอตรวจ: missing-official-evidence
ดลณัฐ,ดน-ละ-นัด,,pending,pending,,,รอตรวจ: missing-official-evidence
ดลดา,ดน-ละ-ดา,,pending,pending,,,รอตรวจ: missing-official-evidence
ดลทอง,ดน-ทอง,,pending,pending,,,รอตรวจ: missing-official-evidence
ดลทองคำ,ดน-ทอง-คำ,,pending,pending,,,รอตรวจ: missing-official-evidence
ดลธร,ดน-ละ-ทอน,,pending,pending,,,รอตรวจ: missing-official-evidence
ดลธรรม,ดน-ละ-ทำ,,pending,pending,,,รอตรวจ: missing-official-evidence
ดลธริน,ดน-ทระ-ทิน,,pending,pending,,,รอตรวจ: missing-official-evidence
ดลธีร์,ดน-ละ-ที,,pending,pending,,,รอตรวจ: missing-official-evidence
ดลภณ,ดน-ละ-พน,,pending,pending,,,รอตรวจ: missing-official-evidence
ดลภัทร,ดน-ละ-พัด,,pending,pending,,,รอตรวจ: missing-official-evidence
ดลภัส,ดน-ละ-พัด,,pending,pending,,,รอตรวจ: missing-official-evidence
ดลภา,ดน-ละ-พา,,pending,pending,,,รอตรวจ: missing-official-evidence
ดลภิญญ์,ดน-ลิบ,,pending,pending,,,รอตรวจ: missing-official-evidence
ดลรพ,ดน-รบ,,pending,pending,,,รอตรวจ: missing-official-evidence
ดลรัตน์,ดน-ละ-รัด,,pending,pending,,,รอตรวจ: missing-official-evidence
ดลรัตนา,ดน-รัด-ตะ-นา,,pending,pending,,,รอตรวจ: missing-official-evidence
ดลรินี,ดน-ริ-นี,,pending,pending,,,รอตรวจ: missing-official-evidence
ดลเรศ,ดน-ละ-เรด,,pending,pending,,,รอตรวจ: missing-official-evidence
ดลวร,ดน-ละ-วอน,,pending,pending,,,รอตรวจ: missing-official-evidence
ดลวรา,ดน-ละ-วะ-รา,,pending,pending,,,รอตรวจ: missing-official-evidence
ดลวิชญ์,ดน-ละ-วิด,,pending,pending,,,รอตรวจ: missing-official-evidence
ดลวิน,ดน-ละ-วิน,,pending,pending,,,รอตรวจ: missing-official-evidence
ดลวุฒิ,ดน-ละ-วุด,,pending,pending,,,รอตรวจ: missing-official-evidence
ดวง,ดวง,,pending,pending,,,รอตรวจ: missing-official-evidence
ดวงคำ,ดวง-คำ,,pending,pending,,,รอตรวจ: missing-official-evidence
ดวงจันคำ,ดวง-จัน-คำ,,pending,pending,,,รอตรวจ: missing-official-evidence
ดวงจันทร์,ดวง-จัน,,pending,pending,,,รอตรวจ: missing-official-evidence
ดวงใจ,ดวง-ใจ,,pending,pending,,,รอตรวจ: missing-official-evidence
ดวงประดับ,ดวง-ประ-ดับ,,pending,pending,,,รอตรวจ: missing-official-evidence
ดวงฤทัย,ดวง-รึ-ไท,,pending,pending,,,รอตรวจ: missing-official-evidence
ดวงวงษา,ดวง-งะ-สา,,pending,pending,,,รอตรวจ: missing-official-evidence
ดวงอมร,ดวง-อะ-มอน,,pending,pending,,,รอตรวจ: missing-official-evidence
ดวิน,ดะ-วิน,,pending,pending,,,รอตรวจ: missing-official-evidence
ดอกไม้,ดอก-ไม้,,pending,pending,,,รอตรวจ: missing-official-evidence
ดอรอหะ,ดอ-ระ-หอ-สะ,,pending,pending,,,รอตรวจ: missing-official-evidence
ดอเลาะมิ,ดอ-เล-ะะ-มิ,,pending,pending,,,รอตรวจ: missing-official-evidence
ดะ,ดะ,,pending,pending,,,รอตรวจ: missing-official-evidence
ดัชญาลักษณ์,ดัด-ชะ-ยา-ลัก,,pending,pending,,,รอตรวจ: missing-official-evidence
ดารารัตน์,ดา-รา-รัด,,pending,pending,,,รอตรวจ: missing-official-evidence
ดิฐ,ดิด,,pending,pending,,,รอตรวจ: missing-official-evidence
ดิฐกันต์,ดิด-กัน,,pending,pending,,,รอตรวจ: missing-official-evidence
ดิฐา,ดิ-ถา,,pending,pending,,,รอตรวจ: missing-official-evidence
ดิณกณนต,ดิน-กะ-นน,,pending,pending,,,รอตรวจ: missing-official-evidence
ดิณกมนต,ดิน-นะ-กะ-มน,,pending,pending,,,รอตรวจ: missing-official-evidence
ดิณกร,ดิน-นะ-กอน,,pending,pending,,,รอตรวจ: missing-official-evidence
ดิณกะ,ดิน-นะ-กะ,,pending,pending,,,รอตรวจ: missing-official-evidence
ดิณกิ,ดิน-นิ,,pending,pending,,,รอตรวจ: missing-official-evidence
ดิณณัฏฐ์,ดิน-นัด,,pending,pending,,,รอตรวจ: missing-official-evidence
ดิณณัฐนต,ดิน-นัด-ถะ-ตน,,pending,pending,,,รอตรวจ: missing-official-evidence
ดิณโณ,ดิน-โน,,pending,pending,,,รอตรวจ: missing-official-evidence
ดิณโณกะ,ดิน-นะ-โกะ-ยะ,,pending,pending,,,รอตรวจ: missing-official-evidence
ดิณโณกิ,ดิน-นะ-โกิ,,pending,pending,,,รอตรวจ: missing-official-evidence
ดิณตนนต,ดิน-ตะ-นน,,pending,pending,,,รอตรวจ: missing-official-evidence
ดิณมิน,ดิน-มิน,,pending,pending,,,รอตรวจ: missing-official-evidence
ดิณรณ,ดิน-นะ-ระ,,pending,pending,,,รอตรวจ: missing-official-evidence
ดิณรณกร,ดิน-นะ-ระ-กอน,,pending,pending,,,รอตรวจ: missing-official-evidence
ดิณรณกะ,ดิน-นะ-ระ-กะ,,pending,pending,,,รอตรวจ: missing-official-evidence
ดิณรวิ,ดิน-นะ-ระ-วิ,,pending,pending,,,รอตรวจ: missing-official-evidence
ดิณวิณอณ,ดิน-วะ-นอน,,pending,pending,,,รอตรวจ: missing-official-evidence
ดิณอณวัณ,ดิน-อะ-นะ-วัน,,pending,pending,,,รอตรวจ: missing-official-evidence
ดิณอณวิณ,ดิน-อะ-นะ-วิน,,pending,pending,,,รอตรวจ: missing-official-evidence
ดิณออิม,ดิน-อิ-หมิอ,,pending,pending,,,รอตรวจ: missing-official-evidence
ดินน,ดิน-นน,,pending,pending,,,รอตรวจ: missing-official-evidence
ดิมน,ดิ-มน,,pending,pending,,,รอตรวจ: missing-official-evidence
ดิเรก,ดิ-เหรก,,pending,pending,,,รอตรวจ: missing-official-evidence
ดิลก,ดิ-หลก,,pending,pending,,,รอตรวจ: missing-official-evidence
ดิลกธรรม,ดิ-หลก-ทำ,,pending,pending,,,รอตรวจ: missing-official-evidence
ดิษเจริญ,ดิด-จะ-เริน,,pending,pending,,,รอตรวจ: missing-official-evidence
ดิษญา,ดิด-สะ-ยา,,pending,pending,,,รอตรวจ: missing-official-evidence
ดิษฐ์ธนิน,ดิด-ทะ-นิน,,pending,pending,,,รอตรวจ: missing-official-evidence
ดิษฐพงษ์,ดิด-ถะ-พง,,pending,pending,,,รอตรวจ: missing-official-evidence
ดิษถ์,ดิด,,pending,pending,,,รอตรวจ: missing-official-evidence
ดิษทับ,ดิด-สะ-ทับ,,pending,pending,,,รอตรวจ: missing-official-evidence
ดิษบงค์,ดิด-สะ-บง,,pending,pending,,,รอตรวจ: missing-official-evidence
ดิสรณ์,ดิ-สอน,,pending,pending,,,รอตรวจ: missing-official-evidence
โดโรธี,โด-โร-ที,,pending,pending,,,รอตรวจ: missing-official-evidence
ไดร,ไดร,,pending,pending,,,รอตรวจ: missing-official-evidence
ตชัส,ตะ-หรัด,,pending,pending,,,รอตรวจ: missing-official-evidence
ตนกรนต,ตะ-หนก-ตะ-หนด,,pending,pending,,,รอตรวจ: missing-official-evidence
ตนกัณนต,ตน-กัน-นด,,pending,pending,,,รอตรวจ: missing-official-evidence
ตนกันนต,ตะ-นะ-กัน-ตะ-นะ,,pending,pending,,,รอตรวจ: missing-official-evidence
ตนคุณนต,ตะ-นะ-คุน-นะ-ตะ-ไจ,,pending,pending,,,รอตรวจ: missing-official-evidence
ตนณัฏฐ์,ตน-นะ-นัด,,pending,pending,,,รอตรวจ: missing-official-evidence
ตนณัฐ,ตน-นะ-นัด,,pending,pending,,,รอตรวจ: missing-official-evidence
ตนณัฐชล,ตะ-นะ-นัด-ถะ-ชน,,pending,pending,,,รอตรวจ: missing-official-evidence
ตนโณ,ตน-โน,,pending,pending,,,รอตรวจ: missing-official-evidence
ตนโณโณ,ตน-โน-โน,,pending,pending,,,รอตรวจ: missing-official-evidence
ตนโณรณ,ตน-โน-รน,,pending,pending,,,รอตรวจ: missing-official-evidence
ตนดิณนต,ตน-ดิน-นด,,pending,pending,,,รอตรวจ: missing-official-evidence
ตนแต,ตน-แต,,pending,pending,,,รอตรวจ: missing-official-evidence
ตนแตวร,ตน-ตะ-แวน,,pending,pending,,,รอตรวจ: missing-official-evidence
ตนแตอร,ตน-แต-ออน,,pending,pending,,,รอตรวจ: missing-official-evidence
ตนนท์วร,ตะ-นน-วอน,,pending,pending,,,รอตรวจ: missing-official-evidence
ตนนท์อร,ตะ-นน-ออน,,pending,pending,,,รอตรวจ: missing-official-evidence
ตนมนต์นต,ตะ-หนม-นน,,pending,pending,,,รอตรวจ: missing-official-evidence
ตนรณ,ตะ-นะ-ระ-นะ,,pending,pending,,,รอตรวจ: missing-official-evidence
ตนรณรณ,ตะ-นะ-ระ-นะ-ระ,,pending,pending,,,รอตรวจ: missing-official-evidence
ตนวรนนท์,ตะ-นะ-วะ-รน,,pending,pending,,,รอตรวจ: missing-official-evidence
ตนวันวัณ,ตะ-นะ-วัน-วัน,,pending,pending,,,รอตรวจ: missing-official-evidence
ตนวันอิม,ตะ-นะ-วัน-อิม,,pending,pending,,,รอตรวจ: missing-official-evidence
ตนวิณวัล,ตะ-นะ-วิน-วัน,,pending,pending,,,รอตรวจ: missing-official-evidence
ตนอรชล,ตะ-นอน-ชน,,pending,pending,,,รอตรวจ: missing-official-evidence
ตนอรนต,ตะ-นอน-ตน,,pending,pending,,,รอตรวจ: missing-official-evidence
ตนอิมวัณ,ตะ-นะ-อิม-วัน,,pending,pending,,,รอตรวจ: missing-official-evidence
ตนอิมวิณ,ตะ-นะ-อิ-มวน,,pending,pending,,,รอตรวจ: missing-official-evidence
ตนิษฐ์,ตะ-นิด,,pending,pending,,,รอตรวจ: missing-official-evidence
ตนุธิป,ตะ-นุ-ทิบ,,pending,pending,,,รอตรวจ: missing-official-evidence
ตนุนันท์,ตะ-นุ-นัน,,pending,pending,,,รอตรวจ: missing-official-evidence
ตนุวร,ตะ-นุ-วอน,,pending,pending,,,รอตรวจ: missing-official-evidence
ตรีสุคนธ์,ตรี-สุ-คน,,pending,pending,,,รอตรวจ: missing-official-evidence
ตลม,ตะ-หลม,,pending,pending,,,รอตรวจ: missing-official-evidence
ตลมณ,ตะ-หละ-มน,,pending,pending,,,รอตรวจ: missing-official-evidence
ตลห,ตะ-หลอย,,pending,pending,,,รอตรวจ: missing-official-evidence
ตวงจอมทอง,ตะ-หวง-จอม-ทอง,,pending,pending,,,รอตรวจ: missing-official-evidence
ตวณ,ตวน,,pending,pending,,,รอตรวจ: missing-official-evidence
ตวน,ตวน,,pending,pending,,,รอตรวจ: missing-official-evidence
ตวนน,ตวน-นน,,pending,pending,,,รอตรวจ: missing-official-evidence
ตวันนา,ตะ-วัน-นา,,pending,pending,,,รอตรวจ: missing-official-evidence
ต้องครรลอง,ต้อง-คัน-ลอง,,pending,pending,,,รอตรวจ: missing-official-evidence
ต้องใจ,ต้อง-ไจ,,pending,pending,,,รอตรวจ: missing-official-evidence
ต้ออาษา,ต้อ-อา-สา,,pending,pending,,,รอตรวจ: missing-official-evidence
ตอฮา,ตอ-ฮา,,pending,pending,,,รอตรวจ: missing-official-evidence
ตะวันฉาย,ตะ-วัน-ฉาย,,pending,pending,,,รอตรวจ: missing-official-evidence
เตชธร,เต-ชะ-ทอน,,pending,pending,,,รอตรวจ: missing-official-evidence
เตชธรรม,เต-ชะ-ทำ,,pending,pending,,,รอตรวจ: missing-official-evidence
เตชวัชร์,เต-ชะ-วัด,,pending,pending,,,รอตรวจ: missing-official-evidence
เตชะธร,เต-ชะ-ทอน,,pending,pending,,,รอตรวจ: missing-official-evidence
เตชิน,เต-ชิน,,pending,pending,,,รอตรวจ: missing-official-evidence
เตชินท์,เต-ชิน,,pending,pending,,,รอตรวจ: missing-official-evidence
เตชินี,เต-ชิ-นี,,pending,pending,,,รอตรวจ: missing-official-evidence
เตปิน,เต-ปิน,,pending,pending,,,รอตรวจ: missing-official-evidence
ไตละนันทน์,ตะ-หละ-นัน,,pending,pending,,,รอตรวจ: missing-official-evidence
ถนอม,ถะ-หนอม,,pending,pending,,,รอตรวจ: missing-official-evidence
ถนอมกมล,ถะ-หนอม-กะ-มน,,pending,pending,,,รอตรวจ: missing-official-evidence
ถนอมทอง,ถะ-หนอม-ทอง,,pending,pending,,,รอตรวจ: missing-official-evidence
ถนอมรัก,ถะ-หนอม-รัก,,pending,pending,,,รอตรวจ: missing-official-evidence
ถนัด,ถะ-หนัด,,pending,pending,,,รอตรวจ: missing-official-evidence
ถนัดรบ,ถะ-หนัด-รบ,,pending,pending,,,รอตรวจ: missing-official-evidence
ถนิน,ถะ-หนิน,,pending,pending,,,รอตรวจ: missing-official-evidence
ถนิม,ถะ-หนิม,,pending,pending,,,รอตรวจ: missing-official-evidence
ถนิมทอง,ถะ-หนิม-ทอง,,pending,pending,,,รอตรวจ: missing-official-evidence
ถนิมภรณ์,ถะ-หนม-พอน,,pending,pending,,,รอตรวจ: missing-official-evidence
ถนิมภัทร,ถะ-หนิม-พัด-ทรอ,,pending,pending,,,รอตรวจ: missing-official-evidence
ถมทอง,ถม-ทอง,,pending,pending,,,รอตรวจ: missing-official-evidence
ถวิล,ถะ-หวิน,,pending,pending,,,รอตรวจ: missing-official-evidence
ถวิลหวัง,ถะ-หวิน-หวัง,,pending,pending,,,รอตรวจ: missing-official-evidence
ถวิลา,ถะ-หวิ-ลา,,pending,pending,,,รอตรวจ: missing-official-evidence
ถัทธ,ถัด,,pending,pending,,,รอตรวจ: missing-official-evidence
ถิร,ถิ-ระ,,pending,pending,,,รอตรวจ: missing-official-evidence
ถิรกร,ถิ-ระ-กอน,,pending,pending,,,รอตรวจ: missing-official-evidence
ถิรคุณ,ถิ-ระ-คุน,,pending,pending,,,รอตรวจ: missing-official-evidence
ถิรเจต,ถิ-ระ-เจด,,pending,pending,,,รอตรวจ: missing-official-evidence
ถิรเจตน์,ถิ-ระ-เจด,,pending,pending,,,รอตรวจ: missing-official-evidence
ถิรณัท,ถิ-ระ-นัด,,pending,pending,,,รอตรวจ: missing-official-evidence
ถิรธนา,ถิ-ระ-ทะ-นา,,pending,pending,,,รอตรวจ: missing-official-evidence
ถิรภร,ถิ-ระ-พอน,,pending,pending,,,รอตรวจ: missing-official-evidence
ถิรภัทร,ถิ-ระ-พัด-ทรอ,,pending,pending,,,รอตรวจ: missing-official-evidence
ถิรมน,ถิ-ระ-มน,,pending,pending,,,รอตรวจ: missing-official-evidence
ถิรมนัส,ถิ-ระ-มะ-นัด,,pending,pending,,,รอตรวจ: missing-official-evidence
ถิรวรรธน์,ถิ-ระ-วัด,,pending,pending,,,รอตรวจ: missing-official-evidence
ไถร,ไถ-ร,,pending,pending,,,รอตรวจ: missing-official-evidence
ทณิน,ทะ-นิน,,pending,pending,,,รอตรวจ: missing-official-evidence
ทน,ทน,,pending,pending,,,รอตรวจ: missing-official-evidence
ทนิน,ทะ-นิน,,pending,pending,,,รอตรวจ: missing-official-evidence
ทนุธรรม,ทะ-นุ-ทำ,,pending,pending,,,รอตรวจ: missing-official-evidence
ทนุรัฐ,ทะ-นุ-รัด,,pending,pending,,,รอตรวจ: missing-official-evidence
ทมิน,ทะ-มิน,,pending,pending,,,รอตรวจ: missing-official-evidence
ทรงกลด,ซง-กลด,,pending,pending,,,รอตรวจ: missing-official-evidence
ทรงขวัญ,ทรง-ขวัน,,pending,pending,,,รอตรวจ: missing-official-evidence
ทรงธรรม,ทง-ทำ,,pending,pending,,,รอตรวจ: missing-official-evidence
ทรงบัณดิษฐ,ซง-บัน-ดิด,,pending,pending,,,รอตรวจ: missing-official-evidence
ทรงประกอบ,ซง-ประ-กอบ,,pending,pending,,,รอตรวจ: missing-official-evidence
ทรงประดับ,ซง-ประ-ดับ,,pending,pending,,,รอตรวจ: missing-official-evidence
ทรงเพชร,ทรง-เพ็ด,,pending,pending,,,รอตรวจ: missing-official-evidence
ทรงยศ,ทรง-ยด,,pending,pending,,,รอตรวจ: missing-official-evidence
ทรงรัฐ,ทรง-รัด,,pending,pending,,,รอตรวจ: missing-official-evidence
ทรงลักษณ์,ทรง-ลัก,,pending,pending,,,รอตรวจ: missing-official-evidence
ทรงอำนาจเจ,ซง-อำ-นาด-เจ,,pending,pending,,,รอตรวจ: missing-official-evidence
ทรงอำนาจเจริญ,ซง-อำ-นาด-จะ-เริน,,pending,pending,,,รอตรวจ: missing-official-evidence
ทรรศิน,ทัด-สิน,,pending,pending,,,รอตรวจ: missing-official-evidence
ทวิช,ทะ-วิด,,pending,pending,,,รอตรวจ: missing-official-evidence
ทวิชช์,ทะ-วิด,,pending,pending,,,รอตรวจ: missing-official-evidence
ทวิน,ทะ-วิน,,pending,pending,,,รอตรวจ: missing-official-evidence
ทวินันท์,ทะ-วิ-นัน,,pending,pending,,,รอตรวจ: missing-official-evidence
ทวิร,ทะ-วิ-ระ,,pending,pending,,,รอตรวจ: missing-official-evidence
ทวิรัฐ,ทะ-วิ-รัด,,pending,pending,,,รอตรวจ: missing-official-evidence
ทองคง,ทอง-คง,,pending,pending,,,รอตรวจ: missing-official-evidence
ทองคำ,ทอง-คำ,,pending,pending,,,รอตรวจ: missing-official-evidence
ทองจันทร์,ทอง-จัน,,pending,pending,,,รอตรวจ: missing-official-evidence
ทองเจริญ,ทอง-จะ-เริน,,pending,pending,,,รอตรวจ: missing-official-evidence
ทองยศ,ทอง-ยด,,pending,pending,,,รอตรวจ: missing-official-evidence
ทองล้วน,ทอง-ล้วน,,pending,pending,,,รอตรวจ: missing-official-evidence
ทองไหม,ทอง-ไหม,,pending,pending,,,รอตรวจ: missing-official-evidence
ทองไหลรวม,ทอง-ไหล-รวม,,pending,pending,,,รอตรวจ: missing-official-evidence
ทองอนันต์,ทอ-รง-อะ-นัน,,pending,pending,,,รอตรวจ: missing-official-evidence
ทอทอง,ทอ-ทอง,,pending,pending,,,รอตรวจ: missing-official-evidence
ทะกอง,ทะ-กอง,,pending,pending,,,รอตรวจ: missing-official-evidence
ทะเลหลวง,ทะ-เล-หลวง,,pending,pending,,,รอตรวจ: missing-official-evidence
ทักษ์,ทัก,,pending,pending,,,รอตรวจ: missing-official-evidence
ทักษกร,ทัก-สะ-กอน,,pending,pending,,,รอตรวจ: missing-official-evidence
ทักษญา,ทัก-สะ-ยา,,pending,pending,,,รอตรวจ: missing-official-evidence
ทักษนนท์,ทัก-สะ-นน,,pending,pending,,,รอตรวจ: missing-official-evidence
ทักษภร,ทัก-สะ-พอน,,pending,pending,,,รอตรวจ: missing-official-evidence
ทักษมน,ทัก-สะ-มน,,pending,pending,,,รอตรวจ: missing-official-evidence
ทักษ์วณิช,ทัก-วะ-นิด,,pending,pending,,,รอตรวจ: missing-official-evidence
ทักษวร,ทัก-สะ-วอน,,pending,pending,,,รอตรวจ: missing-official-evidence
ทักษอร,ทัก-สะ-ออน,,pending,pending,,,รอตรวจ: missing-official-evidence
ทักษิณ,ทัก-สิน,,pending,pending,,,รอตรวจ: missing-official-evidence
ทักษิณา,ทัก-สิ-นา,,pending,pending,,,รอตรวจ: missing-official-evidence
ทัชช,ทัด-ชะ,,pending,pending,,,รอตรวจ: missing-official-evidence
ทัชชวร,ทัด-ชะ-วอน,,pending,pending,,,รอตรวจ: missing-official-evidence
ทัชธร,ทัด-ชะ-ทอน,,pending,pending,,,รอตรวจ: missing-official-evidence
ทัด,ทัด,,pending,pending,,,รอตรวจ: missing-official-evidence
ทัดธน,ทัด-ทะ-นะ,,pending,pending,,,รอตรวจ: missing-official-evidence
ทับลา,ทับ-ลา,,pending,pending,,,รอตรวจ: missing-official-evidence
ทัศนี,ทัด-สะ-นี,,pending,pending,,,รอตรวจ: missing-official-evidence
ทัฬอิญ,ทัน-อิน,,pending,pending,,,รอตรวจ: missing-official-evidence
ทิฐินันท์,ทิ-ถิ-นัน,,pending,pending,,,รอตรวจ: missing-official-evidence
ทิณภัทร์เพชร,ทิน-นะ-พัด,,pending,pending,,,รอตรวจ: missing-official-evidence
ทิณม,ทิน-นะ-มะ,,pending,pending,,,รอตรวจ: missing-official-evidence
ทินกร,ทิน-นะ-กอน,,pending,pending,,,รอตรวจ: missing-official-evidence
ทินโชค,ทิน-นะ-โชก,,pending,pending,,,รอตรวจ: missing-official-evidence
ทินภัทร,ทิน-นะ-พัด,,pending,pending,,,รอตรวจ: missing-official-evidence
ทินารมภ์,ทิ-นา-รม,,pending,pending,,,รอตรวจ: missing-official-evidence
ทิวธร,ทิว-ทอน,,pending,pending,,,รอตรวจ: missing-official-evidence
ทิวภัทร,ทิว-พัด,,pending,pending,,,รอตรวจ: missing-official-evidence
ทิววินท์,ทิว-นิด,,pending,pending,,,รอตรวจ: missing-official-evidence
ไทกะ,ไท-กะ,,pending,pending,,,รอตรวจ: missing-official-evidence
ไทคม,ไท-คม,,pending,pending,,,รอตรวจ: missing-official-evidence
ไทม,ไท,,pending,pending,,,รอตรวจ: missing-official-evidence
ไทร,ไทร,,pending,pending,,,รอตรวจ: missing-official-evidence
ไทรทอง,ไทร-ทอง,,pending,pending,,,รอตรวจ: missing-official-evidence
ธกร,ทะ-กอน,,pending,pending,,,รอตรวจ: missing-official-evidence
ธง,ทง,,pending,pending,,,รอตรวจ: missing-official-evidence
ธงไชย,ทง-ไช,,pending,pending,,,รอตรวจ: missing-official-evidence
ธชรัฐ,ทะ-ชะ-รัด,,pending,pending,,,รอตรวจ: missing-official-evidence
ธชษร,ทะ-ชะ-สอน,,pending,pending,,,รอตรวจ: missing-official-evidence
ธชิน,ทะ-ชิน,,pending,pending,,,รอตรวจ: missing-official-evidence
ธญธร,ทะ-ยะ-ทอน,,pending,pending,,,รอตรวจ: missing-official-evidence
ธณน,ทะ-นน,,pending,pending,,,รอตรวจ: missing-official-evidence
ธณัฏฐ์,ทะ-นัด,,pending,pending,,,รอตรวจ: missing-official-evidence
ธน,ทะ-นะ,,pending,pending,,,รอตรวจ: missing-official-evidence
ธนกมล,ทะ-นะ-กะ-มน,,pending,pending,,,รอตรวจ: missing-official-evidence
ธนกร,ทะ-นะ-กอน,,pending,pending,,,รอตรวจ: missing-official-evidence
ธนกรณ์,ทะ-นะ-กอน,,pending,pending,,,รอตรวจ: missing-official-evidence
ธนกฤต,ทะ-นะ-กริด,,pending,pending,,,รอตรวจ: missing-official-evidence
ธนกานต์,ทะ-นะ-กาน,,pending,pending,,,รอตรวจ: missing-official-evidence
ธนจอมทอง,ทะ-นะ-จอม-ทอง,,pending,pending,,,รอตรวจ: missing-official-evidence
ธนจิร,ทะ-นะ-จิน,,pending,pending,,,รอตรวจ: missing-official-evidence
ธนชัย,ทะ-นะ-ไช,,pending,pending,,,รอตรวจ: missing-official-evidence
ธนโชค,ทะ-นะ-โชก,,pending,pending,,,รอตรวจ: missing-official-evidence
ธนณ,ทะ-นน,,pending,pending,,,รอตรวจ: missing-official-evidence
ธนณรงค์,ทะ-นน-รง,,pending,pending,,,รอตรวจ: missing-official-evidence
ธนณัฎฐ์,ทะ-นะ-นัด,,pending,pending,,,รอตรวจ: missing-official-evidence
ธนณัฏฐ์,ทะ-นะ-นัด,,pending,pending,,,รอตรวจ: missing-official-evidence
ธนณัท,ทะ-นะ-นัด,,pending,pending,,,รอตรวจ: missing-official-evidence
ธนดร,ทะ-นะ-ดอน,,pending,pending,,,รอตรวจ: missing-official-evidence
ธนดล,ทะ-นะ-ดน,,pending,pending,,,รอตรวจ: missing-official-evidence
ธนดา,ทะ-นะ-ดา,,pending,pending,,,รอตรวจ: missing-official-evidence
ธนเดช,ทะ-นะ-เดด,,pending,pending,,,รอตรวจ: missing-official-evidence
ธนทอง,ทะ-นะ-ทอง,,pending,pending,,,รอตรวจ: missing-official-evidence
ธนทองคำ,ทะ-นะ-ทอง-คำ,,pending,pending,,,รอตรวจ: missing-official-evidence
ธนธร,ทะ-นะ-ทอน,,pending,pending,,,รอตรวจ: missing-official-evidence
ธนธรณ์,ทะ-นะ-ทอน,,pending,pending,,,รอตรวจ: missing-official-evidence
ธนธัช,ทะ-นะ-ทัด,,pending,pending,,,รอตรวจ: missing-official-evidence
ธนน,ทะ-นน,,pending,pending,,,รอตรวจ: missing-official-evidence
ธนนท์,ทะ-นน,,pending,pending,,,รอตรวจ: missing-official-evidence
ธนนน,ทะ-นะ-นน,,pending,pending,,,รอตรวจ: missing-official-evidence
ธนนนท์,ทะ-นะ-นน,,pending,pending,,,รอตรวจ: missing-official-evidence
ธนนัญ,ทะ-นะ-นัน,,pending,pending,,,รอตรวจ: missing-official-evidence
ธนนันท์,ทะ-นะ-นัน,,pending,pending,,,รอตรวจ: missing-official-evidence
ธนนา,ทะ-นะ-นา,,pending,pending,,,รอตรวจ: missing-official-evidence
ธนบดี,ทะ-นะ-บอ-ดี,,pending,pending,,,รอตรวจ: missing-official-evidence
ธนพงศ์,ทะ-นะ-พง,,pending,pending,,,รอตรวจ: missing-official-evidence
ธนภณ,ทะ-นะ-พน,,pending,pending,,,รอตรวจ: missing-official-evidence
ธนภณัฐ,ทะ-นะ-พัน-ดะ,,pending,pending,,,รอตรวจ: missing-official-evidence
ธนภร,ทะ-นะ-พอน,,pending,pending,,,รอตรวจ: missing-official-evidence
ธนภรณ์,ทะ-นะ-พอน,,pending,pending,,,รอตรวจ: missing-official-evidence
ธนภัค,ทะ-นะ-พัก,,pending,pending,,,รอตรวจ: missing-official-evidence
ธนภัทร,ทะ-นะ-พัด-ทรอ,,pending,pending,,,รอตรวจ: missing-official-evidence
ธนภัทร์,ทะ-นะ-พัด,,pending,pending,,,รอตรวจ: missing-official-evidence
ธนภา,ทะ-นะ-พา,,pending,pending,,,รอตรวจ: missing-official-evidence
ธนม,ทะ-นม,,pending,pending,,,รอตรวจ: missing-official-evidence
ธนรพ,ทะ-นะ-รบ,,pending,pending,,,รอตรวจ: missing-official-evidence
ธนรัช,ทะ-นะ-รัด,,pending,pending,,,รอตรวจ: missing-official-evidence
ธนรัฐ,ทะ-นะ-รัด,,pending,pending,,,รอตรวจ: missing-official-evidence
ธนรัตน์,ธะ-นะ-รัด,,pending,pending,,,รอตรวจ: missing-official-evidence
ธนรัตนา,ทะ-นะ-รัด-ตะ-นา,,pending,pending,,,รอตรวจ: missing-official-evidence
ธนรา,ทะ-นะ-รา,,pending,pending,,,รอตรวจ: missing-official-evidence
ธนรินี,ทะ-นะ-ริ-นี,,pending,pending,,,รอตรวจ: missing-official-evidence
ธนเรศ,ทะ-นะ-เรด,,pending,pending,,,รอตรวจ: missing-official-evidence
ธนวชิร,ทะ-นะ-วะ-ชิ-ระ,,pending,pending,,,รอตรวจ: missing-official-evidence
ธนวร,ทะ-นะ-วอน,,pending,pending,,,รอตรวจ: missing-official-evidence
ธนวรรณ,ทะ-นะ-วัน,,pending,pending,,,รอตรวจ: missing-official-evidence
ธนวรรธน์,ทะ-นะ-วัด,,pending,pending,,,รอตรวจ: missing-official-evidence
ธนวรันญ์,ทะ-นะ-วัน,,pending,pending,,,รอตรวจ: missing-official-evidence
ธนวรา,ทะ-นะ-วะ-รา,,pending,pending,,,รอตรวจ: missing-official-evidence
ธนวโรจน์,ทะ-นะ-วะ-โรด,,pending,pending,,,รอตรวจ: missing-official-evidence
ธนวัชร์,ทะ-นะ-วัด,,pending,pending,,,รอตรวจ: missing-official-evidence
ธนวัฒน์,ทะ-นะ-วัด,,pending,pending,,,รอตรวจ: missing-official-evidence
ธนวัท,ทะ-นะ-วัด,,pending,pending,,,รอตรวจ: missing-official-evidence
ธนวันต์,ทะ-นะ-วัน,,pending,pending,,,รอตรวจ: missing-official-evidence
ธนวิช,ทะ-นะ-วิด,,pending,pending,,,รอตรวจ: missing-official-evidence
ธนวิชญ์,ทะ-นะ-วิด,,pending,pending,,,รอตรวจ: missing-official-evidence
ธนวิน,ทะ-นะ-วิน,,pending,pending,,,รอตรวจ: missing-official-evidence
ธนวินท์,ทะ-นะ-วิน,,pending,pending,,,รอตรวจ: missing-official-evidence
ธนวินธร,ทะ-นะ-วิน-ทอน,,pending,pending,,,รอตรวจ: missing-official-evidence
ธนวินภัทร,ทะ-นะ-วิน-พัด-ทรอ,,pending,pending,,,รอตรวจ: missing-official-evidence
ธนวินิจ,ทะ-นะ-วิ-นิด,,pending,pending,,,รอตรวจ: missing-official-evidence
ธนวุฒิ,ทะ-นะ-วุด,,pending,pending,,,รอตรวจ: missing-official-evidence
ธนศักดิ์,ทะ-นะ-สัก,,pending,pending,,,รอตรวจ: missing-official-evidence
ธนะธน,ทะ-นะ-ทน,,pending,pending,,,รอตรวจ: missing-official-evidence
ธนะโรจน์,ทะ-นะ-โรด,,pending,pending,,,รอตรวจ: missing-official-evidence
ธนะสังข์,ทะ-นะ-สัง,,pending,pending,,,รอตรวจ: missing-official-evidence
ธนัช,ทะ-นัด,,pending,pending,,,รอตรวจ: missing-official-evidence
ธนัชกร,ทะ-นัด-กอน,,pending,pending,,,รอตรวจ: missing-official-evidence
ธนัชญ์พงษ์,ทะ-นัด-พง,,pending,pending,,,รอตรวจ: missing-official-evidence
ธนัชญา,ทะ-นัด-ชะ-ยา,,pending,pending,,,รอตรวจ: missing-official-evidence
ธนัชธร,ทะ-นัด-ชะ-ทอน,,pending,pending,,,รอตรวจ: missing-official-evidence
ธนัญกรณ์,ทะ-นัน-ยะ-กอน,,pending,pending,,,รอตรวจ: missing-official-evidence
ธนัญจา,ทะ-นัน-จา,,pending,pending,,,รอตรวจ: missing-official-evidence
ธนัญชญา,ทะ-นัน-ยะ-ชะ-ยา,,pending,pending,,,รอตรวจ: missing-official-evidence
ธนัญญ์,ทะ-นัน,,pending,pending,,,รอตรวจ: missing-official-evidence
ธนัญญา,ทะ-นัน-ยา,,pending,pending,,,รอตรวจ: missing-official-evidence
ธนัฏฐา,ทะ-นัด-ถา,,pending,pending,,,รอตรวจ: missing-official-evidence
ธนัฐจักร,ทะ-นัด-จัก,,pending,pending,,,รอตรวจ: missing-official-evidence
ธนัท,ทะ-นัด,,pending,pending,,,รอตรวจ: missing-official-evidence
ธนัทธร,ทะ-นัด-ทอน,,pending,pending,,,รอตรวจ: missing-official-evidence
ธนัน,ทะ-นัน,,pending,pending,,,รอตรวจ: missing-official-evidence
ธนันดร,ทะ-นัน-ดอน,,pending,pending,,,รอตรวจ: missing-official-evidence
ธนันต์ธรญ์,ทะ-นัน-ทอน,,pending,pending,,,รอตรวจ: missing-official-evidence
ธนันท์,ทะ-นัน,,pending,pending,,,รอตรวจ: missing-official-evidence
ธนันธร,ทะ-นัน-ทอน,,pending,pending,,,รอตรวจ: missing-official-evidence
ธนันนท์,ทะ-นัน,,pending,pending,,,รอตรวจ: missing-official-evidence
ธนา,ทะ-นา,,pending,pending,,,รอตรวจ: missing-official-evidence
ธนากร,ทะ-นา-กอน,,pending,pending,,,รอตรวจ: missing-official-evidence
ธนาคช,ทะ-นา-คด,,pending,pending,,,รอตรวจ: missing-official-evidence
ธนาคม,ทะ-นา-คม,,pending,pending,,,รอตรวจ: missing-official-evidence
ธนาคาร,ทะ-นา-คาน,,pending,pending,,,รอตรวจ: missing-official-evidence
ธนาธรณ์,ทะ-นา-ทอน,,pending,pending,,,รอตรวจ: missing-official-evidence
ธนาธาร,ทะ-นา-ทาน,,pending,pending,,,รอตรวจ: missing-official-evidence
ธนาธิป,ทะ-นา-ทิบ,,pending,pending,,,รอตรวจ: missing-official-evidence
ธนาธิษณ์,ทะ-นา-ทิด,,pending,pending,,,รอตรวจ: missing-official-evidence
ธนานันต์,ทะ-นา-นัน,,pending,pending,,,รอตรวจ: missing-official-evidence
ธนานิษฐ์,ทะ-นา-นิด,,pending,pending,,,รอตรวจ: missing-official-evidence
ธนารักษ์,ทะ-นา-รัก,,pending,pending,,,รอตรวจ: missing-official-evidence
ธนาวรรณ,ทะ-นา-วัน,,pending,pending,,,รอตรวจ: missing-official-evidence
ธนิก,ทะ-นิก,,pending,pending,,,รอตรวจ: missing-official-evidence
ธนิกธน,ทะ-นิก-ทะ-นะ,,pending,pending,,,รอตรวจ: missing-official-evidence
ธนิช,ทะ-นิด,,pending,pending,,,รอตรวจ: missing-official-evidence
ธนิฐา,ทะ-นิด-ถา,,pending,pending,,,รอตรวจ: missing-official-evidence
ธนิณัช,ทะ-นิ-ชัน,,pending,pending,,,รอตรวจ: missing-official-evidence
ธนิทธิ,ทะ-นิด-ทิ,,pending,pending,,,รอตรวจ: missing-official-evidence
ธนิน,ทะ-นิน,,pending,pending,,,รอตรวจ: missing-official-evidence
ธนินท์,ทะ-นิน,,pending,pending,,,รอตรวจ: missing-official-evidence
ธนินท์ธร,ทะ-นิน-ทอน,,pending,pending,,,รอตรวจ: missing-official-evidence
ธนินทร,ทะ-นิน-ทอน,,pending,pending,,,รอตรวจ: missing-official-evidence
ธนินทร์,ธะ-นิน,,pending,pending,,,รอตรวจ: missing-official-evidence
ธนินท์รัฐ,ทะ-นิน-รัด,,pending,pending,,,รอตรวจ: missing-official-evidence
ธนินทรา,ทะ-นิน-ทรา,,pending,pending,,,รอตรวจ: missing-official-evidence
ธนินนัทธ์,ทะ-นิน-นัด,,pending,pending,,,รอตรวจ: missing-official-evidence
ธนิวรรณ,ทะ-นิ-วัน,,pending,pending,,,รอตรวจ: missing-official-evidence
ธนิศร์,ทะ-นิด,,pending,pending,,,รอตรวจ: missing-official-evidence
ธนิษฐ์,ทะ-นิด,,pending,pending,,,รอตรวจ: missing-official-evidence
ธนิษฐา,ทะ-นิด-ถา,,pending,pending,,,รอตรวจ: missing-official-evidence
ธนิสร,ทะ-นิ-สอน,,pending,pending,,,รอตรวจ: missing-official-evidence
ธบัณจ์ภณ,ทะ-บัน-พบ,,pending,pending,,,รอตรวจ: missing-official-evidence
ธบิน,ทะ-บิน,,pending,pending,,,รอตรวจ: missing-official-evidence
ธภัทร,ทะ-พัด,,pending,pending,,,รอตรวจ: missing-official-evidence
ธมกร,ทะ-มะ-กอน,,pending,pending,,,รอตรวจ: missing-official-evidence
ธมธร,ทะ-มน,,pending,pending,,,รอตรวจ: missing-official-evidence
ธมน,ทะ-มน,,pending,pending,,,รอตรวจ: missing-official-evidence
ธมนณัฏฐ,ทะ-มน-นัด,,pending,pending,,,รอตรวจ: missing-official-evidence
ธมนณัฏฐ์,ทะ-มน-นัด,,pending,pending,,,รอตรวจ: missing-official-evidence
ธมนณัท,ทะ-มน-นัด,,pending,pending,,,รอตรวจ: missing-official-evidence
ธมนต์วรรณธ์,ทะ-มน-วัน,,pending,pending,,,รอตรวจ: missing-official-evidence
ธมนภัค,ทะ-มน-พัก,,pending,pending,,,รอตรวจ: missing-official-evidence
ธมนภัทร,ทะ-มน-พัด-ทรอ,,pending,pending,,,รอตรวจ: missing-official-evidence
ธมนวรรณ,ทะ-มน-วัน,,pending,pending,,,รอตรวจ: missing-official-evidence
ธมนันท์,ทะ-มะ-นัน,,pending,pending,,,รอตรวจ: missing-official-evidence
ธมล,ทะ-มน,,pending,pending,,,รอตรวจ: missing-official-evidence
ธมลกัญ,ทะ-มน-กัน,,pending,pending,,,รอตรวจ: missing-official-evidence
ธมลณัฏฐ,ทะ-มน-นัด,,pending,pending,,,รอตรวจ: missing-official-evidence
ธมลณัฏฐ์,ทะ-มน-นัด,,pending,pending,,,รอตรวจ: missing-official-evidence
ธมลธน,ทะ-มน-ทะ-นะ,,pending,pending,,,รอตรวจ: missing-official-evidence
ธมลธร,ทะ-มน-ทอน,,pending,pending,,,รอตรวจ: missing-official-evidence
ธมลนิษฐ์,ทะ-มน-นิด,,pending,pending,,,รอตรวจ: missing-official-evidence
ธมลวรรณ,ทะ-มน-วัน,,pending,pending,,,รอตรวจ: missing-official-evidence
ธมลเอก,ทะ-มน-เอก,,pending,pending,,,รอตรวจ: missing-official-evidence
ธรกร,ทะ-ระ-กอน,,pending,pending,,,รอตรวจ: missing-official-evidence
ธรกานต์,ทะ-ระ-กาน,,pending,pending,,,รอตรวจ: missing-official-evidence
ธรคุณ,ทะ-ระ-คุน,,pending,pending,,,รอตรวจ: missing-official-evidence
ธรณ์,ทอน,,pending,pending,,,รอตรวจ: missing-official-evidence
ธรณ์ธวัล,ทอน-ทะ-วัน,,pending,pending,,,รอตรวจ: missing-official-evidence
ธรณัส,ทะ-ระ-นัด,,pending,pending,,,รอตรวจ: missing-official-evidence
ธรณินทร์,ทอ-ระ-นิน,,pending,pending,,,รอตรวจ: missing-official-evidence
ธรดล,ทะ-ระ-ดน,,pending,pending,,,รอตรวจ: missing-official-evidence
ธรดา,ทะ-ระ-ดา,,pending,pending,,,รอตรวจ: missing-official-evidence
ธรเดช,ทะ-ระ-เดด,,pending,pending,,,รอตรวจ: missing-official-evidence
ธรธนันท์,ทอ-ระ-ทะ-นัน,,pending,pending,,,รอตรวจ: missing-official-evidence
ธรธนินท์,ทอ-ระ-ทะ-นิน,,pending,pending,,,รอตรวจ: missing-official-evidence
ธรธรรม,ธอ-ระ-ทำ,,pending,pending,,,รอตรวจ: missing-official-evidence
ธรนันท์,ธ-ร-น,,pending,pending,,,รอตรวจ: missing-official-evidence
ธรนัส,ทะ-ระ-นัด,,pending,pending,,,รอตรวจ: missing-official-evidence
ธรนา,ทะ-ระ-นา,,pending,pending,,,รอตรวจ: missing-official-evidence
ธรนินทร์,ธอ-ระ-นิน,,pending,pending,,,รอตรวจ: missing-official-evidence
ธรนิศ,ธอ-ระ-นิด,,pending,pending,,,รอตรวจ: missing-official-evidence
ธรภัทร,ทะ-ระ-พัด,,pending,pending,,,รอตรวจ: missing-official-evidence
ธรภัทรา,ทะ-ระ-พัด-ทรา,,pending,pending,,,รอตรวจ: missing-official-evidence
ธรภา,ทะ-ระ-พา,,pending,pending,,,รอตรวจ: missing-official-evidence
ธรภาณุ,ทะ-ระ-พา-นุ,,pending,pending,,,รอตรวจ: missing-official-evidence
ธรมณี,ทอ-ระ-มะ-นี,,pending,pending,,,รอตรวจ: missing-official-evidence
ธรเมธา,ทอ-ระ-เม-ทา,,pending,pending,,,รอตรวจ: missing-official-evidence
ธรรพ,ทับ,,pending,pending,,,รอตรวจ: missing-official-evidence
ธรรม์,ทำ,,pending,pending,,,รอตรวจ: missing-official-evidence
ธรรมขันธ์,ทำ-มะ-ขัน,,pending,pending,,,รอตรวจ: missing-official-evidence
ธรรมคุณ,ทำ-มะ-คุน,,pending,pending,,,รอตรวจ: missing-official-evidence
ธรรมจารี,ทำ-มะ-จา-รี,,pending,pending,,,รอตรวจ: missing-official-evidence
ธรรมณัฐ,ทำ-มะ-นัด,,pending,pending,,,รอตรวจ: missing-official-evidence
ธรรมธัช,ทำ-มะ-ทัด,,pending,pending,,,รอตรวจ: missing-official-evidence
ธรรม์นลัท,ทำ-นะ-ลัด,,pending,pending,,,รอตรวจ: missing-official-evidence
ธรรมนันท์,ทำ-มะ-นัน,,pending,pending,,,รอตรวจ: missing-official-evidence
ธรรมนัส,ทำ-มะ-นัด,,pending,pending,,,รอตรวจ: missing-official-evidence
ธรรมภณ,ทำ-มะ-พน,,pending,pending,,,รอตรวจ: missing-official-evidence
ธรรมมโนวานิช,ทำ-มะ-โน-วา-นิด,,pending,pending,,,รอตรวจ: missing-official-evidence
ธรรมโม,ทำ-มะ-โม,,pending,pending,,,รอตรวจ: missing-official-evidence
ธรรมรักษ์,ทำ-มะ-รัก,,pending,pending,,,รอตรวจ: missing-official-evidence
ธรรมรัฐ,ทำ-มะ-รัด,,pending,pending,,,รอตรวจ: missing-official-evidence
ธรรมิก,ทำ-มะ-กิก,,pending,pending,,,รอตรวจ: missing-official-evidence
ธรรศ,ทัด,,pending,pending,,,รอตรวจ: missing-official-evidence
ธรรศธนัญ,ทัด-ทะ-นัน,,pending,pending,,,รอตรวจ: missing-official-evidence
ธรรศธรณ์,ทัด-ทอน,,pending,pending,,,รอตรวจ: missing-official-evidence
ธรรศธรรม,ทัด-สะ-ทำ,,pending,pending,,,รอตรวจ: missing-official-evidence
ธรรศยชญ์,ทัด-ยด,,pending,pending,,,รอตรวจ: missing-official-evidence
ธรรัตน์,ทอ-ระ-รัด,,pending,pending,,,รอตรวจ: missing-official-evidence
ธรรัตนา,ทอ-ระ-รัด-ตา,,pending,pending,,,รอตรวจ: missing-official-evidence
ธรรินี,ทอ-ระ-นี,,pending,pending,,,รอตรวจ: missing-official-evidence
ธรเรศ,ทะ-ระ-เรด,,pending,pending,,,รอตรวจ: missing-official-evidence
ธรลักษณา,ทะ-ระ-ลัก-สะ-หนา,,pending,pending,,,รอตรวจ: missing-official-evidence
ธรลินา,ทอ-ระ-ลิ-นา,,pending,pending,,,รอตรวจ: missing-official-evidence
ธรวร,ทะ-ระ-วอน,,pending,pending,,,รอตรวจ: missing-official-evidence
ธรวรา,ทะ-ระ-วะ-รา,,pending,pending,,,รอตรวจ: missing-official-evidence
ธรวรินทร์,ทะ-ระ-วะ-ริน,,pending,pending,,,รอตรวจ: missing-official-evidence
ธรวัฒ,ทะ-ระ-สัด,,pending,pending,,,รอตรวจ: missing-official-evidence
ธรวินา,ทะ-ระ-วิ-นา,,pending,pending,,,รอตรวจ: missing-official-evidence
ธรวุฒิ,ทะ-ระ-วุด,,pending,pending,,,รอตรวจ: missing-official-evidence
ธรศร,ทอ-ระ-สอน,,pending,pending,,,รอตรวจ: missing-official-evidence
ธรัช,ทะ-รัด,,pending,pending,,,รอตรวจ: missing-official-evidence
ธรา,ทะ-รา,,pending,pending,,,รอตรวจ: missing-official-evidence
ธราดล,ทะ-รา-ดน,,pending,pending,,,รอตรวจ: missing-official-evidence
ธราธรรม,ทา-ระ-ทำ,,pending,pending,,,รอตรวจ: missing-official-evidence
ธราธิป,ทะ-รา-ทิบ,,pending,pending,,,รอตรวจ: missing-official-evidence
ธรานนท์,ทะ-รา-นน,,pending,pending,,,รอตรวจ: missing-official-evidence
ธราลิณ,ทะ-รา-ลิน,,pending,pending,,,รอตรวจ: missing-official-evidence
ธราวุธ,ทะ-รา-วุด,,pending,pending,,,รอตรวจ: missing-official-evidence
ธรินทร์ธร,ทะ-ริน-ทอน,,pending,pending,,,รอตรวจ: missing-official-evidence
ธรุวา,ทะ-รุ-วา,,pending,pending,,,รอตรวจ: missing-official-evidence
ธฤษณุ,ทริด-สะ-นุ,,pending,pending,,,รอตรวจ: missing-official-evidence
ธวัช,ทะ-วัด,,pending,pending,,,รอตรวจ: missing-official-evidence
ธวัชธรรม,ทะ-วัด-ทำ,,pending,pending,,,รอตรวจ: missing-official-evidence
ธวัชร์,ทะ-วัด,,pending,pending,,,รอตรวจ: missing-official-evidence
ธวัล,ทะ-วัน,,pending,pending,,,รอตรวจ: missing-official-evidence
ธวัลกร,ทะ-วัน-กอน,,pending,pending,,,รอตรวจ: missing-official-evidence
ธัชกร,ทัด-ชะ-กอน,,pending,pending,,,รอตรวจ: missing-official-evidence
ธัชกานต์,ทัด-ชะ-กาน,,pending,pending,,,รอตรวจ: missing-official-evidence
ธัชคุณ,ทัด-ชะ-คุน,,pending,pending,,,รอตรวจ: missing-official-evidence
ธัชชญา,ทัด-ชะ-ยา,,pending,pending,,,รอตรวจ: missing-official-evidence
ธัชญา,ทัด-ชะ-ยา,,pending,pending,,,รอตรวจ: missing-official-evidence
ธัชดล,ทัด-ชะ-ดน,,pending,pending,,,รอตรวจ: missing-official-evidence
ธัชดา,ทัด-ชะ-ดา,,pending,pending,,,รอตรวจ: missing-official-evidence
ธัชเดช,ทัด-ชะ-เดด,,pending,pending,,,รอตรวจ: missing-official-evidence
ธัชธร,ทัด-ชะ-ทอน,,pending,pending,,,รอตรวจ: missing-official-evidence
ธัชธรรม,ทัด-ทำ,,pending,pending,,,รอตรวจ: missing-official-evidence
ธัชธรรม์,ทัด-ชะ-ทัน,,pending,pending,,,รอตรวจ: missing-official-evidence
ธัชพล,ทัด-ชะ-พน,,pending,pending,,,รอตรวจ: missing-official-evidence
ธัชภัทรา,ทัด-ชะ-พัด-ทรา,,pending,pending,,,รอตรวจ: missing-official-evidence
ธัชภา,ทัด-ชะ-พา,,pending,pending,,,รอตรวจ: missing-official-evidence
ธัชภาณุ,ทัด-ชะ-พา-นุ,,pending,pending,,,รอตรวจ: missing-official-evidence
ธัชมณี,ทัด-มะ-นี,,pending,pending,,,รอตรวจ: missing-official-evidence
ธัชเมธา,ทัด-ชะ-เมา,,pending,pending,,,รอตรวจ: missing-official-evidence
ธัชรพ,ทัด-ชะ-ระ-พร,,pending,pending,,,รอตรวจ: missing-official-evidence
ธัชรัตน์,ทัด-ชะ-รัด,,pending,pending,,,รอตรวจ: missing-official-evidence
ธัชรัตนา,ทัด-ชะ-รัด-ตะ-นา,,pending,pending,,,รอตรวจ: missing-official-evidence
ธัชรา,ทัด-ชะ-รา,,pending,pending,,,รอตรวจ: missing-official-evidence
ธัชรินี,ทัด-ชะ-ริ-นี,,pending,pending,,,รอตรวจ: missing-official-evidence
ธัชเรศ,ทัด-ชะ-เรด,,pending,pending,,,รอตรวจ: missing-official-evidence
ธัชลักษณา,ทัด-ลัก-สะ-หนา,,pending,pending,,,รอตรวจ: missing-official-evidence
ธัชลินา,ทัด-ชะ-ลิ-นา,,pending,pending,,,รอตรวจ: missing-official-evidence
ธัชวร,ทัด-ชะ-วอน,,pending,pending,,,รอตรวจ: missing-official-evidence
ธัชวรา,ทัด-ชะ-วะ-รา,,pending,pending,,,รอตรวจ: missing-official-evidence
ธัชวัฒ,ทัด-ชะ-วัด,,pending,pending,,,รอตรวจ: missing-official-evidence
ธัชวินา,ทัด-ชะ-วิ-นา,,pending,pending,,,รอตรวจ: missing-official-evidence
ธัชวุฒิ,ทัด-ชะ-วุด,,pending,pending,,,รอตรวจ: missing-official-evidence
ธัญ,ทัน,,pending,pending,,,รอตรวจ: missing-official-evidence
ธัญกมล,ทัน-กะ-มน,,pending,pending,,,รอตรวจ: missing-official-evidence
ธัญกร,ทัน-กอน,,pending,pending,,,รอตรวจ: missing-official-evidence
ธัญจิรา,ทัน-จิ-รา,,pending,pending,,,รอตรวจ: missing-official-evidence
ธัญชญา,ทัน-ยะ-ชะ-ยา,,pending,pending,,,รอตรวจ: missing-official-evidence
ธัญญชล,ทัน-ยะ-ชน,,pending,pending,,,รอตรวจ: missing-official-evidence
ธัญญธร,ทัน-ยะ-ทอน,,pending,pending,,,รอตรวจ: missing-official-evidence
ธัญญ์นรี,ทัน-นะ-รี,,pending,pending,,,รอตรวจ: missing-official-evidence
ธัญญ์นลิน,ทัน-นะ-ลิน,,pending,pending,,,รอตรวจ: missing-official-evidence
ธัญญ์นิธิ,ทัน-นิ-ทิ,,pending,pending,,,รอตรวจ: missing-official-evidence
ธัญญ์ภูริ,ทัน-พู,,pending,pending,,,รอตรวจ: missing-official-evidence
ธัญญ์รภัสร์,ทัน-ระ-พัด,,pending,pending,,,รอตรวจ: missing-official-evidence
ธัญญลักษณ์,ทัน-ยะ-ลัก,,pending,pending,,,รอตรวจ: missing-official-evidence
ธัญญ์ลิน,ทัน-ลิน,,pending,pending,,,รอตรวจ: missing-official-evidence
ธัญญ์วาริณทธ์,ทัน-วา-ริน-ทะ,,pending,pending,,,รอตรวจ: missing-official-evidence
ธัญญ์วารินท์,ทัน-วา-ริน,,pending,pending,,,รอตรวจ: missing-official-evidence
ธัญญ์วารินทธ์,ทัน-วา-ริน,,pending,pending,,,รอตรวจ: missing-official-evidence
ธัญญา,ทัน-ยา,,pending,pending,,,รอตรวจ: missing-official-evidence
ธัญญานภัส,ทัน-ยา-นะ-พัด,,pending,pending,,,รอตรวจ: missing-official-evidence
ธัญญานันท์,ทัน-ยา-นัน,,pending,pending,,,รอตรวจ: missing-official-evidence
ธัญญาริน,ทัน-ยา-ริน,,pending,pending,,,รอตรวจ: missing-official-evidence
ธัญญาลักษณ์,ทัน-ยา-ลัก,,pending,pending,,,รอตรวจ: missing-official-evidence
ธัญญาวรัญญา,ทัน-ยา-วะ-รัน-ยา,,pending,pending,,,รอตรวจ: missing-official-evidence
ธัญธร,ทัน-ยะ-ทอน,,pending,pending,,,รอตรวจ: missing-official-evidence
ธัญธรณ์,ทัน-ทอน,,pending,pending,,,รอตรวจ: missing-official-evidence
ธัญนภัทร์,ทัน-นะ-พัด,,pending,pending,,,รอตรวจ: missing-official-evidence
ธัญนภัส,ทัน-นะ-พัด,,pending,pending,,,รอตรวจ: missing-official-evidence
ธัญนันทณ์,ทัน-ยะ-นัน,,pending,pending,,,รอตรวจ: missing-official-evidence
ธัญนันทน์,ทัน-ยะ-นัน,,pending,pending,,,รอตรวจ: missing-official-evidence
ธัญบูรณ์,ทัน-บูน,,pending,pending,,,รอตรวจ: missing-official-evidence
ธัญภัคณันท์,ทัน-ยะ-พัก-คะ-นัน,,pending,pending,,,รอตรวจ: missing-official-evidence
ธัญภัทรา,ทัน-พัด-ทรา,,pending,pending,,,รอตรวจ: missing-official-evidence
ธัญมน,ทัน-ยะ-มน,,pending,pending,,,รอตรวจ: missing-official-evidence
ธัญมล,ทัน-ยะ-มน,,pending,pending,,,รอตรวจ: missing-official-evidence
ธัญลักษณ์,ทัน-ยะ-ลัก,,pending,pending,,,รอตรวจ: missing-official-evidence
ธัญลักษมณ์,ทัน-ยะ-ลัก,,pending,pending,,,รอตรวจ: missing-official-evidence
ธัญวณัฐ,ทัน-ยะ-วะ-นัด,,pending,pending,,,รอตรวจ: missing-official-evidence
ธัญวรรณา,ทัน-ยะ-วัน-นา,,pending,pending,,,รอตรวจ: missing-official-evidence
ธัญวรศิริ,ทัน-ยะ-วอ-ระ-สิ-หริ,,pending,pending,,,รอตรวจ: missing-official-evidence
ธัญวรัญญา,ทัน-วะ-รัน-ยา,,pending,pending,,,รอตรวจ: missing-official-evidence
ธัญวริน,ทัน-วะ-ริน,,pending,pending,,,รอตรวจ: missing-official-evidence
ธัญวรินทร์,ทัน-วะ-ริน,,pending,pending,,,รอตรวจ: missing-official-evidence
ธัญวิช,ทัน-ยะ-วิด,,pending,pending,,,รอตรวจ: missing-official-evidence
ธัญวิน,ทัน-วิน,,pending,pending,,,รอตรวจ: missing-official-evidence
ธัญวิสิษฏ์,ทัน-ยะ-วิ-สิด,,pending,pending,,,รอตรวจ: missing-official-evidence
ธัญศรา,ทัน-ยะ-สา,,pending,pending,,,รอตรวจ: missing-official-evidence
ธัญศิรา,ทัน-ยะ-สิ-รา,,pending,pending,,,รอตรวจ: missing-official-evidence
ธัญสิทธิ์,ทัน-ยะ-สิด,,pending,pending,,,รอตรวจ: missing-official-evidence
ธัญสิริ,ทัน-ยะ-สิ-หริ,,pending,pending,,,รอตรวจ: missing-official-evidence
ธัญอนันต์,ทัน-อะ-นัน,,pending,pending,,,รอตรวจ: missing-official-evidence
ธัญอริน,ทัน-อะ-ริน,,pending,pending,,,รอตรวจ: missing-official-evidence
ธัญอินทร์,ทัน-อิน,,pending,pending,,,รอตรวจ: missing-official-evidence
ธันต์นลิน,ทัน-นะ-ลิน,,pending,pending,,,รอตรวจ: missing-official-evidence
ธันต์นลินต์,ทัน-นะ-ลิน,,pending,pending,,,รอตรวจ: missing-official-evidence
ธานันท์,ทา-นัน,,pending,pending,,,รอตรวจ: missing-official-evidence
ธานินทร์,ทา-นิน,,pending,pending,,,รอตรวจ: missing-official-evidence
ธาม,ทาม,,pending,pending,,,รอตรวจ: missing-official-evidence
ธามธร,ทาม-ทอน,,pending,pending,,,รอตรวจ: missing-official-evidence
ธามน,ทา-มน,,pending,pending,,,รอตรวจ: missing-official-evidence
ธามิศ,ทา-มิด,,pending,pending,,,รอตรวจ: missing-official-evidence
ธาร,ทาน,,pending,pending,,,รอตรวจ: missing-official-evidence
ธารกร,ทาน-กอน,,pending,pending,,,รอตรวจ: missing-official-evidence
ธารณ์,ทาน,,pending,pending,,,รอตรวจ: missing-official-evidence
ธารณา,ทา-ระ-นา,,pending,pending,,,รอตรวจ: missing-official-evidence
ธารธร,ทาน-ทอน,,pending,pending,,,รอตรวจ: missing-official-evidence
ธารวัท,ทาน-วัด,,pending,pending,,,รอตรวจ: missing-official-evidence
ธารวิน,ทาน-วิน,,pending,pending,,,รอตรวจ: missing-official-evidence
ธารัช,ทา-รัด,,pending,pending,,,รอตรวจ: missing-official-evidence
ธารา,ทา-รา,,pending,pending,,,รอตรวจ: missing-official-evidence
ธาราธิน,ทา-รา-ทิน,,pending,pending,,,รอตรวจ: missing-official-evidence
ธารารัตน์,ทา-รา-รัด,,pending,pending,,,รอตรวจ: missing-official-evidence
ธาราริน,ทา-รา-ริน,,pending,pending,,,รอตรวจ: missing-official-evidence
ธาราวร,ทา-รา-วอน,,pending,pending,,,รอตรวจ: missing-official-evidence
ธาราวรรณ,ทา-รา-วัน,,pending,pending,,,รอตรวจ: missing-official-evidence
ธาราวรรษ,ทา-รา-วัด,,pending,pending,,,รอตรวจ: missing-official-evidence
ธาราวรศิริ,ทา-รา-วะ-ริน-สอน,,pending,pending,,,รอตรวจ: missing-official-evidence
ธาราวิน,ทา-รา-วิน,,pending,pending,,,รอตรวจ: missing-official-evidence
ธาราอริน,ทา-รา-อะ-ริน,,pending,pending,,,รอตรวจ: missing-official-evidence
ธาราอิน,ทา-รา-อิน,,pending,pending,,,รอตรวจ: missing-official-evidence
ธาริก,ทา-ริก,,pending,pending,,,รอตรวจ: missing-official-evidence
ธาริณ,ทา-ริน,,pending,pending,,,รอตรวจ: missing-official-evidence
ธาริณท์,ทา-ริน,,pending,pending,,,รอตรวจ: missing-official-evidence
ธาริณา,ทา-ริ-นา,,pending,pending,,,รอตรวจ: missing-official-evidence
ธาริน,ทา-ริน,,pending,pending,,,รอตรวจ: missing-official-evidence
ธารินท์,ทา-ริน,,pending,pending,,,รอตรวจ: missing-official-evidence
ธารินทร์,ทา-ริน,,pending,pending,,,รอตรวจ: missing-official-evidence
ธารินวิน,ทา-ริน-วิน,,pending,pending,,,รอตรวจ: missing-official-evidence
ธารี,ทา-รี,,pending,pending,,,รอตรวจ: missing-official-evidence
ธารีธา,ทา-รี-ทา,,pending,pending,,,รอตรวจ: missing-official-evidence
ธารีรา,ทา-รี-รา,,pending,pending,,,รอตรวจ: missing-official-evidence
ธาวัท,ทา-วัด,,pending,pending,,,รอตรวจ: missing-official-evidence
ธาวัทธร,ทา-วัด-ทอน,,pending,pending,,,รอตรวจ: missing-official-evidence
ธาวัน,ทา-วัน,,pending,pending,,,รอตรวจ: missing-official-evidence
ธาวาริน,ทา-วา-ริน,,pending,pending,,,รอตรวจ: missing-official-evidence
ธาวิน,ทา-วิน,,pending,pending,,,รอตรวจ: missing-official-evidence
ธาวินท์,ทา-วิน,,pending,pending,,,รอตรวจ: missing-official-evidence
ธาวินธร,ทา-วิน-ทอน,,pending,pending,,,รอตรวจ: missing-official-evidence
ธาวินธา,ทา-วิน-ทา,,pending,pending,,,รอตรวจ: missing-official-evidence
ธาวินธิน,ทา-วิน-ทิน,,pending,pending,,,รอตรวจ: missing-official-evidence
ธาวินภัทร,ทา-วิน-พัด-ทรอ,,pending,pending,,,รอตรวจ: missing-official-evidence
ธาวินา,ทา-วิ-นา,,pending,pending,,,รอตรวจ: missing-official-evidence
ธำมรงค์,ทำ-มะ-รง,,pending,pending,,,รอตรวจ: missing-official-evidence
ธำรง,ทำ-รง,,pending,pending,,,รอตรวจ: missing-official-evidence
ธำรงค์,ทำ-รง,,pending,pending,,,รอตรวจ: missing-official-evidence
ธิติ,ทิ-ติ,,pending,pending,,,รอตรวจ: missing-official-evidence
ธิติภัค,ทิ-ติ-พัก,,pending,pending,,,รอตรวจ: missing-official-evidence
ธิติยา,ทิ-ติ-ยา,,pending,pending,,,รอตรวจ: missing-official-evidence
ธินันดา,ทิ-นัน-ดา,,pending,pending,,,รอตรวจ: missing-official-evidence
ธินันท์,ทิ-นัน,,pending,pending,,,รอตรวจ: missing-official-evidence
ธิบวดี,ทิบ-วะ-ดี,,pending,pending,,,รอตรวจ: missing-official-evidence
ธิพาภรณ์,ทิ-พา-พอน,,pending,pending,,,รอตรวจ: missing-official-evidence
ธิมล,ทิ-มน,,pending,pending,,,รอตรวจ: missing-official-evidence
ธิรินทร์ญา,ทิ-ริน-ยา,,pending,pending,,,รอตรวจ: missing-official-evidence
ธิวาลักษณ์,ทิ-วา-ลัก,,pending,pending,,,รอตรวจ: missing-official-evidence
ธิโวนา,ทิ-โว-นา,,pending,pending,,,รอตรวจ: missing-official-evidence
ธิษณ์,ทิด,,pending,pending,,,รอตรวจ: missing-official-evidence
ธิษณา,ทิด-สะ-นา,,pending,pending,,,รอตรวจ: missing-official-evidence
ธีญา,ที-ยา,,pending,pending,,,รอตรวจ: missing-official-evidence
ธีธัช,ที-ทัด,,pending,pending,,,รอตรวจ: missing-official-evidence
ธีธิน,ที-ทิน,,pending,pending,,,รอตรวจ: missing-official-evidence
ธีมานันท์,ที-มา-นัน,,pending,pending,,,รอตรวจ: missing-official-evidence
ธีมารัตน์,ที-มะ-รัด,,pending,pending,,,รอตรวจ: missing-official-evidence
ธีมาวิวัฒน์,ที-มา-วิด,,pending,pending,,,รอตรวจ: missing-official-evidence
ธีร์,ที,,pending,pending,,,รอตรวจ: missing-official-evidence
ธีรกูล,ที-ระ-กูน,,pending,pending,,,รอตรวจ: missing-official-evidence
ธีรเจต,ที-ระ-เจด,,pending,pending,,,รอตรวจ: missing-official-evidence
ธีรเจตต์,ที-ระ-เจด,,pending,pending,,,รอตรวจ: missing-official-evidence
ธีร์ช,ที,,pending,pending,,,รอตรวจ: missing-official-evidence
ธีรญา,ที-ระ-ยา,,pending,pending,,,รอตรวจ: missing-official-evidence
ธีรณัฐ,ที-ระ-นัด,,pending,pending,,,รอตรวจ: missing-official-evidence
ธีรดล,ที-ระ-ดน,,pending,pending,,,รอตรวจ: missing-official-evidence
ธีรดา,ที-ระ-ดา,,pending,pending,,,รอตรวจ: missing-official-evidence
ธีร์ธนดล,ที-ทะ-นะ-ดน,,pending,pending,,,รอตรวจ: missing-official-evidence
ธีร์ธร,ที-ทอน,,pending,pending,,,รอตรวจ: missing-official-evidence
ธีรธรรม,ที-ระ-ทำ,,pending,pending,,,รอตรวจ: missing-official-evidence
ธีร์ธวัช,ที-ทะ-วัด,,pending,pending,,,รอตรวจ: missing-official-evidence
ธีรธิน,ที-ระ-ทิน,,pending,pending,,,รอตรวจ: missing-official-evidence
ธีร์นนท์,ที-นน,,pending,pending,,,รอตรวจ: missing-official-evidence
ธีรนภ,ที-ระ-นบ,,pending,pending,,,รอตรวจ: missing-official-evidence
ธีรนันท์,ที-ระ-นัน,,pending,pending,,,รอตรวจ: missing-official-evidence
ธีรนาฎ,ที-ระ-นาด,,pending,pending,,,รอตรวจ: missing-official-evidence
ธีรบูรณ์,ที-ระ-บูน,,pending,pending,,,รอตรวจ: missing-official-evidence
ธีรพล,ที-ระ-พน,,pending,pending,,,รอตรวจ: missing-official-evidence
ธีรภณ,ที-ระ-พน,,pending,pending,,,รอตรวจ: missing-official-evidence
ธีรภวิน,ที-ระ-พะ-วิน,,pending,pending,,,รอตรวจ: missing-official-evidence
ธีรภัทร,ที-ระ-พัด,,pending,pending,,,รอตรวจ: missing-official-evidence
ธีรภัทร์,ที-ระ-พัด,,pending,pending,,,รอตรวจ: missing-official-evidence
ธีรภา,ที-ระ-พา,,pending,pending,,,รอตรวจ: missing-official-evidence
ธีรมนต์,ที-ระ-มน,,pending,pending,,,รอตรวจ: missing-official-evidence
ธีรรพ,ที-ระ-พัน,,pending,pending,,,รอตรวจ: missing-official-evidence
ธีรรัตน์,ที-ระ-รัด,,pending,pending,,,รอตรวจ: missing-official-evidence
ธีรรัตนา,ที-ระ-นัด-ตะ-นะ,,pending,pending,,,รอตรวจ: missing-official-evidence
ธีรรินี,ที-ระ-ริ-นี,,pending,pending,,,รอตรวจ: missing-official-evidence
ธีรเรศ,ที-ระ-เรด,,pending,pending,,,รอตรวจ: missing-official-evidence
ธีรโรจน์,ที-ระ-โรด,,pending,pending,,,รอตรวจ: missing-official-evidence
ธีรวร,ที-ระ-วอน,,pending,pending,,,รอตรวจ: missing-official-evidence
ธีรวรา,ที-ระ-วะ-รา,,pending,pending,,,รอตรวจ: missing-official-evidence
ธีร์วรา,ที-วะ-รา,,pending,pending,,,รอตรวจ: missing-official-evidence
ธีรวรินทร์,ที-ระ-วะ-ริน,,pending,pending,,,รอตรวจ: missing-official-evidence
ธีรวัชร,ที-ระ-วัด,,pending,pending,,,รอตรวจ: missing-official-evidence
ธีรวัชร์,ที-ระ-วัด,,pending,pending,,,รอตรวจ: missing-official-evidence
ธีรวัฒน์,ที-ระ-วัด,,pending,pending,,,รอตรวจ: missing-official-evidence
ธีรวิชญ์,ที-ระ-วิด,,pending,pending,,,รอตรวจ: missing-official-evidence
ธีรวิณ,ที-ระ-วิน,,pending,pending,,,รอตรวจ: missing-official-evidence
ธีรวินท์,ที-ระ-วิน,,pending,pending,,,รอตรวจ: missing-official-evidence
ธีรวินิจ,ที-ระ-วิ-นิด,,pending,pending,,,รอตรวจ: missing-official-evidence
ธีรวุฒิ,ที-ระ-วุด,,pending,pending,,,รอตรวจ: missing-official-evidence
ธีรศร,ที-ระ-สอน,,pending,pending,,,รอตรวจ: missing-official-evidence
ธีรศักดิ์,ที-ระ-สัก,,pending,pending,,,รอตรวจ: missing-official-evidence
ธีรศิลป์,ที-ระ-สิน,,pending,pending,,,รอตรวจ: missing-official-evidence
ธีรสิทธิ์,ที-ระ-สิด,,pending,pending,,,รอตรวจ: missing-official-evidence
ธีรสุชา,ที-ระ-สุ-ชา,,pending,pending,,,รอตรวจ: missing-official-evidence
ธีร์สุตา,ที-สุ-ตา,,pending,pending,,,รอตรวจ: missing-official-evidence
ธีระ,ที-ระ,,pending,pending,,,รอตรวจ: missing-official-evidence
ธีระวัฒชัย,ที-ระ-วัด-ไช,,pending,pending,,,รอตรวจ: missing-official-evidence
ธีรักษ์,ที-รัก,,pending,pending,,,รอตรวจ: missing-official-evidence
ธีรัช,ที-รัด,,pending,pending,,,รอตรวจ: missing-official-evidence
ธีรัชญ์,ที-รัด,,pending,pending,,,รอตรวจ: missing-official-evidence
ธีรา,ที-รา,,pending,pending,,,รอตรวจ: missing-official-evidence
ธีราทิพย์,ที-ระ-ทิบ,,pending,pending,,,รอตรวจ: missing-official-evidence
ธีรานันท์,ที-รา-นัน,,pending,pending,,,รอตรวจ: missing-official-evidence
ธีรานุช,ที-รา-นุด,,pending,pending,,,รอตรวจ: missing-official-evidence
ธีราพงศ์,ที-ระ-พง,,pending,pending,,,รอตรวจ: missing-official-evidence
ธีราพัทธ์,ที-ระ-พัด,,pending,pending,,,รอตรวจ: missing-official-evidence
ธีริทธ์,ที-ริด,,pending,pending,,,รอตรวจ: missing-official-evidence
ธีริน,ที-ริน,,pending,pending,,,รอตรวจ: missing-official-evidence
ธีริศร์,ที-ริด,,pending,pending,,,รอตรวจ: missing-official-evidence
ธีริศรา,ที-ริด-สะ-รา,,pending,pending,,,รอตรวจ: missing-official-evidence
ธุระจริง,ทุ-ระ-จิง,,pending,pending,,,รอตรวจ: missing-official-evidence
ธุวธรรม,ทุ-วะ-ทำ,,pending,pending,,,รอตรวจ: missing-official-evidence
ธุวนนท์,ทุ-วะ-นน,,pending,pending,,,รอตรวจ: missing-official-evidence
ธุวนิช,ทุ-วะ-นิด,,pending,pending,,,รอตรวจ: missing-official-evidence
ธุวนิษฐ์,ทุ-วะ-นิด,,pending,pending,,,รอตรวจ: missing-official-evidence
ธุวรัญ,ทุ-วะ-รัน,,pending,pending,,,รอตรวจ: missing-official-evidence
ธุววิช,ทุ-วะ-วิด,,pending,pending,,,รอตรวจ: missing-official-evidence
ธุวานนท์,ทุ-วา-นน,,pending,pending,,,รอตรวจ: missing-official-evidence
ธุวานัณท์,ทุ-วา-นัน,,pending,pending,,,รอตรวจ: missing-official-evidence
ธุวานันท์,ทุ-วา-นัน,,pending,pending,,,รอตรวจ: missing-official-evidence
เธคญา,เท-คะ-ยา,,pending,pending,,,รอตรวจ: missing-official-evidence
นกจอมทอง,นก-จอม-ทอง,,pending,pending,,,รอตรวจ: missing-official-evidence
นคมน,นะ-คะ-มน,,pending,pending,,,รอตรวจ: missing-official-evidence
นครวินท์,นะ-คอน-วิน,,pending,pending,,,รอตรวจ: missing-official-evidence
นครินทร์,นะ-คะ-ริน,,pending,pending,,,รอตรวจ: missing-official-evidence
นฏกร,นะ-ตะ-กอน,,pending,pending,,,รอตรวจ: missing-official-evidence
นทจร,นด-จะ-ระ,,pending,pending,,,รอตรวจ: missing-official-evidence
นทณัฐ,นะ-ทัด-ถะ,,pending,pending,,,รอตรวจ: missing-official-evidence
นธกร,นะ-ทะ-กอน,,pending,pending,,,รอตรวจ: missing-official-evidence
นธิน,นะ-ทิน,,pending,pending,,,รอตรวจ: missing-official-evidence
นนท์,นน,,pending,pending,,,รอตรวจ: missing-official-evidence
นนทณัฐ,นน-ทะ-นัด,,pending,pending,,,รอตรวจ: missing-official-evidence
นนท์นภัสร์,นน-นะ-พัด,,pending,pending,,,รอตรวจ: missing-official-evidence
นนทนันท์,นน-ทะ-นัน,,pending,pending,,,รอตรวจ: missing-official-evidence
นนท์ปวิฎษ์,นน-ปะ-วิด,,pending,pending,,,รอตรวจ: missing-official-evidence
นนท์ปวิธ,นน-ปะ-วิด,,pending,pending,,,รอตรวจ: missing-official-evidence
นนท์รวิศ,นน-ระ-วิด,,pending,pending,,,รอตรวจ: missing-official-evidence
นนทรี,นน-ทรี,,pending,pending,,,รอตรวจ: missing-official-evidence
นนทวร,นน-ทะ-วอน,,pending,pending,,,รอตรวจ: missing-official-evidence
นนทวรรษ,นน-ทะ-วัด,,pending,pending,,,รอตรวจ: missing-official-evidence
นนทวัช,นน-ทะ-วัด,,pending,pending,,,รอตรวจ: missing-official-evidence
นนทวัชร์,นน-ทะ-วัด,,pending,pending,,,รอตรวจ: missing-official-evidence
นนทัช,นน-ทัด,,pending,pending,,,รอตรวจ: missing-official-evidence
นนทิกร,นน-ทิ-กอน,,pending,pending,,,รอตรวจ: missing-official-evidence
นนทิญา,นน-ทิ-ยา,,pending,pending,,,รอตรวจ: missing-official-evidence
นนทิภร,นน-ทิ-พอน,,pending,pending,,,รอตรวจ: missing-official-evidence
นนทิภัค,นน-ทิ-พัก,,pending,pending,,,รอตรวจ: missing-official-evidence
นนทิวรรธน์,นน-ทิ-วัด,,pending,pending,,,รอตรวจ: missing-official-evidence
นนทิเวท,นน-ทิ-เวด,,pending,pending,,,รอตรวจ: missing-official-evidence
นนธวัช,นน-ทะ-วัด,,pending,pending,,,รอตรวจ: missing-official-evidence
นนน,นน-นน,,pending,pending,,,รอตรวจ: missing-official-evidence
นนวริล,นน-วะ-ริน,,pending,pending,,,รอตรวจ: missing-official-evidence
นภจร,นบ-พะ-จอน,,pending,pending,,,รอตรวจ: missing-official-evidence
นภธร,นะ-พะ-ทอน,,pending,pending,,,รอตรวจ: missing-official-evidence
นภธาร,นะ-พะ-ทาน,,pending,pending,,,รอตรวจ: missing-official-evidence
นภนต์,นะ-พน,,pending,pending,,,รอตรวจ: missing-official-evidence
นภมินทร์,นบ-พะ-มิน,,pending,pending,,,รอตรวจ: missing-official-evidence
นภวินท์,นะ-พะ-วิน,,pending,pending,,,รอตรวจ: missing-official-evidence
นภษร,นะ-พะ-สอน,,pending,pending,,,รอตรวจ: missing-official-evidence
นภัค,นะ-พัก,,pending,pending,,,รอตรวจ: missing-official-evidence
นภัครินทร์,นะ-พัก-คะ-ริน,,pending,pending,,,รอตรวจ: missing-official-evidence
นภัทร,นะ-พัด,,pending,pending,,,รอตรวจ: missing-official-evidence
นภัศญา,นะ-พัด-สะ-ยา,,pending,pending,,,รอตรวจ: missing-official-evidence
นภัส,นะ-พัด,,pending,pending,,,รอตรวจ: missing-official-evidence
นภัสญาลักษณ์,นะ-พัด-สะ-ยา-ลัก,,pending,pending,,,รอตรวจ: missing-official-evidence
นภัสญาวรัญญา,นะ-พัด-สะ-ยาน-วัน-ระ-ยา,,pending,pending,,,รอตรวจ: missing-official-evidence
นภัสธนันท์,นะ-พัด-ทะ-นัน,,pending,pending,,,รอตรวจ: missing-official-evidence
นภัสรานันท์,นะ-พัด-สะ-รา-นัน,,pending,pending,,,รอตรวจ: missing-official-evidence
นภัสริน,นะ-พัด-ริน,,pending,pending,,,รอตรวจ: missing-official-evidence
นภัสวรรณ,นะ-พัด-สะ-วัน,,pending,pending,,,รอตรวจ: missing-official-evidence
นภัสสร,นะ-พัด-สอน,,pending,pending,,,รอตรวจ: missing-official-evidence
นภาดา,นะ-พา-ดา,,pending,pending,,,รอตรวจ: missing-official-evidence
นภาพร,นะ-พา-พอน,,pending,pending,,,รอตรวจ: missing-official-evidence
นภาวรรณ,นะ-พา-วัน,,pending,pending,,,รอตรวจ: missing-official-evidence
นภิน,นะ-พิน,,pending,pending,,,รอตรวจ: missing-official-evidence
นภิศ,นะ-พิด,,pending,pending,,,รอตรวจ: missing-official-evidence
นมิ,นะ-มิ,,pending,pending,,,รอตรวจ: missing-official-evidence
นโมโชค,นะ-โม-โชก,,pending,pending,,,รอตรวจ: missing-official-evidence
นรกมล,นอ-ระ-กะ-มน,,pending,pending,,,รอตรวจ: missing-official-evidence
นรงค์,นะ-รง,,pending,pending,,,รอตรวจ: missing-official-evidence
นรณัษฐ์,นอ-ระ-นัด,,pending,pending,,,รอตรวจ: missing-official-evidence
นรธิน,นอ-ระ-ทิน,,pending,pending,,,รอตรวจ: missing-official-evidence
นรธิป,นอ-ระ-ทิบ,,pending,pending,,,รอตรวจ: missing-official-evidence
นรธีร์,นอ-ระ-ที,,pending,pending,,,รอตรวจ: missing-official-evidence
นรภัทร,นอ-ระ-พัด,,pending,pending,,,รอตรวจ: missing-official-evidence
นรภัทร์,นอ-ระ-พัด,,pending,pending,,,รอตรวจ: missing-official-evidence
นรมน,นอ-ระ-มน,,pending,pending,,,รอตรวจ: missing-official-evidence
นรวร,นะ-ระ-วอน,,pending,pending,,,รอตรวจ: missing-official-evidence
นรวรรธน์,นอ-ระ-วัด,,pending,pending,,,รอตรวจ: missing-official-evidence
นรวรา,นอ-ระ-วะ-รา,,pending,pending,,,รอตรวจ: missing-official-evidence
นรวิณ,นอ-ระ-วิน,,pending,pending,,,รอตรวจ: missing-official-evidence
นรวิณธร,นอ-ระ-วิน-ทอน,,pending,pending,,,รอตรวจ: missing-official-evidence
นรสรณ์,นอ-ระ-สอน,,pending,pending,,,รอตรวจ: missing-official-evidence
นรัน,นะ-รัน,,pending,pending,,,รอตรวจ: missing-official-evidence
นราธร,นะ-รา-ทอน,,pending,pending,,,รอตรวจ: missing-official-evidence
นราธิป,นะ-รา-ทิบ,,pending,pending,,,รอตรวจ: missing-official-evidence
นราวร,นะ-รา-วอน,,pending,pending,,,รอตรวจ: missing-official-evidence
นราวรรณ,นะ-รา-วัน,,pending,pending,,,รอตรวจ: missing-official-evidence
นราวิช,นะ-รา-วิด,,pending,pending,,,รอตรวจ: missing-official-evidence
นราวิชญ์,นะ-รา-วิด,,pending,pending,,,รอตรวจ: missing-official-evidence
นราวุธ,นะ-รา-วุด,,pending,pending,,,รอตรวจ: missing-official-evidence
นราอร,นะ-รา-ออน,,pending,pending,,,รอตรวจ: missing-official-evidence
นริฎฐ์,นะ-ริด,,pending,pending,,,รอตรวจ: missing-official-evidence
นริฏฐ์,นะ-ริด,,pending,pending,,,รอตรวจ: missing-official-evidence
นริณธร,นะ-ริน-ทอน,,pending,pending,,,รอตรวจ: missing-official-evidence
นริน,นะ-ริน,,pending,pending,,,รอตรวจ: missing-official-evidence
นรินท์,นะ-ริน,,pending,pending,,,รอตรวจ: missing-official-evidence
นรินทร,นะ-ริน-ทอน,,pending,pending,,,รอตรวจ: missing-official-evidence
นรินทร์,นะ-ริน,,pending,pending,,,รอตรวจ: missing-official-evidence
นรินทร์ณัฏฐ,นะ-ริน-นัด-ถะ,,pending,pending,,,รอตรวจ: missing-official-evidence
นรินทร์ณัฐ,นะ-ริน-นัด,,pending,pending,,,รอตรวจ: missing-official-evidence
นรินทร์ธัช,นะ-ริน-ทัด,,pending,pending,,,รอตรวจ: missing-official-evidence
นรินทร์ภัค,นะ-ริน-พัก,,pending,pending,,,รอตรวจ: missing-official-evidence
นรินทร์ภัทร์,นะ-ริน-พัด,,pending,pending,,,รอตรวจ: missing-official-evidence
นรินทร์สิรี,นะ-ริน-สิ-รี,,pending,pending,,,รอตรวจ: missing-official-evidence
นรินทรา,นะ-ริน-ทรา,,pending,pending,,,รอตรวจ: missing-official-evidence
นรินธร,นะ-ริน-ทอน,,pending,pending,,,รอตรวจ: missing-official-evidence
นรินภัทร,นะ-ริน-พัด-ทรอ,,pending,pending,,,รอตรวจ: missing-official-evidence
นริลญา,นะ-ริน-ยา,,pending,pending,,,รอตรวจ: missing-official-evidence
นริศ,นะ-ริด,,pending,pending,,,รอตรวจ: missing-official-evidence
นริศร,นะ-ริด-สอน,,pending,pending,,,รอตรวจ: missing-official-evidence
นริศร์ธร,นะ-ริด-ทอน,,pending,pending,,,รอตรวจ: missing-official-evidence
นริศรา,นะ-ริด-สะ-รา,,pending,pending,,,รอตรวจ: missing-official-evidence
นริษฐ์,นะ-ริด,,pending,pending,,,รอตรวจ: missing-official-evidence
นริษรา,นะ-ริด-สะ-รา,,pending,pending,,,รอตรวจ: missing-official-evidence
นริสรา,นะ-ริด-สะ-รา,,pending,pending,,,รอตรวจ: missing-official-evidence
นรี,นะ-รี,,pending,pending,,,รอตรวจ: missing-official-evidence
นโรดม,นะ-โร-ดม,,pending,pending,,,รอตรวจ: missing-official-evidence
นฤท,นะ-ริด,,pending,pending,,,รอตรวจ: missing-official-evidence
นฤทัย,นะ-รึ-ไท,,pending,pending,,,รอตรวจ: missing-official-evidence
นฤธร,นะ-รึ-ทอน,,pending,pending,,,รอตรวจ: missing-official-evidence
นฤนนท์,นะ-รึ-นน,,pending,pending,,,รอตรวจ: missing-official-evidence
นฤบดินทร์,นะ-รึ-บอ-ดิน,,pending,pending,,,รอตรวจ: missing-official-evidence
นฤมล,นะ-รึ-มน,,pending,pending,,,รอตรวจ: missing-official-evidence
นฤวร,นะ-รึ-วอน,,pending,pending,,,รอตรวจ: missing-official-evidence
นลชลกร,นน-ชน-ละ-กอน,,pending,pending,,,รอตรวจ: missing-official-evidence
นลัท,นะ-ลัด,,pending,pending,,,รอตรวจ: missing-official-evidence
นลัทธ์,นะ-ลัด,,pending,pending,,,รอตรวจ: missing-official-evidence
นลิน,นะ-ลิน,,pending,pending,,,รอตรวจ: missing-official-evidence
นลินกมล,นะ-ลิน-กะ-มน,,pending,pending,,,รอตรวจ: missing-official-evidence
นลินญา,นะ-ลิน-ยา,,pending,pending,,,รอตรวจ: missing-official-evidence
นลินทิรา,นะ-ลิน-ทิ-รา,,pending,pending,,,รอตรวจ: missing-official-evidence
นลินภัส,นะ-ลิน-พัด,,pending,pending,,,รอตรวจ: missing-official-evidence
นลินลฎา,นะ-ลิน-ละ-ดา,,pending,pending,,,รอตรวจ: missing-official-evidence
นลิลอร,นะ-ลิน-ออน,,pending,pending,,,รอตรวจ: missing-official-evidence
นลิศรา,นะ-ลิด-สะ-รา,,pending,pending,,,รอตรวจ: missing-official-evidence
นวกร,นะ-วะ-กอน,,pending,pending,,,รอตรวจ: missing-official-evidence
นวต,นะ-วะ-ตะ,,pending,pending,,,รอตรวจ: missing-official-evidence
นวธร,นะ-วะ-ทอน,,pending,pending,,,รอตรวจ: missing-official-evidence
นวน,นวน,,pending,pending,,,รอตรวจ: missing-official-evidence
นวนจันทร์,นวน-จัน,,pending,pending,,,รอตรวจ: missing-official-evidence
นวนิษฐ์,นะ-วิด,,pending,pending,,,รอตรวจ: missing-official-evidence
นวพร,นะ-วะ-พอน,,pending,pending,,,รอตรวจ: missing-official-evidence
นวภร,นะ-วะ-พอน,,pending,pending,,,รอตรวจ: missing-official-evidence
นวภัสร์,นะ-วะ-พัด,,pending,pending,,,รอตรวจ: missing-official-evidence
นวมลล์,นะ-วะ-มน,,pending,pending,,,รอตรวจ: missing-official-evidence
นวมินทร์,นะ-วะ-มิน,,pending,pending,,,รอตรวจ: missing-official-evidence
นวรัตน์,นะ-วะ-รัด,,pending,pending,,,รอตรวจ: missing-official-evidence
นวลจันทร์,นวน-จัน,,pending,pending,,,รอตรวจ: missing-official-evidence
นวลนารา,นวน-นา-รา,,pending,pending,,,รอตรวจ: missing-official-evidence
นวลลออ,นวน-ละ-ออ,,pending,pending,,,รอตรวจ: missing-official-evidence
นวลละออง,นวน-ละ-อง,,pending,pending,,,รอตรวจ: missing-official-evidence
นวลลักษณ์,นวน-ละ-ลัก,,pending,pending,,,รอตรวจ: missing-official-evidence
นวลวรรณ,นวน-วัน,,pending,pending,,,รอตรวจ: missing-official-evidence
นวลอนันต์,นวน-อะ-นัน,,pending,pending,,,รอตรวจ: missing-official-evidence
นวลอร,นวน-ละ-ออน,,pending,pending,,,รอตรวจ: missing-official-evidence
นววินท์,นะ-วะ-วิน,,pending,pending,,,รอตรวจ: missing-official-evidence
นวะ,นะ-วะ,,pending,pending,,,รอตรวจ: missing-official-evidence
นวัช,นะ-วัด,,pending,pending,,,รอตรวจ: missing-official-evidence
นวัชวรมน์,นะ-วัด-ชะ-วะ-มอน,,pending,pending,,,รอตรวจ: missing-official-evidence
นวัธ,นะ-วัด,,pending,pending,,,รอตรวจ: missing-official-evidence
นวันธร,นะ-วัน-ทอน,,pending,pending,,,รอตรวจ: missing-official-evidence
นวัส,นะ-วัด,,pending,pending,,,รอตรวจ: missing-official-evidence
นวิท,นะ-วิด,,pending,pending,,,รอตรวจ: missing-official-evidence
นวิน,นะ-วิน,,pending,pending,,,รอตรวจ: missing-official-evidence
นวินดา,นะ-วิน-ดา,,pending,pending,,,รอตรวจ: missing-official-evidence
นวิษฐ์,นะ-วิด,,pending,pending,,,รอตรวจ: missing-official-evidence
นักรบ,นัก-รบ,,pending,pending,,,รอตรวจ: missing-official-evidence
นัจกร,นัด-จะ-กอน,,pending,pending,,,รอตรวจ: missing-official-evidence
นัชญภัค,นัด-ชะ-ยะ-พัก,,pending,pending,,,รอตรวจ: missing-official-evidence
นัชปัณม์,นัด-ปัน,,pending,pending,,,รอตรวจ: missing-official-evidence
นัฐกิจ,นัด-ถะ-กิด,,pending,pending,,,รอตรวจ: missing-official-evidence
นัฐธิฌา,นัด-ทิ-ชา,,pending,pending,,,รอตรวจ: missing-official-evidence
นัฐพงษ์,นัด-ถะ-พง,,pending,pending,,,รอตรวจ: missing-official-evidence
นัฐมล,นัด-ถะ-มน,,pending,pending,,,รอตรวจ: missing-official-evidence
นัฐวุธ,นัด-ถะ-วุด,,pending,pending,,,รอตรวจ: missing-official-evidence
นัทฏิมา,นัด-ติ-มา,,pending,pending,,,รอตรวจ: missing-official-evidence
นัทธ์ชวัล,นัด-ชะ-วัน,,pending,pending,,,รอตรวจ: missing-official-evidence
นัทธ์ธนัน,นัด-ทะ-นัน,,pending,pending,,,รอตรวจ: missing-official-evidence
นัทธมน,นัด-ทะ-มน,,pending,pending,,,รอตรวจ: missing-official-evidence
นัทธวัชร์,นัด-ทะ-วัด,,pending,pending,,,รอตรวจ: missing-official-evidence
นัทธิ์,นัด,,pending,pending,,,รอตรวจ: missing-official-evidence
นัธมล,นัด-ทะ-มน,,pending,pending,,,รอตรวจ: missing-official-evidence
นันต์ชวัล,นัน-ชะ-วัน,,pending,pending,,,รอตรวจ: missing-official-evidence
นันทญา,นัน-ทะ-ยา,,pending,pending,,,รอตรวจ: missing-official-evidence
นันท์ธร,นัน-ทอน,,pending,pending,,,รอตรวจ: missing-official-evidence
นันทนภัส,นัน-ทะ-นะ-พัด,,pending,pending,,,รอตรวจ: missing-official-evidence
นันท์นภัส,นัน-นะ-พัด,,pending,pending,,,รอตรวจ: missing-official-evidence
นันท์นภัสร์,นัน-นะ-พัด,,pending,pending,,,รอตรวจ: missing-official-evidence
นันท์นภิศ,นัน-นะ-พิด,,pending,pending,,,รอตรวจ: missing-official-evidence
นันท์นรินทร์,นัน-นะ-ริน,,pending,pending,,,รอตรวจ: missing-official-evidence
นันท์นรี,นัน-นะ-รี,,pending,pending,,,รอตรวจ: missing-official-evidence
นันท์นลิน,นัน-นะ-ลิน,,pending,pending,,,รอตรวจ: missing-official-evidence
นันทนัช,นัน-ทะ-นัด,,pending,pending,,,รอตรวจ: missing-official-evidence
นันทนัท,นัน-ทะ-นัด,,pending,pending,,,รอตรวจ: missing-official-evidence
นันทนา,นัน-ทะ-นา,,pending,pending,,,รอตรวจ: missing-official-evidence
นันทพงศ์,นัน-ทะ-พง,,pending,pending,,,รอตรวจ: missing-official-evidence
นันท์มนัส,นัน-มะ-นัด,,pending,pending,,,รอตรวจ: missing-official-evidence
นันทวงษ์,นัน-ทะ-วง,,pending,pending,,,รอตรวจ: missing-official-evidence
นันทวัฒน์,นัน-ทะ-วัด,,pending,pending,,,รอตรวจ: missing-official-evidence
นันทวิช,นัน-ทะ-วิด,,pending,pending,,,รอตรวจ: missing-official-evidence
นันทศักดิ์,นัน-ทะ-สัก,,pending,pending,,,รอตรวจ: missing-official-evidence
นันทะ,นัน-ทะ,,pending,pending,,,รอตรวจ: missing-official-evidence
นันทิช,นัน-ทิด,,pending,pending,,,รอตรวจ: missing-official-evidence
นันทิชา,นัน-ทิ-ชา,,pending,pending,,,รอตรวจ: missing-official-evidence
นันทิญา,นัน-ทิ-ยา,,pending,pending,,,รอตรวจ: missing-official-evidence
นันทิน,นัน-ทิน,,pending,pending,,,รอตรวจ: missing-official-evidence
นันทิภร,นัน-ทิ-พอน,,pending,pending,,,รอตรวจ: missing-official-evidence
นันทิมา,นัน-ทิ-มา,,pending,pending,,,รอตรวจ: missing-official-evidence
นันทิวร,นัน-ทิ-วอน,,pending,pending,,,รอตรวจ: missing-official-evidence
นันทิวรรธน์,นัน-ทิ-วัด,,pending,pending,,,รอตรวจ: missing-official-evidence
นันทิวา,นัน-ทิ-วา,,pending,pending,,,รอตรวจ: missing-official-evidence
นันทิศ,นัน-ทิด,,pending,pending,,,รอตรวจ: missing-official-evidence
นันธกร,นัน-ทะ-กอน,,pending,pending,,,รอตรวจ: missing-official-evidence
นันธกันต์,นัน-ทะ-กัน,,pending,pending,,,รอตรวจ: missing-official-evidence
นันธ์ชวัล,นัน-ชะ-วัน,,pending,pending,,,รอตรวจ: missing-official-evidence
นันธนิษฐ์,นัน-ทะ-นิด,,pending,pending,,,รอตรวจ: missing-official-evidence
นับเงิน,นับ-เงิน,,pending,pending,,,รอตรวจ: missing-official-evidence
นาคคง,นา-คง,,pending,pending,,,รอตรวจ: missing-official-evidence
นาคคำ,นาก-คำ,,pending,pending,,,รอตรวจ: missing-official-evidence
นาคเงิน,นาก-เงิน,,pending,pending,,,รอตรวจ: missing-official-evidence
นาคดิลก,นาก-ดิน-ละ-กด,,pending,pending,,,รอตรวจ: missing-official-evidence
นาคนาวา,นาก-นา-วา,,pending,pending,,,รอตรวจ: missing-official-evidence
นาคนิรันดร์,นาก-นิ-รัน,,pending,pending,,,รอตรวจ: missing-official-evidence
นาคะธัช,นา-คะ-ทัด,,pending,pending,,,รอตรวจ: missing-official-evidence
นาคิณ,นา-คิน,,pending,pending,,,รอตรวจ: missing-official-evidence
นาคิน,นา-คิน,,pending,pending,,,รอตรวจ: missing-official-evidence
นาโค,นา-โค,,pending,pending,,,รอตรวจ: missing-official-evidence
นาฏนารี,นาด-นา-รี,,pending,pending,,,รอตรวจ: missing-official-evidence
นาธาร,นา-ทาน,,pending,pending,,,รอตรวจ: missing-official-evidence
นาธิน,นา-ทิน,,pending,pending,,,รอตรวจ: missing-official-evidence
นาธิป,นา-ทิบ,,pending,pending,,,รอตรวจ: missing-official-evidence
นานนท์,นาน-นน,,pending,pending,,,รอตรวจ: missing-official-evidence
นามนคร,นา-มน-คอน,,pending,pending,,,รอตรวจ: missing-official-evidence
นามิ,นา-มิ,,pending,pending,,,รอตรวจ: missing-official-evidence
นารอบคำ,นา-รอบ-คำ,,pending,pending,,,รอตรวจ: missing-official-evidence
นารา,นา-รา,,pending,pending,,,รอตรวจ: missing-official-evidence
นาราธร,นา-รา-ทอน,,pending,pending,,,รอตรวจ: missing-official-evidence
นาราธา,นา-รา-ทา,,pending,pending,,,รอตรวจ: missing-official-evidence
นาราวิน,นา-รา-วิน,,pending,pending,,,รอตรวจ: missing-official-evidence
นาริฐา,นา-ริ-ถา,,pending,pending,,,รอตรวจ: missing-official-evidence
นาริณ,นา-ริน,,pending,pending,,,รอตรวจ: missing-official-evidence
นาริณธิน,นา-ริน-ทิน,,pending,pending,,,รอตรวจ: missing-official-evidence
นาริน,นา-ริน,,pending,pending,,,รอตรวจ: missing-official-evidence
นารินทร์,นา-ริน,,pending,pending,,,รอตรวจ: missing-official-evidence
นารินธา,นา-ริน,,pending,pending,,,รอตรวจ: missing-official-evidence
นารินา,นา-ริ-กา,,pending,pending,,,รอตรวจ: missing-official-evidence
นารีนาถ,นา-รี-นาด,,pending,pending,,,รอตรวจ: missing-official-evidence
นารีรัตน์,นา-รี-รัด,,pending,pending,,,รอตรวจ: missing-official-evidence
นารีริน,นา-รี-ริน,,pending,pending,,,รอตรวจ: missing-official-evidence
นารีวรรณ,นา-รี-วัน,,pending,pending,,,รอตรวจ: missing-official-evidence
นาไร,นา-ไร,,pending,pending,,,รอตรวจ: missing-official-evidence
นาวัท,นา-วัด,,pending,pending,,,รอตรวจ: missing-official-evidence
นาวัทธร,นา-วัด-ทอน,,pending,pending,,,รอตรวจ: missing-official-evidence
นาวา,นา-วา,,pending,pending,,,รอตรวจ: missing-official-evidence
นาวาธิน,นา-วา-ทิน,,pending,pending,,,รอตรวจ: missing-official-evidence
นาวารักษ์,นา-วา-รัก,,pending,pending,,,รอตรวจ: missing-official-evidence
นาวาริน,นา-วา-ริน,,pending,pending,,,รอตรวจ: missing-official-evidence
นาวารี,นา-วา-รี,,pending,pending,,,รอตรวจ: missing-official-evidence
นาวิก,นา-วิก,,pending,pending,,,รอตรวจ: missing-official-evidence
นาวิณ,นา-วิน,,pending,pending,,,รอตรวจ: missing-official-evidence
นาวิธร,นา-วิ-ทอน,,pending,pending,,,รอตรวจ: missing-official-evidence
นาวิน,นา-วิน,,pending,pending,,,รอตรวจ: missing-official-evidence
นาวินท์,นา-วิน,,pending,pending,,,รอตรวจ: missing-official-evidence
นาวินทร์,นา-วิน,,pending,pending,,,รอตรวจ: missing-official-evidence
นาวินธร,นา-วิน-ทอน,,pending,pending,,,รอตรวจ: missing-official-evidence
นาวินธา,นา-วิน-ทา,,pending,pending,,,รอตรวจ: missing-official-evidence
นาวินธิน,นา-วิน-ทิน,,pending,pending,,,รอตรวจ: missing-official-evidence
นาวินภัทร,นา-วิน-พัด-ทรอ,,pending,pending,,,รอตรวจ: missing-official-evidence
นาวินวัท,นา-วิน-วัด,,pending,pending,,,รอตรวจ: missing-official-evidence
นาวินา,นา-วิ-นา,,pending,pending,,,รอตรวจ: missing-official-evidence
นาวินาอิน,นา-วิ-นา-อิน,,pending,pending,,,รอตรวจ: missing-official-evidence
นาวิล,นา-วิน,,pending,pending,,,รอตรวจ: missing-official-evidence
นาหอคำ,นา-หอก-คำ,,pending,pending,,,รอตรวจ: missing-official-evidence
นำโชค,นำ-โชก,,pending,pending,,,รอตรวจ: missing-official-evidence
นิ,นิ,,pending,pending,,,รอตรวจ: missing-official-evidence
นิกม์,นิก,,pending,pending,,,รอตรวจ: missing-official-evidence
นิกร,นิ-กอน,,pending,pending,,,รอตรวจ: missing-official-evidence
นิกษา,นิก-สา,,pending,pending,,,รอตรวจ: missing-official-evidence
นิจจรา,นิด-จะ-รา,,pending,pending,,,รอตรวจ: missing-official-evidence
นิจจารีย์,นิด-จา-รี,,pending,pending,,,รอตรวจ: missing-official-evidence
นิจฉรา,นิด-ฉะ-รา,,pending,pending,,,รอตรวจ: missing-official-evidence
นิจประกิจ,นิด-ประ-กิด,,pending,pending,,,รอตรวจ: missing-official-evidence
นิจวรา,นิด-วะ-รา,,pending,pending,,,รอตรวจ: missing-official-evidence
นิจวรีย์,นิด-จะ-วะ-รี,,pending,pending,,,รอตรวจ: missing-official-evidence
นิช,นิด,,pending,pending,,,รอตรวจ: missing-official-evidence
นิชคุณ,นิด-ชะ-คุน,,pending,pending,,,รอตรวจ: missing-official-evidence
นิชญา,นิ-ชะ-ยา,,pending,pending,,,รอตรวจ: missing-official-evidence
นิชวิชญ์,นิ-ชะ-วิด,,pending,pending,,,รอตรวจ: missing-official-evidence
นิฏฐา,นิด-ถา,,pending,pending,,,รอตรวจ: missing-official-evidence
นิติกฤตย์,นิ-ติ-กริด,,pending,pending,,,รอตรวจ: missing-official-evidence
นิติธร,นิ-ติ-ทอน,,pending,pending,,,รอตรวจ: missing-official-evidence
นิติพงษ์,นิ-ติ-พง,,pending,pending,,,รอตรวจ: missing-official-evidence
นิติพร,นิ-ติ-พอน,,pending,pending,,,รอตรวจ: missing-official-evidence
นิติภัทร,นิ-ติ-พัด,,pending,pending,,,รอตรวจ: missing-official-evidence
นิทธนต์,นิด-ทน,,pending,pending,,,รอตรวจ: missing-official-evidence
นิทธันต์,นิด-ทัน,,pending,pending,,,รอตรวจ: missing-official-evidence
นิทรา,นิด-ซา,,pending,pending,,,รอตรวจ: missing-official-evidence
นิธาน,นิ-ทาน,,pending,pending,,,รอตรวจ: missing-official-evidence
นิธิ,นิ-ทิ,,pending,pending,,,รอตรวจ: missing-official-evidence
นิธิกร,นิ-ทิ-กอน,,pending,pending,,,รอตรวจ: missing-official-evidence
นิธิกรณ์,นิ-ทิ-กอน,,pending,pending,,,รอตรวจ: missing-official-evidence
นิธิชญา,นิ-ทิ-ชะ-ยา,,pending,pending,,,รอตรวจ: missing-official-evidence
นิธิชวดล,นิ-ทิ-ชะ-วะ-ดน,,pending,pending,,,รอตรวจ: missing-official-evidence
นิธิเดช,นิ-ทิ-เดด,,pending,pending,,,รอตรวจ: missing-official-evidence
นิธิธร,นิ-ธิ-ทอน,,pending,pending,,,รอตรวจ: missing-official-evidence
นิธินัณธโรจน์,นิ-ทิ-นัน-โรด,,pending,pending,,,รอตรวจ: missing-official-evidence
นิธินันณ์,นิ-ทิ-นัน,,pending,pending,,,รอตรวจ: missing-official-evidence
นิธินันท์,นิ-ทิ-นัน,,pending,pending,,,รอตรวจ: missing-official-evidence
นิธิพร,นิ-ทิ-พอน,,pending,pending,,,รอตรวจ: missing-official-evidence
นิธิภณ,นิ-ทิ-พน,,pending,pending,,,รอตรวจ: missing-official-evidence
นิธิภัค,นิ-ทิ-พัก,,pending,pending,,,รอตรวจ: missing-official-evidence
นิธิภัทร์,นิ-ทิ-พัด,,pending,pending,,,รอตรวจ: missing-official-evidence
นิธิมา,นิ-ทิ-มา,,pending,pending,,,รอตรวจ: missing-official-evidence
นิธิรุจน์,นิ-ทิ-รุด,,pending,pending,,,รอตรวจ: missing-official-evidence
นิธิวัษธารา,นิ-ทิ-วัด-ทา-รา,,pending,pending,,,รอตรวจ: missing-official-evidence
นิธิวารินทร์,นิ-ทิ-วา-ริน,,pending,pending,,,รอตรวจ: missing-official-evidence
นิธิวินท์,นิ-ทิ-วิน,,pending,pending,,,รอตรวจ: missing-official-evidence
นิธิศ,นิ-ทิด,,pending,pending,,,รอตรวจ: missing-official-evidence
นิธิสรณ์,นิ-ทิ-สอน,,pending,pending,,,รอตรวจ: missing-official-evidence
นิธิอำไพ,นิ-ทิ-อำ-ไพ,,pending,pending,,,รอตรวจ: missing-official-evidence
นิธูร,นิ-ทูน,,pending,pending,,,รอตรวจ: missing-official-evidence
นิน,นิน,,pending,pending,,,รอตรวจ: missing-official-evidence
นิภัทร์,นิ-พัด,,pending,pending,,,รอตรวจ: missing-official-evidence
นิภาพร,นิ-พา-พอน,,pending,pending,,,รอตรวจ: missing-official-evidence
นิภารัตน์,นิ-พา-รัด,,pending,pending,,,รอตรวจ: missing-official-evidence
นิ่มนวล,นิ่ม-นวน,,pending,pending,,,รอตรวจ: missing-official-evidence
นิมมาน,นิม-มาน,,pending,pending,,,รอตรวจ: missing-official-evidence
นิมิง,นิ-มิง,,pending,pending,,,รอตรวจ: missing-official-evidence
นิรฉรา,นิ-ระ-ฉะ-รา,,pending,pending,,,รอตรวจ: missing-official-evidence
นิรชร,นิ-ระ-ชอน,,pending,pending,,,รอตรวจ: missing-official-evidence
นิรภร,นิ-ระ-พอน,,pending,pending,,,รอตรวจ: missing-official-evidence
นิรภัฏ,นิ-ระ-พัด,,pending,pending,,,รอตรวจ: missing-official-evidence
นิรมน,นิ-ระ-มน,,pending,pending,,,รอตรวจ: missing-official-evidence
นิรมล,นิ-ระ-มน,,pending,pending,,,รอตรวจ: missing-official-evidence
นิรวิทธ์,นิ-ระ-วิด,,pending,pending,,,รอตรวจ: missing-official-evidence
นิรัช,นิ-รัด,,pending,pending,,,รอตรวจ: missing-official-evidence
นิรัชญา,นิ-รัด-ชะ-ยา,,pending,pending,,,รอตรวจ: missing-official-evidence
นิรัฐ,นิ-รัด,,pending,pending,,,รอตรวจ: missing-official-evidence
นิรัณน์,นิ-รัน,,pending,pending,,,รอตรวจ: missing-official-evidence
นิรัน,นิ-รัน,,pending,pending,,,รอตรวจ: missing-official-evidence
นิรันด์ขจร,นิ-รัน-จอน,,pending,pending,,,รอตรวจ: missing-official-evidence
นิรันดร์,นิ-รัน,,pending,pending,,,รอตรวจ: missing-official-evidence
นิรันธน์,นิ-รัน,,pending,pending,,,รอตรวจ: missing-official-evidence
นิรามิทร์,นิ-รา-มิด,,pending,pending,,,รอตรวจ: missing-official-evidence
นิรินธน์,นิ-ริน,,pending,pending,,,รอตรวจ: missing-official-evidence
นิรุไท,นิ-รุ-ไท,,pending,pending,,,รอตรวจ: missing-official-evidence
นิโรธ,นิ-โรด,,pending,pending,,,รอตรวจ: missing-official-evidence
นิล,นิล,,pending,pending,,,รอตรวจ: missing-official-evidence
นิลเขต,นิ-ละ-เขด,,pending,pending,,,รอตรวจ: missing-official-evidence
นิลจันทร์,นิล-จัน,,pending,pending,,,รอตรวจ: missing-official-evidence
นิลเปรม,นิน-ละ-ปะ-ระ-มะ,,pending,pending,,,รอตรวจ: missing-official-evidence
นิลารักษ์,นิ-ลา-รัก,,pending,pending,,,รอตรวจ: missing-official-evidence
นิลาวรรณ,นิ-ลา-วัน,,pending,pending,,,รอตรวจ: missing-official-evidence
นิเลาะ,นิ-เลาะ,,pending,pending,,,รอตรวจ: missing-official-evidence
นิโลบล,นิ-โล-บน,,pending,pending,,,รอตรวจ: missing-official-evidence
นิวงษา,นิ-วง-สา,,pending,pending,,,รอตรวจ: missing-official-evidence
นิวรินทร์,นิว-นะ-ริน,,pending,pending,,,รอตรวจ: missing-official-evidence
นิวิฐ,นิ-วิด,,pending,pending,,,รอตรวจ: missing-official-evidence
นิเวช,นิ-เวด,,pending,pending,,,รอตรวจ: missing-official-evidence
นิษฐ์,นิด,,pending,pending,,,รอตรวจ: missing-official-evidence
นิษฐกรณ์,นิด-ถะ-กอน,,pending,pending,,,รอตรวจ: missing-official-evidence
นิษฐนนท์,นิด-สะ-นน,,pending,pending,,,รอตรวจ: missing-official-evidence
นิษฐ์สิริ,นิด-สิ-หริ,,pending,pending,,,รอตรวจ: missing-official-evidence
นิษฐา,นิด-ถา,,pending,pending,,,รอตรวจ: missing-official-evidence
นิษณา,นิด-สะ-นา,,pending,pending,,,รอตรวจ: missing-official-evidence
นิอร,นิ-ออน,,pending,pending,,,รอตรวจ: missing-official-evidence
นีรนาท,นี-ระ-นาด,,pending,pending,,,รอตรวจ: missing-official-evidence
นีรภัทร,นี-ระ-พัด,,pending,pending,,,รอตรวจ: missing-official-evidence
นีรินทร์,นี-ริน,,pending,pending,,,รอตรวจ: missing-official-evidence
นีออน,นี-ออน,,pending,pending,,,รอตรวจ: missing-official-evidence
นุจรีย์,นุด-จะ-รี,,pending,pending,,,รอตรวจ: missing-official-evidence
นุจลิน,นุด-จะ-ลิน,,pending,pending,,,รอตรวจ: missing-official-evidence
นุชนาฏ,นุด-ชะ-นาด,,pending,pending,,,รอตรวจ: missing-official-evidence
นุชนารถ,นุด-ชะ-นาด,,pending,pending,,,รอตรวจ: missing-official-evidence
นุชรี,นุด-ชะ-รี,,pending,pending,,,รอตรวจ: missing-official-evidence
นุรักษ์,นุ-รัก,,pending,pending,,,รอตรวจ: missing-official-evidence
โนรา,โน-รา,,pending,pending,,,รอตรวจ: missing-official-evidence
โนริน,โน-ริน,,pending,pending,,,รอตรวจ: missing-official-evidence
โนลิน,โน-ลิน,,pending,pending,,,รอตรวจ: missing-official-evidence
โนวา,โน-วา,,pending,pending,,,รอตรวจ: missing-official-evidence
โนวิน,โน-วิน,,pending,pending,,,รอตรวจ: missing-official-evidence
โนอาห์,โน้า,,pending,pending,,,รอตรวจ: missing-official-evidence
ไนท์,ไน,,pending,pending,,,รอตรวจ: missing-official-evidence
บงกช,บง-กด,,pending,pending,,,รอตรวจ: missing-official-evidence
บงกชกร,บง-กด-กอน,,pending,pending,,,รอตรวจ: missing-official-evidence
บงกชนุช,บง-กด-ชะ-นะ,,pending,pending,,,รอตรวจ: missing-official-evidence
บงกชพร,บง-กด-พอน,,pending,pending,,,รอตรวจ: missing-official-evidence
บงกชเพชร,บง-กด-เพ็ด,,pending,pending,,,รอตรวจ: missing-official-evidence
บงกชภัค,บง-กด-พัก,,pending,pending,,,รอตรวจ: missing-official-evidence
บงกชมาศ,บง-กด-มะ-ชาด,,pending,pending,,,รอตรวจ: missing-official-evidence
บงกชรัตน์,บง-กด-รัด,,pending,pending,,,รอตรวจ: missing-official-evidence
บงกชรัศมิ์,บง-กด-รัด,,pending,pending,,,รอตรวจ: missing-official-evidence
บงกชลักษณ์,บง-กด-ลัก,,pending,pending,,,รอตรวจ: missing-official-evidence
บงกร,บง-กอน,,pending,pending,,,รอตรวจ: missing-official-evidence
บดินทร์,บอ-ดิน,,pending,pending,,,รอตรวจ: missing-official-evidence
บดี,บอ-ดี,,pending,pending,,,รอตรวจ: missing-official-evidence
บดีศร,บอ-ดี-สอน,,pending,pending,,,รอตรวจ: missing-official-evidence
บรมวุฒิ,บอ-รม-มะ-วุด,,pending,pending,,,รอตรวจ: missing-official-evidence
บรมัตถ์,บะ-ระ-มัด,,pending,pending,,,รอตรวจ: missing-official-evidence
บรรจงประสิทธิ์,บัน-จง-ประ-สิด,,pending,pending,,,รอตรวจ: missing-official-evidence
บรรจงปรุ,บัน-จง-ปรุ,,pending,pending,,,รอตรวจ: missing-official-evidence
บรรจบ,บัน-จบ,,pending,pending,,,รอตรวจ: missing-official-evidence
บรรเจิด,บัน-เจิด,,pending,pending,,,รอตรวจ: missing-official-evidence
บรรณกร,บัน-นะ-กอน,,pending,pending,,,รอตรวจ: missing-official-evidence
บรรณนนท์,บัน-นะ-นน,,pending,pending,,,รอตรวจ: missing-official-evidence
บรรณพัชร์,บัน-นะ-พัด,,pending,pending,,,รอตรวจ: missing-official-evidence
บรรณพิชญ์,บัน-นะ-พิด,,pending,pending,,,รอตรวจ: missing-official-evidence
บรรณพิทย์,บัน-นะ-พิด,,pending,pending,,,รอตรวจ: missing-official-evidence
บรรณรต,บัน-นะ-รด,,pending,pending,,,รอตรวจ: missing-official-evidence
บรรณรัตน์,บัน-นะ-รัด,,pending,pending,,,รอตรวจ: missing-official-evidence
บรรณวัชร,บัน-นะ-วัด,,pending,pending,,,รอตรวจ: missing-official-evidence
บรรณวัฒน์,บัน-นะ-วัด,,pending,pending,,,รอตรวจ: missing-official-evidence
บรรณวิชญ์,บัน-นะ-วิด,,pending,pending,,,รอตรวจ: missing-official-evidence
บรรณวิทิต,บัน-นะ-วิ-ทิด,,pending,pending,,,รอตรวจ: missing-official-evidence
บรรณสรณ์,บัน-นะ-สอน,,pending,pending,,,รอตรวจ: missing-official-evidence
บรรณสิทธิ์,บัน-นะ-สิด,,pending,pending,,,รอตรวจ: missing-official-evidence
บรรพกร,บอ-ระ-พะ-กอน,,pending,pending,,,รอตรวจ: missing-official-evidence
บรรพต,บัน-พด,,pending,pending,,,รอตรวจ: missing-official-evidence
บรรพธี,บัน-พะ-ที,,pending,pending,,,รอตรวจ: missing-official-evidence
บรรยงก์,บัน-ยง,,pending,pending,,,รอตรวจ: missing-official-evidence
บรรยงภรณ์,บอ-รง-ยะ-พอน,,pending,pending,,,รอตรวจ: missing-official-evidence
บรรลือเกียรติ์,บัน-ลือ-เกีย-ระ-ติ,,pending,pending,,,รอตรวจ: missing-official-evidence
บรรลือชัย,บัน-ลือ-ไช,,pending,pending,,,รอตรวจ: missing-official-evidence
บรรลือศักดิ์,บัน-ลือ-สัก,,pending,pending,,,รอตรวจ: missing-official-evidence
บรรหาร,บัน-หาร,,pending,pending,,,รอตรวจ: missing-official-evidence
บราวน์,บราว,,pending,pending,,,รอตรวจ: missing-official-evidence
บริค,บอ-ริก,,pending,pending,,,รอตรวจ: missing-official-evidence
บริณต,บอ-ริ-นด,,pending,pending,,,รอตรวจ: missing-official-evidence
บริณัย,บอ-ริ-ไน,,pending,pending,,,รอตรวจ: missing-official-evidence
บริธาน,บอ-ริ-ทาน,,pending,pending,,,รอตรวจ: missing-official-evidence
บริบูรณ์,บอ-ริ-บูน,,pending,pending,,,รอตรวจ: missing-official-evidence
บริพันธ์,บอ-ริ-พัน,,pending,pending,,,รอตรวจ: missing-official-evidence
บริรักษ์,บอ-ริ-เรด,,pending,pending,,,รอตรวจ: missing-official-evidence
บริวัตร,บะ-ริ-วัด,,pending,pending,,,รอตรวจ: missing-official-evidence
บริษัทมณฑล,บอ-ริ-สัด-ทะ-มน,,pending,pending,,,รอตรวจ: missing-official-evidence
บรีฟ,บรีฟ,,pending,pending,,,รอตรวจ: missing-official-evidence
บรูค,บรู-ค,,pending,pending,,,รอตรวจ: missing-official-evidence
บรูโน่,บรู-โน่,,pending,pending,,,รอตรวจ: missing-official-evidence
บลิ้ง,บลิ้ง,,pending,pending,,,รอตรวจ: missing-official-evidence
บลิงค์,บะ-ริง,,pending,pending,,,รอตรวจ: missing-official-evidence
บลิซ,บลิ-ซด,,pending,pending,,,รอตรวจ: missing-official-evidence
บลู,บลู,,pending,pending,,,รอตรวจ: missing-official-evidence
บวร,บอ-วอน,,pending,pending,,,รอตรวจ: missing-official-evidence
บวรกฤษฎิ์,บอ-วอ-ระ-กริด,,pending,pending,,,รอตรวจ: missing-official-evidence
บวรกานต์,บอ-วอ-ระ-กาน,,pending,pending,,,รอตรวจ: missing-official-evidence
บวรกิตติ์,บอ-วอ-ระ-กิด,,pending,pending,,,รอตรวจ: missing-official-evidence
บวรเกียรติ์,บอ-วอน-เกียน,,pending,pending,,,รอตรวจ: missing-official-evidence
บวรชนก,บอ-วอน-ชะ-นก,,pending,pending,,,รอตรวจ: missing-official-evidence
บวรชัช,บอ-วอ-ระ-ชัด,,pending,pending,,,รอตรวจ: missing-official-evidence
บวรชัย,บะ-วอน-ไช,,pending,pending,,,รอตรวจ: missing-official-evidence
บวรเดช,บอ-วอ-ระ-เดด,,pending,pending,,,รอตรวจ: missing-official-evidence
บวรทัต,บอ-วอ-ระ-ทัด,,pending,pending,,,รอตรวจ: missing-official-evidence
บวรนันท์,บอ-วอ-ระ-นัน,,pending,pending,,,รอตรวจ: missing-official-evidence
บวรนิตย์,บอ-วอน-นิด,,pending,pending,,,รอตรวจ: missing-official-evidence
บวรพจน์,บอ-วอ-ระ-พด,,pending,pending,,,รอตรวจ: missing-official-evidence
บวรพรรณ,บอ-วอน-พัน,,pending,pending,,,รอตรวจ: missing-official-evidence
บวรพล,บอ-วอน-พน,,pending,pending,,,รอตรวจ: missing-official-evidence
บวรพัฒน์,บอ-วอน-พัด,,pending,pending,,,รอตรวจ: missing-official-evidence
บวรภพ,บอ-วอน-พบ,,pending,pending,,,รอตรวจ: missing-official-evidence
บวรภัค,บอ-วอน-พัก,,pending,pending,,,รอตรวจ: missing-official-evidence
บวรภัทร,บอ-วอน-พัด-ทรอ,,pending,pending,,,รอตรวจ: missing-official-evidence
บวรยุทธ,บอ-วอน-ยุด,,pending,pending,,,รอตรวจ: missing-official-evidence
บวรรัช,บอ-วอน-รัด,,pending,pending,,,รอตรวจ: missing-official-evidence
บวรรัตน์,บอ-วะ-รัด,,pending,pending,,,รอตรวจ: missing-official-evidence
บวรลักษณ์,บอ-วอน-ลัก,,pending,pending,,,รอตรวจ: missing-official-evidence
บวรวงศ์,บอ-วอ-ระ-วง,,pending,pending,,,รอตรวจ: missing-official-evidence
บวรวัจน์,บอ-วอ-ระ-วัด,,pending,pending,,,รอตรวจ: missing-official-evidence
บวรวัฒน์,บอ-วอน-วัด,,pending,pending,,,รอตรวจ: missing-official-evidence
บวรวิช,บะ-วอน-วิด,,pending,pending,,,รอตรวจ: missing-official-evidence
บวรวิชญ์,บอ-วอน-วิด,,pending,pending,,,รอตรวจ: missing-official-evidence
บวรวิทย์,บอ-วอน-วิด,,pending,pending,,,รอตรวจ: missing-official-evidence
บวรศักดิ์,บอ-วอน-สัก,,pending,pending,,,รอตรวจ: missing-official-evidence
บวรศักย์,บอ-วอน-สัก,,pending,pending,,,รอตรวจ: missing-official-evidence
บวรสิทธิ์,บอ-วอ-ระ-สิด,,pending,pending,,,รอตรวจ: missing-official-evidence
บวรอาภา,บอ-วอ-ระ-พา,,pending,pending,,,รอตรวจ: missing-official-evidence
บอล,บอน,,pending,pending,,,รอตรวจ: missing-official-evidence
บังคล,บัง-คน,,pending,pending,,,รอตรวจ: missing-official-evidence
บั้งเงิน,บั้ง-เงิน,,pending,pending,,,รอตรวจ: missing-official-evidence
บังอร,บัง-ออน,,pending,pending,,,รอตรวจ: missing-official-evidence
บังอรสิริ,บัง-ออน-สิ-หริ,,pending,pending,,,รอตรวจ: missing-official-evidence
บัญจรัตน์,บัน-จะ-รัด,,pending,pending,,,รอตรวจ: missing-official-evidence
บัญชร,บัน-ชอน,,pending,pending,,,รอตรวจ: missing-official-evidence
บัญญพนต์,บัน-ยะ-พน,,pending,pending,,,รอตรวจ: missing-official-evidence
บัญญรัฐ,บัน-ยะ-รัด,,pending,pending,,,รอตรวจ: missing-official-evidence
บัญญวัต,บัน-ยะ-วัด,,pending,pending,,,รอตรวจ: missing-official-evidence
บัญญวัติ,บัน-ยะ-วัด,,pending,pending,,,รอตรวจ: missing-official-evidence
บัญญวิต,บัน-ยะ-วิด,,pending,pending,,,รอตรวจ: missing-official-evidence
บัญฑิตา,บัน-ทิ-ตา,,pending,pending,,,รอตรวจ: missing-official-evidence
บัญพนต์,บัน-พน,,pending,pending,,,รอตรวจ: missing-official-evidence
บัณฑร,บัน-ทอน,,pending,pending,,,รอตรวจ: missing-official-evidence
บัณฑรนาค,บัน-ทะ-ระ-นา-คะ,,pending,pending,,,รอตรวจ: missing-official-evidence
บัณฑรวรรณ,บัน-ทะ-ระ-วัน,,pending,pending,,,รอตรวจ: missing-official-evidence
บัณฑิต,บัน-ดิด,,pending,pending,,,รอตรวจ: missing-official-evidence
บัณฑิตย์,บัน-ดิด,,pending,pending,,,รอตรวจ: missing-official-evidence
บัณฑิตา,บัน-ทิ-ตา,,pending,pending,,,รอตรวจ: missing-official-evidence
บัณฑุ,บัน-ทุ,,pending,pending,,,รอตรวจ: missing-official-evidence
บัณฑุนาค,บัน-ทุ-นาก,,pending,pending,,,รอตรวจ: missing-official-evidence
บัณฑูร,บัน-ทูน,,pending,pending,,,รอตรวจ: missing-official-evidence
บัณณรส,บัน-นะ-รด,,pending,pending,,,รอตรวจ: missing-official-evidence
บัณดล,บัน-ดน,,pending,pending,,,รอตรวจ: missing-official-evidence
บัณทัต,บัน-ทัด,,pending,pending,,,รอตรวจ: missing-official-evidence
บัณพร,บัน-นะ-พอน,,pending,pending,,,รอตรวจ: missing-official-evidence
บันดล,บัด-ดน,,pending,pending,,,รอตรวจ: missing-official-evidence
บัลยงก์,บัน-ยง,,pending,pending,,,รอตรวจ: missing-official-evidence
บัลลพ,บัน-ลบ,,pending,pending,,,รอตรวจ: missing-official-evidence
บัวกลิ่น,บัว-กลิ่น,,pending,pending,,,รอตรวจ: missing-official-evidence
บัวงาม,บัว-งาม,,pending,pending,,,รอตรวจ: missing-official-evidence
บัวจันทร์,บัว-จัน,,pending,pending,,,รอตรวจ: missing-official-evidence
บัวเจริญ,บัว-จะ-เริน,,pending,pending,,,รอตรวจ: missing-official-evidence
บัวชิด,บัว-ชิด,,pending,pending,,,รอตรวจ: missing-official-evidence
บัวณัฐ,บัว-นัด,,pending,pending,,,รอตรวจ: missing-official-evidence
บัวทิพย์,บัว-ทิบ,,pending,pending,,,รอตรวจ: missing-official-evidence
บัวนาค,บัว-นาก,,pending,pending,,,รอตรวจ: missing-official-evidence
บัวบงกช,บัว-บง-กด,,pending,pending,,,รอตรวจ: missing-official-evidence
บัวบูชา,บัว-บู-ชา,,pending,pending,,,รอตรวจ: missing-official-evidence
บัวรัศมิ์,บัว-รัด,,pending,pending,,,รอตรวจ: missing-official-evidence
บัวลักษณ์,บัว-ลัก,,pending,pending,,,รอตรวจ: missing-official-evidence
บัวลา,บัว-ลา,,pending,pending,,,รอตรวจ: missing-official-evidence
บัวลำ,บัว-ลำ,,pending,pending,,,รอตรวจ: missing-official-evidence
บัวลุม,บัว-ลุม,,pending,pending,,,รอตรวจ: missing-official-evidence
บัวอินทร์,บัว-อิน,,pending,pending,,,รอตรวจ: missing-official-evidence
บาจรีย์,บาด-จะ-รี,,pending,pending,,,รอตรวจ: missing-official-evidence
บาจิกา,บา-จิ-กา,,pending,pending,,,รอตรวจ: missing-official-evidence
บาจิกาพร,บา-จิ-กา-พอน,,pending,pending,,,รอตรวจ: missing-official-evidence
บารมี,บา-ระ-มี,,pending,pending,,,รอตรวจ: missing-official-evidence
บำเพ็ญ,บำ-เพ็น,,pending,pending,,,รอตรวจ: missing-official-evidence
บิณฑ์,บิน,,pending,pending,,,รอตรวจ: missing-official-evidence
บินมามะ,บิน-มา-มะ,,pending,pending,,,รอตรวจ: missing-official-evidence
บิว,บิว,,pending,pending,,,รอตรวจ: missing-official-evidence
บุญเกตุ,บุน-ยะ-เกด,,pending,pending,,,รอตรวจ: missing-official-evidence
บุญเกิด,บุน-เกิด,,pending,pending,,,รอตรวจ: missing-official-evidence
บุญเกียรติ,บุน-ยะ-เกียด,,pending,pending,,,รอตรวจ: missing-official-evidence
บุญเกื้อ,บุน-เกื้อ,,pending,pending,,,รอตรวจ: missing-official-evidence
บุญเขต,บุน-ยะ-เขด,,pending,pending,,,รอตรวจ: missing-official-evidence
บุญงาม,บุน-งาม,,pending,pending,,,รอตรวจ: missing-official-evidence
บุญจง,บุน-จง,,pending,pending,,,รอตรวจ: missing-official-evidence
บุญจรัส,บุน-จะ-รัด,,pending,pending,,,รอตรวจ: missing-official-evidence
บุญจิตร,บุน-จิด,,pending,pending,,,รอตรวจ: missing-official-evidence
บุญชญา,บุน-ชะ-ยา,,pending,pending,,,รอตรวจ: missing-official-evidence
บุญชนะ,บุน-ชะ-นะ,,pending,pending,,,รอตรวจ: missing-official-evidence
บุญชนิต,บุน-ชะ-นิด,,pending,pending,,,รอตรวจ: missing-official-evidence
บุญชม,บุน-ชม,,pending,pending,,,รอตรวจ: missing-official-evidence
บุญช่วย,บุน-ช่วย,,pending,pending,,,รอตรวจ: missing-official-evidence
บุญชัย,บุน-ไช,,pending,pending,,,รอตรวจ: missing-official-evidence
บุญชาญ,บุน-ชาน,,pending,pending,,,รอตรวจ: missing-official-evidence
บุญญเกียรติ,บุน-ยะ-เกียด,,pending,pending,,,รอตรวจ: missing-official-evidence
บุญญปัญญ์,บุน-ยะ-ปัน,,pending,pending,,,รอตรวจ: missing-official-evidence
บุญญรัตน์,บ-ญ-ร,,pending,pending,,,รอตรวจ: missing-official-evidence
บุญญฤทธิ์,บุน-ยะ-ริด,,pending,pending,,,รอตรวจ: missing-official-evidence
บุญญา,บุน-ยา,,pending,pending,,,รอตรวจ: missing-official-evidence
บุญญาณัฐ,บุน-ยา-นัด,,pending,pending,,,รอตรวจ: missing-official-evidence
บุญญาดา,บุน-ยา-ดา,,pending,pending,,,รอตรวจ: missing-official-evidence
บุญญานนท์,บุน-ยา-นน,,pending,pending,,,รอตรวจ: missing-official-evidence
บุญญานุช,บุน-ยา-นุช,,pending,pending,,,รอตรวจ: missing-official-evidence
บุญญาพร,บุน-ยา-พอน,,pending,pending,,,รอตรวจ: missing-official-evidence
บุญญาภา,บุน-ยา-พา,,pending,pending,,,รอตรวจ: missing-official-evidence
บุญญารัศมิ์,บุน-ยา-รัด,,pending,pending,,,รอตรวจ: missing-official-evidence
บุญญิสา,บุน-ยิ-สา,,pending,pending,,,รอตรวจ: missing-official-evidence
บุญฑริกา,บุน-ทะ-ริ-กา,,pending,pending,,,รอตรวจ: missing-official-evidence
บุญณิศา,บุน-นิ-สา,,pending,pending,,,รอตรวจ: missing-official-evidence
บุญทรง,บุน-ซรง,,pending,pending,,,รอตรวจ: missing-official-evidence
บุญทรัพย์,บุน-ทรับ,,pending,pending,,,รอตรวจ: missing-official-evidence
บุญทริกา,บุน-ทิ-ระ,,pending,pending,,,รอตรวจ: missing-official-evidence
บุญทวี,บุน-ทะ-วี,,pending,pending,,,รอตรวจ: missing-official-evidence
บุญทิพา,บุน-ทิ-พา,,pending,pending,,,รอตรวจ: missing-official-evidence
บุญทิวา,บุน-ทิ-วา,,pending,pending,,,รอตรวจ: missing-official-evidence
บุญธร,บุน-ทอน,,pending,pending,,,รอตรวจ: missing-official-evidence
บุญธรรม,บุน-ทำ,,pending,pending,,,รอตรวจ: missing-official-evidence
บุญธัช,บุน-ทัด,,pending,pending,,,รอตรวจ: missing-official-evidence
บุญนิตย์,บุน-ยะ-นิด,,pending,pending,,,รอตรวจ: missing-official-evidence
บุญนิธิ,บุน-ยะ-นิ-ทิ,,pending,pending,,,รอตรวจ: missing-official-evidence
บุญนิศา,บุน-นิ-สา,,pending,pending,,,รอตรวจ: missing-official-evidence
บุญนิสา,บุน-นิ-สา,,pending,pending,,,รอตรวจ: missing-official-evidence
บุญนุช,บุน-นะ-ชุด,,pending,pending,,,รอตรวจ: missing-official-evidence
บุญพัฒน์,บุน-ยะ-พัด,,pending,pending,,,รอตรวจ: missing-official-evidence
บุญพิทักษ์,บุน-พิ-ทัก,,pending,pending,,,รอตรวจ: missing-official-evidence
บุญพิพัฒน์,บุน-ยะ-พิ-พัด,,pending,pending,,,รอตรวจ: missing-official-evidence
บุญมา,บุน-มา,,pending,pending,,,รอตรวจ: missing-official-evidence
บุญมี,บุน-มี,,pending,pending,,,รอตรวจ: missing-official-evidence
บุญยง,บุน-ยง,,pending,pending,,,รอตรวจ: missing-official-evidence
บุญยรัตน์,บุน-ยะ-รัด,,pending,pending,,,รอตรวจ: missing-official-evidence
บุญยวีย์,บุน-ยะ-วี,,pending,pending,,,รอตรวจ: missing-official-evidence
บุญยืน,บุน-ยืน,,pending,pending,,,รอตรวจ: missing-official-evidence
บุญรอด,บุน-รอด,,pending,pending,,,รอตรวจ: missing-official-evidence
บุญรัตน์,บุน-ยะ-รัด,,pending,pending,,,รอตรวจ: missing-official-evidence
บุญเรือน,บุน-เรือน,,pending,pending,,,รอตรวจ: missing-official-evidence
บุญฤทธิ์,บุน-ยะ-ริด,,pending,pending,,,รอตรวจ: missing-official-evidence
บุญเลิศ,บุน-เลิด,,pending,pending,,,รอตรวจ: missing-official-evidence
บุญวัศ,บุน-ยะ-วัด,,pending,pending,,,รอตรวจ: missing-official-evidence
บุญศิริ,บุน-ยะ-สิ-หริ,,pending,pending,,,รอตรวจ: missing-official-evidence
บุญส่ง,บุน-ส่ง,,pending,pending,,,รอตรวจ: missing-official-evidence
บุญสิตา,บุน-สิ-ตา,,pending,pending,,,รอตรวจ: missing-official-evidence
บุญสิทธิ์,บุน-ยะ-สิด,,pending,pending,,,รอตรวจ: missing-official-evidence
บุญสิริ,บุน-ยะ-สิ-หริ,,pending,pending,,,รอตรวจ: missing-official-evidence
บุญเสริม,บุน-เสิม,,pending,pending,,,รอตรวจ: missing-official-evidence
บุญหลาย,บุน-หลาย,,pending,pending,,,รอตรวจ: missing-official-evidence
บุญเหลือ,บุน-เหลือ,,pending,pending,,,รอตรวจ: missing-official-evidence
บุณฑรีก์,บุน-ดะ-รี,,pending,pending,,,รอตรวจ: missing-official-evidence
บุณณดา,บุน-นะ-ดา,,pending,pending,,,รอตรวจ: missing-official-evidence
บุณทริก,บุน-ทะ-ริก,,pending,pending,,,รอตรวจ: missing-official-evidence
บุณพกร,บุน-นะ-พะ-กอน,,pending,pending,,,รอตรวจ: missing-official-evidence
บุณพจน์,บุน-นะ-พด,,pending,pending,,,รอตรวจ: missing-official-evidence
บุณมี,บุน-นะ-มี,,pending,pending,,,รอตรวจ: missing-official-evidence
บุณย์,บุน,,pending,pending,,,รอตรวจ: missing-official-evidence
บุณยกร,บุน-ยะ-กอน,,pending,pending,,,รอตรวจ: missing-official-evidence
บุณยกฤต,บุน-ยะ-กริด,,pending,pending,,,รอตรวจ: missing-official-evidence
บุณยจิตต์,บุน-ยะ-จิด,,pending,pending,,,รอตรวจ: missing-official-evidence
บุณยชน,บุน-ยะ-ชน,,pending,pending,,,รอตรวจ: missing-official-evidence
บุณยชา,บุน-ยะ-ชา,,pending,pending,,,รอตรวจ: missing-official-evidence
บุณย์ญานุช,บุน-ยา-นุด,,pending,pending,,,รอตรวจ: missing-official-evidence
บุณยเณจฉ์,บุน-ยะ-เน,,pending,pending,,,รอตรวจ: missing-official-evidence
บุณยธร,บุน-ยะ-ทอน,,pending,pending,,,รอตรวจ: missing-official-evidence
บุณยนุช,บุน-ยะ-นุด,,pending,pending,,,รอตรวจ: missing-official-evidence
บุณยพร,บุน-ยะ-พอน,,pending,pending,,,รอตรวจ: missing-official-evidence
บุณยพัต,บุน-ยะ-พัด,,pending,pending,,,รอตรวจ: missing-official-evidence
บุณยภู,บุน-ยะ-พู,,pending,pending,,,รอตรวจ: missing-official-evidence
บุณยวีร์,บุน-ยะ-วี,,pending,pending,,,รอตรวจ: missing-official-evidence
บุณยอร,บุน-ยะ-ออน,,pending,pending,,,รอตรวจ: missing-official-evidence
บุณยากร,บุน-ยา-กอน,,pending,pending,,,รอตรวจ: missing-official-evidence
บุณยานุช,บุน-ยา-นุด,,pending,pending,,,รอตรวจ: missing-official-evidence
บุณยาพร,บุน-ยา-พอน,,pending,pending,,,รอตรวจ: missing-official-evidence
บุณิกา,บุ-นิ-กา,,pending,pending,,,รอตรวจ: missing-official-evidence
บุตรดี,บุด-ดี,,pending,pending,,,รอตรวจ: missing-official-evidence
บุนนาค,บุน-นาก,,pending,pending,,,รอตรวจ: missing-official-evidence
บุปผา,บุบ-ผา,,pending,pending,,,รอตรวจ: missing-official-evidence
บุปผาสวรรค์,บุบ-ผะ-สา-วัน,,pending,pending,,,รอตรวจ: missing-official-evidence
บุพกร,บุบ-พะ-กอน,,pending,pending,,,รอตรวจ: missing-official-evidence
บุรกฤดิ,บุ-ระ-กริด,,pending,pending,,,รอตรวจ: missing-official-evidence
บุรเกียรติ,บุ-ระ-เกียน,,pending,pending,,,รอตรวจ: missing-official-evidence
บุรชัย,บุ-ระ-ไช,,pending,pending,,,รอตรวจ: missing-official-evidence
บุรณพร,บุ-ระ-นะ-พอน,,pending,pending,,,รอตรวจ: missing-official-evidence
บุรณะ,บุ-ระ-นะ,,pending,pending,,,รอตรวจ: missing-official-evidence
บุรธัช,บุ-ระ-ทัด,,pending,pending,,,รอตรวจ: missing-official-evidence
บุรนนท์,บุ-ระ-นน,,pending,pending,,,รอตรวจ: missing-official-evidence
บุรบุษย์,บุ-ระ-บุด,,pending,pending,,,รอตรวจ: missing-official-evidence
บุรพทิศ,บุ-รบ-ทิด,,pending,pending,,,รอตรวจ: missing-official-evidence
บุรพร,บุ-ระ-พอน,,pending,pending,,,รอตรวจ: missing-official-evidence
บุรพล,บุ-ระ-พน,,pending,pending,,,รอตรวจ: missing-official-evidence
บุรพัฒน์,บุ-ระ-พัด,,pending,pending,,,รอตรวจ: missing-official-evidence
บุรวิช,บุ-หระ-วิด,,pending,pending,,,รอตรวจ: missing-official-evidence
บุรเศรษฐ์,บุ-ระ-เสด,,pending,pending,,,รอตรวจ: missing-official-evidence
บุรัสกร,บุ-หรัด-สะ-กอน,,pending,pending,,,รอตรวจ: missing-official-evidence
บุรินทร์,บุ-ริน,,pending,pending,,,รอตรวจ: missing-official-evidence
บุรินทร์พัฒน์,บุ-ริน-พัด,,pending,pending,,,รอตรวจ: missing-official-evidence
บุรินทร์ภัทร,บุ-ริน-พัด-ทรอ,,pending,pending,,,รอตรวจ: missing-official-evidence
บุรินทร์ยศ,บุ-รน-ยด,,pending,pending,,,รอตรวจ: missing-official-evidence
บุรินทร์รัตน์,บุ-ริน-รัด,,pending,pending,,,รอตรวจ: missing-official-evidence
บุรินทร์ลักษณ์,บุ-ริน-ลัก,,pending,pending,,,รอตรวจ: missing-official-evidence
บุรินทร์วัชร์,บุ-ริน,,pending,pending,,,รอตรวจ: missing-official-evidence
บุรินทร์วิชญ์,บุ-ริน-วิด,,pending,pending,,,รอตรวจ: missing-official-evidence
บุรินทร์ศักย์,บุ-ริน-สัก,,pending,pending,,,รอตรวจ: missing-official-evidence
บุรินทร์สิทธิ์,บุ-ริน-ทิด,,pending,pending,,,รอตรวจ: missing-official-evidence
บุริมทิศ,บุ-ริม-ทิด,,pending,pending,,,รอตรวจ: missing-official-evidence
บุริศร์,บุ-ริด,,pending,pending,,,รอตรวจ: missing-official-evidence
บุรี,บุ-รี,,pending,pending,,,รอตรวจ: missing-official-evidence
บุลกร,บุ-ละ-กอน,,pending,pending,,,รอตรวจ: missing-official-evidence
บุลกิต,บุน-กิด,,pending,pending,,,รอตรวจ: missing-official-evidence
บุลพร,บุ-ละ-พอน,,pending,pending,,,รอตรวจ: missing-official-evidence
บุลพศ,บุน-ละ-พด,,pending,pending,,,รอตรวจ: missing-official-evidence
บุลพิชญ์,บุน-ละ-พิด,,pending,pending,,,รอตรวจ: missing-official-evidence
บุลภร,บุ-ละ-พอน,,pending,pending,,,รอตรวจ: missing-official-evidence
บุลภรณ์,บุน-ละ-พอน,,pending,pending,,,รอตรวจ: missing-official-evidence
บุลภัทร,บุ-ละ-พัด,,pending,pending,,,รอตรวจ: missing-official-evidence
บุลลา,บุน-ลา,,pending,pending,,,รอตรวจ: missing-official-evidence
บุลวัชร,บุ-ละ-วัด,,pending,pending,,,รอตรวจ: missing-official-evidence
บุศบก,บุด-สะ-บอก,,pending,pending,,,รอตรวจ: missing-official-evidence
บุศรา,บุด-สะ-รา,,pending,pending,,,รอตรวจ: missing-official-evidence
บุษกร,บุด-สะ-กอน,,pending,pending,,,รอตรวจ: missing-official-evidence
บุษกล,บุด-สะ-กน,,pending,pending,,,รอตรวจ: missing-official-evidence
บุษบง,บุด-สะ-บง,,pending,pending,,,รอตรวจ: missing-official-evidence
บุษบรรณ,บุด-สะ-บัน,,pending,pending,,,รอตรวจ: missing-official-evidence
บุษบัณ,บุด-สะ-บัน,,pending,pending,,,รอตรวจ: missing-official-evidence
บุษบัน,บุด-สะ-บัน,,pending,pending,,,รอตรวจ: missing-official-evidence
บุษบา,บุด-สะ-บา,,pending,pending,,,รอตรวจ: missing-official-evidence
บุษบาคม,บุด-สะ-บา-คม,,pending,pending,,,รอตรวจ: missing-official-evidence
บุษบาบัณ,บุด-สะ-บา-อัน,,pending,pending,,,รอตรวจ: missing-official-evidence
บุษปภัทร,บุด-สะ-ปะ-พัด,,pending,pending,,,รอตรวจ: missing-official-evidence
บุษปรัชต์,บุด-สะ-ปะ-รัด,,pending,pending,,,รอตรวจ: missing-official-evidence
บุษปวัน,บุด-สะ-ปะ-วัน,,pending,pending,,,รอตรวจ: missing-official-evidence
บุษย์,บุด,,pending,pending,,,รอตรวจ: missing-official-evidence
บุษยมาส,บุด-สะ-ยะ-มาด,,pending,pending,,,รอตรวจ: missing-official-evidence
บุษยา,บุด-สะ-ยา,,pending,pending,,,รอตรวจ: missing-official-evidence
บุษราคัม,บุด-สะ-รา-คำ,,pending,pending,,,รอตรวจ: missing-official-evidence
บุหงา,บุ-หงา,,pending,pending,,,รอตรวจ: missing-official-evidence
บุหรง,บุ-หรง,,pending,pending,,,รอตรวจ: missing-official-evidence
บุหลัน,บุ-หลัน,,pending,pending,,,รอตรวจ: missing-official-evidence
บูชิต,บู-ชิด,,pending,pending,,,รอตรวจ: missing-official-evidence
บูรณ์,บูน,,pending,pending,,,รอตรวจ: missing-official-evidence
บูรณ์ชัย,บู-ไช,,pending,pending,,,รอตรวจ: missing-official-evidence
บูรณ์ไชย,บูน-ไช,,pending,pending,,,รอตรวจ: missing-official-evidence
บูรณ์พิพัฒน์,บูน-พิ-พัด,,pending,pending,,,รอตรวจ: missing-official-evidence
บูรณ์พิภพ,บูน-พิ-พบ,,pending,pending,,,รอตรวจ: missing-official-evidence
บูรณ์พิสิฐ,บูน-พิ-สิด,,pending,pending,,,รอตรวจ: missing-official-evidence
บูรณมาส,บู-ระ-นะ-มาด,,pending,pending,,,รอตรวจ: missing-official-evidence
บูรณมี,บู-ระ-นะ-มี,,pending,pending,,,รอตรวจ: missing-official-evidence
บูรณ์รวิศร์,บูน-ระ-วิด,,pending,pending,,,รอตรวจ: missing-official-evidence
บูรณ์วริทธิ์,บูน-วะ-ริด,,pending,pending,,,รอตรวจ: missing-official-evidence
บูรณ์วิรัช,บูน-วิ-รัด,,pending,pending,,,รอตรวจ: missing-official-evidence
บูรณ์วิวัฒน์,บูน-วิ-วัด,,pending,pending,,,รอตรวจ: missing-official-evidence
บูรณ์วิสิษฐ์,บู-ระ-วิ-สิด,,pending,pending,,,รอตรวจ: missing-official-evidence
บูรณิน,บู-ระ-นิน,,pending,pending,,,รอตรวจ: missing-official-evidence
บูรณิมา,บู-ระ-นิ-มา,,pending,pending,,,รอตรวจ: missing-official-evidence
บูรณี,บู-ระ-นี,,pending,pending,,,รอตรวจ: missing-official-evidence
บูรพา,บู-ระ-พา,,pending,pending,,,รอตรวจ: missing-official-evidence
บูละ,บู-ละ,,pending,pending,,,รอตรวจ: missing-official-evidence
เบญจมภร,เบ็น-จะ-มะ-พอน,,pending,pending,,,รอตรวจ: missing-official-evidence
เบญจรักษ์,เบ็น-จะ-รัก,,pending,pending,,,รอตรวจ: missing-official-evidence
เบญจวรรณ,เบ็น-จะ-วัน,,pending,pending,,,รอตรวจ: missing-official-evidence
เบญจวรรณ์,เบ็น-จะ-วัน,,pending,pending,,,รอตรวจ: missing-official-evidence
เบญจา,เบน-จา,,pending,pending,,,รอตรวจ: missing-official-evidence
เบญชญา,เบ็น-ยะ-ชะ-ยา,,pending,pending,,,รอตรวจ: missing-official-evidence
เบญอิบรอน,เบย-อิ-บอน-นอ,,pending,pending,,,รอตรวจ: missing-official-evidence
เบ็บ,เบ็บ,,pending,pending,,,รอตรวจ: missing-official-evidence
เบรน,เบรน,,pending,pending,,,รอตรวจ: missing-official-evidence
เบรนดอน,เบรน-ดอน,,pending,pending,,,รอตรวจ: missing-official-evidence
เบล,เบน,,pending,pending,,,รอตรวจ: missing-official-evidence
เบลน,เบลน,,pending,pending,,,รอตรวจ: missing-official-evidence
เบลม,เบ-ลม,,pending,pending,,,รอตรวจ: missing-official-evidence
เบลล์,เบน,,pending,pending,,,รอตรวจ: missing-official-evidence
เบิร์ก,เบิก,,pending,pending,,,รอตรวจ: missing-official-evidence
เบิร์น,เบิน,,pending,pending,,,รอตรวจ: missing-official-evidence
ใบตอง,ใบ-ตอง,,pending,pending,,,รอตรวจ: missing-official-evidence
ใบบัว,ใบ-บัว,,pending,pending,,,รอตรวจ: missing-official-evidence
ใบปอ,ไบ-ปอ,,pending,pending,,,รอตรวจ: missing-official-evidence
ใบไหม,ไบ-ไหม,,pending,pending,,,รอตรวจ: missing-official-evidence
ปกรณ์ชัย,ปะ-กอน-ไช,,pending,pending,,,รอตรวจ: missing-official-evidence
ปคุณ,ปะ-คุน,,pending,pending,,,รอตรวจ: missing-official-evidence
ปคุณา,ปะ-คุ-นา,,pending,pending,,,รอตรวจ: missing-official-evidence
ปคุนา,ปะ-คุ-นา,,pending,pending,,,รอตรวจ: missing-official-evidence
ปงศ์ปณต,ปง-ปะ-นด,,pending,pending,,,รอตรวจ: missing-official-evidence
ปฎก,ปะ-ดก,,pending,pending,,,รอตรวจ: missing-official-evidence
ปฏษฏิ์,ปริด-สะ,,pending,pending,,,รอตรวจ: missing-official-evidence
ปฏิคม,ปะ-ติ-คม,,pending,pending,,,รอตรวจ: missing-official-evidence
ปฏิญญา,ปะ-ติน-ยา,,pending,pending,,,รอตรวจ: missing-official-evidence
ปฏิญาณ,ปะ-ติ-ยาน,,pending,pending,,,รอตรวจ: missing-official-evidence
ปฏิพน,ปะ-ติ-พน,,pending,pending,,,รอตรวจ: missing-official-evidence
ปฏิรูป,ปะ-ติ-รูบ,,pending,pending,,,รอตรวจ: missing-official-evidence
ปฏิเวท,ปะ-ติ-เวด,,pending,pending,,,รอตรวจ: missing-official-evidence
ปฏิษฏิ์,ปะ-ติ-สะ,,pending,pending,,,รอตรวจ: missing-official-evidence
ปฐพี,ปะ-ถะ-พี,,pending,pending,,,รอตรวจ: missing-official-evidence
ปฐมฌาน,ปะ-ถม-ชาน,,pending,pending,,,รอตรวจ: missing-official-evidence
ปฐมวิชญ์,ปะ-ถม-มะ-วิด,,pending,pending,,,รอตรวจ: missing-official-evidence
ปฐมา,ปะ-ถะ-มา,,pending,pending,,,รอตรวจ: missing-official-evidence
ปฐวิกรณ์,ปะ-ถะ-วิ-กอน,,pending,pending,,,รอตรวจ: missing-official-evidence
ปณณธิช,ปะ-นะ-นะ-ทิด,,pending,pending,,,รอตรวจ: missing-official-evidence
ปณณวิชญ์,ปะ-นะ-นะ-วิด,,pending,pending,,,รอตรวจ: missing-official-evidence
ปณิตา,ปะ-นิ-ตา,,pending,pending,,,รอตรวจ: missing-official-evidence
ปณิธิ,ปะ-นิ-ทิ,,pending,pending,,,รอตรวจ: missing-official-evidence
ปณิศา,ปะ-นิ-สา,,pending,pending,,,รอตรวจ: missing-official-evidence
ปธานิน,ผู-ทิน,,pending,pending,,,รอตรวจ: missing-official-evidence
ปธานินท์,ผู-ทิ-นน,,pending,pending,,,รอตรวจ: missing-official-evidence
ปนัดดา,ปะ-นัด-ดา,,pending,pending,,,รอตรวจ: missing-official-evidence
ปพน,ปะ-พน,,pending,pending,,,รอตรวจ: missing-official-evidence
ปพนธนัย,ปะ-พน-ทะ-ไน,,pending,pending,,,รอตรวจ: missing-official-evidence
ปพนธีร์,ปะ-พน-ที,,pending,pending,,,รอตรวจ: missing-official-evidence
ปภังกร,ปะ-พัง-กอน,,pending,pending,,,รอตรวจ: missing-official-evidence
ปภาณ,ปะ-พาน,,pending,pending,,,รอตรวจ: missing-official-evidence
ปภาวิน,ปะ-พา-วิน,,pending,pending,,,รอตรวจ: missing-official-evidence
ปภินวิช,ปะ-พิน-วิด,,pending,pending,,,รอตรวจ: missing-official-evidence
ปรณ,ปรน,,pending,pending,,,รอตรวจ: missing-official-evidence
ปรมภัค,ปะ-ระ-มะ-พัก,,pending,pending,,,รอตรวจ: missing-official-evidence
ปรมะ,ปะ-ระ-มะ,,pending,pending,,,รอตรวจ: missing-official-evidence
ปรมะกร,ปะ-ระ-มะ-กอน,,pending,pending,,,รอตรวจ: missing-official-evidence
ปรมะภัค,ปะ-ระ-มะ-พัก,,pending,pending,,,รอตรวจ: missing-official-evidence
ปรมะเวท,ปะ-ระ-เม-ทะ,,pending,pending,,,รอตรวจ: missing-official-evidence
ปรมัตถ์,ปะ-ระ-มัด,,pending,pending,,,รอตรวจ: missing-official-evidence
ปรมินทร์,ปะ-ระ-มิน,,pending,pending,,,รอตรวจ: missing-official-evidence
ปรรณ,ปัน,,pending,pending,,,รอตรวจ: missing-official-evidence
ปรรณกร,ปัน-กอน,,pending,pending,,,รอตรวจ: missing-official-evidence
ปรรณภัค,ปัน-พัก,,pending,pending,,,รอตรวจ: missing-official-evidence
ปรรณรัก,ปัน-รัก,,pending,pending,,,รอตรวจ: missing-official-evidence
ปรรณวัชร,ปัน-วัด,,pending,pending,,,รอตรวจ: missing-official-evidence
ปรรณวิสิฐ,ปัน-นะ-วิ-สิด,,pending,pending,,,รอตรวจ: missing-official-evidence
ปรรนิกร์,ปัน-นิ-กร,,pending,pending,,,รอตรวจ: missing-official-evidence
ปรวรรษ,ปอ-ระ-วัด,,pending,pending,,,รอตรวจ: missing-official-evidence
ปรวัน,ปะ-ระ-วัน,,pending,pending,,,รอตรวจ: missing-official-evidence
ประกรณ์,ประ-กอน,,pending,pending,,,รอตรวจ: missing-official-evidence
ประกอบ,ประ-กอบ,,pending,pending,,,รอตรวจ: missing-official-evidence
ประครอง,ประ-ครอง,,pending,pending,,,รอตรวจ: missing-official-evidence
ประคอง,ประ-คอง,,pending,pending,,,รอตรวจ: missing-official-evidence
ประคัลภ์,ประ-คัน,,pending,pending,,,รอตรวจ: missing-official-evidence
ประคำนอก,ประ-คำ-นอก,,pending,pending,,,รอตรวจ: missing-official-evidence
ประคุณ,ประ-คุน,,pending,pending,,,รอตรวจ: missing-official-evidence
ประจงจัด,ประ-จง-จัด,,pending,pending,,,รอตรวจ: missing-official-evidence
ประจวบ,ประ-จวบ,,pending,pending,,,รอตรวจ: missing-official-evidence
ประเจตน์,ประ-เจด,,pending,pending,,,รอตรวจ: missing-official-evidence
ประเชิญ,ประ-เชิน,,pending,pending,,,รอตรวจ: missing-official-evidence
ประณต,ประ-นด,,pending,pending,,,รอตรวจ: missing-official-evidence
ประณพ,ประ-นบ,,pending,pending,,,รอตรวจ: missing-official-evidence
ประณม,ประ-นม,,pending,pending,,,รอตรวจ: missing-official-evidence
ประณิธิ,ประ-นิ-ทิ,,pending,pending,,,รอตรวจ: missing-official-evidence
ประไณย,ประ-ไน,,pending,pending,,,รอตรวจ: missing-official-evidence
ประดิษฐ,ประ-ดิด,,pending,pending,,,รอตรวจ: missing-official-evidence
ประดิษฐ์,ประ-ดิด,,pending,pending,,,รอตรวจ: missing-official-evidence
ประดิษฐา,ประ-ดิด-ถา,,pending,pending,,,รอตรวจ: missing-official-evidence
ประทวน,ประ-ทวน,,pending,pending,,,รอตรวจ: missing-official-evidence
ประทักษ์,ประ-ทัก,,pending,pending,,,รอตรวจ: missing-official-evidence
ประธาน,ประ-ทาน,,pending,pending,,,รอตรวจ: missing-official-evidence
ประนอม,ประ-นอม,,pending,pending,,,รอตรวจ: missing-official-evidence
ประไพ,ประ-ไพ,,pending,pending,,,รอตรวจ: missing-official-evidence
ประภวิษณุ์,ประ-พะ-วิด,,pending,pending,,,รอตรวจ: missing-official-evidence
ประมณฑ์,ประ-มน,,pending,pending,,,รอตรวจ: missing-official-evidence
ประมนัส,ประ-มะ-นัด,,pending,pending,,,รอตรวจ: missing-official-evidence
ประวัณ,ประ-วัน,,pending,pending,,,รอตรวจ: missing-official-evidence
ประวันวิทย์,ประ-วัน-วิด,,pending,pending,,,รอตรวจ: missing-official-evidence
ประวาลปัทม์,ประ-วา-ละ-ปัด,,pending,pending,,,รอตรวจ: missing-official-evidence
ประวิชญา,ประ-วิด-ชะ-ยา,,pending,pending,,,รอตรวจ: missing-official-evidence
ประวีณ,ประ-วีน,,pending,pending,,,รอตรวจ: missing-official-evidence
ประวีร์,ประ-วี,,pending,pending,,,รอตรวจ: missing-official-evidence
ประสพ,ประ-สบ,,pending,pending,,,รอตรวจ: missing-official-evidence
ประสิทธิ์,ประ-สิด,,pending,pending,,,รอตรวจ: missing-official-evidence
ปรัก,ปรัก,,pending,pending,,,รอตรวจ: missing-official-evidence
ปรัชญ์ชัย,ปรัด-ไช,,pending,pending,,,รอตรวจ: missing-official-evidence
ปรัชญ์ธนัช,ปรัด-ทะ-นัด,,pending,pending,,,รอตรวจ: missing-official-evidence
ปรัชญ์พงศ์,ปรัด-ชะ-พง,,pending,pending,,,รอตรวจ: missing-official-evidence
ปรัชญา,ปรัด-ชะ-ยา,,pending,pending,,,รอตรวจ: missing-official-evidence
ปรัชญาธรรศ,ปรัด-ชะ-ยา-ทัด,,pending,pending,,,รอตรวจ: missing-official-evidence
ปรัชญานันท์,ปรัด-ชะ-ยา-นัน,,pending,pending,,,รอตรวจ: missing-official-evidence
ปรัญ,ปะ-ไหล,,pending,pending,,,รอตรวจ: missing-official-evidence
ปรัญวิชญ์,ปะ-รัน-ยะ-วิด,,pending,pending,,,รอตรวจ: missing-official-evidence
ปรัตถ์,ปะ-รัด,,pending,pending,,,รอตรวจ: missing-official-evidence
ปรัธนา,ปรัด-ทะ-นา,,pending,pending,,,รอตรวจ: missing-official-evidence
ปราญชล,ปราน-ชน,,pending,pending,,,รอตรวจ: missing-official-evidence
ปราณจักร,ปราน-จัก-กอน,,pending,pending,,,รอตรวจ: missing-official-evidence
ปราณชัย,ปราน-ไช,,pending,pending,,,รอตรวจ: missing-official-evidence
ปราณต์,ปราน,,pending,pending,,,รอตรวจ: missing-official-evidence
ปราณนต์,ปรา-นน,,pending,pending,,,รอตรวจ: missing-official-evidence
ปราณี,ปรา-นี,,pending,pending,,,รอตรวจ: missing-official-evidence
ปราณีต,ปรา-นีด,,pending,pending,,,รอตรวจ: missing-official-evidence
ปรานต์,ปราน,,pending,pending,,,รอตรวจ: missing-official-evidence
ปริชญ์,ปริด,,pending,pending,,,รอตรวจ: missing-official-evidence
ปริชญา,ปะ-ริ-ชะ-ยา,,pending,pending,,,รอตรวจ: missing-official-evidence
ปริชวัน,ปะ-ริด-ชะ-วัน,,pending,pending,,,รอตรวจ: missing-official-evidence
ปริญ,ปะ-ริน,,pending,pending,,,รอตรวจ: missing-official-evidence
ปริญญา,ปะ-ริน-ยา,,pending,pending,,,รอตรวจ: missing-official-evidence
ปริญญาวรรธน์,ปะ-ริน-ยา-วัด,,pending,pending,,,รอตรวจ: missing-official-evidence
ปริญญาวัชร,ปะ-ริน-ยา-วัด,,pending,pending,,,รอตรวจ: missing-official-evidence
ปริญญาวัชร์,ปะ-ริน-ยา-วัด,,pending,pending,,,รอตรวจ: missing-official-evidence
ปริณ,ปะ-ริน,,pending,pending,,,รอตรวจ: missing-official-evidence
ปริณญา,ปะ-ริน-ยา,,pending,pending,,,รอตรวจ: missing-official-evidence
ปริณวิชญ์,ปะ-ริน-วิด,,pending,pending,,,รอตรวจ: missing-official-evidence
ปริณวินท์,ปะ-ริน-วิน,,pending,pending,,,รอตรวจ: missing-official-evidence
ปริณาห์,ปะ-ริ-นา,,pending,pending,,,รอตรวจ: missing-official-evidence
ปริตรต์,ปะ-ริด,,pending,pending,,,รอตรวจ: missing-official-evidence
ปริเตนัง,ปะ-ริ-เต้-นัง,,pending,pending,,,รอตรวจ: missing-official-evidence
ปริทร,ปะ-ริ-ทอน,,pending,pending,,,รอตรวจ: missing-official-evidence
ปรินทร,ปะ-ริน-ทอน,,pending,pending,,,รอตรวจ: missing-official-evidence
ปรินทร์,ปะ-ริน,,pending,pending,,,รอตรวจ: missing-official-evidence
ปริภัทร์,ปะ-ริ-พัด,,pending,pending,,,รอตรวจ: missing-official-evidence
ปริม,ปะ-ริม,,pending,pending,,,รอตรวจ: missing-official-evidence
ปริมล,ปะ-ริ-มน,,pending,pending,,,รอตรวจ: missing-official-evidence
ปริเยศ,ปะ-ริ-เยด,,pending,pending,,,รอตรวจ: missing-official-evidence
ปริวัชร,ปะ-ริ-วัด,,pending,pending,,,รอตรวจ: missing-official-evidence
ปริษา,ปะ-ริ-สา,,pending,pending,,,รอตรวจ: missing-official-evidence
ปรีชา,ปรี-ชา,,pending,pending,,,รอตรวจ: missing-official-evidence
ปรีย์นันท์,ปรี-นัน,,pending,pending,,,รอตรวจ: missing-official-evidence
ปรียปราณ,ปรี-ยะ-ปราน,,pending,pending,,,รอตรวจ: missing-official-evidence
ปรีย์วรา,ปรี-วะ-รา,,pending,pending,,,รอตรวจ: missing-official-evidence
ปรียาภรณ์,ปรี-ยา-พอน,,pending,pending,,,รอตรวจ: missing-official-evidence
ปรุฬห์,ปะ-รุน,,pending,pending,,,รอตรวจ: missing-official-evidence
ปรุฬห์ไชย,ปะ-รุน-ไช,,pending,pending,,,รอตรวจ: missing-official-evidence
ปรุฬห์ธิป,ปะ-รุ-ทิบ,,pending,pending,,,รอตรวจ: missing-official-evidence
ปรุฬห์วัชร,ปะ-รุน-วัด,,pending,pending,,,รอตรวจ: missing-official-evidence
ปรุฬห์วิชญ์,ปะ-รุน-วิด,,pending,pending,,,รอตรวจ: missing-official-evidence
ปรุฬห์ศิลป์,ปะ-รุน-สิน,,pending,pending,,,รอตรวจ: missing-official-evidence
ปฤษฎี,ปริด-สะ-ดี,,pending,pending,,,รอตรวจ: missing-official-evidence
ปฤษนี,ปริด-สะ-นี,,pending,pending,,,รอตรวจ: missing-official-evidence
ปลัญช์ณกรณ์,ปะ-ลัน-จะ-กอน,,pending,pending,,,รอตรวจ: missing-official-evidence
ปลัญช์ธนกฤต,ปลัน-ตะ-ทน-กริด,,pending,pending,,,รอตรวจ: missing-official-evidence
ปวร,ปอ-วอน,,pending,pending,,,รอตรวจ: missing-official-evidence
ปวรชญา,ปะ-วอน-ชะ-ยา,,pending,pending,,,รอตรวจ: missing-official-evidence
ปวรปรัชญ์,ปะ-วอน-ปรัด,,pending,pending,,,รอตรวจ: missing-official-evidence
ปวรรุจ,ปะ-วอน-รุด,,pending,pending,,,รอตรวจ: missing-official-evidence
ปวรลักษณ์,ปอ-วอ-ระ-ลัก,,pending,pending,,,รอตรวจ: missing-official-evidence
ปวรวรรณ,ปะ-วอน-วัน,,pending,pending,,,รอตรวจ: missing-official-evidence
ปวรวิช,ปะ-วอน-วิด,,pending,pending,,,รอตรวจ: missing-official-evidence
ปวรสิทธิ์,ปอ-วอ-ระ-สิด,,pending,pending,,,รอตรวจ: missing-official-evidence
ปวรา,ปะ-วะ-รา,,pending,pending,,,รอตรวจ: missing-official-evidence
ปวริศ,ปะ-วะ-ริด,,pending,pending,,,รอตรวจ: missing-official-evidence
ปวริศร,ปะ-วะ-ริ-สอน,,pending,pending,,,รอตรวจ: missing-official-evidence
ปวริศร์,ปะ-วะ-ริด,,pending,pending,,,รอตรวจ: missing-official-evidence
ปวเรศ,ปะ-วะ-เรด,,pending,pending,,,รอตรวจ: missing-official-evidence
ปวัน,ปะ-วัน,,pending,pending,,,รอตรวจ: missing-official-evidence
ปวิช,ปะ-วิด,,pending,pending,,,รอตรวจ: missing-official-evidence
ปวิชญา,ปะ-วิ-ชะ-ยา,,pending,pending,,,รอตรวจ: missing-official-evidence
ปวิธ,ปะ-วิด,,pending,pending,,,รอตรวจ: missing-official-evidence
ปวินท์,ปะ-วิน,,pending,pending,,,รอตรวจ: missing-official-evidence
ปวินท์ธนาธร,ปะ-วิน-ทะ-นา-ทอน,,pending,pending,,,รอตรวจ: missing-official-evidence
ปวินทร,ปะ-วิน-ทอน,,pending,pending,,,รอตรวจ: missing-official-evidence
ปวิมล,ปะ-วิ-มน,,pending,pending,,,รอตรวจ: missing-official-evidence
ปวีณ์,ปะ-วี,,pending,pending,,,รอตรวจ: missing-official-evidence
ปวีณพงศ์,ปะ-วีน-พง,,pending,pending,,,รอตรวจ: missing-official-evidence
ปวีณวรรณ,ปะ-วี-นะ-วัน,,pending,pending,,,รอตรวจ: missing-official-evidence
ปวีณศักดิ์,ปะ-วีน-สัก,,pending,pending,,,รอตรวจ: missing-official-evidence
ปวีร์,ปะ-วี,,pending,pending,,,รอตรวจ: missing-official-evidence
ปษิญา,ปะ-สิ-ยา,,pending,pending,,,รอตรวจ: missing-official-evidence
ปองคุณ,ปอง-คุน,,pending,pending,,,รอตรวจ: missing-official-evidence
ปองจอมทอง,ปอง-จอม-ทอง,,pending,pending,,,รอตรวจ: missing-official-evidence
ปองธรรม,ปอง-ทำ,,pending,pending,,,รอตรวจ: missing-official-evidence
ป้องปิ่น,ป้อง-ปิ่น,,pending,pending,,,รอตรวจ: missing-official-evidence
ปองรัก,ปอง-รัก,,pending,pending,,,รอตรวจ: missing-official-evidence
ป้อมหิน,ป้อม-หิน,,pending,pending,,,รอตรวจ: missing-official-evidence
ปะลาวัน,ปะ-ลา-วัน,,pending,pending,,,รอตรวจ: missing-official-evidence
ปักนอก,ปัก-นอก,,pending,pending,,,รอตรวจ: missing-official-evidence
ปักษธร,ปัก-สะ-ทอน,,pending,pending,,,รอตรวจ: missing-official-evidence
ปักษิน,ปัก-สิน,,pending,pending,,,รอตรวจ: missing-official-evidence
ปัจจรี,ปัด-จะ-รี,,pending,pending,,,รอตรวจ: missing-official-evidence
ปัจฉิมนันท์,ปัด-ฉิม-นัน,,pending,pending,,,รอตรวจ: missing-official-evidence
ปัญกร,ปัน-ยะ-กอน,,pending,pending,,,รอตรวจ: missing-official-evidence
ปัญจ,ปัน-จด,,pending,pending,,,รอตรวจ: missing-official-evidence
ปัญจน,ปัน-จะ-นะ,,pending,pending,,,รอตรวจ: missing-official-evidence
ปัญจนัท,ปัน-จะ-นัด,,pending,pending,,,รอตรวจ: missing-official-evidence
ปัญจมา,ปัน-จะ-มา,,pending,pending,,,รอตรวจ: missing-official-evidence
ปัญจวิชญ์,ปัน-จะ-วิด,,pending,pending,,,รอตรวจ: missing-official-evidence
ปัญจวิโรจน์,ปัน-จะ-วิ-โรด,,pending,pending,,,รอตรวจ: missing-official-evidence
ปัญญ์,ปัน,,pending,pending,,,รอตรวจ: missing-official-evidence
ปัญญภัทร,ปัน-ยะ-พัด,,pending,pending,,,รอตรวจ: missing-official-evidence
ปัญญา,ปัน-ยา,,pending,pending,,,รอตรวจ: missing-official-evidence
ปัญญาวุธ,ปัน-ยา-วุด,,pending,pending,,,รอตรวจ: missing-official-evidence
ปัญณวิชร์,ปัน-นะ-วิด,,pending,pending,,,รอตรวจ: missing-official-evidence
ปัญนิษา,ปัน-นิ-สา,,pending,pending,,,รอตรวจ: missing-official-evidence
ปัฐน์,ปัด,,pending,pending,,,รอตรวจ: missing-official-evidence
ปัฐวิกรณ์,ปัด-ถะ-วิ-กอน,,pending,pending,,,รอตรวจ: missing-official-evidence
ปัณฑ์ณัฐ,ปัน-นัด,,pending,pending,,,รอตรวจ: missing-official-evidence
ปัณฑ์ธร,ปัน-ทอน,,pending,pending,,,รอตรวจ: missing-official-evidence
ปัณณ์,ปัน,,pending,pending,,,รอตรวจ: missing-official-evidence
ปัณณณรงค์,ปัน-นะ-รง,,pending,pending,,,รอตรวจ: missing-official-evidence
ปัณณธร,ปัน-นะ-ทอน,,pending,pending,,,รอตรวจ: missing-official-evidence
ปัณณธัช,ปัน-นะ-ทัด,,pending,pending,,,รอตรวจ: missing-official-evidence
ปัณณ์ธาวิน,ปัน-ทา-วิน,,pending,pending,,,รอตรวจ: missing-official-evidence
ปัณณ์ธิภัช,ปัน-ทิ-พัด,,pending,pending,,,รอตรวจ: missing-official-evidence
ปัณณรีย์,ปัน-นะ-รี,,pending,pending,,,รอตรวจ: missing-official-evidence
ปัณณวรรธ,ปัน-นะ-วัด,,pending,pending,,,รอตรวจ: missing-official-evidence
ปัณณวัชร,ปัน-นะ-วัด,,pending,pending,,,รอตรวจ: missing-official-evidence
ปัณณวัชร์,ปัน-นะ-วัด,,pending,pending,,,รอตรวจ: missing-official-evidence
ปัณณวิชญ์,ปัน-นะ-วิด,,pending,pending,,,รอตรวจ: missing-official-evidence
ปัณณวิชย์,ปัน-นะ-วิด,,pending,pending,,,รอตรวจ: missing-official-evidence
ปัณณิภัชร์,ปัน-นิ-พัด,,pending,pending,,,รอตรวจ: missing-official-evidence
ปัณภัค,ปัน-นะ-พัก,,pending,pending,,,รอตรวจ: missing-official-evidence
ปัณรส,ปัน-นะ-รด,,pending,pending,,,รอตรวจ: missing-official-evidence
ปัทม์,ปัด,,pending,pending,,,รอตรวจ: missing-official-evidence
ปัทมนันท์,ปัด-ทะ-มะ-นัน,,pending,pending,,,รอตรวจ: missing-official-evidence
ปัทมวรรณ,ปัด-ทะ-มะ-วัน,,pending,pending,,,รอตรวจ: missing-official-evidence
ปัทมา,ปัด-ทะ-มา,,pending,pending,,,รอตรวจ: missing-official-evidence
ปานเทพ,ปาน-เทบ,,pending,pending,,,รอตรวจ: missing-official-evidence
ปิญะณัฐ,ปิ-นะ-นัด,,pending,pending,,,รอตรวจ: missing-official-evidence
ปิ่นกระจัน,ปิ่น-กระ-จัน,,pending,pending,,,รอตรวจ: missing-official-evidence
ปิ่นใจ,ปิ่น-ไจ,,pending,pending,,,รอตรวจ: missing-official-evidence
ปินญา,ปิน-ยา,,pending,pending,,,รอตรวจ: missing-official-evidence
ปิ่นนมัส,ปิ่น-นะ-มัด,,pending,pending,,,รอตรวจ: missing-official-evidence
ปิ่นมนัส,ปิ่น-มะ-นัด,,pending,pending,,,รอตรวจ: missing-official-evidence
ปิยธิดา,ปิ-ยะ-ทิ-ดา,,pending,pending,,,รอตรวจ: missing-official-evidence
ปิยะณัฐ,ปิ-ยะ-นัด,,pending,pending,,,รอตรวจ: missing-official-evidence
ปิลันธนา,ปิ-ลัน-ทะ-นา,,pending,pending,,,รอตรวจ: missing-official-evidence
ปีติภัทร,ปิ-ติ-พัด,,pending,pending,,,รอตรวจ: missing-official-evidence
ปุณณดา,ปุน-นะ-ดา,,pending,pending,,,รอตรวจ: missing-official-evidence
ปุณณภพ,ปุน-นะ-พบ,,pending,pending,,,รอตรวจ: missing-official-evidence
ปุณยวีร์,ปุน-ยะ-วี,,pending,pending,,,รอตรวจ: missing-official-evidence
ปุริม,ปุ-ริม,,pending,pending,,,รอตรวจ: missing-official-evidence
ปูรณ์,ปูน,,pending,pending,,,รอตรวจ: missing-official-evidence
แปงปวน,แปง-ปวน,,pending,pending,,,รอตรวจ: missing-official-evidence
โปษัณ,โป-สัน,,pending,pending,,,รอตรวจ: missing-official-evidence
ผงธร,ผง-ทอน,,pending,pending,,,รอตรวจ: missing-official-evidence
ผงธรรม,ผง-ทำ,,pending,pending,,,รอตรวจ: missing-official-evidence
ผงวร,ผง-วอน,,pending,pending,,,รอตรวจ: missing-official-evidence
ผงวิชญ์,ผะ-หงิด,,pending,pending,,,รอตรวจ: missing-official-evidence
ผงอนันต์,ผะ-หงอน-นัน,,pending,pending,,,รอตรวจ: missing-official-evidence
ผชล,ผะ-ชน,,pending,pending,,,รอตรวจ: missing-official-evidence
ผชลนันท์,ผะ-ชะ-นะ-นัน,,pending,pending,,,รอตรวจ: missing-official-evidence
ผชลภัทร,ผะ-ชน-พัด-ทรอ,,pending,pending,,,รอตรวจ: missing-official-evidence
ผชลวรา,ผะ-ชน-วะ-รา,,pending,pending,,,รอตรวจ: missing-official-evidence
ผไท,ผะ-ไท,,pending,pending,,,รอตรวจ: missing-official-evidence
ผไทโชค,ผะ-ไท-โชก,,pending,pending,,,รอตรวจ: missing-official-evidence
ผไทธรรม,ผะ-ไท-รม,,pending,pending,,,รอตรวจ: missing-official-evidence
ผไทธรา,ผะ-ไท-ทะ-รา,,pending,pending,,,รอตรวจ: missing-official-evidence
ผไทธวัช,ผะ-ไท-ทะ-วัด,,pending,pending,,,รอตรวจ: missing-official-evidence
ผไทนนท์,ผะ-ไท-นน,,pending,pending,,,รอตรวจ: missing-official-evidence
ผไทนันท์,ผะ-ไท-นัน,,pending,pending,,,รอตรวจ: missing-official-evidence
ผไทนับ,ผะ-ไท-บัน,,pending,pending,,,รอตรวจ: missing-official-evidence
ผไทนา,ผะ-ไท-นา,,pending,pending,,,รอตรวจ: missing-official-evidence
ผไทนารถ,ผะ-ไท-นาด,,pending,pending,,,รอตรวจ: missing-official-evidence
ผไทนำ,ผะ-ไท-นำ,,pending,pending,,,รอตรวจ: missing-official-evidence
ผไทมิน,ผะ-ไท-มิน,,pending,pending,,,รอตรวจ: missing-official-evidence
ผไทระริน,ผะ-ไท-ริน,,pending,pending,,,รอตรวจ: missing-official-evidence
ผไทรัก,ผะ-ไท-รัก,,pending,pending,,,รอตรวจ: missing-official-evidence
ผไทรัช,ผะ-ไท-รัด,,pending,pending,,,รอตรวจ: missing-official-evidence
ผไทริน,ผะ-ไท-ริน,,pending,pending,,,รอตรวจ: missing-official-evidence
ผไทรินทร์,ผะ-ไท-ริน,,pending,pending,,,รอตรวจ: missing-official-evidence
ผไทรุจ,ผะ-ไท-รุด,,pending,pending,,,รอตรวจ: missing-official-evidence
ผไทรุจา,ผะ-ไท-รุ-จา,,pending,pending,,,รอตรวจ: missing-official-evidence
ผไทรุจินนท์,ผะ-ไท-รุน-จิน,,pending,pending,,,รอตรวจ: missing-official-evidence
ผไทรุจิรา,ผะ-ไท-รุ-จิ-รา,,pending,pending,,,รอตรวจ: missing-official-evidence
ผไทโรจน์,ผะ-ไท-โรด,,pending,pending,,,รอตรวจ: missing-official-evidence
ผไทล้วน,ผะ-ไท-ล้วน,,pending,pending,,,รอตรวจ: missing-official-evidence
ผไทลักษณ์,ผะ-ไท-ลัก,,pending,pending,,,รอตรวจ: missing-official-evidence
ผไทวร,ผะ-ไท-วอน,,pending,pending,,,รอตรวจ: missing-official-evidence
ผไทวรินทร์,ผะ-ไท-วะ-ริน,,pending,pending,,,รอตรวจ: missing-official-evidence
ผไทวิชญ์,ผะ-ไท-วิด,,pending,pending,,,รอตรวจ: missing-official-evidence
ผไทวิน,ผะ-ไท-วิน,,pending,pending,,,รอตรวจ: missing-official-evidence
ผไทวิมล,ผะ-ไท-วิ-มน,,pending,pending,,,รอตรวจ: missing-official-evidence
ผไทวิโรจน์,ผะ-ไท-วิ-โรด,,pending,pending,,,รอตรวจ: missing-official-evidence
ผไทไว,ผะ-ไท-ไว,,pending,pending,,,รอตรวจ: missing-official-evidence
ผไทหลัก,ผะ-ไหล-หะ-กลับ,,pending,pending,,,รอตรวจ: missing-official-evidence
ผไทหิรัญ,ผะ-ไท-หะ-ริน-ยัน,,pending,pending,,,รอตรวจ: missing-official-evidence
ผไทใหม่,ผะ-ไท-ไหม่,,pending,pending,,,รอตรวจ: missing-official-evidence
ผไทอดิเรก,ผะ-ไท-อะ-ดิ-เรก,,pending,pending,,,รอตรวจ: missing-official-evidence
ผไทอนันต์,ผะ-ไท-อะ-นัน,,pending,pending,,,รอตรวจ: missing-official-evidence
ผไทอภินันท์,ผะ-ไท-อะ-พิ-นัน,,pending,pending,,,รอตรวจ: missing-official-evidence
ผไทอรรถ,ผะ-ไท-อัด,,pending,pending,,,รอตรวจ: missing-official-evidence
ผไทอรุณ,ผะ-ไท-อะ-รุน,,pending,pending,,,รอตรวจ: missing-official-evidence
ผไทอัคร,ผะ-ไท-อัก,,pending,pending,,,รอตรวจ: missing-official-evidence
ผไทอานนท์,ผะ-ไท-อา-นน,,pending,pending,,,รอตรวจ: missing-official-evidence
ผไทอำนาจ,ผะ-ไท-อำ-นาด,,pending,pending,,,รอตรวจ: missing-official-evidence
ผไทอำไพ,ผะ-ไท-อำ-ไพ,,pending,pending,,,รอตรวจ: missing-official-evidence
ผไทอิทธิ,ผะ-ไท-อิด-ทิ,,pending,pending,,,รอตรวจ: missing-official-evidence
ผไทอิสรา,ผะ-ไท-อิด-สะ-รา,,pending,pending,,,รอตรวจ: missing-official-evidence
ผไทโอ,ผะ-ไท-โอ,,pending,pending,,,รอตรวจ: missing-official-evidence
ผไทโอดม,ผะ-ไท-โด-อม,,pending,pending,,,รอตรวจ: missing-official-evidence
ผไทโอฬาร,ผะ-ไท-โอ-ราน,,pending,pending,,,รอตรวจ: missing-official-evidence
ผไทัช,ผะ-ไท,,pending,pending,,,รอตรวจ: missing-official-evidence
ผไทัน,ผะ-ไท-ทัน,,pending,pending,,,รอตรวจ: missing-official-evidence
ผไทิช,ผะ-ไท-ชิด,,pending,pending,,,รอตรวจ: missing-official-evidence
ผบวร,ผะ-บอ-วอน,,pending,pending,,,รอตรวจ: missing-official-evidence
ผบวรนันท์,ผะ-วอน-นัน,,pending,pending,,,รอตรวจ: missing-official-evidence
ผบวรภัทร,ผะ-บอ-วอน-พัด-ทรอ,,pending,pending,,,รอตรวจ: missing-official-evidence
ผบวรวรา,ผะ-บอ-วอ-ระ-วะ-รา,,pending,pending,,,รอตรวจ: missing-official-evidence
ผปฐม,ปะ-ถะ-ถม,,pending,pending,,,รอตรวจ: missing-official-evidence
ผปฐมนันท์,ปะ-ถม-นะ-นัน,,pending,pending,,,รอตรวจ: missing-official-evidence
ผปฐมภัทร,ปะ-ถะ-ถม-พัด-ทรอ,,pending,pending,,,รอตรวจ: missing-official-evidence
ผปฐมวรา,ปะ-ถม-มะ-วะ-รา,,pending,pending,,,รอตรวจ: missing-official-evidence
ผปริญญา,ผะ-ปะ-ริน-ยา,,pending,pending,,,รอตรวจ: missing-official-evidence
ผปริญญานันท์,ผะ-ปริ-ยา-นัน,,pending,pending,,,รอตรวจ: missing-official-evidence
ผปริญญาวรา,ผะ-ปริน-ยา-วะ-รา,,pending,pending,,,รอตรวจ: missing-official-evidence
ผปัญญา,ผะ-ปัน-ยา,,pending,pending,,,รอตรวจ: missing-official-evidence
ผปัญญานันท์,ผะ-ปัน-ยา-นัน,,pending,pending,,,รอตรวจ: missing-official-evidence
ผปัญญาวรา,ผะ-ปัน-ยา-วะ-รา,,pending,pending,,,รอตรวจ: missing-official-evidence
ผศิน,ผะ-สิน,,pending,pending,,,รอตรวจ: missing-official-evidence
ผศินกร,ผะ-สิน-กอน,,pending,pending,,,รอตรวจ: missing-official-evidence
ผศินโชค,ผะ-สิน-โชก,,pending,pending,,,รอตรวจ: missing-official-evidence
ผศินธรรม,ผะ-สิน-ทำ,,pending,pending,,,รอตรวจ: missing-official-evidence
ผศินวร,ผะ-สิน-วอน,,pending,pending,,,รอตรวจ: missing-official-evidence
ผศินอนันต์,ผะ-สิน-อะ-นัน,,pending,pending,,,รอตรวจ: missing-official-evidence
ผศินอรรถ,ผะ-สิน-อัด,,pending,pending,,,รอตรวจ: missing-official-evidence
ผศินอานนท์,ผะ-สิน-อา-นน,,pending,pending,,,รอตรวจ: missing-official-evidence
ผศิริ,ผะ-สิ-หริ,,pending,pending,,,รอตรวจ: missing-official-evidence
ผศิรินันท์,ผะ-สิ-ริน,,pending,pending,,,รอตรวจ: missing-official-evidence
ผศิริภัทร,ผะ-สิ-หริ-พัด-ทรอ,,pending,pending,,,รอตรวจ: missing-official-evidence
ผศิริวรา,ผะ-ริ-สิ-หรา-วะ-ริ,,pending,pending,,,รอตรวจ: missing-official-evidence
ผีริน,ผี-ริน,,pending,pending,,,รอตรวจ: missing-official-evidence
ผีรินทร์,ผี-ริน,,pending,pending,,,รอตรวจ: missing-official-evidence
ผีรี,ผี-รี,,pending,pending,,,รอตรวจ: missing-official-evidence
ผู้,พู่,,pending,pending,,,รอตรวจ: missing-official-evidence
ผู้โชค,พู่-โชก,,pending,pending,,,รอตรวจ: missing-official-evidence
ผู้ธรรม,พู่-ทำ,,pending,pending,,,รอตรวจ: missing-official-evidence
ผู้วร,พู่-วอน,,pending,pending,,,รอตรวจ: missing-official-evidence
ผู้วิชญ์,พู่-วิด,,pending,pending,,,รอตรวจ: missing-official-evidence
ผู้วิโรจน์,พู่-วิ-โรด,,pending,pending,,,รอตรวจ: missing-official-evidence
ผู้อานนท์,พู่-อา-นน,,pending,pending,,,รอตรวจ: missing-official-evidence
ผู้เอก,พู่-เอก,,pending,pending,,,รอตรวจ: missing-official-evidence
พงค์ภัค,พง-พัก,,pending,pending,,,รอตรวจ: missing-official-evidence
พงศกร,พง-สะ-กอน,,pending,pending,,,รอตรวจ: missing-official-evidence
พงศ์กร,พง-กร,,pending,pending,,,รอตรวจ: missing-official-evidence
พงศ์กานต์,พง-กาน,,pending,pending,,,รอตรวจ: missing-official-evidence
พงศ์คุณ,พง-คุน,,pending,pending,,,รอตรวจ: missing-official-evidence
พงศ์ดล,พง-ดน,,pending,pending,,,รอตรวจ: missing-official-evidence
พงศ์ดา,พง-ดา,,pending,pending,,,รอตรวจ: missing-official-evidence
พงศ์เดช,พง-เดด,,pending,pending,,,รอตรวจ: missing-official-evidence
พงศ์พลิน,พง-พะ-ลิน,,pending,pending,,,รอตรวจ: missing-official-evidence
พงศ์ภรณ์,พง-พอน,,pending,pending,,,รอตรวจ: missing-official-evidence
พงศ์ภัค,พง-พัก,,pending,pending,,,รอตรวจ: missing-official-evidence
พงศ์ภัทรา,พง-พัด-ทรา,,pending,pending,,,รอตรวจ: missing-official-evidence
พงศ์ภา,พง-พา,,pending,pending,,,รอตรวจ: missing-official-evidence
พงศ์ภาณุ,พง-พา-นุ,,pending,pending,,,รอตรวจ: missing-official-evidence
พงศ์มณี,พง-มะ-นี,,pending,pending,,,รอตรวจ: missing-official-evidence
พงศ์เมธา,พง-เม-ทา,,pending,pending,,,รอตรวจ: missing-official-evidence
พงศ์รพ,พง-รบ,,pending,pending,,,รอตรวจ: missing-official-evidence
พงศ์รัตน์,พง-รัด,,pending,pending,,,รอตรวจ: missing-official-evidence
พงศ์รัตนา,พง-รัด-ตะ-นา,,pending,pending,,,รอตรวจ: missing-official-evidence
พงศ์รินี,พง-ริ-นี,,pending,pending,,,รอตรวจ: missing-official-evidence
พงศ์เรศ,พง-เรด,,pending,pending,,,รอตรวจ: missing-official-evidence
พงศ์ลักษณา,พง-ลัก-สะ-นา,,pending,pending,,,รอตรวจ: missing-official-evidence
พงศ์ลินา,พง-ลิ-นา,,pending,pending,,,รอตรวจ: missing-official-evidence
พงศ์วร,พง-วอน,,pending,pending,,,รอตรวจ: missing-official-evidence
พงศ์วรา,พง-วะ-รา,,pending,pending,,,รอตรวจ: missing-official-evidence
พงศ์วัฒ,พง-วัด,,pending,pending,,,รอตรวจ: missing-official-evidence
พงศ์วินา,พง-วิ-นา,,pending,pending,,,รอตรวจ: missing-official-evidence
พงศ์วุฒิ,พง-วุด,,pending,pending,,,รอตรวจ: missing-official-evidence
พงษ์กร,พง-กร,,pending,pending,,,รอตรวจ: missing-official-evidence
พงษ์ทร,พง-ทอน,,pending,pending,,,รอตรวจ: missing-official-evidence
พงษธร,พง-สะ-ทอน,,pending,pending,,,รอตรวจ: missing-official-evidence
พงษธัช,พง-สะ-ทัด,,pending,pending,,,รอตรวจ: missing-official-evidence
พงษ์นรินทร์,พง-นะ-ริน,,pending,pending,,,รอตรวจ: missing-official-evidence
พงษ์นาวิน,พง-นา-วิน,,pending,pending,,,รอตรวจ: missing-official-evidence
พงษ์นิรันดร์,พง-นิ-รัน,,pending,pending,,,รอตรวจ: missing-official-evidence
พงษ์เพชร,พง-เพ็ด,,pending,pending,,,รอตรวจ: missing-official-evidence
พงษภัทร,พง-สะ-พัด,,pending,pending,,,รอตรวจ: missing-official-evidence
พงษ์วรานนท์,พง-วะ-ราน,,pending,pending,,,รอตรวจ: missing-official-evidence
พงษ์วริษฐ์,พง-วะ-ริด,,pending,pending,,,รอตรวจ: missing-official-evidence
พจน์ชัย,พด-ไช,,pending,pending,,,รอตรวจ: missing-official-evidence
พจน์พงศ์,พด-พง,,pending,pending,,,รอตรวจ: missing-official-evidence
พชร,พด-ชะ-ระ,,pending,pending,,,รอตรวจ: missing-official-evidence
พชรกร,พด-ชะ-ระ-กอน,,pending,pending,,,รอตรวจ: missing-official-evidence
พชรชัย,พ-ช-ร-ช,,pending,pending,,,รอตรวจ: missing-official-evidence
พชรณัฐ,พด-ชะ-ระ-นัด,,pending,pending,,,รอตรวจ: missing-official-evidence
พชรณัฐ์,พะ-ชะ-ระ-นัด,,pending,pending,,,รอตรวจ: missing-official-evidence
พชรณัท,พะ-ชะ-ระ-นัด,,pending,pending,,,รอตรวจ: missing-official-evidence
พชรธร,พะ-ชะ-ระ-ทอน,,pending,pending,,,รอตรวจ: missing-official-evidence
พชรธรณ์พงษ์,พะ-ชะ-ระ-ทะ-นะ-พง,,pending,pending,,,รอตรวจ: missing-official-evidence
พชรธิป,พะ-ชะ-ระ-ทิบ,,pending,pending,,,รอตรวจ: missing-official-evidence
พชรนนท์,พด-ชะ-ระ-นน,,pending,pending,,,รอตรวจ: missing-official-evidence
พชรพงศ์,พะ-ชะ-ระ-พง,,pending,pending,,,รอตรวจ: missing-official-evidence
พชรภัทร,พด-ชะ-ระ-พัด-ทรอ,,pending,pending,,,รอตรวจ: missing-official-evidence
พชรมน,พะ-ชะ-ระ-มน,,pending,pending,,,รอตรวจ: missing-official-evidence
พชรมนต์,พะ-ชะ-ระ-มน,,pending,pending,,,รอตรวจ: missing-official-evidence
พชรวร,พะ-ชะ-ระ-วะ-ระ,,pending,pending,,,รอตรวจ: missing-official-evidence
พชรวัฒน์,พะ-ชะ-ระ-วัด,,pending,pending,,,รอตรวจ: missing-official-evidence
พชรวิชญ์,พะ-ชะ-ระ-วิด,,pending,pending,,,รอตรวจ: missing-official-evidence
พชรศักดิ์,พะ-ชะ-ระ-สัก,,pending,pending,,,รอตรวจ: missing-official-evidence
พชระ,พะ-ชะ-ระ,,pending,pending,,,รอตรวจ: missing-official-evidence
พชรินทร์,พะ-ชะ-ริน,,pending,pending,,,รอตรวจ: missing-official-evidence
พชิรา,พะ-ชิ-รา,,pending,pending,,,รอตรวจ: missing-official-evidence
พณาน,พะ-นาน,,pending,pending,,,รอตรวจ: missing-official-evidence
พธรนันท์,พะ-ทะ-ระ-นัน,,pending,pending,,,รอตรวจ: missing-official-evidence
พนธกร,พน-ทะ-กอน,,pending,pending,,,รอตรวจ: missing-official-evidence
พนธิตร,พน-ทิด,,pending,pending,,,รอตรวจ: missing-official-evidence
พนิดา,พะ-นิ-ดา,,pending,pending,,,รอตรวจ: missing-official-evidence
พบธรรม,พบ-ทำ,,pending,pending,,,รอตรวจ: missing-official-evidence
พยุงศักดิ์,พะ-ยุง-สัก,,pending,pending,,,รอตรวจ: missing-official-evidence
พรชัย,พอน-ไช,,pending,pending,,,รอตรวจ: missing-official-evidence
พรณภัส,พอน-นะ-พัด,,pending,pending,,,รอตรวจ: missing-official-evidence
พรทิพย์,พอน-ทิบ,,pending,pending,,,รอตรวจ: missing-official-evidence
พรธิดา,พอน-ทิ-ดา,,pending,pending,,,รอตรวจ: missing-official-evidence
พรนภา,พอน-นะ-พา,,pending,pending,,,รอตรวจ: missing-official-evidence
พรปวีณ์,พอน-ปะ-วี,,pending,pending,,,รอตรวจ: missing-official-evidence
พรพิชชา,พอน-พิด-ชา,,pending,pending,,,รอตรวจ: missing-official-evidence
พรพิพัฒน์,พอน-พิ-พัด,,pending,pending,,,รอตรวจ: missing-official-evidence
พรภวิษย์,พอน-พะ-วิด,,pending,pending,,,รอตรวจ: missing-official-evidence
พรภัทร,พอ-ระ-พัด,,pending,pending,,,รอตรวจ: missing-official-evidence
พรรณวดี,พัน-นะ-ดะ-วี,,pending,pending,,,รอตรวจ: missing-official-evidence
พรรณวรรณ,พัน-นะ-วัน,,pending,pending,,,รอตรวจ: missing-official-evidence
พรวลัย,พอน-วะ-ไล,,pending,pending,,,รอตรวจ: missing-official-evidence
พรศ,พอน-สะ,,pending,pending,,,รอตรวจ: missing-official-evidence
พรสวรรค์,พอน-สะ-หวัน,,pending,pending,,,รอตรวจ: missing-official-evidence
พรสุชา,พอน-สุ-ชา,,pending,pending,,,รอตรวจ: missing-official-evidence
พรหมพิริยะ,พรม-พิ-ริ-ยะ,,pending,pending,,,รอตรวจ: missing-official-evidence
พรอำไพ,พอน-อำ-ไพ,,pending,pending,,,รอตรวจ: missing-official-evidence
พระจันทร์ฉาย,พระ-จัน-ฉาย,,pending,pending,,,รอตรวจ: missing-official-evidence
พริมา,พริ-มา,,pending,pending,,,รอตรวจ: missing-official-evidence
พฤกษ์,พรึก,,pending,pending,,,รอตรวจ: missing-official-evidence
พฤฒิพงศ์,พรึด-ทิ-พง,,pending,pending,,,รอตรวจ: missing-official-evidence
พฤฒิศักดิ์,พรึด-ทิ-สัก,,pending,pending,,,รอตรวจ: missing-official-evidence
พลกร,พน-ละ-กอน,,pending,pending,,,รอตรวจ: missing-official-evidence
พลกฤต,พน-ละ-กริด,,pending,pending,,,รอตรวจ: missing-official-evidence
พลกานต์,พลัน-กา,,pending,pending,,,รอตรวจ: missing-official-evidence
พลคุณ,พน-ละ-คุน,,pending,pending,,,รอตรวจ: missing-official-evidence
พลดล,พะ-ละ-ดน,,pending,pending,,,รอตรวจ: missing-official-evidence
พลดา,พะ-ละ-ดา,,pending,pending,,,รอตรวจ: missing-official-evidence
พลเดช,พน-ละ-เดด,,pending,pending,,,รอตรวจ: missing-official-evidence
พลทัต,พน-พัด,,pending,pending,,,รอตรวจ: missing-official-evidence
พลภัทรา,พน-ละ-พัด-ทรา,,pending,pending,,,รอตรวจ: missing-official-evidence
พลภา,พะ-ละ-พา,,pending,pending,,,รอตรวจ: missing-official-evidence
พลภาณุ,พะ-ละ-พา-นุ,,pending,pending,,,รอตรวจ: missing-official-evidence
พลมณี,พน-มะ-นี,,pending,pending,,,รอตรวจ: missing-official-evidence
พลเมธา,พน-ละ-เทาม,,pending,pending,,,รอตรวจ: missing-official-evidence
พลรพ,พน-รบ,,pending,pending,,,รอตรวจ: missing-official-evidence
พลรัตน์,พน-ละ-รัด,,pending,pending,,,รอตรวจ: missing-official-evidence
พลรัตนา,พน-ละ-รัด-ตะ-นา,,pending,pending,,,รอตรวจ: missing-official-evidence
พลรินี,พน-ลิ-รี,,pending,pending,,,รอตรวจ: missing-official-evidence
พลเรศ,พน-ละ-เรด,,pending,pending,,,รอตรวจ: missing-official-evidence
พลลักษณา,พน-ลัก-สะ-นา,,pending,pending,,,รอตรวจ: missing-official-evidence
พลลินา,พน-ลิ-นา,,pending,pending,,,รอตรวจ: missing-official-evidence
พลวร,พน-ละ-วอน,,pending,pending,,,รอตรวจ: missing-official-evidence
พลวรา,พน-ละ-วะ-รา,,pending,pending,,,รอตรวจ: missing-official-evidence
พลวัฒ,พน-ละ-วัด,,pending,pending,,,รอตรวจ: missing-official-evidence
พลวินา,พน-ละ-วิ-นา,,pending,pending,,,รอตรวจ: missing-official-evidence
พลวุฒิ,พะ-ละ-วุด,,pending,pending,,,รอตรวจ: missing-official-evidence
พลศรุต,พน-สะ-รุด,,pending,pending,,,รอตรวจ: missing-official-evidence
พลัฎฐ์,พะ-ลัด,,pending,pending,,,รอตรวจ: missing-official-evidence
พลิน,พะ-ลิน,,pending,pending,,,รอตรวจ: missing-official-evidence
พลิศร,พะ-ลิ-สอน,,pending,pending,,,รอตรวจ: missing-official-evidence
พศธน,พด-สะ-ทน,,pending,pending,,,รอตรวจ: missing-official-evidence
พศธร,พด-สะ-ทอน,,pending,pending,,,รอตรวจ: missing-official-evidence
พศวัต,พด-สะ-วัด,,pending,pending,,,รอตรวจ: missing-official-evidence
พศวีร์,พด-สะ-วี,,pending,pending,,,รอตรวจ: missing-official-evidence
พศิ,พะ-สิ,,pending,pending,,,รอตรวจ: missing-official-evidence
พศิน,พะ-สิน,,pending,pending,,,รอตรวจ: missing-official-evidence
พสธร,พะ-สะ-ทอน,,pending,pending,,,รอตรวจ: missing-official-evidence
พสิณ,พะ-สิน,,pending,pending,,,รอตรวจ: missing-official-evidence
พสิษฐ์,พะ-สิด,,pending,pending,,,รอตรวจ: missing-official-evidence
พสุธร,พะ-สุ-ทอน,,pending,pending,,,รอตรวจ: missing-official-evidence
พัชณี,พัด-ชะ-นี,,pending,pending,,,รอตรวจ: missing-official-evidence
พัชรินทร์,พัด-ชะ-ริน,,pending,pending,,,รอตรวจ: missing-official-evidence
พัชรีย์,พัด-ชะ-รี,,pending,pending,,,รอตรวจ: missing-official-evidence
พัฒนพงศ์,พัด-ทะ-นะ-พง,,pending,pending,,,รอตรวจ: missing-official-evidence
พัฒนศักดิ์,พัด-ทะ-นะ-สัก,,pending,pending,,,รอตรวจ: missing-official-evidence
พีโชบล,พี-โช-บน,,pending,pending,,,รอตรวจ: missing-official-evidence
พีร,พี-ระ,,pending,pending,,,รอตรวจ: missing-official-evidence
พีร์,พี,,pending,pending,,,รอตรวจ: missing-official-evidence
พีรกร,พี-ระ-กอน,,pending,pending,,,รอตรวจ: missing-official-evidence
พีรกันต์,พี-ระ-กัน,,pending,pending,,,รอตรวจ: missing-official-evidence
พีรญา,พี-ระ-ยา,,pending,pending,,,รอตรวจ: missing-official-evidence
พีรณัช,พี-ระ-นัด,,pending,pending,,,รอตรวจ: missing-official-evidence
พีรณัฐ,พี-ระ-นัด,,pending,pending,,,รอตรวจ: missing-official-evidence
พีรธร,พี-ระ-ทอน,,pending,pending,,,รอตรวจ: missing-official-evidence
พีรธรรม,พี-ระ-ทำ,,pending,pending,,,รอตรวจ: missing-official-evidence
พีรธัช,พี-ระ-ทัด,,pending,pending,,,รอตรวจ: missing-official-evidence
พีรนนท์,พี-ระ-นน,,pending,pending,,,รอตรวจ: missing-official-evidence
พีรบูรณ์,พี-ระ-บูน,,pending,pending,,,รอตรวจ: missing-official-evidence
พีรวัศ,พี-ระ-วัด,,pending,pending,,,รอตรวจ: missing-official-evidence
พีรวัส,พี-ระ-วัด,,pending,pending,,,รอตรวจ: missing-official-evidence
พีรวิชญ์,พี-ระ-วิด,,pending,pending,,,รอตรวจ: missing-official-evidence
พีรศิษฐ์,พี-ระ-สิด,,pending,pending,,,รอตรวจ: missing-official-evidence
พีระ,พี-ระ,,pending,pending,,,รอตรวจ: missing-official-evidence
พีระดิษฐ์,พี-ระ-ดิด,,pending,pending,,,รอตรวจ: missing-official-evidence
พีรัช,พี-รัด,,pending,pending,,,รอตรวจ: missing-official-evidence
เพชร,เพ็ด,,pending,pending,,,รอตรวจ: missing-official-evidence
เพชรกลับ,เพ็ด-กลับ,,pending,pending,,,รอตรวจ: missing-official-evidence
เพชรคง,เพ็ด-คง,,pending,pending,,,รอตรวจ: missing-official-evidence
เพชรเจ๊ก,เพ็ด-เจ๊ก,,pending,pending,,,รอตรวจ: missing-official-evidence
เพชรชรินทร์,เพ็ด-ชะ-ริน,,pending,pending,,,รอตรวจ: missing-official-evidence
เพชรไท,เพ็ด-ไท,,pending,pending,,,รอตรวจ: missing-official-evidence
เพชรวรรธน์,เพ็ด-ชะ-วัด,,pending,pending,,,รอตรวจ: missing-official-evidence
เพชรวัชระ,เพ็ด-ชะ-วัด,,pending,pending,,,รอตรวจ: missing-official-evidence
เพชรวิชญ์,เพ็ด-ชะ-วิด,,pending,pending,,,รอตรวจ: missing-official-evidence
เพชรอรุณ,เพ็ด-อะ-รุน,,pending,pending,,,รอตรวจ: missing-official-evidence
เพชรอินทร์,เพ็ด-อิน,,pending,pending,,,รอตรวจ: missing-official-evidence
เพียงธาร,เพียง-ทาน,,pending,pending,,,รอตรวจ: missing-official-evidence
แพงคำ,แพง-คำ,,pending,pending,,,รอตรวจ: missing-official-evidence
แพงเจริญ,แพง-จะ-เริน,,pending,pending,,,รอตรวจ: missing-official-evidence
ไพเราะ,ไพ-เราะ,,pending,pending,,,รอตรวจ: missing-official-evidence
ฟชล,ฟลอน,,pending,pending,,,รอตรวจ: missing-official-evidence
ฟชลธิภัทร,ฟะ-ชะ-ละ-ทิ-พัด,,pending,pending,,,รอตรวจ: missing-official-evidence
ฟชลธิศ,ฟล-ท,,pending,pending,,,รอตรวจ: missing-official-evidence
ฟชลธิสิทธิ์,ฟะ-ชะ-ละ-ทิ-สิด,,pending,pending,,,รอตรวจ: missing-official-evidence
ฟชลนันท์,ฟะ-ชะ-ลัน,,pending,pending,,,รอตรวจ: missing-official-evidence
ฟชลภัทร,ฟลอน-พัด-ทรอ,,pending,pending,,,รอตรวจ: missing-official-evidence
ฟชลวรา,ฟลอ-ละ-วะ-รา,,pending,pending,,,รอตรวจ: missing-official-evidence
ฟบวร,ฟะ-บอน,,pending,pending,,,รอตรวจ: missing-official-evidence
ฟบวรนันท์,ฟะ-วะ-นะ-รัน,,pending,pending,,,รอตรวจ: missing-official-evidence
ฟบวรภัทร,ฟะ-บอน-พัด-ทรอ,,pending,pending,,,รอตรวจ: missing-official-evidence
ฟบวรวรา,ฟะ-บอน-วะ-รา,,pending,pending,,,รอตรวจ: missing-official-evidence
ฟปฐมคุณ,ฟอ-ปะ-มะ-คุน,,pending,pending,,,รอตรวจ: missing-official-evidence
ฟปฐมธีร์,ฟอ-ปะ-มี-ทอน,,pending,pending,,,รอตรวจ: missing-official-evidence
ฟปริญญาคุณ,ฟอ-ริน-ยา-คุน,,pending,pending,,,รอตรวจ: missing-official-evidence
ฟปริญญาธีร์,ฟอ-ปริ-นา-ยี,,pending,pending,,,รอตรวจ: missing-official-evidence
ฟปัญญา,ฟอ-ยัน-ยา,,pending,pending,,,รอตรวจ: missing-official-evidence
ฟปัญญานันท์,ฟับ-ฮัน-ยา-นัน,,pending,pending,,,รอตรวจ: missing-official-evidence
ฟปัญญาวรา,ฟอ-ปัน-ยา-วา-รา,,pending,pending,,,รอตรวจ: missing-official-evidence
ฟศิริ,ฟ-ส,,pending,pending,,,รอตรวจ: missing-official-evidence
ฟศิรินันท์,ฟ-ส-ริ-นัน,,pending,pending,,,รอตรวจ: missing-official-evidence
ฟศิริภัทร,ฟ-ส-พัด-ทรอ,,pending,pending,,,รอตรวจ: missing-official-evidence
ฟศิริวรา,ฟ-ส-ร-ว,,pending,pending,,,รอตรวจ: missing-official-evidence
ฟี,ฟี,,pending,pending,,,รอตรวจ: missing-official-evidence
ฟีโน่,ฟี-โน่,,pending,pending,,,รอตรวจ: missing-official-evidence
ฟีรญา,ฟี-ระ-ยา,,pending,pending,,,รอตรวจ: missing-official-evidence
ฟีริน,ฟี-ริน,,pending,pending,,,รอตรวจ: missing-official-evidence
ฟู,ฟู,,pending,pending,,,รอตรวจ: missing-official-evidence
ฟูจิ,ฟู-จิ,,pending,pending,,,รอตรวจ: missing-official-evidence
ฟูจิซัง,ฟู-จิ-ซัง,,pending,pending,,,รอตรวจ: missing-official-evidence
ฟูฟู,ฟู-ฟู,,pending,pending,,,รอตรวจ: missing-official-evidence
แฟชั่น,แฟ-ชั่น,,pending,pending,,,รอตรวจ: missing-official-evidence
ภคกร,พัก-คะ-กอน,,pending,pending,,,รอตรวจ: missing-official-evidence
ภคณัท,พะ-คะ-นัด,,pending,pending,,,รอตรวจ: missing-official-evidence
ภคนันท์,พะ-คะ-นัน,,pending,pending,,,รอตรวจ: missing-official-evidence
ภคภัทร,พะ-คะ-พัด,,pending,pending,,,รอตรวจ: missing-official-evidence
ภคมน,พะ-คะ-มน,,pending,pending,,,รอตรวจ: missing-official-evidence
ภครัช,พะ-คะ-รัด,,pending,pending,,,รอตรวจ: missing-official-evidence
ภควร,พะ-คะ-วอน,,pending,pending,,,รอตรวจ: missing-official-evidence
ภควรรณ,พะ-คะ-วัน,,pending,pending,,,รอตรวจ: missing-official-evidence
ภควรรษ,พะ-คะ-วัด,,pending,pending,,,รอตรวจ: missing-official-evidence
ภคอธิเชษฐ์,พะ-คะ-เอ-ทิด,,pending,pending,,,รอตรวจ: missing-official-evidence
ภคิน,พะ-คิน,,pending,pending,,,รอตรวจ: missing-official-evidence
ภณ,พน,,pending,pending,,,รอตรวจ: missing-official-evidence
ภณณัฏฐ์,พน-นัด,,pending,pending,,,รอตรวจ: missing-official-evidence
ภณณัฐ,พน-นัด,,pending,pending,,,รอตรวจ: missing-official-evidence
ภณภัค,พน-พัก,,pending,pending,,,รอตรวจ: missing-official-evidence
ภมร,พะ-มอน,,pending,pending,,,รอตรวจ: missing-official-evidence
ภมิน,พะ-มิน,,pending,pending,,,รอตรวจ: missing-official-evidence
ภรณ์ณภัส,พอน-นะ-พัด,,pending,pending,,,รอตรวจ: missing-official-evidence
ภรณมน,พะ-ระ-นะ-มน,,pending,pending,,,รอตรวจ: missing-official-evidence
ภรภัค,พอ-ระ-พัก,,pending,pending,,,รอตรวจ: missing-official-evidence
ภรภัทร,พะ-ระ-พัด,,pending,pending,,,รอตรวจ: missing-official-evidence
ภรรษนรร,พัด-สะ-นะ-รัน,,pending,pending,,,รอตรวจ: missing-official-evidence
ภริม,พะ-ริม,,pending,pending,,,รอตรวจ: missing-official-evidence
ภวณัฐ,พะ-วะ-นัด,,pending,pending,,,รอตรวจ: missing-official-evidence
ภวดล,พะ-วะ-ดน,,pending,pending,,,รอตรวจ: missing-official-evidence
ภวรัญ,พะ-วะ-รัน,,pending,pending,,,รอตรวจ: missing-official-evidence
ภวัฐ,พะ-วัด,,pending,pending,,,รอตรวจ: missing-official-evidence
ภวันท์,พะ-วัน,,pending,pending,,,รอตรวจ: missing-official-evidence
ภวินท์,พะ-วิน,,pending,pending,,,รอตรวจ: missing-official-evidence
ภวินท์ธารา,พะ-วิน-ทา-รา,,pending,pending,,,รอตรวจ: missing-official-evidence
ภวิล,พะ-วิน,,pending,pending,,,รอตรวจ: missing-official-evidence
ภวิศ,พะ-วิด,,pending,pending,,,รอตรวจ: missing-official-evidence
ภัค,พัก,,pending,pending,,,รอตรวจ: missing-official-evidence
ภัคจิรา,พัก-จิ-รา,,pending,pending,,,รอตรวจ: missing-official-evidence
ภัคชัญญา,พัก-ชัน-ยา,,pending,pending,,,รอตรวจ: missing-official-evidence
ภัคญา,พัก-คะ-ยา,,pending,pending,,,รอตรวจ: missing-official-evidence
ภัคณัท,พัก-คะ-นัด,,pending,pending,,,รอตรวจ: missing-official-evidence
ภัคณิช,พัก-นิด,,pending,pending,,,รอตรวจ: missing-official-evidence
ภัคณิราษ์,พัก-นิ-รา,,pending,pending,,,รอตรวจ: missing-official-evidence
ภัคนนท์,พัก-นน,,pending,pending,,,รอตรวจ: missing-official-evidence
ภัคนันท์,พัก-คะ-นัน,,pending,pending,,,รอตรวจ: missing-official-evidence
ภัคนิจ,พัก-คะ-นิด,,pending,pending,,,รอตรวจ: missing-official-evidence
ภัคภร,พัก-คะ-พอน,,pending,pending,,,รอตรวจ: missing-official-evidence
ภัคภัทร,พัก-พัด-ทรอ,,pending,pending,,,รอตรวจ: missing-official-evidence
ภัครจิรา,พัก-คริ-จาน,,pending,pending,,,รอตรวจ: missing-official-evidence
ภัควรินทร์,พัก-วะ-ริน,,pending,pending,,,รอตรวจ: missing-official-evidence
ภัควลัญชญ์,พัก-วะ-ลัน,,pending,pending,,,รอตรวจ: missing-official-evidence
ภัคอร,พัก-ออน,,pending,pending,,,รอตรวจ: missing-official-evidence
ภัชฏา,พัด-ชะ-ตา,,pending,pending,,,รอตรวจ: missing-official-evidence
ภัชตธันวินต์,พัด-ชะ-ทะ-วัน,,pending,pending,,,รอตรวจ: missing-official-evidence
ภัทธิรา,พัด-ทิ-รา,,pending,pending,,,รอตรวจ: missing-official-evidence
ภัทร,พัด-ทรอ,,pending,pending,,,รอตรวจ: missing-official-evidence
ภัทร์,พัด,,pending,pending,,,รอตรวจ: missing-official-evidence
ภัทรกมล,พัด-ทรอ-กะ-มน,,pending,pending,,,รอตรวจ: missing-official-evidence
ภัทรกร,พัด-ทรอ-กอน,,pending,pending,,,รอตรวจ: missing-official-evidence
ภัทรกันต์,พัด-ทรอ-กัน,,pending,pending,,,รอตรวจ: missing-official-evidence
ภัทรจาริน,พัด-ทระ-จา-ริน,,pending,pending,,,รอตรวจ: missing-official-evidence
ภัทรจิร,พัด-ทระ-จิง,,pending,pending,,,รอตรวจ: missing-official-evidence
ภัทรโชค,พัด-ทระ-โชก,,pending,pending,,,รอตรวจ: missing-official-evidence
ภัทรญา,พัด-ทระ-ยา,,pending,pending,,,รอตรวจ: missing-official-evidence
ภัทรฐิรนรินทร์,พัด-ทระ-ถะ-นิน,,pending,pending,,,รอตรวจ: missing-official-evidence
ภัทรดร,พัด-ทระ-ดอน,,pending,pending,,,รอตรวจ: missing-official-evidence
ภัทรดรา,พัด-ทระ-ดา,,pending,pending,,,รอตรวจ: missing-official-evidence
ภัทรดิฐ,พัด-ทรอ-ดิด,,pending,pending,,,รอตรวจ: missing-official-evidence
ภัทรธนานันท์,พัด-ทระ-ทะ-นา-นัน,,pending,pending,,,รอตรวจ: missing-official-evidence
ภัทรธร,พัด-ทระ-ทอน,,pending,pending,,,รอตรวจ: missing-official-evidence
ภัทรนรินทร์,พัด-ทรอ-นะ-ริน,,pending,pending,,,รอตรวจ: missing-official-evidence
ภัทร์นรินทร์,พัด-นะ-ริน,,pending,pending,,,รอตรวจ: missing-official-evidence
ภัทรนันท์,พัด-ทระ-นัน,,pending,pending,,,รอตรวจ: missing-official-evidence
ภัทร์นิธิ,พัด-นิ-ทิ,,pending,pending,,,รอตรวจ: missing-official-evidence
ภัทรนิษฐ์,พัด-ทรอ-นิด,,pending,pending,,,รอตรวจ: missing-official-evidence
ภัทรภณ,พัด-ทรอ-พน,,pending,pending,,,รอตรวจ: missing-official-evidence
ภัทรภร,พัด-ทระ-พอน,,pending,pending,,,รอตรวจ: missing-official-evidence
ภัทรมน,พัด-ทระ-มน,,pending,pending,,,รอตรวจ: missing-official-evidence
ภัทรวรรณ,พัด-ทะ-ระ-วัน,,pending,pending,,,รอตรวจ: missing-official-evidence
ภัทรวรรธ,พัด-ทระ-วัด,,pending,pending,,,รอตรวจ: missing-official-evidence
ภัทรวรรธน์,พัด-ทระ-วัด,,pending,pending,,,รอตรวจ: missing-official-evidence
ภัทรวรินทร์,พัด-ทรอ-วะ-ริน,,pending,pending,,,รอตรวจ: missing-official-evidence
ภัทรเวช,พัด-ทระ-เวด,,pending,pending,,,รอตรวจ: missing-official-evidence
ภัทรเวท,พัด-ทระ-เวด,,pending,pending,,,รอตรวจ: missing-official-evidence
ภัทรอร,พัด-ทรอ-ออน,,pending,pending,,,รอตรวจ: missing-official-evidence
ภัทรเอก,พัด-ทรอ-เอก,,pending,pending,,,รอตรวจ: missing-official-evidence
ภัทรเอนก,พัด-ทรอ-อะ-เหนก,,pending,pending,,,รอตรวจ: missing-official-evidence
ภัทรา,พัด-ทรา,,pending,pending,,,รอตรวจ: missing-official-evidence
ภัทราคนิษฐ์,พัด-ทระ-คะ-นิด,,pending,pending,,,รอตรวจ: missing-official-evidence
ภัทราธร,พัด-ทรา-ทอน,,pending,pending,,,รอตรวจ: missing-official-evidence
ภัทรานิษฐ์,พัด-ทรา-นิด,,pending,pending,,,รอตรวจ: missing-official-evidence
ภัทราวุธ,พัด-ทรา-วุด,,pending,pending,,,รอตรวจ: missing-official-evidence
ภัทริน,พัด-ทะ-ริน,,pending,pending,,,รอตรวจ: missing-official-evidence
ภัทรินทร์,พัด-ทะ-ริน,,pending,pending,,,รอตรวจ: missing-official-evidence
ภัธรวีรัญญ์,พัด-ทะ-รี-วะ-รัน,,pending,pending,,,รอตรวจ: missing-official-evidence
ภันทิลา,พัน-ทิ-ลา,,pending,pending,,,รอตรวจ: missing-official-evidence
ภัสร์มน,พัด-มน,,pending,pending,,,รอตรวจ: missing-official-evidence
ภัสร์วรา,พัด-วะ-รา,,pending,pending,,,รอตรวจ: missing-official-evidence
ภัสร์สรณ์,พัด-สอน,,pending,pending,,,รอตรวจ: missing-official-evidence
ภิญญลักษณ์,พิน-ยา-ลัก,,pending,pending,,,รอตรวจ: missing-official-evidence
ภินฬ,พิ-รน,,pending,pending,,,รอตรวจ: missing-official-evidence
ภิมณ,พิม-มน,,pending,pending,,,รอตรวจ: missing-official-evidence
ภิรญา,พิ-ระ-ยา,,pending,pending,,,รอตรวจ: missing-official-evidence
ภิรมณ,พิ-ระ-มน,,pending,pending,,,รอตรวจ: missing-official-evidence
ภิรมน,พิ-ระ-มน,,pending,pending,,,รอตรวจ: missing-official-evidence
ภิรัญญา,ภ-ร-ญ,,pending,pending,,,รอตรวจ: missing-official-evidence
ภิริลักษณ์,พิ-ริ-ลัก,,pending,pending,,,รอตรวจ: missing-official-evidence
ภิเษก,ภ-ธ-ก,,pending,pending,,,รอตรวจ: missing-official-evidence
ไภร,ไพร,,pending,pending,,,รอตรวจ: missing-official-evidence
มกรธัช,มะ-กอน-ทัด,,pending,pending,,,รอตรวจ: missing-official-evidence
มณฑล,มน-ทน,,pending,pending,,,รอตรวจ: missing-official-evidence
มณฑ์ศิริ,มน-สิ-หริ,,pending,pending,,,รอตรวจ: missing-official-evidence
มณิ,มะ-นิ,,pending,pending,,,รอตรวจ: missing-official-evidence
มณิณทระ,มะ-นิน-ทระ,,pending,pending,,,รอตรวจ: missing-official-evidence
มณินทร,มะ-นิน-ทอน,,pending,pending,,,รอตรวจ: missing-official-evidence
มณิวร,มะ-นิ-วอน,,pending,pending,,,รอตรวจ: missing-official-evidence
มณิวรา,มะ-นิ-วะ-รา,,pending,pending,,,รอตรวจ: missing-official-evidence
มณิสร,มะ-นิ-สอน,,pending,pending,,,รอตรวจ: missing-official-evidence
มณิสรา,มะ-นิด-สะ-รา,,pending,pending,,,รอตรวจ: missing-official-evidence
มณิอร,มะ-นิ-ออน,,pending,pending,,,รอตรวจ: missing-official-evidence
มโณ,มะ-โน,,pending,pending,,,รอตรวจ: missing-official-evidence
มทนะ,มะ-ทะ-นะ,,pending,pending,,,รอตรวจ: missing-official-evidence
มทนา,มะ-ทะ-นา,,pending,pending,,,รอตรวจ: missing-official-evidence
มทิรา,มะ-ทิ-รา,,pending,pending,,,รอตรวจ: missing-official-evidence
มธุมนัส,มุ-ทุ-มะ-นัด,,pending,pending,,,รอตรวจ: missing-official-evidence
มธุมิศร์,มะ-ทุ-มิด,,pending,pending,,,รอตรวจ: missing-official-evidence
มธุรณัท,มะ-ทุ-ระ-นัด,,pending,pending,,,รอตรวจ: missing-official-evidence
มธุรวร,มะ-ทุ-ระ-วะ,,pending,pending,,,รอตรวจ: missing-official-evidence
มธุรวันต์,มะ-ทุ-ระ-วัน,,pending,pending,,,รอตรวจ: missing-official-evidence
มธุรส,มะ-ทุ-รด,,pending,pending,,,รอตรวจ: missing-official-evidence
มธุรา,มะ-ทุ-รา,,pending,pending,,,รอตรวจ: missing-official-evidence
มธุริน,มะ-ทุ-ริน,,pending,pending,,,รอตรวจ: missing-official-evidence
มธุริมา,มะ-ทุ-ริ-มา,,pending,pending,,,รอตรวจ: missing-official-evidence
มนต์ไชย,มน-ไช,,pending,pending,,,รอตรวจ: missing-official-evidence
มนต์ณัฏ,มน-นัด,,pending,pending,,,รอตรวจ: missing-official-evidence
มนต์ณัฐ,มน-นัด,,pending,pending,,,รอตรวจ: missing-official-evidence
มนต์ธนัท,มน-ทะ-นัด,,pending,pending,,,รอตรวจ: missing-official-evidence
มนต์ธร,มน-ทอน,,pending,pending,,,รอตรวจ: missing-official-evidence
มนต์ธัช,มน-ทัด,,pending,pending,,,รอตรวจ: missing-official-evidence
มนต์สิทธิ์,มน-สิด,,pending,pending,,,รอตรวจ: missing-official-evidence
มนต์สิริ,มน-สิ-หริ,,pending,pending,,,รอตรวจ: missing-official-evidence
มนทอง,มน-ทอง,,pending,pending,,,รอตรวจ: missing-official-evidence
มนทิรา,มน-ทิ-รา,,pending,pending,,,รอตรวจ: missing-official-evidence
มนธกัญ,มน-ทะ-กัน,,pending,pending,,,รอตรวจ: missing-official-evidence
มนนัทธ์,มน-นัด,,pending,pending,,,รอตรวจ: missing-official-evidence
มนนัทธ์ธร,มน-นัด-ทอน,,pending,pending,,,รอตรวจ: missing-official-evidence
มนภร,มะ-นะ-พอน,,pending,pending,,,รอตรวจ: missing-official-evidence
มนภัทร,มะ-นะ-พัด,,pending,pending,,,รอตรวจ: missing-official-evidence
มนวรรธ,มะ-นะ-วัด,,pending,pending,,,รอตรวจ: missing-official-evidence
มนวรรธน,มะ-นะ-วัด-ทะ-นะ,,pending,pending,,,รอตรวจ: missing-official-evidence
มนวรรธน์,มะ-นะ-วัด,,pending,pending,,,รอตรวจ: missing-official-evidence
มนัส,มะ-นัด,,pending,pending,,,รอตรวจ: missing-official-evidence
มนาหวาน,มะ-นา-หวาน,,pending,pending,,,รอตรวจ: missing-official-evidence
มโน,มะ-โน,,pending,pending,,,รอตรวจ: missing-official-evidence
มโนณัท,มะ-โน-นัด,,pending,pending,,,รอตรวจ: missing-official-evidence
มโนธรรม,มะ-โน-ทำ,,pending,pending,,,รอตรวจ: missing-official-evidence
มโนภัทร,มะ-โน-พัด-ทรอ,,pending,pending,,,รอตรวจ: missing-official-evidence
มโนรักษ์,มะ-โน-รัก,,pending,pending,,,รอตรวจ: missing-official-evidence
มโนวัศ,มะ-โน-วัด,,pending,pending,,,รอตรวจ: missing-official-evidence
มรก,มอ-ระ-กด,,pending,pending,,,รอตรวจ: missing-official-evidence
มรรษกร,มัด-สะ-กอน,,pending,pending,,,รอตรวจ: missing-official-evidence
มฤคินทร์,มะ-รึ-คิน,,pending,pending,,,รอตรวจ: missing-official-evidence
มฤธ์,มะ-ริ,,pending,pending,,,รอตรวจ: missing-official-evidence
มลทิวา,มน-ทิ-วา,,pending,pending,,,รอตรวจ: missing-official-evidence
มลธน,มน-ทน,,pending,pending,,,รอตรวจ: missing-official-evidence
มลธิรา,มน-ทิ-รา,,pending,pending,,,รอตรวจ: missing-official-evidence
มลิน,มะ-ลิน,,pending,pending,,,รอตรวจ: missing-official-evidence
มหวรรณ,มะ-หะ-วัน,,pending,pending,,,รอตรวจ: missing-official-evidence
มหิดล,มะ-หิ-ดน,,pending,pending,,,รอตรวจ: missing-official-evidence
มหิทธิกร,มะ-หิด-ทิ-กอน,,pending,pending,,,รอตรวจ: missing-official-evidence
มหิธร,มะ-หิ-ทอน,,pending,pending,,,รอตรวจ: missing-official-evidence
มหิธรณ์,มะ-หิ-ทอน,,pending,pending,,,รอตรวจ: missing-official-evidence
มะนาวหวาน,มะ-นา-วะ-หวาน,,pending,pending,,,รอตรวจ: missing-official-evidence
มะนิก,มะ-นิก,,pending,pending,,,รอตรวจ: missing-official-evidence
มะลิ,มะ-ลิ,,pending,pending,,,รอตรวจ: missing-official-evidence
มะลิแต,มะ-ลิ-แต,,pending,pending,,,รอตรวจ: missing-official-evidence
มะลิทอง,มะ-ลิ-ทอง,,pending,pending,,,รอตรวจ: missing-official-evidence
มะลิใหม่,มะ-ลิ-ไหม่,,pending,pending,,,รอตรวจ: missing-official-evidence
มะหมัด,มะ-หะ-มัด,,pending,pending,,,รอตรวจ: missing-official-evidence
มะหะจิ,มะ-หะ-จิ,,pending,pending,,,รอตรวจ: missing-official-evidence
มัญชรี,มัน-ชะ-รี,,pending,pending,,,รอตรวจ: missing-official-evidence
มัญชิษฐา,มัน-ชิด-ถา,,pending,pending,,,รอตรวจ: missing-official-evidence
มัณฑน์,มัน,,pending,pending,,,รอตรวจ: missing-official-evidence
มัณฑนภัทร,มัน-ทะ-นะ-พัด,,pending,pending,,,รอตรวจ: missing-official-evidence
มัณฑนา,มัน-ทะ-นา,,pending,pending,,,รอตรวจ: missing-official-evidence
มัธนา,มัด-ทะ-นา,,pending,pending,,,รอตรวจ: missing-official-evidence
มัธวา,มัด-ทะ-วา,,pending,pending,,,รอตรวจ: missing-official-evidence
มัธวามินทรา,มัด-ทะ-วา-มน-ริน,,pending,pending,,,รอตรวจ: missing-official-evidence
มันทนา,มัน-ทะ-นา,,pending,pending,,,รอตรวจ: missing-official-evidence
มานะ,มา-นะ,,pending,pending,,,รอตรวจ: missing-official-evidence
มามะ,มา-มะ,,pending,pending,,,รอตรวจ: missing-official-evidence
มามะแตหะ,มา-มะ-แตะ-หะ,,pending,pending,,,รอตรวจ: missing-official-evidence
มามิ,มา-มิ,,pending,pending,,,รอตรวจ: missing-official-evidence
มาร์ค,มาก,,pending,pending,,,รอตรวจ: missing-official-evidence
มาริษา,มา-ริ-สา,,pending,pending,,,รอตรวจ: missing-official-evidence
มาวิน,มา-วิน,,pending,pending,,,รอตรวจ: missing-official-evidence
มาหะมะ,มา-หะ-มะ,,pending,pending,,,รอตรวจ: missing-official-evidence
มิน,มิน,,pending,pending,,,รอตรวจ: missing-official-evidence
มินาริณทร์,มิ-นา-ริน,,pending,pending,,,รอตรวจ: missing-official-evidence
มินารินทร์,มิ-นา-ริน,,pending,pending,,,รอตรวจ: missing-official-evidence
มิรันญา,มิ-รัน-ยา,,pending,pending,,,รอตรวจ: missing-official-evidence
มิรา,มิ-รา,,pending,pending,,,รอตรวจ: missing-official-evidence
มิราน,มิ-ราน,,pending,pending,,,รอตรวจ: missing-official-evidence
มิราริณทร์,มิ-รา-ริน,,pending,pending,,,รอตรวจ: missing-official-evidence
มิรารินทร์,มิ-รา-ริน,,pending,pending,,,รอตรวจ: missing-official-evidence
มิรารีย์,มิ-รา-รี,,pending,pending,,,รอตรวจ: missing-official-evidence
มิราลักษณ์,มิ-ลา-ลัก,,pending,pending,,,รอตรวจ: missing-official-evidence
มิราลิน,มิ-รา-ลิน,,pending,pending,,,รอตรวจ: missing-official-evidence
มิราวร,มิ-รา-วอน,,pending,pending,,,รอตรวจ: missing-official-evidence
มิริน,มิ-ริน,,pending,pending,,,รอตรวจ: missing-official-evidence
มิเรน,มิ-เรน,,pending,pending,,,รอตรวจ: missing-official-evidence
มิ้ว,มิ้ว,,pending,pending,,,รอตรวจ: missing-official-evidence
มิ้วลักษณ์,มิ้ว-ลัก,,pending,pending,,,รอตรวจ: missing-official-evidence
มิ้ววร,มิ้ว-วอน,,pending,pending,,,รอตรวจ: missing-official-evidence
มุจรินทร์,มุ-จะ-ริน,,pending,pending,,,รอตรวจ: missing-official-evidence
มุนินทร์,มุ-นิน,,pending,pending,,,รอตรวจ: missing-official-evidence
มุนินทร์ธร,มุ-นิน-ทอน,,pending,pending,,,รอตรวจ: missing-official-evidence
มุนินทร์ธรณ์,มุ-นิน-ทอน,,pending,pending,,,รอตรวจ: missing-official-evidence
มุนินทร์วัชร,มุ-นิน-วัด,,pending,pending,,,รอตรวจ: missing-official-evidence
มุนินทรา,มุ-นิน-ทรา,,pending,pending,,,รอตรวจ: missing-official-evidence
มุรธา,มุ-ระ-ทา,,pending,pending,,,รอตรวจ: missing-official-evidence
มูลนาม,มูน-นาม,,pending,pending,,,รอตรวจ: missing-official-evidence
มูและ,มู-และ,,pending,pending,,,รอตรวจ: missing-official-evidence
เมธาวัชรินทร์,เม-ทา-วัน-นะ-ริน,,pending,pending,,,รอตรวจ: missing-official-evidence
โมรา,โม-รา,,pending,pending,,,รอตรวจ: missing-official-evidence
ไมน,ไม,,pending,pending,,,รอตรวจ: missing-official-evidence
ไมนณ,ไม-นะ,,pending,pending,,,รอตรวจ: missing-official-evidence
ไมล์,ไม,,pending,pending,,,รอตรวจ: missing-official-evidence
ยงธนัท,ยง-ทะ-นัด,,pending,pending,,,รอตรวจ: missing-official-evidence
ยงธนา,ยง-ทะ-นา,,pending,pending,,,รอตรวจ: missing-official-evidence
ยงยศ,ยง-ยด,,pending,pending,,,รอตรวจ: missing-official-evidence
ยงรณัฐ,ยง-ระ-นัด,,pending,pending,,,รอตรวจ: missing-official-evidence
ยชญ์,ยด,,pending,pending,,,รอตรวจ: missing-official-evidence
ยชญ์ชวัล,ยด-ชะ-วัน,,pending,pending,,,รอตรวจ: missing-official-evidence
ยชญ์ชวินทร์,ยด-ชะ-วิน,,pending,pending,,,รอตรวจ: missing-official-evidence
ยชญ์ธนญ,ยด-ทะ-นน,,pending,pending,,,รอตรวจ: missing-official-evidence
ยชญ์ศิริ,ยด-ยะ-สิ-หริ,,pending,pending,,,รอตรวจ: missing-official-evidence
ยชญ์อนันต์,ยด-อะ-นัน,,pending,pending,,,รอตรวจ: missing-official-evidence
ยศไกร,ยด-สะ-ไกร,,pending,pending,,,รอตรวจ: missing-official-evidence
ยศธน,ยด-สะ-ทน,,pending,pending,,,รอตรวจ: missing-official-evidence
ยศธนะ,ยด-ทะ-นะ,,pending,pending,,,รอตรวจ: missing-official-evidence
ยศธร,ยด-สะ-ทอน,,pending,pending,,,รอตรวจ: missing-official-evidence
ยศยง,ยด-สะ-ยง,,pending,pending,,,รอตรวจ: missing-official-evidence
ยศยชญ์,ยด-สะ-ยด,,pending,pending,,,รอตรวจ: missing-official-evidence
ยศรินทร์,สด-สะ-นิด,,pending,pending,,,รอตรวจ: missing-official-evidence
ยสินทร,ยะ-สิน-ทอน,,pending,pending,,,รอตรวจ: missing-official-evidence
ยี,ยี,,pending,pending,,,รอตรวจ: missing-official-evidence
รขิน,ระ-ขิน,,pending,pending,,,รอตรวจ: missing-official-evidence
รงค์,รง,,pending,pending,,,รอตรวจ: missing-official-evidence
รจณา,รด-จะ-นา,,pending,pending,,,รอตรวจ: missing-official-evidence
รจนา,รด-จะ-นา,,pending,pending,,,รอตรวจ: missing-official-evidence
รชฏ,ระ-ชะ-ตะ,,pending,pending,,,รอตรวจ: missing-official-evidence
รชต,ระ-ชะ-ตะ,,pending,pending,,,รอตรวจ: missing-official-evidence
รชิน,ระ-ชิน,,pending,pending,,,รอตรวจ: missing-official-evidence
รฐา,ระ-ถา,,pending,pending,,,รอตรวจ: missing-official-evidence
รณกร,รน-นะ-กอน,,pending,pending,,,รอตรวจ: missing-official-evidence
รณนภ,รน-นะ-พน,,pending,pending,,,รอตรวจ: missing-official-evidence
รณรงค์,รน-นะ-รง,,pending,pending,,,รอตรวจ: missing-official-evidence
รนน,รน-นน,,pending,pending,,,รอตรวจ: missing-official-evidence
รบ,รบ,,pending,pending,,,รอตรวจ: missing-official-evidence
รปิน,ระ-ปิน,,pending,pending,,,รอตรวจ: missing-official-evidence
รมณ,ระ-มน,,pending,pending,,,รอตรวจ: missing-official-evidence
รมน,ระ-มน,,pending,pending,,,รอตรวจ: missing-official-evidence
รมิญา,ระ-มิ-ยา,,pending,pending,,,รอตรวจ: missing-official-evidence
รวรัญ,รวน-อัน,,pending,pending,,,รอตรวจ: missing-official-evidence
รวิชญ์,ระ-วิด,,pending,pending,,,รอตรวจ: missing-official-evidence
รวิชญา,ระ-วิด-ชะ-ยา,,pending,pending,,,รอตรวจ: missing-official-evidence
รวิรา,ระ-วิ-รา,,pending,pending,,,รอตรวจ: missing-official-evidence
รวิวร,ระ-วิ-วอน,,pending,pending,,,รอตรวจ: missing-official-evidence
รวิวรรธน์,ระ-วิ-วัด,,pending,pending,,,รอตรวจ: missing-official-evidence
รวิวาน,ระ-วิ-วาน,,pending,pending,,,รอตรวจ: missing-official-evidence
รวิสรา,ระ-วิ-สะ-รา,,pending,pending,,,รอตรวจ: missing-official-evidence
รหณ,ระ-หะ-นะ,,pending,pending,,,รอตรวจ: missing-official-evidence
รหาญ,ระ-หาน,,pending,pending,,,รอตรวจ: missing-official-evidence
รอดไฝ,รอด-ไฝ,,pending,pending,,,รอตรวจ: missing-official-evidence
รอดริน,รอด-ริน,,pending,pending,,,รอตรวจ: missing-official-evidence
รอบคอบ,รอบ-คอบ,,pending,pending,,,รอตรวจ: missing-official-evidence
รอฮัน,รอ-ฮัน,,pending,pending,,,รอตรวจ: missing-official-evidence
รอฮานา,รอ-ฮา-นา,,pending,pending,,,รอตรวจ: missing-official-evidence
ระวิภัทร,ระ-วิ-พัด,,pending,pending,,,รอตรวจ: missing-official-evidence
ระวิวรรณ์,ระ-วิ-วัน,,pending,pending,,,รอตรวจ: missing-official-evidence
รัก,รัก,,pending,pending,,,รอตรวจ: missing-official-evidence
รักใคร่,รัก-ไคร่,,pending,pending,,,รอตรวจ: missing-official-evidence
รักษ์ธนนวินต์,รัก-ทะ-นะ-วะ-นิน,,pending,pending,,,รอตรวจ: missing-official-evidence
รักษา,รัก-สา-สะ,,pending,pending,,,รอตรวจ: missing-official-evidence
รักษาธิกรณ์,รัก-สา-ทิ-กอน,,pending,pending,,,รอตรวจ: missing-official-evidence
รักษาวงษ์,รัก-สา-วง,,pending,pending,,,รอตรวจ: missing-official-evidence
รักษิณา,รัก-สิ-นา,,pending,pending,,,รอตรวจ: missing-official-evidence
รัชฏะ,รัด-ชะ-ตะ,,pending,pending,,,รอตรวจ: missing-official-evidence
รัชฏาวรรณ,รัด-ชะ-ดา-นัน,,pending,pending,,,รอตรวจ: missing-official-evidence
รัชธิวรรษ์,รัด-ชะ-ทิ-วัน,,pending,pending,,,รอตรวจ: missing-official-evidence
รัชโนวรรณ,รัด-ชะ-โน-วัน,,pending,pending,,,รอตรวจ: missing-official-evidence
รัชวงษ์,รัด-ชะ-วง,,pending,pending,,,รอตรวจ: missing-official-evidence
รัชวิชญ์,รัด-ชะ-วิด,,pending,pending,,,รอตรวจ: missing-official-evidence
รัชอินทร์,รัด-ชะ-อิน,,pending,pending,,,รอตรวจ: missing-official-evidence
รัญญ์สิรินทร์,รัน-สิ-ริน,,pending,pending,,,รอตรวจ: missing-official-evidence
รัญนิลิน,รัน-นิ-ลิน,,pending,pending,,,รอตรวจ: missing-official-evidence
รัญลภัส,รัน-ละ-พัด,,pending,pending,,,รอตรวจ: missing-official-evidence
รัฐ,รัด,,pending,pending,,,รอตรวจ: missing-official-evidence
รัฐกร,รัด-กอน,,pending,pending,,,รอตรวจ: missing-official-evidence
รัฐนันท์,รัด-ถะ-นัน,,pending,pending,,,รอตรวจ: missing-official-evidence
รัฐผไท,รัด-ผะ-ไท,,pending,pending,,,รอตรวจ: missing-official-evidence
รัฐภัทร์,รัด-พัด,,pending,pending,,,รอตรวจ: missing-official-evidence
รัฐราษฎร์,รัด-ถะ-ราด,,pending,pending,,,รอตรวจ: missing-official-evidence
รัฐรุจน์,รัด-ถะ-รุด,,pending,pending,,,รอตรวจ: missing-official-evidence
รัฐโรจน์,รัด-ถะ-โรด,,pending,pending,,,รอตรวจ: missing-official-evidence
ราญรอน,ราน-รอน,,pending,pending,,,รอตรวจ: missing-official-evidence
รามนัฏ,ราม-นัด,,pending,pending,,,รอตรวจ: missing-official-evidence
รามิล,รา-มิน,,pending,pending,,,รอตรวจ: missing-official-evidence
รามิลา,รา-มิ-ลา,,pending,pending,,,รอตรวจ: missing-official-evidence
ราวินิช,รา-วิ-นิด,,pending,pending,,,รอตรวจ: missing-official-evidence
ริซิน,ริ-ซิน,,pending,pending,,,รอตรวจ: missing-official-evidence
ริญญะภัสร์,ริน-ยะ-พัด,,pending,pending,,,รอตรวจ: missing-official-evidence
ริฏฐิ์,ริด,,pending,pending,,,รอตรวจ: missing-official-evidence
ริณา,ริ-นา,,pending,pending,,,รอตรวจ: missing-official-evidence
ริน,ริน,,pending,pending,,,รอตรวจ: missing-official-evidence
รินทระ,ริน-ระ,,pending,pending,,,รอตรวจ: missing-official-evidence
รินทิรา,ริน-ทิ-รา,,pending,pending,,,รอตรวจ: missing-official-evidence
รินไท,ริน-ไท,,pending,pending,,,รอตรวจ: missing-official-evidence
รินนา,ริน-นา,,pending,pending,,,รอตรวจ: missing-official-evidence
รินลภัศ,ริน-ละ-พัด,,pending,pending,,,รอตรวจ: missing-official-evidence
รินลภัส,ริน-ละ-พัด,,pending,pending,,,รอตรวจ: missing-official-evidence
รินลภัสร์,ริน-ละ-พัด,,pending,pending,,,รอตรวจ: missing-official-evidence
รินลักษณ์,ริน-ลัก,,pending,pending,,,รอตรวจ: missing-official-evidence
รินวร,ริน-วอน,,pending,pending,,,รอตรวจ: missing-official-evidence
ริเลน,ริ-เลน,,pending,pending,,,รอตรวจ: missing-official-evidence
ริวัน,ริ-วัน,,pending,pending,,,รอตรวจ: missing-official-evidence
ริออน,ริ-ออน,,pending,pending,,,รอตรวจ: missing-official-evidence
ริอา,ริ-อา,,pending,pending,,,รอตรวจ: missing-official-evidence
รุจกร,รุด-จะ-กอน,,pending,pending,,,รอตรวจ: missing-official-evidence
รุจธร,รุด-จะ-ทอน,,pending,pending,,,รอตรวจ: missing-official-evidence
รุจรวิศร์,รุด-จะ-ระ-วิด,,pending,pending,,,รอตรวจ: missing-official-evidence
รุจิชญานันท์,รุ-จิ-ชะ-ยา-นัน,,pending,pending,,,รอตรวจ: missing-official-evidence
รุจิรา,รุ-จิ-รา,,pending,pending,,,รอตรวจ: missing-official-evidence
รุณใจ,รุน-ใจ,,pending,pending,,,รอตรวจ: missing-official-evidence
รุฮาญา,รุ-ฮา-ยา,,pending,pending,,,รอตรวจ: missing-official-evidence
เรไร,เร-ไร,,pending,pending,,,รอตรวจ: missing-official-evidence
โรจกร,ร-จ-ก,,pending,pending,,,รอตรวจ: missing-official-evidence
โรจนดิษฐ์,โรด-จะ-นะ-ดิด,,pending,pending,,,รอตรวจ: missing-official-evidence
โรจน์ธนารันต์,โรด-ทะ-นา-รัน,,pending,pending,,,รอตรวจ: missing-official-evidence
โรจนะ,โรด-จะ-นะ,,pending,pending,,,รอตรวจ: missing-official-evidence
ไรซัส,ไร-ซัด,,pending,pending,,,รอตรวจ: missing-official-evidence
ไรซิล,ไร-ซิน,,pending,pending,,,รอตรวจ: missing-official-evidence
ไรลอน,ไร-ลอน,,pending,pending,,,รอตรวจ: missing-official-evidence
ไรเวน,ไร-เวน,,pending,pending,,,รอตรวจ: missing-official-evidence
ไรออน,ไร-ออน,,pending,pending,,,รอตรวจ: missing-official-evidence
ไรอัน,ไร-อัน,,pending,pending,,,รอตรวจ: missing-official-evidence
ลกนก,ลก-นก,,pending,pending,,,รอตรวจ: missing-official-evidence
ลกมล,ลก-มน,,pending,pending,,,รอตรวจ: missing-official-evidence
ลจอมทอง,จะ-จม-ทอง,,pending,pending,,,รอตรวจ: missing-official-evidence
ลฎาณัช,ละ-ดา-นัด,,pending,pending,,,รอตรวจ: missing-official-evidence
ลดวง,ลด-วง,,pending,pending,,,รอตรวจ: missing-official-evidence
ลทอง,ละ-ทอง,,pending,pending,,,รอตรวจ: missing-official-evidence
ลทองคำ,ละ-ทอง-คำ,,pending,pending,,,รอตรวจ: missing-official-evidence
ลนิ,ละ-นิ,,pending,pending,,,รอตรวจ: missing-official-evidence
ลภัสญาลักษณ์,ละ-พัด-ยา-ลัก,,pending,pending,,,รอตรวจ: missing-official-evidence
ลภัสญาวรัญญา,ละ-พัด-ยา-วะ-รัน-ยา,,pending,pending,,,รอตรวจ: missing-official-evidence
ลลิล,ละ-ลิน,,pending,pending,,,รอตรวจ: missing-official-evidence
ลลิษา,ละ-ลิ-สา,,pending,pending,,,รอตรวจ: missing-official-evidence
ล้วน,ล้วน,,pending,pending,,,รอตรวจ: missing-official-evidence
ลหิ,ละ-หิ,,pending,pending,,,รอตรวจ: missing-official-evidence
ล่อง,ล่อง,,pending,pending,,,รอตรวจ: missing-official-evidence
ล้อม,ล้อม,,pending,pending,,,รอตรวจ: missing-official-evidence
ลอออร,ละ-ออ-ออน,,pending,pending,,,รอตรวจ: missing-official-evidence
ละไม,ละ-ไม,,pending,pending,,,รอตรวจ: missing-official-evidence
ละออ,ละ-ออ,,pending,pending,,,รอตรวจ: missing-official-evidence
ละออง,ละ-ออง,,pending,pending,,,รอตรวจ: missing-official-evidence
ละอองอ่อน,ละ-ออง-อ่อน,,pending,pending,,,รอตรวจ: missing-official-evidence
ลักษมัณ,ลัก-สะ-มัน,,pending,pending,,,รอตรวจ: missing-official-evidence
ลักษวุธ,ลัก-สะ-วุด,,pending,pending,,,รอตรวจ: missing-official-evidence
ลัญฉกร,ลัน-ฉะ-กอน,,pending,pending,,,รอตรวจ: missing-official-evidence
ลัลนลิณ,ลัน-ละ-นะ-ลิน,,pending,pending,,,รอตรวจ: missing-official-evidence
ลานนา,ลาน-นา,,pending,pending,,,รอตรวจ: missing-official-evidence
ลานอก,ลา-นอก,,pending,pending,,,รอตรวจ: missing-official-evidence
ลาวัณณ์สิริ,ลา-วัน-สิ-หริ,,pending,pending,,,รอตรวจ: missing-official-evidence
ลาวา,ลา-วา,,pending,pending,,,รอตรวจ: missing-official-evidence
ลำไพ,ลำ-ไพ,,pending,pending,,,รอตรวจ: missing-official-evidence
ลิกค์,ลิก,,pending,pending,,,รอตรวจ: missing-official-evidence
ลิน,ลิน,,pending,pending,,,รอตรวจ: missing-official-evidence
ลินทร์ฬุฬา,ลิน-รุ-ลา,,pending,pending,,,รอตรวจ: missing-official-evidence
ลินน์นฐา,ลิน-นะ-ถา,,pending,pending,,,รอตรวจ: missing-official-evidence
ลินนา,ลิน-นา,,pending,pending,,,รอตรวจ: missing-official-evidence
ลินลักษณ์,ลิน-ลัก,,pending,pending,,,รอตรวจ: missing-official-evidence
ลินวร,ลิน-นะ-วอน,,pending,pending,,,รอตรวจ: missing-official-evidence
ลินิน,ลิ-นิน,,pending,pending,,,รอตรวจ: missing-official-evidence
ลิบลับ,ลิบ-ลับ,,pending,pending,,,รอตรวจ: missing-official-evidence
ลิลณัฎ,ลิน-ลัด,,pending,pending,,,รอตรวจ: missing-official-evidence
ลิลัญภัชต์,ลิ-ลัน-พัด,,pending,pending,,,รอตรวจ: missing-official-evidence
ลุนลา,ลุน-ลา,,pending,pending,,,รอตรวจ: missing-official-evidence
ลูคัส,ลู-คัด,,pending,pending,,,รอตรวจ: missing-official-evidence
ลูรา,ลู-รา,,pending,pending,,,รอตรวจ: missing-official-evidence
ลูริส,ลู-ริด,,pending,pending,,,รอตรวจ: missing-official-evidence
ลูเรน,ลู-เรน,,pending,pending,,,รอตรวจ: missing-official-evidence
ลูวิน,ลู-วิน,,pending,pending,,,รอตรวจ: missing-official-evidence
ลูเวอร์,ลู-เวอ,,pending,pending,,,รอตรวจ: missing-official-evidence
เลโน่,เล-โน่,,pending,pending,,,รอตรวจ: missing-official-evidence
เลมินญาน์,เล-มิน-ยา,,pending,pending,,,รอตรวจ: missing-official-evidence
เลาะนะ,เลาะ-นะ,,pending,pending,,,รอตรวจ: missing-official-evidence
เลาะหามะ,เลาะ-หะ-มะ,,pending,pending,,,รอตรวจ: missing-official-evidence
โลวะลุน,โล-วะ-ลุน,,pending,pending,,,รอตรวจ: missing-official-evidence
โลหะวณิชย์,โล-หะ-วะ-นิด,,pending,pending,,,รอตรวจ: missing-official-evidence
ไลลา,ไล-ลา,,pending,pending,,,รอตรวจ: missing-official-evidence
ไลออน,ไล-ออน,,pending,pending,,,รอตรวจ: missing-official-evidence
วงค์มลฑล,วง-มน-ทน,,pending,pending,,,รอตรวจ: missing-official-evidence
วงค์ษารัฐ,วง-สา-รัด,,pending,pending,,,รอตรวจ: missing-official-evidence
วงค์หนองแล้ง,วง-หนอง-แล้ง,,pending,pending,,,รอตรวจ: missing-official-evidence
วงษ์ไกร,วง-ไกร,,pending,pending,,,รอตรวจ: missing-official-evidence
วงษ์คงคำ,วง-คง-คำ,,pending,pending,,,รอตรวจ: missing-official-evidence
วงษ์เจริญ,วง-จะ-เริน,,pending,pending,,,รอตรวจ: missing-official-evidence
วงษ์วานิชขจร,วง-วา-นิด-จะ-ขอน,,pending,pending,,,รอตรวจ: missing-official-evidence
วงษ์อุระ,วง-อุ-ระ,,pending,pending,,,รอตรวจ: missing-official-evidence
วงษาไชย,วง-สา-ไช,,pending,pending,,,รอตรวจ: missing-official-evidence
วชิร,วะ-ชิ-ระ,,pending,pending,,,รอตรวจ: missing-official-evidence
วชิรญาณ์,วะ-ชิ-ระ-ยา,,pending,pending,,,รอตรวจ: missing-official-evidence
วชิรธร,วะ-ชิ-ระ-ทอน,,pending,pending,,,รอตรวจ: missing-official-evidence
วชิรภณ,วะ-ชิ-ระ-พน,,pending,pending,,,รอตรวจ: missing-official-evidence
วชิรวิชญ์,วะ-ชิ-ระ-วิด,,pending,pending,,,รอตรวจ: missing-official-evidence
วชิราวุธ,วะ-ชิ-รา-วุด,,pending,pending,,,รอตรวจ: missing-official-evidence
วฐา,วะ-ถา,,pending,pending,,,รอตรวจ: missing-official-evidence
วณัฎนันท์,วะ-นัด-ตะ-นัน,,pending,pending,,,รอตรวจ: missing-official-evidence
วธัญญา,วะ-ทัน-ยา,,pending,pending,,,รอตรวจ: missing-official-evidence
วนิ,วะ-นิ,,pending,pending,,,รอตรวจ: missing-official-evidence
วมิ,วะ-มิ,,pending,pending,,,รอตรวจ: missing-official-evidence
วรกร,วอ-ระ-กอน,,pending,pending,,,รอตรวจ: missing-official-evidence
วรกัญญา,วอ-ระ-กัน-ยา,,pending,pending,,,รอตรวจ: missing-official-evidence
วรจันทร์,วอ-ระ-จัน,,pending,pending,,,รอตรวจ: missing-official-evidence
วรจิร,วอ-ระ-จิน,,pending,pending,,,รอตรวจ: missing-official-evidence
วรชญา,วะ-ระ-ชะ-ยา,,pending,pending,,,รอตรวจ: missing-official-evidence
วรเชษฐ์,วอ-ระ-เชด,,pending,pending,,,รอตรวจ: missing-official-evidence
วรญาลักษณ์,วอ-ระ-ยา-ลัก,,pending,pending,,,รอตรวจ: missing-official-evidence
วรญาวรัญญา,วอ-ระ-ยาน-อำ-รัน-วา,,pending,pending,,,รอตรวจ: missing-official-evidence
วรณัฐ,วอ-ระ-นัด,,pending,pending,,,รอตรวจ: missing-official-evidence
วรณัน,วะ-ระ-นัน,,pending,pending,,,รอตรวจ: missing-official-evidence
วรดร,วะ-รด-ดอน,,pending,pending,,,รอตรวจ: missing-official-evidence
วรทอง,วอ-ระ-ทอง,,pending,pending,,,รอตรวจ: missing-official-evidence
วรธน,วอ-ระ-ทน,,pending,pending,,,รอตรวจ: missing-official-evidence
วรธนัท,วอ-ระ-ทะ-นัด,,pending,pending,,,รอตรวจ: missing-official-evidence
วรนภัส,วอ-ระ-นะ-พัด,,pending,pending,,,รอตรวจ: missing-official-evidence
วรนันท์,วอ-ระ-นัน,,pending,pending,,,รอตรวจ: missing-official-evidence
วรปรัชญ์,วอ-ระ-ปรัด,,pending,pending,,,รอตรวจ: missing-official-evidence
วรภัทร์,วอ-ระ-พัด,,pending,pending,,,รอตรวจ: missing-official-evidence
วรภัทรา,วะ-รัด-ทรา,,pending,pending,,,รอตรวจ: missing-official-evidence
วรรณกนก,วัน-นะ-กะ-หนก,,pending,pending,,,รอตรวจ: missing-official-evidence
วรรณกร,วัน-นะ-กอน,,pending,pending,,,รอตรวจ: missing-official-evidence
วรรณจงคำ,วัน-นะ-จง-คำ,,pending,pending,,,รอตรวจ: missing-official-evidence
วรรณทอง,วัน-นะ-ทอง,,pending,pending,,,รอตรวจ: missing-official-evidence
วรรณรักษ์,วัน-นะ-รัก,,pending,pending,,,รอตรวจ: missing-official-evidence
วรรณวรงค์,วัน-นะ-วง,,pending,pending,,,รอตรวจ: missing-official-evidence
วรรณวิไล,วัน-วิ-ไล,,pending,pending,,,รอตรวจ: missing-official-evidence
วรรณะ,วัน-นะ,,pending,pending,,,รอตรวจ: missing-official-evidence
วรรณิษา,วัน-นิ-สา,,pending,pending,,,รอตรวจ: missing-official-evidence
วรรษนันท์,วัด-สะ-นัน,,pending,pending,,,รอตรวจ: missing-official-evidence
วรรษภณ,วัด-สะ-พน,,pending,pending,,,รอตรวจ: missing-official-evidence
วรรษมน,วัด-สะ-มน,,pending,pending,,,รอตรวจ: missing-official-evidence
วรรา,วะ-รา,,pending,pending,,,รอตรวจ: missing-official-evidence
วรลักษณ์,วอ-ระ-ลัก,,pending,pending,,,รอตรวจ: missing-official-evidence
วรวรรณ,วอ-ระ-วัน,,pending,pending,,,รอตรวจ: missing-official-evidence
วรวรรธน์,วอ-ระ-วัด,,pending,pending,,,รอตรวจ: missing-official-evidence
วรวรัญญา,วอ-ระ-วะ-รัน-ยา,,pending,pending,,,รอตรวจ: missing-official-evidence
วรวลัญช์,วอ-ระ-วะ-ลัน,,pending,pending,,,รอตรวจ: missing-official-evidence
วรวิช,วอ-ระ-วิด,,pending,pending,,,รอตรวจ: missing-official-evidence
วรวิชญ์,วอ-ระ-วิด,,pending,pending,,,รอตรวจ: missing-official-evidence
วรอนันต์,วอ-ระ-อะ-นัน,,pending,pending,,,รอตรวจ: missing-official-evidence
วระภัทร,วะ-รัด,,pending,pending,,,รอตรวจ: missing-official-evidence
วรัญญ์,วะ-รัน,,pending,pending,,,รอตรวจ: missing-official-evidence
วรัญญา,วะ-รัน-ยา,,pending,pending,,,รอตรวจ: missing-official-evidence
วรัญญานันท์,วะ-รัน-ยา-นัน,,pending,pending,,,รอตรวจ: missing-official-evidence
วรัณกร,วะ-รัน-กอน,,pending,pending,,,รอตรวจ: missing-official-evidence
วรัณญา,วะ-รัน-ยา,,pending,pending,,,รอตรวจ: missing-official-evidence
วรัท,วะ-รัด,,pending,pending,,,รอตรวจ: missing-official-evidence
วรันท์,วะ-รัน,,pending,pending,,,รอตรวจ: missing-official-evidence
วราธร,วะ-รา-ทอน,,pending,pending,,,รอตรวจ: missing-official-evidence
วรารินทร์,วะ-รา-ริน,,pending,pending,,,รอตรวจ: missing-official-evidence
วราวงษ์,วะ-รา-วง,,pending,pending,,,รอตรวจ: missing-official-evidence
วราวุธ,วะ-รา-วุด,,pending,pending,,,รอตรวจ: missing-official-evidence
วริญญา,ว-ร-ญ,,pending,pending,,,รอตรวจ: missing-official-evidence
วริทธิ์,วะ-ริด,,pending,pending,,,รอตรวจ: missing-official-evidence
วริน,วะ-ริน,,pending,pending,,,รอตรวจ: missing-official-evidence
วรินญา,วะ-ริน-ยา,,pending,pending,,,รอตรวจ: missing-official-evidence
วรินทธิ์ธร,วะ-ริน-ทอน,,pending,pending,,,รอตรวจ: missing-official-evidence
วรินทร,วะ-ริน-ทอน,,pending,pending,,,รอตรวจ: missing-official-evidence
วรินทร์,วะ-ริน,,pending,pending,,,รอตรวจ: missing-official-evidence
วรินทร์ธร,วะ-ริน-ทอน,,pending,pending,,,รอตรวจ: missing-official-evidence
วรินทร์ลภัส,วะ-ริน-ละ-พัด,,pending,pending,,,รอตรวจ: missing-official-evidence
วรินทรา,วะ-ริน-ทรา,,pending,pending,,,รอตรวจ: missing-official-evidence
วรินธา,วะ-ริน-ทา,,pending,pending,,,รอตรวจ: missing-official-evidence
วรินธารณ์,วะ-ริน-ทาน,,pending,pending,,,รอตรวจ: missing-official-evidence
วรินาวินา,วะ-ริ-นา-วิ-นา,,pending,pending,,,รอตรวจ: missing-official-evidence
วริศรา,วะ-ริด-สะ-รา,,pending,pending,,,รอตรวจ: missing-official-evidence
วริษฐา,วะ-ริด-ถา,,pending,pending,,,รอตรวจ: missing-official-evidence
วริษา,วะ-ริด-สา,,pending,pending,,,รอตรวจ: missing-official-evidence
วรุจจ์พงษ์,วะ-รุ-พด,,pending,pending,,,รอตรวจ: missing-official-evidence
วลิษา,วะ-ลิ-สา,,pending,pending,,,รอตรวจ: missing-official-evidence
ว่องธนวณิช,ว่อง-ทะ-นะ-วะ-นิด,,pending,pending,,,รอตรวจ: missing-official-evidence
ว่องวรานนท์,ว่อง-วอ-ระ-นาน,,pending,pending,,,รอตรวจ: missing-official-evidence
วัจน์คมกริช,วัด-คม-ริก,,pending,pending,,,รอตรวจ: missing-official-evidence
วัชร,วัด,,pending,pending,,,รอตรวจ: missing-official-evidence
วัชรกรณ์,วัด-กอน,,pending,pending,,,รอตรวจ: missing-official-evidence
วัชรนนท์,วัด-นน,,pending,pending,,,รอตรวจ: missing-official-evidence
วัชรภัทร,วัด-พัด-ทรอ,,pending,pending,,,รอตรวจ: missing-official-evidence
วัชรวรงค์,วัด-ชะ-ระ-วะ-รง,,pending,pending,,,รอตรวจ: missing-official-evidence
วัชรินทร์,วัด-ชะ-ริน,,pending,pending,,,รอตรวจ: missing-official-evidence
วัชรินทร์พงษ์,วัด-ชะ-ริ-พง,,pending,pending,,,รอตรวจ: missing-official-evidence
วัชโรบล,วัด-ชะ-โร-บน,,pending,pending,,,รอตรวจ: missing-official-evidence
วัณณวรวรรณ์,วัน-นะ-วอน-วัน,,pending,pending,,,รอตรวจ: missing-official-evidence
วัน,วัน,,pending,pending,,,รอตรวจ: missing-official-evidence
วันทนา,วัน-ทะ-นา,,pending,pending,,,รอตรวจ: missing-official-evidence
วันทอง,วัน-ทอง,,pending,pending,,,รอตรวจ: missing-official-evidence
วันนอร์,วัน-นอ,,pending,pending,,,รอตรวจ: missing-official-evidence
วันโน,วัน-โน,,pending,pending,,,รอตรวจ: missing-official-evidence
วันลา,วัน-ลา,,pending,pending,,,รอตรวจ: missing-official-evidence
วันวงษ์,วัน-วง,,pending,pending,,,รอตรวจ: missing-official-evidence
วัลลภ,วัน-ลบ,,pending,pending,,,รอตรวจ: missing-official-evidence
วัลลักษณ์,วัน-ลัก,,pending,pending,,,รอตรวจ: missing-official-evidence
วัลลา,วัน-ลา,,pending,pending,,,รอตรวจ: missing-official-evidence
วาณิชญา,วา-นิด-ชะ-ยา,,pending,pending,,,รอตรวจ: missing-official-evidence
วานิชย์หานนท์,วา-นิด-หาน,,pending,pending,,,รอตรวจ: missing-official-evidence
วารอน,วา-รอน,,pending,pending,,,รอตรวจ: missing-official-evidence
วาริน,วา-ริน,,pending,pending,,,รอตรวจ: missing-official-evidence
วาหลวง,วา-หลวง,,pending,pending,,,รอตรวจ: missing-official-evidence
วิชชญา,วิด-ชะ-ยา,,pending,pending,,,รอตรวจ: missing-official-evidence
วิชญนันท์,วิ-ชะ-ยะ-นัน,,pending,pending,,,รอตรวจ: missing-official-evidence
วิชวัช,วิด-ชะ-วัด,,pending,pending,,,รอตรวจ: missing-official-evidence
วิเชฎฐพงษ์,วิ-เชด-ถะ-พง,,pending,pending,,,รอตรวจ: missing-official-evidence
วิเชฏฐพงษ์,วิ-เชด-ถะ-พง,,pending,pending,,,รอตรวจ: missing-official-evidence
วิเชฐพงษ์,วิ-เชด-พง,,pending,pending,,,รอตรวจ: missing-official-evidence
วิเชษฐ์,วิ-เชด,,pending,pending,,,รอตรวจ: missing-official-evidence
วิญญา,วิน-ยา,,pending,pending,,,รอตรวจ: missing-official-evidence
วิทวัส,วิด-ทะ-วัด,,pending,pending,,,รอตรวจ: missing-official-evidence
วิทวิน,วิด-ทะ-วิน,,pending,pending,,,รอตรวจ: missing-official-evidence
วิธวินท์,วิ-ทะ-วิน,,pending,pending,,,รอตรวจ: missing-official-evidence
วิน,วิน,,pending,pending,,,รอตรวจ: missing-official-evidence
วินท์นภัทร,วิน-นะ-พัด,,pending,pending,,,รอตรวจ: missing-official-evidence
วินทร์,วิน,,pending,pending,,,รอตรวจ: missing-official-evidence
วินทะไชย,วิน-ทะ-ไช,,pending,pending,,,รอตรวจ: missing-official-evidence
วินลักษณ์,วิ-นะ-ลัก,,pending,pending,,,รอตรวจ: missing-official-evidence
วินลักษณา,วิน-ลัก-สะ-นา,,pending,pending,,,รอตรวจ: missing-official-evidence
วินิจชอบ,วิ-นิด-ชอบ,,pending,pending,,,รอตรวจ: missing-official-evidence
วินิทร,วิ-นิ-ทอน,,pending,pending,,,รอตรวจ: missing-official-evidence
วิมลลักษณ์,วิ-มน-ลัก,,pending,pending,,,รอตรวจ: missing-official-evidence
วิระษร,วิ-ระ-สอน,,pending,pending,,,รอตรวจ: missing-official-evidence
วิรัชต์ธนัญญา,วิ-รัด-ทะ-นี-ยา,,pending,pending,,,รอตรวจ: missing-official-evidence
วิรัญญา,วิ-รัน-ยา,,pending,pending,,,รอตรวจ: missing-official-evidence
วิรันญา,วิ-รัน-ยา,,pending,pending,,,รอตรวจ: missing-official-evidence
วิริญจ์,วิ-ริน,,pending,pending,,,รอตรวจ: missing-official-evidence
วิริญา,วิ-ริ-ยา,,pending,pending,,,รอตรวจ: missing-official-evidence
วิรินทร์ญา,วะ-ริน-ยา,,pending,pending,,,รอตรวจ: missing-official-evidence
วิลนันต์,วิน-นัน,,pending,pending,,,รอตรวจ: missing-official-evidence
วิลาวรรณ,วิ-ลา-วัน,,pending,pending,,,รอตรวจ: missing-official-evidence
วิลาวรรณ์,วิ-ลา-วัน,,pending,pending,,,รอตรวจ: missing-official-evidence
วิไล,วิ-ไล,,pending,pending,,,รอตรวจ: missing-official-evidence
วิไลภรณ์,วิ-ไล-พอน,,pending,pending,,,รอตรวจ: missing-official-evidence
วิไลลักษณ์,วิ-ไล-ลัก,,pending,pending,,,รอตรวจ: missing-official-evidence
วิไลวรรณ,วิ-ไล-วัน,,pending,pending,,,รอตรวจ: missing-official-evidence
วิวรรธน์,วิ-วัด,,pending,pending,,,รอตรวจ: missing-official-evidence
วิสิฏฐ,วิ-สิด,,pending,pending,,,รอตรวจ: missing-official-evidence
วิฬาร์ริณ,วิ-ลา-ริน,,pending,pending,,,รอตรวจ: missing-official-evidence
เวณิชา,เว-นิ-ชา,,pending,pending,,,รอตรวจ: missing-official-evidence
เวณิษา,เว-นิ-สา,,pending,pending,,,รอตรวจ: missing-official-evidence
เวโรจน์,เว-โรด,,pending,pending,,,รอตรวจ: missing-official-evidence
เวฬุวัน,เว-รุ-วัน,,pending,pending,,,รอตรวจ: missing-official-evidence
แวงวรรณ,แวง-วัน,,pending,pending,,,รอตรวจ: missing-official-evidence
แวดอเลาะ,แวด-เลือา,,pending,pending,,,รอตรวจ: missing-official-evidence
แวววงค์,แวว-วง,,pending,pending,,,รอตรวจ: missing-official-evidence
ไวธัญกรรม,ไว-ทัน-ยะ-กำ,,pending,pending,,,รอตรวจ: missing-official-evidence
ศรธร,สอน-ทอน,,pending,pending,,,รอตรวจ: missing-official-evidence
ศรเรศ,สอน-เรด,,pending,pending,,,รอตรวจ: missing-official-evidence
ศรลักษณ์,สอ-ระ-ลัก,,pending,pending,,,รอตรวจ: missing-official-evidence
ศรัญญญา,สะ-รัน-ยา,,pending,pending,,,รอตรวจ: missing-official-evidence
ศรัญญา,สะ-รัน-ยา,,pending,pending,,,รอตรวจ: missing-official-evidence
ศรัณ,สะ-รัน,,pending,pending,,,รอตรวจ: missing-official-evidence
ศรุญญ์,สะ-รุน,,pending,pending,,,รอตรวจ: missing-official-evidence
ศิขริน,สัก-ขะ-ริน,,pending,pending,,,รอตรวจ: missing-official-evidence
ศิร,สิ-ระ,,pending,pending,,,รอตรวจ: missing-official-evidence
ศิระวิชญ์,สิ-ระ-วิด,,pending,pending,,,รอตรวจ: missing-official-evidence
ศิริกร,สิ-หริ-กอน,,pending,pending,,,รอตรวจ: missing-official-evidence
ศิริโชค,สิ-หริ-โชก,,pending,pending,,,รอตรวจ: missing-official-evidence
ศิริธำรงค์,สิ-หริ-ทำ-รง,,pending,pending,,,รอตรวจ: missing-official-evidence
ศิรินญา,สิ-ริน-ยา,,pending,pending,,,รอตรวจ: missing-official-evidence
ศิรินญาลักษณ์,สิ-ริน-ยา-ลัก,,pending,pending,,,รอตรวจ: missing-official-evidence
ศิรินญาวรัญญา,สิ-ริน-ยา-วะ-รัน-ยา,,pending,pending,,,รอตรวจ: missing-official-evidence
ศิริลักษณ์,สิ-หลิ-ลัก,,pending,pending,,,รอตรวจ: missing-official-evidence
ศิริอนันตหิรัญ,สิ-หริ-อะ-นัน-ติ-หรัน,,pending,pending,,,รอตรวจ: missing-official-evidence
ศิริอรันตหิรัญ,สิ-หริ-อะ-รัน-ติ-หรัน,,pending,pending,,,รอตรวจ: missing-official-evidence
ศิลป์ศร,สิน-สอน,,pending,pending,,,รอตรวจ: missing-official-evidence
ศิวอิทธิ์,สิ-วะ-อิด,,pending,pending,,,รอตรวจ: missing-official-evidence
ศิวะฤทธิ์,สิ-วะ-ริด,,pending,pending,,,รอตรวจ: missing-official-evidence
ษกมล,สก-กะ-มน,,pending,pending,,,รอตรวจ: missing-official-evidence
ษกมลนันท์,กะ-สะ-มน-ละ-นัน,,pending,pending,,,รอตรวจ: missing-official-evidence
ษกมลภัทร,สก-กะ-มน-พัด-ทรอ,,pending,pending,,,รอตรวจ: missing-official-evidence
ษกมลวรา,กด-สะ-มน-วะ-รา,,pending,pending,,,รอตรวจ: missing-official-evidence
ษจิรา,สะ-จิ-สา,,pending,pending,,,รอตรวจ: missing-official-evidence
ษจิรานันท์,สะ-จิ-สา-นัน,,pending,pending,,,รอตรวจ: missing-official-evidence
ษจิราวรา,สะ-จิ-สา-ระ-วะ-รา,,pending,pending,,,รอตรวจ: missing-official-evidence
ษชล,สะ-ชะ-สน,,pending,pending,,,รอตรวจ: missing-official-evidence
ษชลนันท์,สด-ชะ-ละ-นัน,,pending,pending,,,รอตรวจ: missing-official-evidence
ษชลภัทร,สะ-ชะ-สน-พัด-ทรอ,,pending,pending,,,รอตรวจ: missing-official-evidence
ษชลวรา,สด-ชน-วะ-รา,,pending,pending,,,รอตรวจ: missing-official-evidence
ษชิน,สะ-ชิ-นะ,,pending,pending,,,รอตรวจ: missing-official-evidence
ษฐา,ถะ-ถา,,pending,pending,,,รอตรวจ: missing-official-evidence
ษฐาจันทร์,ถะ-ถา-จัน,,pending,pending,,,รอตรวจ: missing-official-evidence
ษฐาธร,ถะ-สา-ทอน,,pending,pending,,,รอตรวจ: missing-official-evidence
ษฐาธิป,ถะ-ถา-ทิบ,,pending,pending,,,รอตรวจ: missing-official-evidence
ษฐานันท์,สะ-ถา-นัน,,pending,pending,,,รอตรวจ: missing-official-evidence
ษฐามินทร์,สะ-ถา-มิน,,pending,pending,,,รอตรวจ: missing-official-evidence
ษฐาลักษณ์,สะ-ถา-ลัก,,pending,pending,,,รอตรวจ: missing-official-evidence
ษฐาลิน,ถะ-ถา-ลิน,,pending,pending,,,รอตรวจ: missing-official-evidence
ษฐาวร,ถะ-สา-วอน,,pending,pending,,,รอตรวจ: missing-official-evidence
ษฐาวรรณ,สะ-ถา-วัน,,pending,pending,,,รอตรวจ: missing-official-evidence
ษฐาวรา,สะ-ถา-วะ-รา,,pending,pending,,,รอตรวจ: missing-official-evidence
ษฐาวริน,ถะ-ถา-วะ-ริน,,pending,pending,,,รอตรวจ: missing-official-evidence
ษฐาวรินทร์,ถะ-ถา-วะ-ริน,,pending,pending,,,รอตรวจ: missing-official-evidence
ษฐาวริศ,ถะ-ถา-วะ-ริด,,pending,pending,,,รอตรวจ: missing-official-evidence
ษฐาวิชญ์,สะ-ถา-วิด,,pending,pending,,,รอตรวจ: missing-official-evidence
ษฐาวิน,ถะ-ถา-วิน,,pending,pending,,,รอตรวจ: missing-official-evidence
ษฐาวินท์,สะ-ถา-วิน,,pending,pending,,,รอตรวจ: missing-official-evidence
ษฐาวิมล,ถะ-ถา-วิ-มน,,pending,pending,,,รอตรวจ: missing-official-evidence
ษฐาวิศ,ถะ-ถา-วิด,,pending,pending,,,รอตรวจ: missing-official-evidence
ษฐิร,สะ-ถิ-ระ,,pending,pending,,,รอตรวจ: missing-official-evidence
ษฐิรา,ถะ-สิ-รา,,pending,pending,,,รอตรวจ: missing-official-evidence
ษฐี,สะ-ถี,,pending,pending,,,รอตรวจ: missing-official-evidence
ษฐีร,สะ-ถี-ระ,,pending,pending,,,รอตรวจ: missing-official-evidence
ษฐีรกร,สะ-ถี-ระ-กอน,,pending,pending,,,รอตรวจ: missing-official-evidence
ษฐีรธร,สะ-ถี-ระ-ทอน,,pending,pending,,,รอตรวจ: missing-official-evidence
ษฐีรนนท์,สะ-ถี-ระ-นน,,pending,pending,,,รอตรวจ: missing-official-evidence
ษฐีรนันท์,สี-ถะ-รี-นัน,,pending,pending,,,รอตรวจ: missing-official-evidence
ษฐีรนิศ,สะ-ถี-ระ-นิด,,pending,pending,,,รอตรวจ: missing-official-evidence
ษฐีรภรณ์,สี-ถะ-รี-พอน,,pending,pending,,,รอตรวจ: missing-official-evidence
ษฐีรภัทร,สะ-ถี-ระ-พัด-ทรอ,,pending,pending,,,รอตรวจ: missing-official-evidence
ษฐีรมา,ถะ-ถี-ระ-มา,,pending,pending,,,รอตรวจ: missing-official-evidence
ษฐีรรักษ์,สี-ถะ-รี-รัก,,pending,pending,,,รอตรวจ: missing-official-evidence
ษฐีรลักษณ์,สี-ถี-รัก,,pending,pending,,,รอตรวจ: missing-official-evidence
ษฐีรวรรณ,สะ-ถี-ระ-วัน,,pending,pending,,,รอตรวจ: missing-official-evidence
ษฐีรวรินทร์,สะ-ถี-ระ-วะ-ริน,,pending,pending,,,รอตรวจ: missing-official-evidence
ษฐีรวิชญ์,สะ-ถี-ระ-วิด,,pending,pending,,,รอตรวจ: missing-official-evidence
ษฐีรา,สะ-ถี-รา,,pending,pending,,,รอตรวจ: missing-official-evidence
ษณัฐ,สะ-นัด,,pending,pending,,,รอตรวจ: missing-official-evidence
ษณัฐนันท์,สะ-สัด-นัน,,pending,pending,,,รอตรวจ: missing-official-evidence
ษณัฐภัทร,สะ-นัด-พัด-ทรอ,,pending,pending,,,รอตรวจ: missing-official-evidence
ษณัฐวรา,สะ-นัด-วะ-รา,,pending,pending,,,รอตรวจ: missing-official-evidence
ษดล,สด-ละ-ดน,,pending,pending,,,รอตรวจ: missing-official-evidence
ษดลนันท์,สด-ละ-นัน,,pending,pending,,,รอตรวจ: missing-official-evidence
ษดลภัทร,สด-ละ-ดน-พัด-ทรอ,,pending,pending,,,รอตรวจ: missing-official-evidence
ษดลวรา,สด-ละ-วะ-รา,,pending,pending,,,รอตรวจ: missing-official-evidence
ษทิน,สะ-ทิน,,pending,pending,,,รอตรวจ: missing-official-evidence
ษทินนันท์,สะ-ทิน-สะ-นัน,,pending,pending,,,รอตรวจ: missing-official-evidence
ษทินภัทร,สะ-ทิน-พัด-ทรอ,,pending,pending,,,รอตรวจ: missing-official-evidence
ษทินวรา,สะ-ทิน-วะ-รา,,pending,pending,,,รอตรวจ: missing-official-evidence
ษธนภัทร,สด-ทะ-นะ-พัด,,pending,pending,,,รอตรวจ: missing-official-evidence
ษธนวรา,ทะ-สะ-ทะ-วะ-รา,,pending,pending,,,รอตรวจ: missing-official-evidence
ษธนันท์,ทะ-สะ-ทัน,,pending,pending,,,รอตรวจ: missing-official-evidence
ษธนา,ทะ-สะ-ทะ-นา,,pending,pending,,,รอตรวจ: missing-official-evidence
ษนันญา,สะ-นัน-ยา,,pending,pending,,,รอตรวจ: missing-official-evidence
ษนันท์,สะ-นัน,,pending,pending,,,รอตรวจ: missing-official-evidence
ษนันทน์,สะ-นัน,,pending,pending,,,รอตรวจ: missing-official-evidence
ษนันธร,สะ-นัน-ทอน,,pending,pending,,,รอตรวจ: missing-official-evidence
ษนันวิชญ์,สะ-นัน-วิด,,pending,pending,,,รอตรวจ: missing-official-evidence
ษนาวา,สะ-นา-วา,,pending,pending,,,รอตรวจ: missing-official-evidence
ษนาวานันท์,สะ-นา-วา-นัน,,pending,pending,,,รอตรวจ: missing-official-evidence
ษนาวาวรา,สะ-นา-วา-วะ-รา,,pending,pending,,,รอตรวจ: missing-official-evidence
ษนิภัทร,สะ-นิ-พัด,,pending,pending,,,รอตรวจ: missing-official-evidence
ษนิรินทร์,สะ-นิ-ริน,,pending,pending,,,รอตรวจ: missing-official-evidence
ษนิริล,สะ-นะ-ริน,,pending,pending,,,รอตรวจ: missing-official-evidence
ษบวร,สะ-หวบ-รอน,,pending,pending,,,รอตรวจ: missing-official-evidence
ษบวรนันท์,สบ-วะ-ระ-นะ-วัน,,pending,pending,,,รอตรวจ: missing-official-evidence
ษบวรภัทร,สะ-หวบ-รอน-พัด-ทรอ,,pending,pending,,,รอตรวจ: missing-official-evidence
ษบวรวรา,สะ-วบ-วอ-ระ-วะ-รา,,pending,pending,,,รอตรวจ: missing-official-evidence
ษปัญญา,สะ-ปัน-ยา,,pending,pending,,,รอตรวจ: missing-official-evidence
ษปัญญานันท์,สะ-ปัน-ยา-นัน,,pending,pending,,,รอตรวจ: missing-official-evidence
ษปัญญาวรา,ปะ-สัน-ยา-พา-วะ-รี,,pending,pending,,,รอตรวจ: missing-official-evidence
ษภัทร,สะ-พัด,,pending,pending,,,รอตรวจ: missing-official-evidence
ษภัทรนันท์,สะ-พัด-ทระ-นัน,,pending,pending,,,รอตรวจ: missing-official-evidence
ษภัทรภัทร,สะ-พัด-พัด-ทรอ,,pending,pending,,,รอตรวจ: missing-official-evidence
ษภัทรวรา,สะ-พัด-ทระ-วะ-รา,,pending,pending,,,รอตรวจ: missing-official-evidence
ษมน,สะ-มะ-นะ,,pending,pending,,,รอตรวจ: missing-official-evidence
ษมนัส,สม-มะ-นัด,,pending,pending,,,รอตรวจ: missing-official-evidence
ษมา,สะ-หมา,,pending,pending,,,รอตรวจ: missing-official-evidence
ษมาจันทร์,สะ-หมา-จัน,,pending,pending,,,รอตรวจ: missing-official-evidence
ษมาธร,สะ-มา-ทอน,,pending,pending,,,รอตรวจ: missing-official-evidence
ษมาธิป,สะ-มา-ทิบ,,pending,pending,,,รอตรวจ: missing-official-evidence
ษมานนท์,สะ-หมา-นน,,pending,pending,,,รอตรวจ: missing-official-evidence
ษมานันท์,สะ-มา-นัน,,pending,pending,,,รอตรวจ: missing-official-evidence
ษมานิศ,สะ-มา-นิด,,pending,pending,,,รอตรวจ: missing-official-evidence
ษมามินทร์,สะ-มา-ทอน,,pending,pending,,,รอตรวจ: missing-official-evidence
ษมาริน,สะ-หมา-ริน,,pending,pending,,,รอตรวจ: missing-official-evidence
ษมาลักษณ์,สะ-มา-ลัก,,pending,pending,,,รอตรวจ: missing-official-evidence
ษมาลิน,สะ-หมา-ลิน,,pending,pending,,,รอตรวจ: missing-official-evidence
ษมาวรรณ,สะ-มา-วัน,,pending,pending,,,รอตรวจ: missing-official-evidence
ษมาวรินทร์,สะ-หมา-วะ-ริน,,pending,pending,,,รอตรวจ: missing-official-evidence
ษมาวิชญ์,สำ-มะ-วิด,,pending,pending,,,รอตรวจ: missing-official-evidence
ษมาวิมล,สะ-หมาว-ลิม,,pending,pending,,,รอตรวจ: missing-official-evidence
ษมาอารีย์,สะ-หมา-อา-รี,,pending,pending,,,รอตรวจ: missing-official-evidence
ษมาอำไพ,สะ-หมา-อำ-ไพ,,pending,pending,,,รอตรวจ: missing-official-evidence
ษรัญ,สะ-รัน-ฉัน,,pending,pending,,,รอตรวจ: missing-official-evidence
ษรัญญ์,สัน-ลัน,,pending,pending,,,รอตรวจ: missing-official-evidence
ษรัญญา,สะ-รัน-ยา,,pending,pending,,,รอตรวจ: missing-official-evidence
ษรัญธร,สะ-รัน-ยะ-ทอน,,pending,pending,,,รอตรวจ: missing-official-evidence
ษรัญนนท์,สะ-รัน-ฉัน-นน,,pending,pending,,,รอตรวจ: missing-official-evidence
ษรัญนันท์,สะ-รัน-ยะ-นัน,,pending,pending,,,รอตรวจ: missing-official-evidence
ษรัญภัทร,สะ-รัน-ฉัน-พัด-ทรอ,,pending,pending,,,รอตรวจ: missing-official-evidence
ษรัญภัสร์,สะ-รัน-ยะ-พัด,,pending,pending,,,รอตรวจ: missing-official-evidence
ษรัญลักษณ์,สะ-รัน-ยะ-ลัก,,pending,pending,,,รอตรวจ: missing-official-evidence
ษรัญวิชญ์,สัน-ยะ-รัด,,pending,pending,,,รอตรวจ: missing-official-evidence
ษรัญสิริ,สะ-รัน-สิ-หริ,,pending,pending,,,รอตรวจ: missing-official-evidence
ษรัณ,สะ-รัน,,pending,pending,,,รอตรวจ: missing-official-evidence
ษรัณกร,สะ-รัน-กอน,,pending,pending,,,รอตรวจ: missing-official-evidence
ษรัณธร,สะ-รัน-ทอน,,pending,pending,,,รอตรวจ: missing-official-evidence
ษรัณนนท์,สะ-รัน-นน,,pending,pending,,,รอตรวจ: missing-official-evidence
ษรัณนันท์,สะ-รัน-นัน,,pending,pending,,,รอตรวจ: missing-official-evidence
ษรัณภัทร,สะ-รัน-พัด-ทรอ,,pending,pending,,,รอตรวจ: missing-official-evidence
ษรัณภัสร์,สะ-รัน-พัด,,pending,pending,,,รอตรวจ: missing-official-evidence
ษรัณลักษณ์,สะ-รัน-ลัก,,pending,pending,,,รอตรวจ: missing-official-evidence
ษรัณวรรณ,สะ-รัน-สะ-หวัน,,pending,pending,,,รอตรวจ: missing-official-evidence
ษรัณวิชญ์,สะ-รัน-สะ-ชะ-ยิด,,pending,pending,,,รอตรวจ: missing-official-evidence
ษวริน,สวน-ริน,,pending,pending,,,รอตรวจ: missing-official-evidence
ษวรินนันท์,สวน-สิ-นัน,,pending,pending,,,รอตรวจ: missing-official-evidence
ษวรินภัทร,สวน-ริน-พัด-ทรอ,,pending,pending,,,รอตรวจ: missing-official-evidence
ษวรินวรา,สวน-ริ-วะ-รา,,pending,pending,,,รอตรวจ: missing-official-evidence
ษศิริ,ส-ส-ร,,pending,pending,,,รอตรวจ: missing-official-evidence
ษศิรินันท์,สะ-สิ-ริน-นัน,,pending,pending,,,รอตรวจ: missing-official-evidence
ษศิริภัทร,ส-ส-ร-พัด-ทรอ,,pending,pending,,,รอตรวจ: missing-official-evidence
ษศิริวรา,สะ-สิ-วิ-รา,,pending,pending,,,รอตรวจ: missing-official-evidence
ษอินทร์,สอ-ริน,,pending,pending,,,รอตรวจ: missing-official-evidence
ษอินทรนันท์,สิ-หริน-ทอ-ระ-นัน,,pending,pending,,,รอตรวจ: missing-official-evidence
ษอินทรภัทร,อะ-สิน-ทอน-พัด,,pending,pending,,,รอตรวจ: missing-official-evidence
ษอินทรวรา,สิ-อน-ทระ-วะ-รา,,pending,pending,,,รอตรวจ: missing-official-evidence
ษัช,สัด,,pending,pending,,,รอตรวจ: missing-official-evidence
ษัชธร,สัด-ชะ-ทอน,,pending,pending,,,รอตรวจ: missing-official-evidence
ษัชรินทร์,สัด-ชะ-ริน,,pending,pending,,,รอตรวจ: missing-official-evidence
ษัชลักษณ์,ชัด-ชะ-ลัก,,pending,pending,,,รอตรวจ: missing-official-evidence
ษัชวรรณ,สัด-ชะ-วัน,,pending,pending,,,รอตรวจ: missing-official-evidence
ษัชวิชญ์,ชัด-ชะ-วิด,,pending,pending,,,รอตรวจ: missing-official-evidence
ษา,สา-สะ,,pending,pending,,,รอตรวจ: missing-official-evidence
ษาคร,ขา-คอน,,pending,pending,,,รอตรวจ: missing-official-evidence
ษาธร,สา-ทอน,,pending,pending,,,รอตรวจ: missing-official-evidence
ษาธาธร,สา-ทา-ทอน,,pending,pending,,,รอตรวจ: missing-official-evidence
ษาธามินทร์,สา-ทา-มิน,,pending,pending,,,รอตรวจ: missing-official-evidence
ษาธาลักษณ์,ทา-ทา-ลัก,,pending,pending,,,รอตรวจ: missing-official-evidence
ษาธาลิน,สา-ทา-ลิน,,pending,pending,,,รอตรวจ: missing-official-evidence
ษาธาวรรณ,สา-ทา-วัน,,pending,pending,,,รอตรวจ: missing-official-evidence
ษาธาวรินทร์,ทา-ทา-วะ-ริน,,pending,pending,,,รอตรวจ: missing-official-evidence
ษาธาวิชญ์,กา-ทา-วิด,,pending,pending,,,รอตรวจ: missing-official-evidence
ษาธินท์,สา-ทิน,,pending,pending,,,รอตรวจ: missing-official-evidence
ษาธินันท์,สา-สะ-ทิ-นัน,,pending,pending,,,รอตรวจ: missing-official-evidence
ษาธิป,สา-ทิบ,,pending,pending,,,รอตรวจ: missing-official-evidence
ษาธิมา,สา-ทิ-มา,,pending,pending,,,รอตรวจ: missing-official-evidence
ษาธิษฐ์,สา-ทิด,,pending,pending,,,รอตรวจ: missing-official-evidence
ษานนท์,สา-สะ-นน,,pending,pending,,,รอตรวจ: missing-official-evidence
ษานันท์,สา-นัน,,pending,pending,,,รอตรวจ: missing-official-evidence
ษานิช,สา-สะ-นิด,,pending,pending,,,รอตรวจ: missing-official-evidence
ษามา,สา-มา,,pending,pending,,,รอตรวจ: missing-official-evidence
ษามาธร,สา-มา-ทอน,,pending,pending,,,รอตรวจ: missing-official-evidence
ษามานันท์,สา-มา-นัน,,pending,pending,,,รอตรวจ: missing-official-evidence
ษามานิศ,สา-มา-นิด,,pending,pending,,,รอตรวจ: missing-official-evidence
ษามาลิน,สา-มา-ลิน,,pending,pending,,,รอตรวจ: missing-official-evidence
ษามาวรรณ,สา-มา-วัน,,pending,pending,,,รอตรวจ: missing-official-evidence
ษามาวิชญ์,สา-มา-วิด,,pending,pending,,,รอตรวจ: missing-official-evidence
ษามินทร์,สา-มิน,,pending,pending,,,รอตรวจ: missing-official-evidence
ษาริน,สา-สะ-ริน,,pending,pending,,,รอตรวจ: missing-official-evidence
ษารินกร,สา-ริน-กอน,,pending,pending,,,รอตรวจ: missing-official-evidence
ษารินทร์,สา-ริน,,pending,pending,,,รอตรวจ: missing-official-evidence
ษารินธร,สา-ริน-ทอน,,pending,pending,,,รอตรวจ: missing-official-evidence
ษารินธิป,สา-ริน-ทิบ,,pending,pending,,,รอตรวจ: missing-official-evidence
ษารินนันท์,ขา-ริน-นัน,,pending,pending,,,รอตรวจ: missing-official-evidence
ษารินภรณ์,สา-ริน-พอน,,pending,pending,,,รอตรวจ: missing-official-evidence
ษารินภัค,สา-ริน-พัก,,pending,pending,,,รอตรวจ: missing-official-evidence
ษารินภัทร,สา-ริน-พัด-ทรอ,,pending,pending,,,รอตรวจ: missing-official-evidence
ษารินภัสร์,ขา-ริน-พัด,,pending,pending,,,รอตรวจ: missing-official-evidence
ษารินมินทร์,สา-ริน-มิน,,pending,pending,,,รอตรวจ: missing-official-evidence
ษารินลักษณ์,สา-สะ-ริน-ลัก,,pending,pending,,,รอตรวจ: missing-official-evidence
ษารินลิน,สา-ริน-ลิน,,pending,pending,,,รอตรวจ: missing-official-evidence
ษารินวรรณ,สา-ริน-วัน,,pending,pending,,,รอตรวจ: missing-official-evidence
ษารินวรินทร์,สา-ริน-วะ-ริน,,pending,pending,,,รอตรวจ: missing-official-evidence
ษารินวิชญ์,สา-ริน-วิด,,pending,pending,,,รอตรวจ: missing-official-evidence
ษารินา,สา-ริ-นา,,pending,pending,,,รอตรวจ: missing-official-evidence
ษาริลา,สา-ริ-ลา,,pending,pending,,,รอตรวจ: missing-official-evidence
ษาวรรณ,สา-วัน,,pending,pending,,,รอตรวจ: missing-official-evidence
ษาวรินทร์,สา-สะ-วะ-ริน,,pending,pending,,,รอตรวจ: missing-official-evidence
ษิณ,สิ-นะ,,pending,pending,,,รอตรวจ: missing-official-evidence
ษิณกร,สิ-นะ-กอน,,pending,pending,,,รอตรวจ: missing-official-evidence
ษิณธร,สิ-นะ-ทอน,,pending,pending,,,รอตรวจ: missing-official-evidence
ษิณธิป,สิน-นะ-ทิบ,,pending,pending,,,รอตรวจ: missing-official-evidence
ษิณนันท์,สิ-นะ-นัน,,pending,pending,,,รอตรวจ: missing-official-evidence
ษิณภรณ์,สิน-นะ-พอน,,pending,pending,,,รอตรวจ: missing-official-evidence
ษิณภัค,สิ-นะ-พัก,,pending,pending,,,รอตรวจ: missing-official-evidence
ษิณภัทร,สิ-นะ-พัด-ทรอ,,pending,pending,,,รอตรวจ: missing-official-evidence
ษิณภัสร์,สิ-นะ-พัด,,pending,pending,,,รอตรวจ: missing-official-evidence
ษิณมินทร์,สิน-นะ-มิน,,pending,pending,,,รอตรวจ: missing-official-evidence
ษิณลักษณ์,สิ-นะ-ลัก,,pending,pending,,,รอตรวจ: missing-official-evidence
ษิณลิน,สิ-นะ-ลิน,,pending,pending,,,รอตรวจ: missing-official-evidence
ษิณวรรณ,สิน-นะ-วัน,,pending,pending,,,รอตรวจ: missing-official-evidence
ษิณวรินทร์,สิ-นะ-วะ-ริน,,pending,pending,,,รอตรวจ: missing-official-evidence
ษิณวิชญ์,สิน-นะ-วิด,,pending,pending,,,รอตรวจ: missing-official-evidence
ษิณา,สิ-นา,,pending,pending,,,รอตรวจ: missing-official-evidence
ษิรกร,สิ-ระ-สะ-กอน,,pending,pending,,,รอตรวจ: missing-official-evidence
ษิรธร,สิ-ระ-ทอน,,pending,pending,,,รอตรวจ: missing-official-evidence
ษิรภัทร,สิ-หริ-พัด,,pending,pending,,,รอตรวจ: missing-official-evidence
ษิรภัส,สิ-หริ-พัด,,pending,pending,,,รอตรวจ: missing-official-evidence
ษิรภัสร์,สิ-ระ-พัด,,pending,pending,,,รอตรวจ: missing-official-evidence
ษิรมา,สิ-ระ-มา,,pending,pending,,,รอตรวจ: missing-official-evidence
ษิรลักษณ์,สิ-ระ-ลัก,,pending,pending,,,รอตรวจ: missing-official-evidence
ษิรวรรณ,สิ-ระ-วัน,,pending,pending,,,รอตรวจ: missing-official-evidence
ษิรวิชญ์,สิ-หริ-วะ-ชะ-ยา,,pending,pending,,,รอตรวจ: missing-official-evidence
ษิรสิริ,สิ-หริ-สิ-หริ,,pending,pending,,,รอตรวจ: missing-official-evidence
ษิรัญญา,สิ-รัน-ยา,,pending,pending,,,รอตรวจ: missing-official-evidence
ษิรา,สิ-รา,,pending,pending,,,รอตรวจ: missing-official-evidence
ษิรานนท์,สิ-รา-นน,,pending,pending,,,รอตรวจ: missing-official-evidence
ษิรามล,สิ-รา-มน,,pending,pending,,,รอตรวจ: missing-official-evidence
ษิราวรรณ,สิ-รา-วัน,,pending,pending,,,รอตรวจ: missing-official-evidence
ษิราวัชร์,สิ-รา-วัด,,pending,pending,,,รอตรวจ: missing-official-evidence
ษิริ,สิ-หริ,,pending,pending,,,รอตรวจ: missing-official-evidence
ษิริณ,สิ-หริ-สน,,pending,pending,,,รอตรวจ: missing-official-evidence
ษิริน,สิ-ริน,,pending,pending,,,รอตรวจ: missing-official-evidence
ษิรินทร์,สิ-ริน,,pending,pending,,,รอตรวจ: missing-official-evidence
ษิรินทร์กร,สิ-ริน-กอน,,pending,pending,,,รอตรวจ: missing-official-evidence
ษิรินทร์ธร,สิ-ริน-ทอน,,pending,pending,,,รอตรวจ: missing-official-evidence
ษิรินทร์นนท์,สิ-ริน-นน,,pending,pending,,,รอตรวจ: missing-official-evidence
ษิรินทร์นันท์,สิ-ริน-ทัน,,pending,pending,,,รอตรวจ: missing-official-evidence
ษิรินทร์ภัทร,สิ-ริน-พัด-ทรอ,,pending,pending,,,รอตรวจ: missing-official-evidence
ษิรินทร์วรรณ,ขิ-ริ-วัน,,pending,pending,,,รอตรวจ: missing-official-evidence
ษิรินทร์วิชญ์,สิ-ริน-วิด,,pending,pending,,,รอตรวจ: missing-official-evidence
ษิรินทร์สิริ,สิ-ริน-สิ-หริ,,pending,pending,,,รอตรวจ: missing-official-evidence
ษิรินธร,สิ-ริน-ทอน,,pending,pending,,,รอตรวจ: missing-official-evidence
ษิรินธา,สิ-ริน-ทา,,pending,pending,,,รอตรวจ: missing-official-evidence
ษิรินนันท์,สิ-หริ-นัน,,pending,pending,,,รอตรวจ: missing-official-evidence
ษุวารินทร์,สุ-วา-ริน,,pending,pending,,,รอตรวจ: missing-official-evidence
ษุวิช,สุ-วิด,,pending,pending,,,รอตรวจ: missing-official-evidence
สฐาน,สะ-ถาน,,pending,pending,,,รอตรวจ: missing-official-evidence
สรณ์จันทร์,สอน-จัน,,pending,pending,,,รอตรวจ: missing-official-evidence
สรรเพชญ,สัน-เพ็ด,,pending,pending,,,รอตรวจ: missing-official-evidence
สรรเพชญ์,สัน-เพ็ด,,pending,pending,,,รอตรวจ: missing-official-evidence
สรวิชญ์,สอ-ระ-วิด,,pending,pending,,,รอตรวจ: missing-official-evidence
สริมา,สะ-ริ-มา,,pending,pending,,,รอตรวจ: missing-official-evidence
สัญปัญญ์ภัส,สัน-ยะ-ปัน-พัด,,pending,pending,,,รอตรวจ: missing-official-evidence
สันทัศ,สัน-ทัด,,pending,pending,,,รอตรวจ: missing-official-evidence
สิชล,สิ-ชน,,pending,pending,,,รอตรวจ: missing-official-evidence
สิฏฐ์วินท์,สิด-วิน,,pending,pending,,,รอตรวจ: missing-official-evidence
สิทธิคุณ,สิด-ทิ-คุน,,pending,pending,,,รอตรวจ: missing-official-evidence
สิทธิธณัฐ,สิด-ทิ-ทะ-นัด,,pending,pending,,,รอตรวจ: missing-official-evidence
สินธู,สิน-ทู,,pending,pending,,,รอตรวจ: missing-official-evidence
สิรภัทร,สิ-ระ-พัด,,pending,pending,,,รอตรวจ: missing-official-evidence
สิรวิชญ์,สิ-ระ-วิด,,pending,pending,,,รอตรวจ: missing-official-evidence
สิริจรูญ,สิ-หริ-จูน,,pending,pending,,,รอตรวจ: missing-official-evidence
สิริชญา,สิ-หริ-ชะ-ยา,,pending,pending,,,รอตรวจ: missing-official-evidence
สิริญา,สิ-หริ-ยา,,pending,pending,,,รอตรวจ: missing-official-evidence
สิริญาลักษณ์,สิ-หริ-ยา-ลัก,,pending,pending,,,รอตรวจ: missing-official-evidence
สิริญาวรัญญา,สิ-หริ-ยา-วะ-รัน-ยา,,pending,pending,,,รอตรวจ: missing-official-evidence
สิริณา,สิ-หริ-นา,,pending,pending,,,รอตรวจ: missing-official-evidence
สิริธัญ,สิ-หริ-ทัน,,pending,pending,,,รอตรวจ: missing-official-evidence
สิรินภัส,สิ-หริ-นะ-พัด,,pending,pending,,,รอตรวจ: missing-official-evidence
สิรินัทร,สิ-หริ-นัด,,pending,pending,,,รอตรวจ: missing-official-evidence
สิริภัทรา,สิ-หริ-พัด-ทรา,,pending,pending,,,รอตรวจ: missing-official-evidence
สิริมา,สิ-หริ-มา,,pending,pending,,,รอตรวจ: missing-official-evidence
สิริรักษ์,สิ-หริ-รัก,,pending,pending,,,รอตรวจ: missing-official-evidence
สิริลภัทร,สิ-หริ-พัน-ทร,,pending,pending,,,รอตรวจ: missing-official-evidence
สิริลักษณ์,สิ-หริ-ลัก,,pending,pending,,,รอตรวจ: missing-official-evidence
สิริวรรณ,สิ-หริ-วัน,,pending,pending,,,รอตรวจ: missing-official-evidence
สิริวรัญญา,สิ-หริ-วะ-รัน-ยา,,pending,pending,,,รอตรวจ: missing-official-evidence
สิริษา,สิ-หริ-สา,,pending,pending,,,รอตรวจ: missing-official-evidence
สิริอนันต์,สิ-หริ-อะ-นัน,,pending,pending,,,รอตรวจ: missing-official-evidence
หณม,หนม,,pending,pending,,,รอตรวจ: missing-official-evidence
หน่อคำ,หน่อ-คำ,,pending,pending,,,รอตรวจ: missing-official-evidence
หน่องพงษ์,หน่ง-พง,,pending,pending,,,รอตรวจ: missing-official-evidence
หน่อทอง,หน่อ-ทอง,,pending,pending,,,รอตรวจ: missing-official-evidence
หนิ,หนิ,,pending,pending,,,รอตรวจ: missing-official-evidence
หนูประโคน,หนู-ประ-โคน,,pending,pending,,,รอตรวจ: missing-official-evidence
หมดมลทิน,หมด-มน-ทิน,,pending,pending,,,รอตรวจ: missing-official-evidence
หมน,หมน,,pending,pending,,,รอตรวจ: missing-official-evidence
หมั่นมา,หมั่น-มา,,pending,pending,,,รอตรวจ: missing-official-evidence
หรรษาคุณ,หรัด-สะ-คา-นุ,,pending,pending,,,รอตรวจ: missing-official-evidence
หรรษาจิรา,หัน-สา-จิ-รา,,pending,pending,,,รอตรวจ: missing-official-evidence
หรรษาญา,หัน-สา-ยา,,pending,pending,,,รอตรวจ: missing-official-evidence
หรรษาธนา,หัน-สา-ทะ-นา,,pending,pending,,,รอตรวจ: missing-official-evidence
หรรษาธร,หัน-สา-ทอน,,pending,pending,,,รอตรวจ: missing-official-evidence
หรรษาธรรม,หัน-สา-ทำ,,pending,pending,,,รอตรวจ: missing-official-evidence
หรรษาธีร์,หัน-สา-ที,,pending,pending,,,รอตรวจ: missing-official-evidence
หรรษานภัส,หัด-สะ-นา-พัด,,pending,pending,,,รอตรวจ: missing-official-evidence
หรรษารวิ,หัน-สา-ระ-วิ,,pending,pending,,,รอตรวจ: missing-official-evidence
หรรษารส,หัน-สา-รด,,pending,pending,,,รอตรวจ: missing-official-evidence
หรรษาริน,หัน-สา-ริน,,pending,pending,,,รอตรวจ: missing-official-evidence
หรรษาลักษณ์,หัด-สะ-ลา-กัน,,pending,pending,,,รอตรวจ: missing-official-evidence
หรรษาวร,หัน-สา-วอน,,pending,pending,,,รอตรวจ: missing-official-evidence
หรรษาวรรณ,หัน-สา-วัน,,pending,pending,,,รอตรวจ: missing-official-evidence
หรรษาวริศ,หัน-สา-วะ-ริด,,pending,pending,,,รอตรวจ: missing-official-evidence
หรรษาวิชญ์,หัด-สะ-วา-ชิด,,pending,pending,,,รอตรวจ: missing-official-evidence
หรรษาวิน,หัน-สา-วิน,,pending,pending,,,รอตรวจ: missing-official-evidence
หรรษาอร,หัน-สา-ออน,,pending,pending,,,รอตรวจ: missing-official-evidence
หรรษาอรุณ,หัน-สา-อะ-รุน,,pending,pending,,,รอตรวจ: missing-official-evidence
หรรษาอารี,หัน-สา-อา-รี,,pending,pending,,,รอตรวจ: missing-official-evidence
หรรษาอินทร์,หัน-สา-อิน,,pending,pending,,,รอตรวจ: missing-official-evidence
หรรษาอิศร์,หัน-สา-อิด,,pending,pending,,,รอตรวจ: missing-official-evidence
หริกร,หะ-ริ-กอน,,pending,pending,,,รอตรวจ: missing-official-evidence
หริคุณ,หะ-ริ-คุน,,pending,pending,,,รอตรวจ: missing-official-evidence
หริจิรา,หะ-ริ-จา-ริ,,pending,pending,,,รอตรวจ: missing-official-evidence
หริชญา,หะ-ริ-ชะ-ยา,,pending,pending,,,รอตรวจ: missing-official-evidence
หริชล,หะ-ริ-ชน,,pending,pending,,,รอตรวจ: missing-official-evidence
หริญา,หะ-ริ-ยา,,pending,pending,,,รอตรวจ: missing-official-evidence
หริณกร,หริ-นะ-กอน,,pending,pending,,,รอตรวจ: missing-official-evidence
หริณคุณ,หะ-ริน-คุน,,pending,pending,,,รอตรวจ: missing-official-evidence
หริณจิรา,หะ-ริน-จิ-รา,,pending,pending,,,รอตรวจ: missing-official-evidence
หริณญา,หะ-ริน-ยา,,pending,pending,,,รอตรวจ: missing-official-evidence
หริณธนา,หะ-ริน-ทะ-นา,,pending,pending,,,รอตรวจ: missing-official-evidence
หริณธร,หะ-ริน-ทอน,,pending,pending,,,รอตรวจ: missing-official-evidence
หริณธรรม,หะ-ริน-ทำ,,pending,pending,,,รอตรวจ: missing-official-evidence
หริณธีร์,หะ-ริน-ที,,pending,pending,,,รอตรวจ: missing-official-evidence
หริณนภัส,หะ-ริน-นะ-พัด,,pending,pending,,,รอตรวจ: missing-official-evidence
หริณภัค,หะ-ริน-นะ-พัก,,pending,pending,,,รอตรวจ: missing-official-evidence
หริณภัทร,หะ-ริน-นะ-พัด,,pending,pending,,,รอตรวจ: missing-official-evidence
หริณรวิ,หะ-ริน-ระ-วิ,,pending,pending,,,รอตรวจ: missing-official-evidence
หริณรส,หะ-ริน-รด,,pending,pending,,,รอตรวจ: missing-official-evidence
หริณริน,หะ-ริน-ริน,,pending,pending,,,รอตรวจ: missing-official-evidence
หริณลักษณ์,หะ-ริน-ลัก,,pending,pending,,,รอตรวจ: missing-official-evidence
หริณวร,หะ-ริน-วอน,,pending,pending,,,รอตรวจ: missing-official-evidence
หริณวรรณ,หะ-ริน-วัน,,pending,pending,,,รอตรวจ: missing-official-evidence
หริณวริศ,หะ-หริ-นะ-วะ-ริด,,pending,pending,,,รอตรวจ: missing-official-evidence
หริณวิชญ์,หะ-ริน-วิด,,pending,pending,,,รอตรวจ: missing-official-evidence
หริณวิน,หะ-หริน-วิน,,pending,pending,,,รอตรวจ: missing-official-evidence
หริณอร,หะ-ริ-นะ-ออน,,pending,pending,,,รอตรวจ: missing-official-evidence
หริณอรุณ,หะ-ริน-อะ-รุน,,pending,pending,,,รอตรวจ: missing-official-evidence
หริณอารี,หะ-ริน-นา-อี-รี,,pending,pending,,,รอตรวจ: missing-official-evidence
หริณอินทร์,หะ-ริน-นิ-ทิน,,pending,pending,,,รอตรวจ: missing-official-evidence
หริณอิศร์,หะ-ริน-นิ-สิด,,pending,pending,,,รอตรวจ: missing-official-evidence
หริณัฐ,หะ-ริ-นัด,,pending,pending,,,รอตรวจ: missing-official-evidence
หริธนา,หะ-ริ-ทะ-นา,,pending,pending,,,รอตรวจ: missing-official-evidence
หริธร,หะ-ริ-ทอน,,pending,pending,,,รอตรวจ: missing-official-evidence
หริธรรม,หะ-หริ-ทำ,,pending,pending,,,รอตรวจ: missing-official-evidence
หริธีร์,หะ-ริ-ที,,pending,pending,,,รอตรวจ: missing-official-evidence
หรินทร์,หะ-ริน,,pending,pending,,,รอตรวจ: missing-official-evidence
หรินภัส,หะ-หริ-นะ-พัด,,pending,pending,,,รอตรวจ: missing-official-evidence
หรินันท์,หะ-ริ-นัน,,pending,pending,,,รอตรวจ: missing-official-evidence
หริภัค,หะ-ริ-พัก,,pending,pending,,,รอตรวจ: missing-official-evidence
หริภัทร,หะ-ริ-พัด,,pending,pending,,,รอตรวจ: missing-official-evidence
หริรวิ,หริ-หริ,,pending,pending,,,รอตรวจ: missing-official-evidence
หริรส,หะ-หริ-รด,,pending,pending,,,รอตรวจ: missing-official-evidence
หริรักษ์,หริ-หรัก,,pending,pending,,,รอตรวจ: missing-official-evidence
หริริน,หริ-หริน,,pending,pending,,,รอตรวจ: missing-official-evidence
หริวร,หะ-ระ-วิน,,pending,pending,,,รอตรวจ: missing-official-evidence
หริวรรณ,หะ-ริ-วัน,,pending,pending,,,รอตรวจ: missing-official-evidence
หริวริศ,หะ-ระ-วะ-ริด,,pending,pending,,,รอตรวจ: missing-official-evidence
หริวิชญ์,หริ-วิด,,pending,pending,,,รอตรวจ: missing-official-evidence
หริวิน,หะ-ริ-วิน,,pending,pending,,,รอตรวจ: missing-official-evidence
หริศคุณ,หะ-ริด-คุน,,pending,pending,,,รอตรวจ: missing-official-evidence
หริศญา,หะ-ริ-สะ-ยา,,pending,pending,,,รอตรวจ: missing-official-evidence
หริศธนา,หริด-ทะ-นา,,pending,pending,,,รอตรวจ: missing-official-evidence
หริศธร,หะ-ริด-ทอน,,pending,pending,,,รอตรวจ: missing-official-evidence
หริศธรรม,หะ-ริด-ทำ,,pending,pending,,,รอตรวจ: missing-official-evidence
หริศธีร์,หะ-ริด-ที,,pending,pending,,,รอตรวจ: missing-official-evidence
หริศรวิ,หะ-ริ-สะ-หวิ,,pending,pending,,,รอตรวจ: missing-official-evidence
หริศรส,หะ-หริด,,pending,pending,,,รอตรวจ: missing-official-evidence
หริศรักษ์,หะ-ริ-สะ-รัก,,pending,pending,,,รอตรวจ: missing-official-evidence
หริศริน,หะ-ริ-สะ-หริน,,pending,pending,,,รอตรวจ: missing-official-evidence
หริศรินทร์,หะ-ริ-สะ-ริน,,pending,pending,,,รอตรวจ: missing-official-evidence
หริศรี,หะ-ริ-สี,,pending,pending,,,รอตรวจ: missing-official-evidence
หริศิลป์,หะ-ริน,,pending,pending,,,รอตรวจ: missing-official-evidence
หริสิริ,หะ-หริ-สิ-หริ,,pending,pending,,,รอตรวจ: missing-official-evidence
หริอร,หะ-ริ-หอน,,pending,pending,,,รอตรวจ: missing-official-evidence
หริอรุณ,หะ-ริ-หะ-รุน,,pending,pending,,,รอตรวจ: missing-official-evidence
หริอัคร,หะ-ริ-อัก,,pending,pending,,,รอตรวจ: missing-official-evidence
หริอารี,หะ-ริ-อา-รี,,pending,pending,,,รอตรวจ: missing-official-evidence
หริอิศร์,หะ-ริ-สิด,,pending,pending,,,รอตรวจ: missing-official-evidence
หฤษฎ์,หะ-ริด,,pending,pending,,,รอตรวจ: missing-official-evidence
หลงชิณ,หลง-ชิน,,pending,pending,,,รอตรวจ: missing-official-evidence
หลิวปลอด,หลิว-ปลอด,,pending,pending,,,รอตรวจ: missing-official-evidence
หวานใจ,หวาน-ใจ,,pending,pending,,,รอตรวจ: missing-official-evidence
หอมกร,หอม-มะ-กอน,,pending,pending,,,รอตรวจ: missing-official-evidence
หอมขจร,หอม-ขะ-จอน,,pending,pending,,,รอตรวจ: missing-official-evidence
หอมคุณ,หอม-คุน,,pending,pending,,,รอตรวจ: missing-official-evidence
หอมจิรา,หอม-จิ-รา,,pending,pending,,,รอตรวจ: missing-official-evidence
หอมญา,หอม-ยา,,pending,pending,,,รอตรวจ: missing-official-evidence
หอมณัฐ,หอม-นัด,,pending,pending,,,รอตรวจ: missing-official-evidence
หอมธนา,หอม-ทะ-นา,,pending,pending,,,รอตรวจ: missing-official-evidence
หอมธรรม,หอม-ทำ,,pending,pending,,,รอตรวจ: missing-official-evidence
หอมธีร์,หมอ-ที,,pending,pending,,,รอตรวจ: missing-official-evidence
หอมนภ,หอม-นบ,,pending,pending,,,รอตรวจ: missing-official-evidence
หอมนภัส,หอม-นะ-พัด,,pending,pending,,,รอตรวจ: missing-official-evidence
หอมนรินทร์,หอม-นะ-ริน,,pending,pending,,,รอตรวจ: missing-official-evidence
หอมภัค,หอม-พัก,,pending,pending,,,รอตรวจ: missing-official-evidence
หอมภัทร,หอม-พัด,,pending,pending,,,รอตรวจ: missing-official-evidence
หอมรวิ,หอม-ระ-วิ,,pending,pending,,,รอตรวจ: missing-official-evidence
หอมรส,หอม-รด,,pending,pending,,,รอตรวจ: missing-official-evidence
หอมรักษ์,หอม-รัก,,pending,pending,,,รอตรวจ: missing-official-evidence
หอมริน,หอม-ริน,,pending,pending,,,รอตรวจ: missing-official-evidence
หอมรินทร์,หอม-ริน,,pending,pending,,,รอตรวจ: missing-official-evidence
หอมวร,หอม-วอน,,pending,pending,,,รอตรวจ: missing-official-evidence
หอมวรรณ,หอม-วัน,,pending,pending,,,รอตรวจ: missing-official-evidence
หอมวรินทร์,หอม-วะ-ริน,,pending,pending,,,รอตรวจ: missing-official-evidence
หอมวริศ,หอม-วะ-ริด,,pending,pending,,,รอตรวจ: missing-official-evidence
หอมวิน,หอม-วิน,,pending,pending,,,รอตรวจ: missing-official-evidence
หอมอร,หอม-ออน,,pending,pending,,,รอตรวจ: missing-official-evidence
หอมอรุณ,หอม-อะ-รุน,,pending,pending,,,รอตรวจ: missing-official-evidence
หอมอัคร,หอม-อัก,,pending,pending,,,รอตรวจ: missing-official-evidence
หอมอารี,หอม-อา-รี,,pending,pending,,,รอตรวจ: missing-official-evidence
หอมอิศร์,หอม-อิด,,pending,pending,,,รอตรวจ: missing-official-evidence
หะโท,หะ-โท,,pending,pending,,,รอตรวจ: missing-official-evidence
หะรง,หระ-รง,,pending,pending,,,รอตรวจ: missing-official-evidence
หะวัน,หะ-วัน,,pending,pending,,,รอตรวจ: missing-official-evidence
หาญคุณ,หาน-คุน,,pending,pending,,,รอตรวจ: missing-official-evidence
หาญจิรา,หาน-จิ-รา,,pending,pending,,,รอตรวจ: missing-official-evidence
หาญชญา,หาน-ชะ-ยา,,pending,pending,,,รอตรวจ: missing-official-evidence
หาญชล,หาน-ชน,,pending,pending,,,รอตรวจ: missing-official-evidence
หาญณัฐ,หาน-นัด,,pending,pending,,,รอตรวจ: missing-official-evidence
หาญธนา,หาน-ทะ-นา,,pending,pending,,,รอตรวจ: missing-official-evidence
หาญธร,หาน-ทอน,,pending,pending,,,รอตรวจ: missing-official-evidence
หาญธรรม,หาน-ทำ,,pending,pending,,,รอตรวจ: missing-official-evidence
หาญธีร์,หาน-ที,,pending,pending,,,รอตรวจ: missing-official-evidence
หาญนภ,หาน-นะ-พบ,,pending,pending,,,รอตรวจ: missing-official-evidence
หาญนภัส,หาน-นะ-พัด,,pending,pending,,,รอตรวจ: missing-official-evidence
หาญนันท์,หาน-นัน,,pending,pending,,,รอตรวจ: missing-official-evidence
หาญภัทร,หาน-พัด,,pending,pending,,,รอตรวจ: missing-official-evidence
หาญรบ,หาน-รบ,,pending,pending,,,รอตรวจ: missing-official-evidence
หาญรส,หาน-รด,,pending,pending,,,รอตรวจ: missing-official-evidence
หาญรักษ์,หาน-รัก,,pending,pending,,,รอตรวจ: missing-official-evidence
หาญริน,หาน-ริน,,pending,pending,,,รอตรวจ: missing-official-evidence
หาญรินทร์,หาน-ริน,,pending,pending,,,รอตรวจ: missing-official-evidence
หาญลักษณ์,หาน-ลัก,,pending,pending,,,รอตรวจ: missing-official-evidence
หาญวร,หาน-ยะ-วอน,,pending,pending,,,รอตรวจ: missing-official-evidence
หาญวรรณ,หาน-วัน,,pending,pending,,,รอตรวจ: missing-official-evidence
หาญวรินทร์,หาน-วะ-ริน,,pending,pending,,,รอตรวจ: missing-official-evidence
หาญวริศ,หาน-วะ-ริด,,pending,pending,,,รอตรวจ: missing-official-evidence
หาญวิชญ์,หาน-วิด,,pending,pending,,,รอตรวจ: missing-official-evidence
หาญวิน,หาน-วิน,,pending,pending,,,รอตรวจ: missing-official-evidence
หาญศรี,หาน-สี,,pending,pending,,,รอตรวจ: missing-official-evidence
หาญศิลป์,หาน-สิน,,pending,pending,,,รอตรวจ: missing-official-evidence
หาญสิริ,หาน-สิ-หริ,,pending,pending,,,รอตรวจ: missing-official-evidence
หาญอร,หาน-ออน,,pending,pending,,,รอตรวจ: missing-official-evidence
หาญอรุณ,หาน-อะ-รุน,,pending,pending,,,รอตรวจ: missing-official-evidence
หาญอัคร,หาน-อัก-คะ-ระ,,pending,pending,,,รอตรวจ: missing-official-evidence
หาญอารี,หาน-อา-รี,,pending,pending,,,รอตรวจ: missing-official-evidence
หาญอินทร์,หาน-อิน,,pending,pending,,,รอตรวจ: missing-official-evidence
หาญอิศร์,หาน-อิด,,pending,pending,,,รอตรวจ: missing-official-evidence
หานนท์,หา-นน,,pending,pending,,,รอตรวจ: missing-official-evidence
หารหม่อง,หาน-หม่อง,,pending,pending,,,รอตรวจ: missing-official-evidence
หิน,หิน,,pending,pending,,,รอตรวจ: missing-official-evidence
หิมจิรา,หิม-จิ-รา,,pending,pending,,,รอตรวจ: missing-official-evidence
หิมณัฐ,หิม-นัด,,pending,pending,,,รอตรวจ: missing-official-evidence
หิมธร,หิม-ทอน,,pending,pending,,,รอตรวจ: missing-official-evidence
หิมธรรม,หิม-ทำ,,pending,pending,,,รอตรวจ: missing-official-evidence
หิมธีร์,หิม-ที,,pending,pending,,,รอตรวจ: missing-official-evidence
หิมนภ,หิม-นะ-พะ,,pending,pending,,,รอตรวจ: missing-official-evidence
หิมนภัส,หิม-นะ-พัด,,pending,pending,,,รอตรวจ: missing-official-evidence
หิมนันท์,หิม-นัน,,pending,pending,,,รอตรวจ: missing-official-evidence
หิมภัค,หิม-พัก,,pending,pending,,,รอตรวจ: missing-official-evidence
หิมรวิ,หิม-ระ-วิ,,pending,pending,,,รอตรวจ: missing-official-evidence
หิมรส,หิม-ระ-สิด,,pending,pending,,,รอตรวจ: missing-official-evidence
หิมริน,หิม-ริน,,pending,pending,,,รอตรวจ: missing-official-evidence
หิมลักษณ์,หิม-ลัก,,pending,pending,,,รอตรวจ: missing-official-evidence
หิมวรรณ,หิม-วัน,,pending,pending,,,รอตรวจ: missing-official-evidence
หิมวรรณกร,หิม-วัน-กอน,,pending,pending,,,รอตรวจ: missing-official-evidence
หิมวรรณญา,หิม-วัน-นะ-ยา,,pending,pending,,,รอตรวจ: missing-official-evidence
หิมวรรณนภ,หิม-วัน-นบ,,pending,pending,,,รอตรวจ: missing-official-evidence
หิมวรรณนภัส,หิม-วัน-นะ-พัด,,pending,pending,,,รอตรวจ: missing-official-evidence
หิมวรรณรส,หิม-วัน-นะ-รด,,pending,pending,,,รอตรวจ: missing-official-evidence
หิมวรรณวร,หิม-วัน-นะ-วอน,,pending,pending,,,รอตรวจ: missing-official-evidence
หิมวรรณวริศ,หิม-วัน-วิ-สอน,,pending,pending,,,รอตรวจ: missing-official-evidence
หิมวรรณอร,หิม-วัน-ออน,,pending,pending,,,รอตรวจ: missing-official-evidence
หิมวรรณอารี,หิม-วัน-อา-รี,,pending,pending,,,รอตรวจ: missing-official-evidence
หิมวรินทร์,หิม-วะ-ริน,,pending,pending,,,รอตรวจ: missing-official-evidence
หิมวริศ,หิม-วะ-ริด,,pending,pending,,,รอตรวจ: missing-official-evidence
หิมวันกร,หิม-วัน-กอน,,pending,pending,,,รอตรวจ: missing-official-evidence
หิมวันคุณ,หิม-วัน-คุน,,pending,pending,,,รอตรวจ: missing-official-evidence
หิมวันญา,หิม-วัน-ยา,,pending,pending,,,รอตรวจ: missing-official-evidence
หิมวันณัฐ,หิม-วัน-นะ-ยด,,pending,pending,,,รอตรวจ: missing-official-evidence
หิมวันธนา,หิม-วัน-ทะ-นา,,pending,pending,,,รอตรวจ: missing-official-evidence
หิมวันธร,หิม-วัน-ทอน,,pending,pending,,,รอตรวจ: missing-official-evidence
หิมวันนภ,หิม-วัน-นบ,,pending,pending,,,รอตรวจ: missing-official-evidence
หิมวันนภัส,หิม-วัน-นะ-พัด,,pending,pending,,,รอตรวจ: missing-official-evidence
หิมวันภัค,หิม-วัน-พัก,,pending,pending,,,รอตรวจ: missing-official-evidence
หิมวันรวิ,หิม-วัน-ระ-วิ,,pending,pending,,,รอตรวจ: missing-official-evidence
หิมวันรส,หิม-วัน-รด,,pending,pending,,,รอตรวจ: missing-official-evidence
หิมวันวร,หิม-วัน,,pending,pending,,,รอตรวจ: missing-official-evidence
หิมวันวริศ,หิม-วัน-วิ-สอน,,pending,pending,,,รอตรวจ: missing-official-evidence
หิมวันอร,หิม-วัน-ออน,,pending,pending,,,รอตรวจ: missing-official-evidence
หิมวันอิศร์,หิม-วัน-อิด,,pending,pending,,,รอตรวจ: missing-official-evidence
หิมวิชญ์,หิม-วิด,,pending,pending,,,รอตรวจ: missing-official-evidence
หิมวิน,หิม-วิน,,pending,pending,,,รอตรวจ: missing-official-evidence
หิมอรุณ,หิม-อะ-รุน,,pending,pending,,,รอตรวจ: missing-official-evidence
หิมอัคร,หิม-อัก,,pending,pending,,,รอตรวจ: missing-official-evidence
หิมอารี,หอม-อา-รี,,pending,pending,,,รอตรวจ: missing-official-evidence
หิมอินทร์,หิม-อิน,,pending,pending,,,รอตรวจ: missing-official-evidence
หิมอิศร์,หิม-อิด,,pending,pending,,,รอตรวจ: missing-official-evidence
หิมาคุณ,หิ-มา-คุน,,pending,pending,,,รอตรวจ: missing-official-evidence
หิมาจิรา,หิ-มา-จิ-รา,,pending,pending,,,รอตรวจ: missing-official-evidence
หิมาญา,หิ-มา-ยา,,pending,pending,,,รอตรวจ: missing-official-evidence
หิมาณัฐ,หิม-นา-ถั,,pending,pending,,,รอตรวจ: missing-official-evidence
หิมาธนา,หิ-มา-ทะ-นา,,pending,pending,,,รอตรวจ: missing-official-evidence
หิมาธร,หิ-มา-ทอน,,pending,pending,,,รอตรวจ: missing-official-evidence
หิมาธรรม,หิ-มา-ทำ,,pending,pending,,,รอตรวจ: missing-official-evidence
หิมาธีร์,หิ-มา-ที,,pending,pending,,,รอตรวจ: missing-official-evidence
หิมานกร,หิ-มา-นะ-กอน,,pending,pending,,,รอตรวจ: missing-official-evidence
หิมานคุณ,หิม-คาน-คุน,,pending,pending,,,รอตรวจ: missing-official-evidence
หิมานจิรา,หิม-จาน-ริ-จา,,pending,pending,,,รอตรวจ: missing-official-evidence
หิมานญา,หิ-มาน-ยา,,pending,pending,,,รอตรวจ: missing-official-evidence
หิมานณัฐ,หิม-นา-นัด,,pending,pending,,,รอตรวจ: missing-official-evidence
หิมานธนา,หิม-นาน-ทะ-นา,,pending,pending,,,รอตรวจ: missing-official-evidence
หิมานธร,หิ-มา-นะ-ทอน,,pending,pending,,,รอตรวจ: missing-official-evidence
หิมานธรรม,หิ-มาน-ทำ,,pending,pending,,,รอตรวจ: missing-official-evidence
หิมานธีร์,หิ-มาน-ทอน,,pending,pending,,,รอตรวจ: missing-official-evidence
หิมานนภ,หิ-มาน-นบ,,pending,pending,,,รอตรวจ: missing-official-evidence
หิมานนภัส,หิม-นา-พะ-นัด,,pending,pending,,,รอตรวจ: missing-official-evidence
หิมานภ,หิม-นาบ,,pending,pending,,,รอตรวจ: missing-official-evidence
หิมานภัค,หิ-มาน-พัก,,pending,pending,,,รอตรวจ: missing-official-evidence
หิมานภัทร,หิ-หมาน-พัด,,pending,pending,,,รอตรวจ: missing-official-evidence
หิมานภัส,หิม-นา-พัด,,pending,pending,,,รอตรวจ: missing-official-evidence
หิมานรวิ,หิม-นา-ระ-วิ,,pending,pending,,,รอตรวจ: missing-official-evidence
หิมานรส,หิม-นา-รด,,pending,pending,,,รอตรวจ: missing-official-evidence
หิมานริน,หิม-นา-ริน,,pending,pending,,,รอตรวจ: missing-official-evidence
หิมานรินทร์,หิ-มาน-ริน,,pending,pending,,,รอตรวจ: missing-official-evidence
หิมานวร,หิ-มา-วอน,,pending,pending,,,รอตรวจ: missing-official-evidence
หิมานวริศ,หิม-นา-วะ-ริด,,pending,pending,,,รอตรวจ: missing-official-evidence
หิมานวิน,หิม-นา-วิน,,pending,pending,,,รอตรวจ: missing-official-evidence
หิมานอร,หิ-มา-นอน,,pending,pending,,,รอตรวจ: missing-official-evidence
หิมานอิศร์,หิ-มา-นิด,,pending,pending,,,รอตรวจ: missing-official-evidence
หิมานันท์,หิม-นา-นัน,,pending,pending,,,รอตรวจ: missing-official-evidence
หิมารวิ,หิม-รา-วิ,,pending,pending,,,รอตรวจ: missing-official-evidence
หิมารส,หิม-ราด,,pending,pending,,,รอตรวจ: missing-official-evidence
หิมารักษ์,หิ-มา-รัก,,pending,pending,,,รอตรวจ: missing-official-evidence
หิมาริน,หิม-รา-ริน,,pending,pending,,,รอตรวจ: missing-official-evidence
หิมาวร,หิ-มา-วอน,,pending,pending,,,รอตรวจ: missing-official-evidence
หิมาวรรณ,หิ-มา-วัน,,pending,pending,,,รอตรวจ: missing-official-evidence
หิมาวรินทร์,หิ-มา-วะ-ริน,,pending,pending,,,รอตรวจ: missing-official-evidence
หิมาวริศ,หิ-มา-วะ-ริด,,pending,pending,,,รอตรวจ: missing-official-evidence
หิมาวิน,หิ-มา-วิน,,pending,pending,,,รอตรวจ: missing-official-evidence
หิมาอร,หิ-มา-ออน,,pending,pending,,,รอตรวจ: missing-official-evidence
หิมาอรุณ,หิ-มา-อะ-รุน,,pending,pending,,,รอตรวจ: missing-official-evidence
หิมาอัคร,หิ-มา-อัน,,pending,pending,,,รอตรวจ: missing-official-evidence
หิมาอารี,หิม-อา-รี,,pending,pending,,,รอตรวจ: missing-official-evidence
หิมาอิศร์,หิ-มา-อิด,,pending,pending,,,รอตรวจ: missing-official-evidence
หิรัญกร,หิ-รัน-ยะ-กอน,,pending,pending,,,รอตรวจ: missing-official-evidence
หิรัญคุณ,หิ-รัน-ยะ-คุน,,pending,pending,,,รอตรวจ: missing-official-evidence
หิรัญชญา,หิ-รัน-ชะ-ยา,,pending,pending,,,รอตรวจ: missing-official-evidence
หิรัญชล,หิ-รัน-ชะ-ละ,,pending,pending,,,รอตรวจ: missing-official-evidence
หิรัญญา,หิ-รัน-ยา,,pending,pending,,,รอตรวจ: missing-official-evidence
หิรัญญาธีร์,หิ-รัน-ยา-ที,,pending,pending,,,รอตรวจ: missing-official-evidence
หิรัญญาอารี,หิ-รัน-ยา-อา-รี,,pending,pending,,,รอตรวจ: missing-official-evidence
หิรัญณัฐ,หิ-รัน-ยะ-นัด,,pending,pending,,,รอตรวจ: missing-official-evidence
หิรัญธนา,หิ-รัน-ทะ-นา,,pending,pending,,,รอตรวจ: missing-official-evidence
หิรัญธร,หิ-รัน-ทอน,,pending,pending,,,รอตรวจ: missing-official-evidence
หิรัญธรรม,หิ-รัน-ทำ,,pending,pending,,,รอตรวจ: missing-official-evidence
หิรัญธีร์,หิ-รัน-ที,,pending,pending,,,รอตรวจ: missing-official-evidence
หิรัญนภ,หิ-รัน-ยะ-นบ,,pending,pending,,,รอตรวจ: missing-official-evidence
หิรัญนภัส,หิ-รัน-ยะ-พัด,,pending,pending,,,รอตรวจ: missing-official-evidence
หิรัญภัค,หิ-รัน-ยะ-พัก,,pending,pending,,,รอตรวจ: missing-official-evidence
หิรัญภัทร,หิ-รัน-ยะ-พัด,,pending,pending,,,รอตรวจ: missing-official-evidence
หิรัญภัทรเวช,หิ-รัน-พัด-เพ-ทร,,pending,pending,,,รอตรวจ: missing-official-evidence
หิรัญรวิ,หิ-รัน-ระ-วิ,,pending,pending,,,รอตรวจ: missing-official-evidence
หิรัญรส,หิ-รัน-รด,,pending,pending,,,รอตรวจ: missing-official-evidence
หิรัญรักษ์,หิ-รัน-รัก,,pending,pending,,,รอตรวจ: missing-official-evidence
หิรัญริน,หิ-รัน-ยิน,,pending,pending,,,รอตรวจ: missing-official-evidence
หิรัญรินทร์,หิ-รัน-ยะ-ริน,,pending,pending,,,รอตรวจ: missing-official-evidence
หิรัญวร,หิน-รัด,,pending,pending,,,รอตรวจ: missing-official-evidence
หิรัญวริศ,หิ-รัน-ยะ-วะ-ริด,,pending,pending,,,รอตรวจ: missing-official-evidence
หิรัญศรี,หิ-รัน-สี,,pending,pending,,,รอตรวจ: missing-official-evidence
หิรัญศิลป์,หิ-รัน-ยะ-สิน,,pending,pending,,,รอตรวจ: missing-official-evidence
หิรัญสิริ,หิ-รัน-ยะ-สิ-หริ,,pending,pending,,,รอตรวจ: missing-official-evidence
หิรัญอร,หิ-รัน-ยอ,,pending,pending,,,รอตรวจ: missing-official-evidence
หิรัญอรุณ,หิ-รัน-ยะ-รัน,,pending,pending,,,รอตรวจ: missing-official-evidence
หิรัญอัคร,หิ-รัน-ยัก,,pending,pending,,,รอตรวจ: missing-official-evidence
หิรัญอารี,หิ-รัน-อา-ยี,,pending,pending,,,รอตรวจ: missing-official-evidence
หิรัญอิศร์,หิ-รัน-ยะ-สิด,,pending,pending,,,รอตรวจ: missing-official-evidence
หิรัณกร,หิ-รัน-นะ-กอน,,pending,pending,,,รอตรวจ: missing-official-evidence
หิรัณคุณ,หิ-รัน-คุน,,pending,pending,,,รอตรวจ: missing-official-evidence
หิรัณจิรา,หิ-รัน-จิ-รา,,pending,pending,,,รอตรวจ: missing-official-evidence
หิรัณญา,หิ-รัน-ยา,,pending,pending,,,รอตรวจ: missing-official-evidence
หิรัณธนา,หิ-รัน-ทะ-นา,,pending,pending,,,รอตรวจ: missing-official-evidence
หิรัณธร,หิ-รัน-ทอน,,pending,pending,,,รอตรวจ: missing-official-evidence
หิรัณธรรม,หิ-รัน-นะ-ทำ,,pending,pending,,,รอตรวจ: missing-official-evidence
หิรัณธีร์,หิ-รัน-ที,,pending,pending,,,รอตรวจ: missing-official-evidence
หิรัณนภ,หิ-รัน-นบ,,pending,pending,,,รอตรวจ: missing-official-evidence
หิรัณนภัส,หิ-รัน-นะ-พัด,,pending,pending,,,รอตรวจ: missing-official-evidence
หิรัณภัค,หิ-รัน-พัก,,pending,pending,,,รอตรวจ: missing-official-evidence
หิรัณภัทร,หิ-รัน-พัด,,pending,pending,,,รอตรวจ: missing-official-evidence
หิรัณรส,หิ-รัน-รด,,pending,pending,,,รอตรวจ: missing-official-evidence
หิรัณริน,หิ-รัน-นิ-ระ,,pending,pending,,,รอตรวจ: missing-official-evidence
หิรัณรินทร์,หิ-รัน-นะ-ริน,,pending,pending,,,รอตรวจ: missing-official-evidence
หิรัณวร,หิน-รัน,,pending,pending,,,รอตรวจ: missing-official-evidence
หิรัณวริศ,หิ-รัน-วะ-ริด,,pending,pending,,,รอตรวจ: missing-official-evidence
หิรัณวิชญ์,หิ-รัน-วิด,,pending,pending,,,รอตรวจ: missing-official-evidence
หิรัณวิน,หิ-รัน-วิน,,pending,pending,,,รอตรวจ: missing-official-evidence
หิรัณอร,หิ-รัน-นอ,,pending,pending,,,รอตรวจ: missing-official-evidence
หิรัณอรุณ,หิ-รัน-รอน,,pending,pending,,,รอตรวจ: missing-official-evidence
หิรัณอารี,หิ-รัน-รา-อี,,pending,pending,,,รอตรวจ: missing-official-evidence
หิรัณอิศร์,หิ-รัน-ริด,,pending,pending,,,รอตรวจ: missing-official-evidence
โหมดนอก,โหม-ดอน-นก,,pending,pending,,,รอตรวจ: missing-official-evidence
โห๋ว,โห๋ว,,pending,pending,,,รอตรวจ: missing-official-evidence
ใหญ่,ใหย่,,pending,pending,,,รอตรวจ: missing-official-evidence
ใหม่จันทร์,ไหม่-จัน,,pending,pending,,,รอตรวจ: missing-official-evidence
ไหณ,ไหน,,pending,pending,,,รอตรวจ: missing-official-evidence
ฬกมล,ลิก-มน,,pending,pending,,,รอตรวจ: missing-official-evidence
ฬกมลนันท์,ลิก-มน-ละ-นัน,,pending,pending,,,รอตรวจ: missing-official-evidence
ฬกมลภัทร,ลิก-มน-พัด-ทรอ,,pending,pending,,,รอตรวจ: missing-official-evidence
ฬกมลวรา,ลิก-มน-วะ-รา,,pending,pending,,,รอตรวจ: missing-official-evidence
ฬจิรา,พะ-จิ-รา,,pending,pending,,,รอตรวจ: missing-official-evidence
ฬจิรานันท์,พะ-จิ-รา-นัน,,pending,pending,,,รอตรวจ: missing-official-evidence
ฬจิราวรา,พะ-จิ-รา-วอน,,pending,pending,,,รอตรวจ: missing-official-evidence
ฬณัฐ,ละ-นัด,,pending,pending,,,รอตรวจ: missing-official-evidence
ฬณัฐนันท์,ระ-นัด-นัน,,pending,pending,,,รอตรวจ: missing-official-evidence
ฬณัฐภัทร,ละ-นัด-พัด-ทรอ,,pending,pending,,,รอตรวจ: missing-official-evidence
ฬณัฐวรา,ระ-นัด-ถะ-วะ-รา,,pending,pending,,,รอตรวจ: missing-official-evidence
ฬดล,ละ-ดน,,pending,pending,,,รอตรวจ: missing-official-evidence
ฬดลนันท์,ละ-ดน-ละ-นัน,,pending,pending,,,รอตรวจ: missing-official-evidence
ฬดลภัทร,ละ-ดน-พัด-ทรอ,,pending,pending,,,รอตรวจ: missing-official-evidence
ฬดลวรา,ลด-ละ-วะ-รา,,pending,pending,,,รอตรวจ: missing-official-evidence
ฬทิน,ละ-ทิน,,pending,pending,,,รอตรวจ: missing-official-evidence
ฬทินนันท์,ทิน-ทะ-นัน,,pending,pending,,,รอตรวจ: missing-official-evidence
ฬทินภัทร,ละ-ทิน-พัด-ทรอ,,pending,pending,,,รอตรวจ: missing-official-evidence
ฬทินวรา,ลิน-ทิน-วะ-รา,,pending,pending,,,รอตรวจ: missing-official-evidence
ฬธนภัทร,รน-ทะ-นะ-พัด,,pending,pending,,,รอตรวจ: missing-official-evidence
ฬธนวรา,นะ-ทะ-นะ-วะ-รา,,pending,pending,,,รอตรวจ: missing-official-evidence
ฬธนันท์,ธะ-ทะ-นัน,,pending,pending,,,รอตรวจ: missing-official-evidence
ฬธนา,นะ-ทะ-สะ-นา,,pending,pending,,,รอตรวจ: missing-official-evidence
ฬนน,ระ-นะ-นน,,pending,pending,,,รอตรวจ: missing-official-evidence
ฬนา,ละ-นา,,pending,pending,,,รอตรวจ: missing-official-evidence
ฬนาธร,นะ-ลา-ทอน,,pending,pending,,,รอตรวจ: missing-official-evidence
ฬนานันท์,นิ-ลา-นัน,,pending,pending,,,รอตรวจ: missing-official-evidence
ฬนาริน,ละ-นา-ริน,,pending,pending,,,รอตรวจ: missing-official-evidence
ฬนาวรรณ,นิน-นา-วัน,,pending,pending,,,รอตรวจ: missing-official-evidence
ฬนาวา,นะ-ลา-วา,,pending,pending,,,รอตรวจ: missing-official-evidence
ฬนาวานันท์,นิ-ลา-วา-นัน,,pending,pending,,,รอตรวจ: missing-official-evidence
ฬนาวาวรา,นะ-ลา-นา-วา-รา,,pending,pending,,,รอตรวจ: missing-official-evidence
ฬนาวิชญ์,รา-นะ-วิด,,pending,pending,,,รอตรวจ: missing-official-evidence
ฬภัค,ละ-พัก,,pending,pending,,,รอตรวจ: missing-official-evidence
ฬภัทร,ละ-พัด,,pending,pending,,,รอตรวจ: missing-official-evidence
ฬภัทรนันท์,ละ-พัด-ทระ-นัน,,pending,pending,,,รอตรวจ: missing-official-evidence
ฬภัทรภัทร,ละ-พัด-พัด-ทรอ,,pending,pending,,,รอตรวจ: missing-official-evidence
ฬภัทรวรา,ละ-พัด-ทระ-วะ-รา,,pending,pending,,,รอตรวจ: missing-official-evidence
ฬภัส,ละ-พัด,,pending,pending,,,รอตรวจ: missing-official-evidence
ฬมนัส,มน-มะ-นัด,,pending,pending,,,รอตรวจ: missing-official-evidence
ฬรัญ,ละ-รัน,,pending,pending,,,รอตรวจ: missing-official-evidence
ฬรัญญ์,ละ-รัน,,pending,pending,,,รอตรวจ: missing-official-evidence
ฬรัญญา,ฐ-ร-ญ,,pending,pending,,,รอตรวจ: missing-official-evidence
ฬรัญธร,ชะ-รัน-ยะ-ทอน,,pending,pending,,,รอตรวจ: missing-official-evidence
ฬรัญนนท์,ละ-รัน-นน,,pending,pending,,,รอตรวจ: missing-official-evidence
ฬรัญนันท์,ละ-รัน-ยะ-นัน,,pending,pending,,,รอตรวจ: missing-official-evidence
ฬรัญภัทร,ละ-รัน-พัด-ทรอ,,pending,pending,,,รอตรวจ: missing-official-evidence
ฬรัญภัสร์,ละ-รัน-ยะ-พัด,,pending,pending,,,รอตรวจ: missing-official-evidence
ฬรัญลักษณ์,ละ-รัน-ลัก,,pending,pending,,,รอตรวจ: missing-official-evidence
ฬรัญวิชญ์,ละ-รัน-ยะ-วิด,,pending,pending,,,รอตรวจ: missing-official-evidence
ฬรัญสิริ,ละ-รัน-สิ-หริ,,pending,pending,,,รอตรวจ: missing-official-evidence
ฬรา,นะ-รา,,pending,pending,,,รอตรวจ: missing-official-evidence
ฬราธร,นะ-รา-ทอน,,pending,pending,,,รอตรวจ: missing-official-evidence
ฬรานันท์,นา-รา-นัน,,pending,pending,,,รอตรวจ: missing-official-evidence
ฬราริน,นะ-รา-ริน,,pending,pending,,,รอตรวจ: missing-official-evidence
ฬราวรรณ,นะ-รา-วัน,,pending,pending,,,รอตรวจ: missing-official-evidence
ฬราวรินทร์,นะ-รา-วะ-ริน,,pending,pending,,,รอตรวจ: missing-official-evidence
ฬราวิชญ์,ร-ร-ว,,pending,pending,,,รอตรวจ: missing-official-evidence
ฬรินทร์,ละ-ริน,,pending,pending,,,รอตรวจ: missing-official-evidence
ฬรินทรา,ละ-ริน-ทรา,,pending,pending,,,รอตรวจ: missing-official-evidence
ฬรินธร,ระ-ริน-ทอน,,pending,pending,,,รอตรวจ: missing-official-evidence
ฬรินนันท์,ระ-ริน-นัน,,pending,pending,,,รอตรวจ: missing-official-evidence
ฬรินภรณ์,ระ-ริน-พอน,,pending,pending,,,รอตรวจ: missing-official-evidence
ฬรินภัทร,ระ-ริน-พัด,,pending,pending,,,รอตรวจ: missing-official-evidence
ฬรินวรรณ,ละ-ริน-วัน,,pending,pending,,,รอตรวจ: missing-official-evidence
ฬรินวิชญ์,ระ-นิน-วิด,,pending,pending,,,รอตรวจ: missing-official-evidence
ฬลิล,ละ-ลิน,,pending,pending,,,รอตรวจ: missing-official-evidence
ฬลิลธร,ละ-ลิน-ทอน,,pending,pending,,,รอตรวจ: missing-official-evidence
ฬลิลนันท์,ละ-ลิน-นัน,,pending,pending,,,รอตรวจ: missing-official-evidence
ฬลิลภรณ์,ละ-ลิน-พอน,,pending,pending,,,รอตรวจ: missing-official-evidence
ฬลิลภัทร,ละ-ลิน-พัด-ทรอ,,pending,pending,,,รอตรวจ: missing-official-evidence
ฬลิลภัสร์,ละ-ลิน-พัด,,pending,pending,,,รอตรวจ: missing-official-evidence
ฬลิลริน,ละ-ลิน-ริน,,pending,pending,,,รอตรวจ: missing-official-evidence
ฬลิลวรรณ,ละ-ลิน-วัน,,pending,pending,,,รอตรวจ: missing-official-evidence
ฬลิลวิชญ์,ละ-ลิน-วิด,,pending,pending,,,รอตรวจ: missing-official-evidence
ฬลิลา,ละ-ลิ-ลา,,pending,pending,,,รอตรวจ: missing-official-evidence
ฬวริน,ลวน-ริน,,pending,pending,,,รอตรวจ: missing-official-evidence
ฬวรินนันท์,ละ-วะ-ริน-นัน,,pending,pending,,,รอตรวจ: missing-official-evidence
ฬวรินภัทร,ลวน-ริน-พัด-ทรอ,,pending,pending,,,รอตรวจ: missing-official-evidence
ฬวรินวรา,ลวน-วิน-รา,,pending,pending,,,รอตรวจ: missing-official-evidence
ฬวัจน์,ละ-วัด,,pending,pending,,,รอตรวจ: missing-official-evidence
ฬวาริน,ละ-วา-ริน,,pending,pending,,,รอตรวจ: missing-official-evidence
ฬวารินทร์,วะ-ลา-วะ-ริน,,pending,pending,,,รอตรวจ: missing-official-evidence
ฬวารินทรา,นะ-วา-ริน-ราด,,pending,pending,,,รอตรวจ: missing-official-evidence
ฬวารินธร,ละ-วา-ริน-ทอน,,pending,pending,,,รอตรวจ: missing-official-evidence
ฬวารินนันท์,ละ-วา-ระ-นิ-รัน,,pending,pending,,,รอตรวจ: missing-official-evidence
ฬวารินภัทร,ละ-วา-ริน-พัด-ทรอ,,pending,pending,,,รอตรวจ: missing-official-evidence
ฬวารินวรรณ,ละ-วา-ระ-วิ-นัน,,pending,pending,,,รอตรวจ: missing-official-evidence
ฬวารินวิชญ์,ละ-วา-ระ-วิ-ริน,,pending,pending,,,รอตรวจ: missing-official-evidence
ฬอ,ลอ,,pending,pending,,,รอตรวจ: missing-official-evidence
ฬอธร,ละ-อะ-ทอน,,pending,pending,,,รอตรวจ: missing-official-evidence
ฬอนันท์,ระ-นัน-ทอน,,pending,pending,,,รอตรวจ: missing-official-evidence
ฬอภัทร,ลอ-พัด-ทรอ,,pending,pending,,,รอตรวจ: missing-official-evidence
ฬอภัสร์,ละ-พัด,,pending,pending,,,รอตรวจ: missing-official-evidence
ฬอรัด,ลอ-รัด,,pending,pending,,,รอตรวจ: missing-official-evidence
ฬอรา,รอ-รา,,pending,pending,,,รอตรวจ: missing-official-evidence
ฬอริน,ลอ-ริน,,pending,pending,,,รอตรวจ: missing-official-evidence
ฬอวรรณ,รอ-ละ-วัน,,pending,pending,,,รอตรวจ: missing-official-evidence
ฬอวรินทร์,ลอ-วะ-ริน,,pending,pending,,,รอตรวจ: missing-official-evidence
ฬอวิชญ์,ละ-อะ-วิด,,pending,pending,,,รอตรวจ: missing-official-evidence
ฬอินทร์,ละ-ริน,,pending,pending,,,รอตรวจ: missing-official-evidence
ฬอินทรนันท์,ระ-ลิน-อะ-นัน,,pending,pending,,,รอตรวจ: missing-official-evidence
ฬอินทรภัทร,ระ-ริน-ทอน-พัด,,pending,pending,,,รอตรวจ: missing-official-evidence
ฬอินทรวรา,ลอ-ริน-ทอ-ระ-วะ-รา,,pending,pending,,,รอตรวจ: missing-official-evidence
ฬามิน,ลา-มิน,,pending,pending,,,รอตรวจ: missing-official-evidence
ฬามินทร์,ลา-มิน,,pending,pending,,,รอตรวจ: missing-official-evidence
ฬามินทรา,รา-ลิน-ทรา,,pending,pending,,,รอตรวจ: missing-official-evidence
ฬามินธร,ลา-มิน-ทอน,,pending,pending,,,รอตรวจ: missing-official-evidence
ฬามินนันท์,รา-ลิม-นัน,,pending,pending,,,รอตรวจ: missing-official-evidence
ฬามินภัทร,ลา-มิน-พัด-ทรอ,,pending,pending,,,รอตรวจ: missing-official-evidence
ฬามินวรรณ,รา-ลิ-นะ-วัน,,pending,pending,,,รอตรวจ: missing-official-evidence
ฬามินวรรณ์,ลา-มิน-วัน,,pending,pending,,,รอตรวจ: missing-official-evidence
ฬามินวิชญ์,ลา-มิน-วิด,,pending,pending,,,รอตรวจ: missing-official-evidence
ฬามิศ,ลา-มิด,,pending,pending,,,รอตรวจ: missing-official-evidence
ฬิกรา,ลิ-กรา,,pending,pending,,,รอตรวจ: missing-official-evidence
ฬิกราธร,นิ-กรา-ทอน,,pending,pending,,,รอตรวจ: missing-official-evidence
ฬิกรานันท์,ลิ-กรา-นัน,,pending,pending,,,รอตรวจ: missing-official-evidence
ฬิกราริน,ลิ-กรา-ริน,,pending,pending,,,รอตรวจ: missing-official-evidence
ฬิกราวรรณ,นิ-กรา-วัน,,pending,pending,,,รอตรวจ: missing-official-evidence
ฬิกราวรินทร์,ลิ-กรา-วะ-ริน,,pending,pending,,,รอตรวจ: missing-official-evidence
ฬิกราวิชญ์,ลิ-กรา-วิด,,pending,pending,,,รอตรวจ: missing-official-evidence
ฬิน,ลิน,,pending,pending,,,รอตรวจ: missing-official-evidence
ฬินกร,ลิน-กอน,,pending,pending,,,รอตรวจ: missing-official-evidence
ฬินท์,นิน,,pending,pending,,,รอตรวจ: missing-official-evidence
ฬินทร,นิน-ทอน,,pending,pending,,,รอตรวจ: missing-official-evidence
ฬินทร์,ลิน,,pending,pending,,,รอตรวจ: missing-official-evidence
ฬินทรา,นิน-ทรา,,pending,pending,,,รอตรวจ: missing-official-evidence
ฬินธร,นิน-ทอน,,pending,pending,,,รอตรวจ: missing-official-evidence
ฬินนันท์,ลิน-นัน,,pending,pending,,,รอตรวจ: missing-official-evidence
ฬินภรณ์,ลิน-นะ-พอน,,pending,pending,,,รอตรวจ: missing-official-evidence
ฬินภัทร,ลิน-พัด-ทรอ,,pending,pending,,,รอตรวจ: missing-official-evidence
ฬินวรรณ,นิน-วัน,,pending,pending,,,รอตรวจ: missing-official-evidence
ฬินวิชญ์,ริน-วิด,,pending,pending,,,รอตรวจ: missing-official-evidence
ฬินา,นิ-ลา,,pending,pending,,,รอตรวจ: missing-official-evidence
ฬินาริน,นิ-ลา-ริน,,pending,pending,,,รอตรวจ: missing-official-evidence
ฬิรา,ลิ-รา,,pending,pending,,,รอตรวจ: missing-official-evidence
ฬิราธร,นิ-รา-ทอน,,pending,pending,,,รอตรวจ: missing-official-evidence
ฬิรานันท์,ริ-รา-นัน,,pending,pending,,,รอตรวจ: missing-official-evidence
ฬิราริน,ลิ-รา-ริน,,pending,pending,,,รอตรวจ: missing-official-evidence
ฬิราวรรณ,ลิ-ระ-วัน,,pending,pending,,,รอตรวจ: missing-official-evidence
ฬิราวรินทร์,ลิ-รา-วะ-ริน,,pending,pending,,,รอตรวจ: missing-official-evidence
ฬิราวิชญ์,ลิ-รา-วิด,,pending,pending,,,รอตรวจ: missing-official-evidence
ฬิษธร,ลิด-สะ-ทอน,,pending,pending,,,รอตรวจ: missing-official-evidence
ฬิษนันท์,ริด-สะ-นัน,,pending,pending,,,รอตรวจ: missing-official-evidence
ฬิษภรณ์,ลิด-พอน,,pending,pending,,,รอตรวจ: missing-official-evidence
ฬิษภัทร,ลิด-สะ-พัด,,pending,pending,,,รอตรวจ: missing-official-evidence
ฬิษภัสร์,ลิด-พัด,,pending,pending,,,รอตรวจ: missing-official-evidence
ฬิษมา,ลิด-สะ-มา,,pending,pending,,,รอตรวจ: missing-official-evidence
ฬิษรา,ลิด-สะ-รา,,pending,pending,,,รอตรวจ: missing-official-evidence
ฬิษริน,ลิด-สะ-ริน,,pending,pending,,,รอตรวจ: missing-official-evidence
ฬิษวรรณ,ริด-สะ-วัน,,pending,pending,,,รอตรวจ: missing-official-evidence
ฬิษวิชญ์,ลิด-สะ-วิด,,pending,pending,,,รอตรวจ: missing-official-evidence
ฬิษสิริ,นิด-สิ-หริ,,pending,pending,,,รอตรวจ: missing-official-evidence
ฬิษา,ลิ-สา,,pending,pending,,,รอตรวจ: missing-official-evidence
ฬุริน,รุ-ริน,,pending,pending,,,รอตรวจ: missing-official-evidence
ฬุลิ,ลุ-ลิ,,pending,pending,,,รอตรวจ: missing-official-evidence
ฬุลิธร,ลุ-ลิ-ทอน,,pending,pending,,,รอตรวจ: missing-official-evidence
ฬุลินันท์,ลุ-ลิ-นัน,,pending,pending,,,รอตรวจ: missing-official-evidence
ฬุลิภรณ์,ลุ-ลิ-พอน,,pending,pending,,,รอตรวจ: missing-official-evidence
ฬุลิภัทร,ลุ-ลิ-พัด-ทรอ,,pending,pending,,,รอตรวจ: missing-official-evidence
ฬุลิภัสร์,ลุ-ลิ-พัด,,pending,pending,,,รอตรวจ: missing-official-evidence
ฬุลิริน,ลุ-ลิ-ริน,,pending,pending,,,รอตรวจ: missing-official-evidence
ฬุลิวรรณ,ลุ-ลิ-วัน,,pending,pending,,,รอตรวจ: missing-official-evidence
ฬุลิวิชญ์,ลุ-ลิ-วิด,,pending,pending,,,รอตรวจ: missing-official-evidence
ฬุลิสิริ,ลุ-ลิ-สิ-หริ,,pending,pending,,,รอตรวจ: missing-official-evidence
ไฬม,ไลม,,pending,pending,,,รอตรวจ: missing-official-evidence
อกนก,อะ-กะ-หนก,,pending,pending,,,รอตรวจ: missing-official-evidence
อกนิษฐ์,อะ-กะ-นิด,,pending,pending,,,รอตรวจ: missing-official-evidence
อกมล,อก-มน,,pending,pending,,,รอตรวจ: missing-official-evidence
อกมลนันท์,อะ-กะ-มน-ลัน,,pending,pending,,,รอตรวจ: missing-official-evidence
อกมลภัทร,อก-มน-พัด-ทรอ,,pending,pending,,,รอตรวจ: missing-official-evidence
อกมลวรา,อะ-กน-มะ-วะ-รา,,pending,pending,,,รอตรวจ: missing-official-evidence
อครมนต์,อะ-คระ-มน,,pending,pending,,,รอตรวจ: missing-official-evidence
อคิกร,อะ-คิ-กอน,,pending,pending,,,รอตรวจ: missing-official-evidence
อคิคุณ,อะ-คิ-นุ,,pending,pending,,,รอตรวจ: missing-official-evidence
อคิณ,อะ-คิน,,pending,pending,,,รอตรวจ: missing-official-evidence
อคิธัช,อะ-คิ-ทัด,,pending,pending,,,รอตรวจ: missing-official-evidence
อคิน,คอ-คิน,,pending,pending,,,รอตรวจ: missing-official-evidence
อคินทร์,อะ-คิน,,pending,pending,,,รอตรวจ: missing-official-evidence
อคิร,อะ-คิ-ระ,,pending,pending,,,รอตรวจ: missing-official-evidence
อคิรญา,อะ-คิ-ระ-ยา,,pending,pending,,,รอตรวจ: missing-official-evidence
อคิรนา,อะ-คิ-ระ-นา,,pending,pending,,,รอตรวจ: missing-official-evidence
อคิรา,อะ-คิ-รา,,pending,pending,,,รอตรวจ: missing-official-evidence
อคิราห์,อะ-คิ-รา,,pending,pending,,,รอตรวจ: missing-official-evidence
องอาจ,อง-อาด,,pending,pending,,,รอตรวจ: missing-official-evidence
อจรัส,อะ-จะ-รัด,,pending,pending,,,รอตรวจ: missing-official-evidence
อจรูญ,อะ-จะ-รูน,,pending,pending,,,รอตรวจ: missing-official-evidence
อจรูญนันท์,อะ-จอน-นูน,,pending,pending,,,รอตรวจ: missing-official-evidence
อจรูญภัทร,อะ-จะ-รูน-พัด-ทรอ,,pending,pending,,,รอตรวจ: missing-official-evidence
อจรูญวรา,อะ-จะ-รู-วะ-รา,,pending,pending,,,รอตรวจ: missing-official-evidence
อจลา,อะ-จะ-ลา,,pending,pending,,,รอตรวจ: missing-official-evidence
อจอมทอง,อะ-จอม-ทอง,,pending,pending,,,รอตรวจ: missing-official-evidence
อจิร,อะ-จิ-ระ,,pending,pending,,,รอตรวจ: missing-official-evidence
อจิรา,อะ-จิ-รา,,pending,pending,,,รอตรวจ: missing-official-evidence
อจิรานันท์,อะ-จิ-รา-นัน,,pending,pending,,,รอตรวจ: missing-official-evidence
อจิราวรา,อะ-จิ-รา,,pending,pending,,,รอตรวจ: missing-official-evidence
อฉิ,อะ-หิ,,pending,pending,,,รอตรวจ: missing-official-evidence
อชล,อะ-ชน,,pending,pending,,,รอตรวจ: missing-official-evidence
อชลนันท์,อะ-ชะ-ละ-นัน,,pending,pending,,,รอตรวจ: missing-official-evidence
อชลภัทร,อะ-ชน-พัด-ทรอ,,pending,pending,,,รอตรวจ: missing-official-evidence
อชลวรา,อะ-ชน-วะ-รา,,pending,pending,,,รอตรวจ: missing-official-evidence
อชิ,อะ-ชิ,,pending,pending,,,รอตรวจ: missing-official-evidence
อชิร,อะ-ชิ-ระ,,pending,pending,,,รอตรวจ: missing-official-evidence
อชิรชญา,อะ-ชิ-ระ-ยา,,pending,pending,,,รอตรวจ: missing-official-evidence
อชิรญา,อะ-ชิ-ระ-ยา,,pending,pending,,,รอตรวจ: missing-official-evidence
อชิรญาณ์,อะ-ชิ-ยา,,pending,pending,,,รอตรวจ: missing-official-evidence
อชิรญาน์,อะ-ชิ-ระ-ยา,,pending,pending,,,รอตรวจ: missing-official-evidence
อชิรธัญธร,อะ-ชิ-ระ-ทัน-ยะ-ทอน,,pending,pending,,,รอตรวจ: missing-official-evidence
อชิรวัชร,อะ-ชิ-ระ-วัด,,pending,pending,,,รอตรวจ: missing-official-evidence
อชิรวิชญ์,อะ-ชิ-ระ-วิด,,pending,pending,,,รอตรวจ: missing-official-evidence
อชิระ,อะ-ชิ-ระ,,pending,pending,,,รอตรวจ: missing-official-evidence
อชิสิทธิ์,อะ-ชิ-สิด,,pending,pending,,,รอตรวจ: missing-official-evidence
อณัฐ,อะ-นัด,,pending,pending,,,รอตรวจ: missing-official-evidence
อณัฐนันท์,อะ-นัด-ถะ-นัน,,pending,pending,,,รอตรวจ: missing-official-evidence
อณัฐภัทร,อะ-นัด-พัด-ทรอ,,pending,pending,,,รอตรวจ: missing-official-evidence
อณัฐวรา,อะ-นัด-ถะ-วะ-รา,,pending,pending,,,รอตรวจ: missing-official-evidence
อณิ,อะ-นิ,,pending,pending,,,รอตรวจ: missing-official-evidence
อณิมา,อะ-นิ-มา,,pending,pending,,,รอตรวจ: missing-official-evidence
อดล,อด-ละ,,pending,pending,,,รอตรวจ: missing-official-evidence
อดลนันท์,อด-ละ-นัน,,pending,pending,,,รอตรวจ: missing-official-evidence
อดลภัทร,อด-ละ-พัด-ทรอ,,pending,pending,,,รอตรวจ: missing-official-evidence
อดลวรา,อด-ลวน-รา,,pending,pending,,,รอตรวจ: missing-official-evidence
อดวง,อด-วง,,pending,pending,,,รอตรวจ: missing-official-evidence
อดวงวรา,อด-วง-วอ-รา,,pending,pending,,,รอตรวจ: missing-official-evidence
อดิธร,อะ-ดิ-ทอน,,pending,pending,,,รอตรวจ: missing-official-evidence
อดินันท์,อะ-ดิ-นัน,,pending,pending,,,รอตรวจ: missing-official-evidence
อดิรุจ,อะ-ดิ-รุด,,pending,pending,,,รอตรวจ: missing-official-evidence
อดิเรก,อะ-ดิ-เรก,,pending,pending,,,รอตรวจ: missing-official-evidence
อดิลก,อะ-ดิ-หลก,,pending,pending,,,รอตรวจ: missing-official-evidence
อดิลกนันท์,อะ-ดิน-กน,,pending,pending,,,รอตรวจ: missing-official-evidence
อดิลกวรา,อะ-ดิน-กวา,,pending,pending,,,รอตรวจ: missing-official-evidence
อดิวิชญ์,อะ-ดิ-วิด,,pending,pending,,,รอตรวจ: missing-official-evidence
อดิศร,อะ-ดิ-สอน,,pending,pending,,,รอตรวจ: missing-official-evidence
อดิษ,อะ-ดิด,,pending,pending,,,รอตรวจ: missing-official-evidence
อดิสรณ์,อะ-ดิ-สอน,,pending,pending,,,รอตรวจ: missing-official-evidence
อตนุ,อะ-ตะ-นุ,,pending,pending,,,รอตรวจ: missing-official-evidence
อตนุนันท์,อะ-ตะ-นุ-นัน,,pending,pending,,,รอตรวจ: missing-official-evidence
อตนุวรา,อะ-ตะ-นุ-วะ-รา,,pending,pending,,,รอตรวจ: missing-official-evidence
อทอง,อท-ทอง,,pending,pending,,,รอตรวจ: missing-official-evidence
อทองคำ,อท-ทอง-คำ,,pending,pending,,,รอตรวจ: missing-official-evidence
อทิน,อะ-ทิน,,pending,pending,,,รอตรวจ: missing-official-evidence
อทินนันท์,อะ-ทิน-นัน,,pending,pending,,,รอตรวจ: missing-official-evidence
อทินภัทร,อะ-ทิน-พัด-ทรอ,,pending,pending,,,รอตรวจ: missing-official-evidence
อทินวรา,อะ-ทิน-วะ-รา,,pending,pending,,,รอตรวจ: missing-official-evidence
อธนภัทร,อะ-ทะ-นะ-พัด,,pending,pending,,,รอตรวจ: missing-official-evidence
อธนวรา,อะ-ทะ-นะ-วะ-รา,,pending,pending,,,รอตรวจ: missing-official-evidence
อธนันท์,อะ-ทะ-นัน,,pending,pending,,,รอตรวจ: missing-official-evidence
อธนา,อะ-ทะ-นา,,pending,pending,,,รอตรวจ: missing-official-evidence
อธวัช,อะ-ทะ-วัด,,pending,pending,,,รอตรวจ: missing-official-evidence
อธวัชวรา,อะ-ทะ-วัด-ชะ-รา-วะ,,pending,pending,,,รอตรวจ: missing-official-evidence
อธิก,อะ-ทิ-กะ,,pending,pending,,,รอตรวจ: missing-official-evidence
อธิกร,อะ-ทิ-กอน,,pending,pending,,,รอตรวจ: missing-official-evidence
อธิกะ,อะ-ทิ-กะ,,pending,pending,,,รอตรวจ: missing-official-evidence
อธิกัญญ์,อะ-ทิ-กัน,,pending,pending,,,รอตรวจ: missing-official-evidence
อธิคมานนท์,อะ-ทิ-คะ-มน-นา,,pending,pending,,,รอตรวจ: missing-official-evidence
อธิคุณ,อะ-ทิ-คุน,,pending,pending,,,รอตรวจ: missing-official-evidence
อธิชญา,อะ-ทิ-ชะ-ยา,,pending,pending,,,รอตรวจ: missing-official-evidence
อธิชัชวาล,อะ-ทิ-ชัน-ชาว,,pending,pending,,,รอตรวจ: missing-official-evidence
อธิโชค,อะ-ทิ-โชก,,pending,pending,,,รอตรวจ: missing-official-evidence
อธิณณ์,อะ-ทิน,,pending,pending,,,รอตรวจ: missing-official-evidence
อธิณรงค์,อะ-ทิ-นะ-รง,,pending,pending,,,รอตรวจ: missing-official-evidence
อธิณัฐ,อะ-ทิ-นัด,,pending,pending,,,รอตรวจ: missing-official-evidence
อธินนท์,อะ-ทิ-นน,,pending,pending,,,รอตรวจ: missing-official-evidence
อธินันท์,อะ-ทิ-นัน,,pending,pending,,,รอตรวจ: missing-official-evidence
อธิบ,อะ-ทิ-บะ,,pending,pending,,,รอตรวจ: missing-official-evidence
อธิป,อะ-ทิบ,,pending,pending,,,รอตรวจ: missing-official-evidence
อธิภัทร,อะ-พิ-พัด,,pending,pending,,,รอตรวจ: missing-official-evidence
อธิรญา,อะ-ทิ-ระ-ยา,,pending,pending,,,รอตรวจ: missing-official-evidence
อธิรัฐ,อะ-ทิ-รัด,,pending,pending,,,รอตรวจ: missing-official-evidence
อธิรา,อะ-ทิ-รา,,pending,pending,,,รอตรวจ: missing-official-evidence
อธิรุจ,อะ-ทิ-รุด,,pending,pending,,,รอตรวจ: missing-official-evidence
อธิวร,อะ-ทิ-วอน,,pending,pending,,,รอตรวจ: missing-official-evidence
อธิวโรดม,อะ-ทิ-วิด-โรด,,pending,pending,,,รอตรวจ: missing-official-evidence
อธิวัช,อะ-ทิ-วัด,,pending,pending,,,รอตรวจ: missing-official-evidence
อธิวัชร์,อะ-ทิ-วัด,,pending,pending,,,รอตรวจ: missing-official-evidence
อธิวิชญ์,อะ-ทิ-วิด,,pending,pending,,,รอตรวจ: missing-official-evidence
อธิวิน,อะ-ทิ-วิน,,pending,pending,,,รอตรวจ: missing-official-evidence
อธิศ,อะ-ทิด,,pending,pending,,,รอตรวจ: missing-official-evidence
อธิศร,อะ-ทิ-สอน,,pending,pending,,,รอตรวจ: missing-official-evidence
อธิศรา,อะ-ทิด-สะ-รา,,pending,pending,,,รอตรวจ: missing-official-evidence
อธิศิลป์,อะ-ทิ-สิน,,pending,pending,,,รอตรวจ: missing-official-evidence
อธิษฐ์,อะ-ทิด,,pending,pending,,,รอตรวจ: missing-official-evidence
อธิษฐาน,อะ-ทิด-สะ-ถาน,,pending,pending,,,รอตรวจ: missing-official-evidence
อธิสรรค์,อะ-ทิ-สัน,,pending,pending,,,รอตรวจ: missing-official-evidence
อธิอานันท์,อะ-ทิ-อา-นัน,,pending,pending,,,รอตรวจ: missing-official-evidence
อนนต์,อะ-นน,,pending,pending,,,รอตรวจ: missing-official-evidence
อนนท์,อะ-นน,,pending,pending,,,รอตรวจ: missing-official-evidence
อนฤมล,อะ-นะ-รึ-มน,,pending,pending,,,รอตรวจ: missing-official-evidence
อนฤมลนันท์,อะ-นิน-มะ-ละ-นัน,,pending,pending,,,รอตรวจ: missing-official-evidence
อนฤมลภัทร,อะ-นะ-รึ-มน-พัด-ทรอ,,pending,pending,,,รอตรวจ: missing-official-evidence
อนฤมลวรา,อะ-นิ-ระ-มะ-วา-ระ,,pending,pending,,,รอตรวจ: missing-official-evidence
อนล,อะ-นน,,pending,pending,,,รอตรวจ: missing-official-evidence
อนลิน,อะ-นะ-ลิน,,pending,pending,,,รอตรวจ: missing-official-evidence
อนวช,อะ-นะ-วะ-ชด,,pending,pending,,,รอตรวจ: missing-official-evidence
อนวัช,อะ-นะ-วัด,,pending,pending,,,รอตรวจ: missing-official-evidence
อนวัชญ์,อะ-นะ-วัด,,pending,pending,,,รอตรวจ: missing-official-evidence
อนอง,อะ-หนอง,,pending,pending,,,รอตรวจ: missing-official-evidence
อนัญญา,อะ-นัน-ยา,,pending,pending,,,รอตรวจ: missing-official-evidence
อนันต์,อะ-นัน,,pending,pending,,,รอตรวจ: missing-official-evidence
อนันตไชย,อะ-นัน-ตะ-ไช,,pending,pending,,,รอตรวจ: missing-official-evidence
อนันต์ธีร์,อะ-นัน-ที,,pending,pending,,,รอตรวจ: missing-official-evidence
อนันต์ภัทร,อะ-นัน-พัด-ทรอ,,pending,pending,,,รอตรวจ: missing-official-evidence
อนันตวิชญ์,อะ-นัน-ตะ-วิด,,pending,pending,,,รอตรวจ: missing-official-evidence
อนันต์วิน,อะ-นัน-วิน,,pending,pending,,,รอตรวจ: missing-official-evidence
อนันต์หน่อ,อะ-นัน-หน่อ,,pending,pending,,,รอตรวจ: missing-official-evidence
อนันทัช,อะ-นัน-ทัด,,pending,pending,,,รอตรวจ: missing-official-evidence
อนาวา,อะ-นา-วา,,pending,pending,,,รอตรวจ: missing-official-evidence
อนาวานันท์,อะ-นา-วา-นัน,,pending,pending,,,รอตรวจ: missing-official-evidence
อนาวาวรา,อะ-นา-วา-วะ-รา,,pending,pending,,,รอตรวจ: missing-official-evidence
อนาวิล,อะ-นา-วิน,,pending,pending,,,รอตรวจ: missing-official-evidence
อนิก,อะ-นิก,,pending,pending,,,รอตรวจ: missing-official-evidence
อนิรุจ,อะ-นิ-รุด,,pending,pending,,,รอตรวจ: missing-official-evidence
อนิรุธ,อะ-นิ-รุด,,pending,pending,,,รอตรวจ: missing-official-evidence
อนิศ,อะ-นิด,,pending,pending,,,รอตรวจ: missing-official-evidence
อนิสรา,อะ-นิด-สะ-รา,,pending,pending,,,รอตรวจ: missing-official-evidence
อนุรักษ์,อะ-นุ-รัก,,pending,pending,,,รอตรวจ: missing-official-evidence
อนุรักษ์ธรรม,อะ-นุ-รัก-ทำ,,pending,pending,,,รอตรวจ: missing-official-evidence
อนุรักษา,อะ-นุ-รัก-สา,,pending,pending,,,รอตรวจ: missing-official-evidence
อนุรุจ,อะ-นุ-รุด,,pending,pending,,,รอตรวจ: missing-official-evidence
อนุรุธ,อะ-นุ-รุด,,pending,pending,,,รอตรวจ: missing-official-evidence
อนุวร,อะ-นุ-วอน,,pending,pending,,,รอตรวจ: missing-official-evidence
อนุวัช,อะ-นุ-วัด,,pending,pending,,,รอตรวจ: missing-official-evidence
อนุวิชญ์,อะ-นุ-วิด,,pending,pending,,,รอตรวจ: missing-official-evidence
อนุวิท,อะ-นุ-วิด,,pending,pending,,,รอตรวจ: missing-official-evidence
อบวร,อบ-วอน,,pending,pending,,,รอตรวจ: missing-official-evidence
อบวรนันท์,อบ-วอ-ระ-นัน,,pending,pending,,,รอตรวจ: missing-official-evidence
อบวรภัทร,อบ-วอน-พัด-ทรอ,,pending,pending,,,รอตรวจ: missing-official-evidence
อบวรวรา,อบ-วอ-ระ-วะ-รา,,pending,pending,,,รอตรวจ: missing-official-evidence
อปฐม,ปอ-ปะ-ถม,,pending,pending,,,รอตรวจ: missing-official-evidence
อปฐมนันท์,ปอ-ปะ-ถะ-มน,,pending,pending,,,รอตรวจ: missing-official-evidence
อปฐมภัทร,ปอ-ปะ-ถม-พัด-ทรอ,,pending,pending,,,รอตรวจ: missing-official-evidence
อปฐมวรา,ปอ-ปะ-มอ-ระ-วะ-รา,,pending,pending,,,รอตรวจ: missing-official-evidence
อปริญญา,ปอน-ริน-ยา,,pending,pending,,,รอตรวจ: missing-official-evidence
อปริญญานันท์,ปอ-ระ-ยิน-นา-นัน,,pending,pending,,,รอตรวจ: missing-official-evidence
อปริญญาวรา,ปอน-ปริ-ยา-วา,,pending,pending,,,รอตรวจ: missing-official-evidence
อปัญญา,อะ-ปัน-ยา,,pending,pending,,,รอตรวจ: missing-official-evidence
อปัญญานันท์,ปอ-ปัน-ยา-นัน,,pending,pending,,,รอตรวจ: missing-official-evidence
อปัญญาวรา,ปะ-อัน-ยา-วา-รา,,pending,pending,,,รอตรวจ: missing-official-evidence
อภัทร,อะ-พัด,,pending,pending,,,รอตรวจ: missing-official-evidence
อภัทรนันท์,อะ-พัด-ทระ-นัน,,pending,pending,,,รอตรวจ: missing-official-evidence
อภัทรภัทร,อะ-พัด-พัด-ทรอ,,pending,pending,,,รอตรวจ: missing-official-evidence
อภัทรวรา,อะ-พัด-ทระ-วะ-รา,,pending,pending,,,รอตรวจ: missing-official-evidence
อภิกร,อะ-พิ-กอน,,pending,pending,,,รอตรวจ: missing-official-evidence
อภิกษณา,อะ-พิก-สะ-นา,,pending,pending,,,รอตรวจ: missing-official-evidence
อภิกษณาอร,อะ-พิก-สะ-นา-ออน,,pending,pending,,,รอตรวจ: missing-official-evidence
อภิชญ์,อะ-พิน,,pending,pending,,,รอตรวจ: missing-official-evidence
อภิชญา,อะ-พิ-ชะ-ยา,,pending,pending,,,รอตรวจ: missing-official-evidence
อภิชัจ,อะ-พิ-ชัด,,pending,pending,,,รอตรวจ: missing-official-evidence
อภิชัจหรรษกร,อะ-พิ-ชัด-สะ-หะ-นะ-หอน,,pending,pending,,,รอตรวจ: missing-official-evidence
อภิโชค,อะ-พิ-โชก,,pending,pending,,,รอตรวจ: missing-official-evidence
อภิญ,อะ-พิน,,pending,pending,,,รอตรวจ: missing-official-evidence
อภิญญา,อะ-พิน-ยา,,pending,pending,,,รอตรวจ: missing-official-evidence
อภิญวัจน์,อะ-ยิน-ยะ-วัด,,pending,pending,,,รอตรวจ: missing-official-evidence
อภิณัฐ,อะ-พิ-นัด,,pending,pending,,,รอตรวจ: missing-official-evidence
อภิธนวัชญ์,อะ-ภิน-ทะ-วัด,,pending,pending,,,รอตรวจ: missing-official-evidence
อภิธร,อะ-พิ-ทอน,,pending,pending,,,รอตรวจ: missing-official-evidence
อภิธัช,อะ-พิ-ทัด,,pending,pending,,,รอตรวจ: missing-official-evidence
อภิธิน,อะ-พิ-ทิน,,pending,pending,,,รอตรวจ: missing-official-evidence
อภินัทธ์,อะ-พิ-นัด,,pending,pending,,,รอตรวจ: missing-official-evidence
อภินันท์,อะ-พิ-นัน,,pending,pending,,,รอตรวจ: missing-official-evidence
อภิปัญญา,อะ-พิ-ปัน-ยา,,pending,pending,,,รอตรวจ: missing-official-evidence
อภิภัค,อะ-พิ-พัก,,pending,pending,,,รอตรวจ: missing-official-evidence
อภิมงคล,อะ-พิ-มง-คน,,pending,pending,,,รอตรวจ: missing-official-evidence
อภิรมา,อะ-พิ-ระ-มะ,,pending,pending,,,รอตรวจ: missing-official-evidence
อภิรักษ์,อะ-พิ-รัก,,pending,pending,,,รอตรวจ: missing-official-evidence
อภิรักษ์มั่นคง,อะ-พิ-รัก-มั่น-คง,,pending,pending,,,รอตรวจ: missing-official-evidence
อภิรัช,อะ-พิ-รัด,,pending,pending,,,รอตรวจ: missing-official-evidence
อภิรัญญา,อะ-พิ-รัน-ยา,,pending,pending,,,รอตรวจ: missing-official-evidence
อภิรัฐ,อะ-พิ-รัด,,pending,pending,,,รอตรวจ: missing-official-evidence
อภิริน,อะ-พิ-ริน,,pending,pending,,,รอตรวจ: missing-official-evidence
อภิรุจ,อะ-พิ-รุด,,pending,pending,,,รอตรวจ: missing-official-evidence
อภิรุจิ,อะ-พิ-รุ-จิ,,pending,pending,,,รอตรวจ: missing-official-evidence
อภิเรศ,อะ-พิ-เรด,,pending,pending,,,รอตรวจ: missing-official-evidence
อภิโรจน์,อะ-พิ-โรด,,pending,pending,,,รอตรวจ: missing-official-evidence
อภิวงค์,อะ-พิ-วง,,pending,pending,,,รอตรวจ: missing-official-evidence
อภิวัจน์,อะ-พิ-วัด,,pending,pending,,,รอตรวจ: missing-official-evidence
อภิวัชร์,อะ-ภิ-วัด,,pending,pending,,,รอตรวจ: missing-official-evidence
อภิวันท์,อะ-พิ-วัน,,pending,pending,,,รอตรวจ: missing-official-evidence
อภิวันทนา,อะ-พิ-วัน-ทะ-นา,,pending,pending,,,รอตรวจ: missing-official-evidence
อภิวิชญ์,อะ-พิ-วิด,,pending,pending,,,รอตรวจ: missing-official-evidence
อภิสรณ์,อะ-พิ-สอน,,pending,pending,,,รอตรวจ: missing-official-evidence
อภิสรา,อะ-พิด-สะ-รา,,pending,pending,,,รอตรวจ: missing-official-evidence
อภิสริน,อะ-พิ-สะ-ริน,,pending,pending,,,รอตรวจ: missing-official-evidence
อภิสรินทร์,อะ-พิ-สะ-ริน,,pending,pending,,,รอตรวจ: missing-official-evidence
อภิสิทธิ์,อะ-พิ-สิด,,pending,pending,,,รอตรวจ: missing-official-evidence
อภิสิทธิโชค,อะ-พิ-สิด-ทิ-โชก,,pending,pending,,,รอตรวจ: missing-official-evidence
อภิสิทธิ์โชค,อะ-พิ-สิด-โชก,,pending,pending,,,รอตรวจ: missing-official-evidence
อมต,อะ-มะ-ตะ,,pending,pending,,,รอตรวจ: missing-official-evidence
อมนต์,อะ-มน,,pending,pending,,,รอตรวจ: missing-official-evidence
อมนต์นันท์,อะ-มน-นัน,,pending,pending,,,รอตรวจ: missing-official-evidence
อมนต์ภัทร,อะ-มน-พัด-ทรอ,,pending,pending,,,รอตรวจ: missing-official-evidence
อมนต์วรา,อะ-มน-วอ-รา,,pending,pending,,,รอตรวจ: missing-official-evidence
อมนัส,อม-นัด,,pending,pending,,,รอตรวจ: missing-official-evidence
อมร,อะ-มอน,,pending,pending,,,รอตรวจ: missing-official-evidence
อมรโชค,อะ-มอน-โชก,,pending,pending,,,รอตรวจ: missing-official-evidence
อมรธร,อะ-มอน-ทอน,,pending,pending,,,รอตรวจ: missing-official-evidence
อมรนันท์,อะ-มอน-นัน,,pending,pending,,,รอตรวจ: missing-official-evidence
อมรวรรณ,อะ-มอน-วัน,,pending,pending,,,รอตรวจ: missing-official-evidence
อมรวริศ,อะ-มอน-วิด,,pending,pending,,,รอตรวจ: missing-official-evidence
อมรศิลป์,อะ-มอน-สิน,,pending,pending,,,รอตรวจ: missing-official-evidence
อมรสิทธิ์,อะ-มอน-สิด,,pending,pending,,,รอตรวจ: missing-official-evidence
อมรา,อะ-มะ-รา,,pending,pending,,,รอตรวจ: missing-official-evidence
อมรินทร์,อะ-มะ-ริน,,pending,pending,,,รอตรวจ: missing-official-evidence
อมลวรรณ,อะ-มน-วัน,,pending,pending,,,รอตรวจ: missing-official-evidence
อร,ออน,,pending,pending,,,รอตรวจ: missing-official-evidence
อรกัญญา,ออน-กัน-ยา,,pending,pending,,,รอตรวจ: missing-official-evidence
อรจนา,ออน-จะ-นา,,pending,pending,,,รอตรวจ: missing-official-evidence
อรจนานันท์,ออน-จะ-นา-นัน,,pending,pending,,,รอตรวจ: missing-official-evidence
อรจนาวรา,ออน-จะ-นา-วอ-รา,,pending,pending,,,รอตรวจ: missing-official-evidence
อรจิรา,ออน-จิ-รา,,pending,pending,,,รอตรวจ: missing-official-evidence
อรชร,ออ-ระ-ชอน,,pending,pending,,,รอตรวจ: missing-official-evidence
อรชรวรรณ,ออน-ชะ-ระ-วัน,,pending,pending,,,รอตรวจ: missing-official-evidence
อรญา,ออ-ระ-ยา,,pending,pending,,,รอตรวจ: missing-official-evidence
อรฐา,ออ-ระ-ถา,,pending,pending,,,รอตรวจ: missing-official-evidence
อรณัฐ,ออน-นัด,,pending,pending,,,รอตรวจ: missing-official-evidence
อรธนา,ออน-ทะ-นา,,pending,pending,,,รอตรวจ: missing-official-evidence
อรนรา,ออน-นะ-รา,,pending,pending,,,รอตรวจ: missing-official-evidence
อรนรินทร์,ออน-นะ-ริน,,pending,pending,,,รอตรวจ: missing-official-evidence
อรนลิน,ออน-นะ-ลิน,,pending,pending,,,รอตรวจ: missing-official-evidence
อรนลินต์,ออน-นะ-ริน,,pending,pending,,,รอตรวจ: missing-official-evidence
อรนันท์,ออ-ระ-นัน,,pending,pending,,,รอตรวจ: missing-official-evidence
อรภัทร,ออน-พัด-ทรอ,,pending,pending,,,รอตรวจ: missing-official-evidence
อรภิญญา,ออน-พิน-ยา,,pending,pending,,,รอตรวจ: missing-official-evidence
อรรคนัฏฐ์,อัก-คะ-นัด,,pending,pending,,,รอตรวจ: missing-official-evidence
อรรถ,อัด,,pending,pending,,,รอตรวจ: missing-official-evidence
อรรถนนท์,อัด-นน,,pending,pending,,,รอตรวจ: missing-official-evidence
อรรถรินทร์,อัด-ถะ-ริน,,pending,pending,,,รอตรวจ: missing-official-evidence
อรรถวรรณ,อัด-ถะ-วัน,,pending,pending,,,รอตรวจ: missing-official-evidence
อรรถวัชร์,อัด-ถะ-วัด,,pending,pending,,,รอตรวจ: missing-official-evidence
อรรถวิชญ์,อัด-ถะ-วิด,,pending,pending,,,รอตรวจ: missing-official-evidence
อรรถวิท,อัด-ถะ-วิด,,pending,pending,,,รอตรวจ: missing-official-evidence
อรรถวิโรจน์,อัด-ถะ-วิ-โรด,,pending,pending,,,รอตรวจ: missing-official-evidence
อรรถวุธ,อัด-ถะ-วุด,,pending,pending,,,รอตรวจ: missing-official-evidence
อรลออ,ออน-ลอ,,pending,pending,,,รอตรวจ: missing-official-evidence
อรวรรณ,ออ-ระ-วัน,,pending,pending,,,รอตรวจ: missing-official-evidence
อรวรา,ออน-วะ-รา,,pending,pending,,,รอตรวจ: missing-official-evidence
อรวิมล,ออน-วิ-มน,,pending,pending,,,รอตรวจ: missing-official-evidence
อรวิศ,ออ-ระ-วิด,,pending,pending,,,รอตรวจ: missing-official-evidence
อรศิริ,ออน-สิ-หริ,,pending,pending,,,รอตรวจ: missing-official-evidence
อรษา,ออน-สา-สะ,,pending,pending,,,รอตรวจ: missing-official-evidence
อรอร,ออน-ออน,,pending,pending,,,รอตรวจ: missing-official-evidence
อรอินทร์,ออน-อิน,,pending,pending,,,รอตรวจ: missing-official-evidence
อรัญ,อะ-รัน,,pending,pending,,,รอตรวจ: missing-official-evidence
อรัญญ์,อะ-รัน,,pending,pending,,,รอตรวจ: missing-official-evidence
อรัญญา,อะ-รัน-ยา,,pending,pending,,,รอตรวจ: missing-official-evidence
อรัญวิชญ์,อะ-ยัน-วิด,,pending,pending,,,รอตรวจ: missing-official-evidence
อรัญสิทธิ์,อะ-รัน-ยะ-สิด,,pending,pending,,,รอตรวจ: missing-official-evidence
อรัฐา,อะ-รัด,,pending,pending,,,รอตรวจ: missing-official-evidence
อริญช์,อะ-ริน,,pending,pending,,,รอตรวจ: missing-official-evidence
อริญา,อะ-ริ-ยา,,pending,pending,,,รอตรวจ: missing-official-evidence
อริน,อะ-ริน,,pending,pending,,,รอตรวจ: missing-official-evidence
อรินทร,อะ-ริน-ทอน,,pending,pending,,,รอตรวจ: missing-official-evidence
อรินทร์,อะ-ริน,,pending,pending,,,รอตรวจ: missing-official-evidence
อรินธา,อะ-ริน-ทา,,pending,pending,,,รอตรวจ: missing-official-evidence
อริรา,อะ-ริ-รา,,pending,pending,,,รอตรวจ: missing-official-evidence
อริวร,อะ-ริ-วอน,,pending,pending,,,รอตรวจ: missing-official-evidence
อริศร,อะ-ริด,,pending,pending,,,รอตรวจ: missing-official-evidence
อริศรา,อะ-ริด-สะ-รา,,pending,pending,,,รอตรวจ: missing-official-evidence
อริศิลป์,อะ-ริ-สิน,,pending,pending,,,รอตรวจ: missing-official-evidence
อริษรา,อะ-ริด-สะ-รา,,pending,pending,,,รอตรวจ: missing-official-evidence
อริษา,อะ-ริ-สา,,pending,pending,,,รอตรวจ: missing-official-evidence
อริสรา,อะ-ริด-สะ-รา,,pending,pending,,,รอตรวจ: missing-official-evidence
อรุณ,อะ-รุน,,pending,pending,,,รอตรวจ: missing-official-evidence
อรุณธร,อะ-รุน-ทอน,,pending,pending,,,รอตรวจ: missing-official-evidence
อรุณภัทร,อะ-รุน-พัด-ทรอ,,pending,pending,,,รอตรวจ: missing-official-evidence
อรุณโรจน์,อะ-รุน-โรด,,pending,pending,,,รอตรวจ: missing-official-evidence
อรุณลักษณ์,อะ-รุน-ลัก,,pending,pending,,,รอตรวจ: missing-official-evidence
อรุณวรรณ,อะ-รุน-วัน,,pending,pending,,,รอตรวจ: missing-official-evidence
อรุณวิง,อะ-รุน-วิง,,pending,pending,,,รอตรวจ: missing-official-evidence
อลงค์กร,อะ-ลง-กอน,,pending,pending,,,รอตรวจ: missing-official-evidence
อลัน,อะ-ลัน,,pending,pending,,,รอตรวจ: missing-official-evidence
อลิซ,อะ-ลิด,,pending,pending,,,รอตรวจ: missing-official-evidence
อลิธร,อะ-ลิ-ทอน,,pending,pending,,,รอตรวจ: missing-official-evidence
อลิน,อะ-ลิน,,pending,pending,,,รอตรวจ: missing-official-evidence
อลินรา,อะ-ลิน-รา,,pending,pending,,,รอตรวจ: missing-official-evidence
อลิลน์,อะ-ลิน,,pending,pending,,,รอตรวจ: missing-official-evidence
อลิศ,อะ-ลิด,,pending,pending,,,รอตรวจ: missing-official-evidence
อลิศรา,อะ-ลิด-สะ-รา,,pending,pending,,,รอตรวจ: missing-official-evidence
อลิษชญา,อะ-ลิด-ชะ-ยา,,pending,pending,,,รอตรวจ: missing-official-evidence
อลิษญา,อะ-ลิด-สะ-ยา,,pending,pending,,,รอตรวจ: missing-official-evidence
อลิษญาลักษณ์,อะ-ลิด-สะ-ยา-ลัก,,pending,pending,,,รอตรวจ: missing-official-evidence
อลิษญาวรัญญา,อะ-ลิด-สะ-ยา-วะ-รัน-ยา,,pending,pending,,,รอตรวจ: missing-official-evidence
อลิษณา,อะ-ลิด-สะ-นา,,pending,pending,,,รอตรวจ: missing-official-evidence
อลิษนภัส,อะ-ลิด-สะ-นะ-พัด,,pending,pending,,,รอตรวจ: missing-official-evidence
อลิษภัทรา,อะ-ลิด-ซับ-พา-พอน,,pending,pending,,,รอตรวจ: missing-official-evidence
อลิษรา,อะ-ลิด-สะ-รา,,pending,pending,,,รอตรวจ: missing-official-evidence
อลิษวรัญญา,อะ-ลิด-วัน-สะ-ยา-ระ,,pending,pending,,,รอตรวจ: missing-official-evidence
อลิษา,อะ-ลิ-สา,,pending,pending,,,รอตรวจ: missing-official-evidence
อลิส,อะ-ลิด,,pending,pending,,,รอตรวจ: missing-official-evidence
อลิสิทธิ์,อะ-ลิ-สิด,,pending,pending,,,รอตรวจ: missing-official-evidence
อ้วน,อ้วน,,pending,pending,,,รอตรวจ: missing-official-evidence
อวบอ่อน,อวบ-อ่อน,,pending,pending,,,รอตรวจ: missing-official-evidence
อวริน,อะ-วะ-ริน,,pending,pending,,,รอตรวจ: missing-official-evidence
อวรินนันท์,อะ-วะ-นิ-รัน,,pending,pending,,,รอตรวจ: missing-official-evidence
อวรินภัทร,อะ-วะ-ริน-พัด-ทรอ,,pending,pending,,,รอตรวจ: missing-official-evidence
อวรินวรา,อะ-นะ-วิ-ระ-วา,,pending,pending,,,รอตรวจ: missing-official-evidence
ออ,ออ,,pending,pending,,,รอตรวจ: missing-official-evidence
อ้อ,อ้อ,,pending,pending,,,รอตรวจ: missing-official-evidence
ออกัส,อะ-อัก,,pending,pending,,,รอตรวจ: missing-official-evidence
ออน,ออน,,pending,pending,,,รอตรวจ: missing-official-evidence
อ่อนคำ,อ่อน-คำ,,pending,pending,,,รอตรวจ: missing-official-evidence
ออม,ออม,,pending,pending,,,รอตรวจ: missing-official-evidence
อะกิ,อะ-กิ,,pending,pending,,,รอตรวจ: missing-official-evidence
อะคะปัน,อะ-คะ-ปัน,,pending,pending,,,รอตรวจ: missing-official-evidence
อะชิรนันท์,อะ-ชิ-ระ-นัน,,pending,pending,,,รอตรวจ: missing-official-evidence
อะชิรวิช,อะ-ชิ-ระ-วิด,,pending,pending,,,รอตรวจ: missing-official-evidence
อะชิรวิชญ์,อะ-ชิ-ระ-วิด,,pending,pending,,,รอตรวจ: missing-official-evidence
อะชิรวิญญ์,อะ-ชิ-ระ-วิน,,pending,pending,,,รอตรวจ: missing-official-evidence
อะชิระ,อะ-ชิ-ระ,,pending,pending,,,รอตรวจ: missing-official-evidence
อะชิลักษณ์,อะ-ชิ-ลัก,,pending,pending,,,รอตรวจ: missing-official-evidence
อักษร,อัก-สอน,,pending,pending,,,รอตรวจ: missing-official-evidence
อักษรชู,อัก-สอน-ชู,,pending,pending,,,รอตรวจ: missing-official-evidence
อักษรธร,อัก-สอน-ทอน,,pending,pending,,,รอตรวจ: missing-official-evidence
อักษรวรรณ,อัก-สอน-วัน,,pending,pending,,,รอตรวจ: missing-official-evidence
อักษรวัชร์,อัก-สอ-ระ-วัด,,pending,pending,,,รอตรวจ: missing-official-evidence
อักษรศิลป์,อัก-สอน-สิน,,pending,pending,,,รอตรวจ: missing-official-evidence
อักษรสิทธิ์,อัก-สอน-สิด,,pending,pending,,,รอตรวจ: missing-official-evidence
อักษรสิริ,อัก-สอน-สิ-หริ,,pending,pending,,,รอตรวจ: missing-official-evidence
อักษรา,อัก-สะ-รา,,pending,pending,,,รอตรวจ: missing-official-evidence
อักษรินทร์,อัก-สะ-ริน,,pending,pending,,,รอตรวจ: missing-official-evidence
อัคคณัฐ,อัก-คะ-นัด,,pending,pending,,,รอตรวจ: missing-official-evidence
อัครณัฐ,อัก-คระ-นัด,,pending,pending,,,รอตรวจ: missing-official-evidence
อัครธน,อัก-คระ-ทน,,pending,pending,,,รอตรวจ: missing-official-evidence
อัครธนะโชค,อัก-คระ-ทะ-นะ-โชด,,pending,pending,,,รอตรวจ: missing-official-evidence
อัครนรินทร์,อัก-คระ-นะ-ริน,,pending,pending,,,รอตรวจ: missing-official-evidence
อัครนันท์,อัก-คระ-นัน,,pending,pending,,,รอตรวจ: missing-official-evidence
อัครนิธิ,อัก-คระ-นิ-ทิ,,pending,pending,,,รอตรวจ: missing-official-evidence
อัครนิธิศ,อัก-คระ-นิ-ทิ,,pending,pending,,,รอตรวจ: missing-official-evidence
อัครปัญญ์,อัก-ครัน,,pending,pending,,,รอตรวจ: missing-official-evidence
อัครภัทร,อัก-คระ-พัด,,pending,pending,,,รอตรวจ: missing-official-evidence
อัครโภคินนท์,อัก-คระ-โพ-นิน,,pending,pending,,,รอตรวจ: missing-official-evidence
อัครรัฐ,อะ-คระ-รัด,,pending,pending,,,รอตรวจ: missing-official-evidence
อัครวัชร,อัก-คระ-วัด,,pending,pending,,,รอตรวจ: missing-official-evidence
อัครวิชญ์,อัก-คระ-วิด,,pending,pending,,,รอตรวจ: missing-official-evidence
อัครวินท์,อัก-คระ-วิน,,pending,pending,,,รอตรวจ: missing-official-evidence
อัครศิลป์,อัก-คระ-สิน,,pending,pending,,,รอตรวจ: missing-official-evidence
อัครสร,อัก-คระ-สอน,,pending,pending,,,รอตรวจ: missing-official-evidence
อัครสิทธิ์,อัก-คระ-สิด,,pending,pending,,,รอตรวจ: missing-official-evidence
อัคระ,อัก-คระ,,pending,pending,,,รอตรวจ: missing-official-evidence
อัครา,อัก-คะ-รา,,pending,pending,,,รอตรวจ: missing-official-evidence
อัครานนท์,อัก-คะ-รา-นน,,pending,pending,,,รอตรวจ: missing-official-evidence
อัครินทร์,อัก-คะ-ริน,,pending,pending,,,รอตรวจ: missing-official-evidence
อังคณา,อัง-คะ-นา,,pending,pending,,,รอตรวจ: missing-official-evidence
อังค์วรา,อัง-วะ-รา,,pending,pending,,,รอตรวจ: missing-official-evidence
อังคาร,อัง-คาน,,pending,pending,,,รอตรวจ: missing-official-evidence
อังษณา,อัง-สะ-นา,,pending,pending,,,รอตรวจ: missing-official-evidence
อัจฉรา,อัด-ฉะ-รา,,pending,pending,,,รอตรวจ: missing-official-evidence
อัจฉราวิชญ์,อัด-ฉะ-รา-วิด,,pending,pending,,,รอตรวจ: missing-official-evidence
อัจฉรินทร์,อัด-ฉะ-ริน,,pending,pending,,,รอตรวจ: missing-official-evidence
อัจฉรินธร,อัด-ฉะ-ริน-ทอน,,pending,pending,,,รอตรวจ: missing-official-evidence
อัจฉรีย์,อัด-ฉะ-รี,,pending,pending,,,รอตรวจ: missing-official-evidence
อัญ,อัน,,pending,pending,,,รอตรวจ: missing-official-evidence
อัญชลินทร์,อัน-ชะ-ลิน,,pending,pending,,,รอตรวจ: missing-official-evidence
อัญชัญ,อัน-ชัน,,pending,pending,,,รอตรวจ: missing-official-evidence
อัญชิรา,อัน-ชิ-รา,,pending,pending,,,รอตรวจ: missing-official-evidence
อัญญธิญาน์,อัน-ทะ-ยิ-ถา,,pending,pending,,,รอตรวจ: missing-official-evidence
อัญญา,อัน-ยา,,pending,pending,,,รอตรวจ: missing-official-evidence
อัญญาริน,อัน-ยา-ริน,,pending,pending,,,รอตรวจ: missing-official-evidence
อัญญารินทร์,อัน-ยา-ริน,,pending,pending,,,รอตรวจ: missing-official-evidence
อัญญาลักษณ์,อัน-ยา-ลัก,,pending,pending,,,รอตรวจ: missing-official-evidence
อัญญาวริน,อัน-ยา-วะ-ริน,,pending,pending,,,รอตรวจ: missing-official-evidence
อัญรินทร์,อัน-ยะ-ริน,,pending,pending,,,รอตรวจ: missing-official-evidence
อัญวรา,อัน-ยะ-วะ-รา,,pending,pending,,,รอตรวจ: missing-official-evidence
อัญศรา,อัน-ยะ-สะ-รา,,pending,pending,,,รอตรวจ: missing-official-evidence
อัญศิริ,อัน-ยะ-สิ-หริ,,pending,pending,,,รอตรวจ: missing-official-evidence
อัญสร,อัน-สะ-สอน,,pending,pending,,,รอตรวจ: missing-official-evidence
อัญสรา,อัน-สะ-รา,,pending,pending,,,รอตรวจ: missing-official-evidence
อัญสิริ,อัน-ยะ-สิ-หริ,,pending,pending,,,รอตรวจ: missing-official-evidence
อัญสิริโชค,อัน-ยะ-สิ-หริ-โชก,,pending,pending,,,รอตรวจ: missing-official-evidence
อัฐ,อัด,,pending,pending,,,รอตรวจ: missing-official-evidence
อัฐพงษ์,อัด-ถะ-พง,,pending,pending,,,รอตรวจ: missing-official-evidence
อัดนาน,อัด-นาน,,pending,pending,,,รอตรวจ: missing-official-evidence
อันต์นลิน,อัน-นะ-ลิน,,pending,pending,,,รอตรวจ: missing-official-evidence
อันทะระ,อัน-ทะ-ระ,,pending,pending,,,รอตรวจ: missing-official-evidence
อันธิฌา,อัน-ทิ-ชา,,pending,pending,,,รอตรวจ: missing-official-evidence
อันวาร์,อัน-วา,,pending,pending,,,รอตรวจ: missing-official-evidence
อัมภิรา,อัม-พิ-รา,,pending,pending,,,รอตรวจ: missing-official-evidence
อัมรัน,อำ-มะ-รัน,,pending,pending,,,รอตรวจ: missing-official-evidence
อัมลิน,อัม-มะ-ลิน,,pending,pending,,,รอตรวจ: missing-official-evidence
อัษฏา,อัด-สะ-ตา,,pending,pending,,,รอตรวจ: missing-official-evidence
อัษฏาวุธ,อัด-สะ-ดา-วุด,,pending,pending,,,รอตรวจ: missing-official-evidence
อัษฏาวุษ,อัด-สะ-ดา-วุด,,pending,pending,,,รอตรวจ: missing-official-evidence
อาคะนิช,อา-คะ-นิด,,pending,pending,,,รอตรวจ: missing-official-evidence
อาคิ,อา-คิ,,pending,pending,,,รอตรวจ: missing-official-evidence
อาคิระ,อะ-คิ-ระ,,pending,pending,,,รอตรวจ: missing-official-evidence
อาคิราห์,อะ-คิ-รา,,pending,pending,,,รอตรวจ: missing-official-evidence
อาจนาวัง,อาด-จะ-นา-วัง,,pending,pending,,,รอตรวจ: missing-official-evidence
อาจหาญ,อาด-หาน,,pending,pending,,,รอตรวจ: missing-official-evidence
อาณัชญา,อา-นัด-ชะ-ยา,,pending,pending,,,รอตรวจ: missing-official-evidence
อาณาจักร,อา-นา-จัก,,pending,pending,,,รอตรวจ: missing-official-evidence
อาณาจักรสิทธิ์,อา-นา-จัก-สิด,,pending,pending,,,รอตรวจ: missing-official-evidence
อาณารักษ์,อา-นา-รัก,,pending,pending,,,รอตรวจ: missing-official-evidence
อานนท์,อา-นน,,pending,pending,,,รอตรวจ: missing-official-evidence
อานวา,อา-นะ-วา,,pending,pending,,,รอตรวจ: missing-official-evidence
อาโป,อา-โป,,pending,pending,,,รอตรวจ: missing-official-evidence
อาม,อาม,,pending,pending,,,รอตรวจ: missing-official-evidence
อามนา,อาม-มะ-นา,,pending,pending,,,รอตรวจ: missing-official-evidence
อาร์ต,อาด,,pending,pending,,,รอตรวจ: missing-official-evidence
อาร์ม,อาม,,pending,pending,,,รอตรวจ: missing-official-evidence
อารมณ์,อา-รม,,pending,pending,,,รอตรวจ: missing-official-evidence
อาร์มิน,อา-มิน,,pending,pending,,,รอตรวจ: missing-official-evidence
อาร์วิน,อา-วิน,,pending,pending,,,รอตรวจ: missing-official-evidence
อารักษ์,อา-รัก,,pending,pending,,,รอตรวจ: missing-official-evidence
อารัญ,อา-รัน,,pending,pending,,,รอตรวจ: missing-official-evidence
อาริซ,อา-ริด,,pending,pending,,,รอตรวจ: missing-official-evidence
อาริญาลักษณ์,อา-ริ-ยา-ลัก,,pending,pending,,,รอตรวจ: missing-official-evidence
อาริญาวรัญญา,อา-ริ-ยา-วะ-รัน-ยา,,pending,pending,,,รอตรวจ: missing-official-evidence
อาริณ,อา-ริน,,pending,pending,,,รอตรวจ: missing-official-evidence
อาริณนภัส,อา-ริน-นะ-พัด,,pending,pending,,,รอตรวจ: missing-official-evidence
อาริณภัทรา,อา-ริน-พัด-ทรา,,pending,pending,,,รอตรวจ: missing-official-evidence
อาริณรงค์,อา-ริน-รง,,pending,pending,,,รอตรวจ: missing-official-evidence
อาริณวรัญญา,อา-ริน-วะ-รัน-ยา,,pending,pending,,,รอตรวจ: missing-official-evidence
อาริณา,อา-ริ-นา,,pending,pending,,,รอตรวจ: missing-official-evidence
อาริน,อะ-ริน,,pending,pending,,,รอตรวจ: missing-official-evidence
อารินทร์,อะ-ริน,,pending,pending,,,รอตรวจ: missing-official-evidence
อารินา,อา-ริ-นา,,pending,pending,,,รอตรวจ: missing-official-evidence
อาริภัค,อา-ริ-พัก,,pending,pending,,,รอตรวจ: missing-official-evidence
อาริวิชญ์,อา-ริ-ชะ-ยะ,,pending,pending,,,รอตรวจ: missing-official-evidence
อาริศ,อะ-ริด,,pending,pending,,,รอตรวจ: missing-official-evidence
อาริษ,อา-ริด,,pending,pending,,,รอตรวจ: missing-official-evidence
อาริษา,อา-ริ-สา,,pending,pending,,,รอตรวจ: missing-official-evidence
อาริส,อะ-ริด,,pending,pending,,,รอตรวจ: missing-official-evidence
อาริสิทธิ์,อะ-ริ-สิด,,pending,pending,,,รอตรวจ: missing-official-evidence
อารี,อา-รี,,pending,pending,,,รอตรวจ: missing-official-evidence
อารีย์,อา-รี,,pending,pending,,,รอตรวจ: missing-official-evidence
อารีรักษ์,อา-รี-รัก,,pending,pending,,,รอตรวจ: missing-official-evidence
อาลิษา,อา-ลิ-สา,,pending,pending,,,รอตรวจ: missing-official-evidence
อาวรณ์,อา-วอน,,pending,pending,,,รอตรวจ: missing-official-evidence
อาวุธ,อา-วุด,,pending,pending,,,รอตรวจ: missing-official-evidence
อำนาจ,อำ-นาด,,pending,pending,,,รอตรวจ: missing-official-evidence
อำนาจเจริญ,อำ-นาด-จะ-เริน,,pending,pending,,,รอตรวจ: missing-official-evidence
อำไพ,อำ-ไพ,,pending,pending,,,รอตรวจ: missing-official-evidence
อิง,อิง,,pending,pending,,,รอตรวจ: missing-official-evidence
อิงค์วรา,อิง-วะ-รา,,pending,pending,,,รอตรวจ: missing-official-evidence
อิงคัวรา,อิง-คะ-วัด-รา,,pending,pending,,,รอตรวจ: missing-official-evidence
อิงลักษณ์,อิง-ลัก,,pending,pending,,,รอตรวจ: missing-official-evidence
อิงอร,อิง-ออน,,pending,pending,,,รอตรวจ: missing-official-evidence
อิจิโร่,อิ-จิ-โร่,,pending,pending,,,รอตรวจ: missing-official-evidence
อิฐ,อิด,,pending,pending,,,รอตรวจ: missing-official-evidence
อิทธิ,อิด-ทิ,,pending,pending,,,รอตรวจ: missing-official-evidence
อิทธิ์,อิด,,pending,pending,,,รอตรวจ: missing-official-evidence
อิทธิกร,อิด-ทิ-กอน,,pending,pending,,,รอตรวจ: missing-official-evidence
อิทธิเชษฐ์,อิด-ทิ-เชด,,pending,pending,,,รอตรวจ: missing-official-evidence
อิทธิเชษฐ์สิทธิ์,อิด-ทิ-ชะ-เสิด-สิด,,pending,pending,,,รอตรวจ: missing-official-evidence
อิทธิณรงค์,อิด-ทิ-นะ-รง,,pending,pending,,,รอตรวจ: missing-official-evidence
อิทธิณัฐ,อิด-ทิ-นัด,,pending,pending,,,รอตรวจ: missing-official-evidence
อิทธิธนา,อิด-ทิ-ทะ-นา,,pending,pending,,,รอตรวจ: missing-official-evidence
อิทธิธัช,อิด-ทิ-ทัด,,pending,pending,,,รอตรวจ: missing-official-evidence
อิทธินันต์,อิด-ทิ-นัน,,pending,pending,,,รอตรวจ: missing-official-evidence
อิทธิภณ,อิด-ทิ-พน,,pending,pending,,,รอตรวจ: missing-official-evidence
อิทธิภัทร,อิด-ทิ-พัด-ทรอ,,pending,pending,,,รอตรวจ: missing-official-evidence
อิทธิวิชญ์,อิด-ทิ-วิด,,pending,pending,,,รอตรวจ: missing-official-evidence
อิ่น,อิ่น,,pending,pending,,,รอตรวจ: missing-official-evidence
อินทนนท์,อิน-ทะ-นน,,pending,pending,,,รอตรวจ: missing-official-evidence
อินทนรลักษณา,อิน-ทน-ละ-ลัก-สะ-หนะ,,pending,pending,,,รอตรวจ: missing-official-evidence
อินทนา,อิน-ทะ-นา,,pending,pending,,,รอตรวจ: missing-official-evidence
อินทร์,อิน,,pending,pending,,,รอตรวจ: missing-official-evidence
อินทร์จันทร์,อิน-จัน,,pending,pending,,,รอตรวจ: missing-official-evidence
อินทร์เจริญ,อิน-จะ-เริน,,pending,pending,,,รอตรวจ: missing-official-evidence
อินทร์แจ้ง,อิน-แจ้ง,,pending,pending,,,รอตรวจ: missing-official-evidence
อินทร์ณรงค์,อิน-นะ-รง,,pending,pending,,,รอตรวจ: missing-official-evidence
อินทร์ทับ,อิน-ทับ,,pending,pending,,,รอตรวจ: missing-official-evidence
อินทรนันท์,อิน-ทะ-ระ-นัน,,pending,pending,,,รอตรวจ: missing-official-evidence
อินทร์แปลง,อิน-แปลง,,pending,pending,,,รอตรวจ: missing-official-evidence
อินทรภัทร,อิน-ทะ-ระ-พัด,,pending,pending,,,รอตรวจ: missing-official-evidence
อินทรวรา,อิน-ทระ-วะ-รา,,pending,pending,,,รอตรวจ: missing-official-evidence
อินทร์อำคา,อิน-อำ-คา,,pending,pending,,,รอตรวจ: missing-official-evidence
อินทรัช,อิน-ทะ-รัด,,pending,pending,,,รอตรวจ: missing-official-evidence
อินทรา,อิน-ทรา,,pending,pending,,,รอตรวจ: missing-official-evidence
อินทราธิป,อิน-ทรา-ทิบ,,pending,pending,,,รอตรวจ: missing-official-evidence
อินทรานนท์,อิน-ทรา-นน,,pending,pending,,,รอตรวจ: missing-official-evidence
อินทรานุรักษ์,อิน-ทรา-นุ-รัก,,pending,pending,,,รอตรวจ: missing-official-evidence
อินทราลักษณ์,อิน-ทาร-ลัก,,pending,pending,,,รอตรวจ: missing-official-evidence
อินทราวัชร,อิน-ทรา-วัด,,pending,pending,,,รอตรวจ: missing-official-evidence
อินท์วาริน,อิน-วา-ริน,,pending,pending,,,รอตรวจ: missing-official-evidence
อินทะจันทร์,อิน-ทะ-จัน,,pending,pending,,,รอตรวจ: missing-official-evidence
อินทะวงค์,อิน-ทะ-วง,,pending,pending,,,รอตรวจ: missing-official-evidence
อินทัช,อิน-ทัด,,pending,pending,,,รอตรวจ: missing-official-evidence
อินทิรา,อิน-ทิ-รา,,pending,pending,,,รอตรวจ: missing-official-evidence
อินทิรานันท์,อิน-ทิ-นา-รัน,,pending,pending,,,รอตรวจ: missing-official-evidence
อินทิราวรรณ,อิน-ทิ-รา-วัน,,pending,pending,,,รอตรวจ: missing-official-evidence
อินธรักษา,อิน-ทะ-รัก-สา,,pending,pending,,,รอตรวจ: missing-official-evidence
อินนะใจ,อิน-นะ-ไจ,,pending,pending,,,รอตรวจ: missing-official-evidence
อินโน,อิน-โน,,pending,pending,,,รอตรวจ: missing-official-evidence
อินหวัน,อิน-หวัน,,pending,pending,,,รอตรวจ: missing-official-evidence
อิม,อิม,,pending,pending,,,รอตรวจ: missing-official-evidence
อิ่ม,อิ่ม,,pending,pending,,,รอตรวจ: missing-official-evidence
อิ่มใจ,อิ่ม-ใจ,,pending,pending,,,รอตรวจ: missing-official-evidence
อิ่มอารมณ์,อิ่ม-อา-รม,,pending,pending,,,รอตรวจ: missing-official-evidence
อิริณา,อิ-ริ-นา,,pending,pending,,,รอตรวจ: missing-official-evidence
อิริน,อิ-ริน,,pending,pending,,,รอตรวจ: missing-official-evidence
อิรินญา,อิ-ริ-ยา,,pending,pending,,,รอตรวจ: missing-official-evidence
อิรินญาลักษณ์,อิ-ริน-ยา-ลัก,,pending,pending,,,รอตรวจ: missing-official-evidence
อิรินญาวรัญญา,อิ-ริ-ยา-วะ-รัน-ยา,,pending,pending,,,รอตรวจ: missing-official-evidence
อิรินทร์,อิ-ริน,,pending,pending,,,รอตรวจ: missing-official-evidence
อิรินทิรา,อิน-ทิ-ริ-ทา,,pending,pending,,,รอตรวจ: missing-official-evidence
อิรินนภัส,อิ-ริน-นะ-พัด,,pending,pending,,,รอตรวจ: missing-official-evidence
อิรินภัทรา,อิ-ริน-พัด-ทรา,,pending,pending,,,รอตรวจ: missing-official-evidence
อิรินวรัญญา,อิ-ริน-วะ-รัน-ยา,,pending,pending,,,รอตรวจ: missing-official-evidence
อิรินอนันต์,อิ-ริน-อะ-นัน,,pending,pending,,,รอตรวจ: missing-official-evidence
อิศรภัทร,อิด-สะ-ระ-พัด,,pending,pending,,,รอตรวจ: missing-official-evidence
อิศรา,อิด-สะ-รา,,pending,pending,,,รอตรวจ: missing-official-evidence
อิศรานันท์,อิด-สะ-รา-นัน,,pending,pending,,,รอตรวจ: missing-official-evidence
อิศราวิชญ์,อิด-สะ-รา-วิด,,pending,pending,,,รอตรวจ: missing-official-evidence
อิศรินทร์,อิด-สะ-ริน,,pending,pending,,,รอตรวจ: missing-official-evidence
อิษรา,อิด-สะ-รา,,pending,pending,,,รอตรวจ: missing-official-evidence
อิสระ,อิด-สะ-หระ,,pending,pending,,,รอตรวจ: missing-official-evidence
อิสระศิลป์,อิด-สะ-ระ-ปะ-ริน,,pending,pending,,,รอตรวจ: missing-official-evidence
อิสรา,อิด-สะ-รา,,pending,pending,,,รอตรวจ: missing-official-evidence
อิสรีย์,อิด-สะ-รี-ยะ,,pending,pending,,,รอตรวจ: missing-official-evidence
อุ๊,อุ๊,,pending,pending,,,รอตรวจ: missing-official-evidence
อุระ,อุ-ระ,,pending,pending,,,รอตรวจ: missing-official-evidence
อุรัญ,อุ-รัน,,pending,pending,,,รอตรวจ: missing-official-evidence
อุไรวรรณ,อุ-ไร-วัน,,pending,pending,,,รอตรวจ: missing-official-evidence
อุไรวัล,อุ-ไร-วัน,,pending,pending,,,รอตรวจ: missing-official-evidence
อุษณิษา,อุด-สะ-นิ-สา,,pending,pending,,,รอตรวจ: missing-official-evidence
อุษา,อุ-สา,,pending,pending,,,รอตรวจ: missing-official-evidence
อุษารินทร์,อุ-สา-ริน,,pending,pending,,,รอตรวจ: missing-official-evidence
อู๋,อู๋,,pending,pending,,,รอตรวจ: missing-official-evidence
เอ,เอ,,pending,pending,,,รอตรวจ: missing-official-evidence
เอ๋,เอ๋,,pending,pending,,,รอตรวจ: missing-official-evidence
เอก,เอก,,pending,pending,,,รอตรวจ: missing-official-evidence
เอกจรูญ,เอก-จะ-รูน,,pending,pending,,,รอตรวจ: missing-official-evidence
เอกโชค,เอก-โชก,,pending,pending,,,รอตรวจ: missing-official-evidence
เอกณัฏฐ์,เอก-นัด,,pending,pending,,,รอตรวจ: missing-official-evidence
เอกณัฐ,เอก-นัด,,pending,pending,,,รอตรวจ: missing-official-evidence
เอกธนัช,เอก-ทะ-นัด,,pending,pending,,,รอตรวจ: missing-official-evidence
เอกธนา,เอก-ทะ-นา,,pending,pending,,,รอตรวจ: missing-official-evidence
เอกนรินทร์,เอก-นะ-ริน,,pending,pending,,,รอตรวจ: missing-official-evidence
เอกนันท์,เอก-กะ-นัน,,pending,pending,,,รอตรวจ: missing-official-evidence
เอกนินทร์,เอก-นิน,,pending,pending,,,รอตรวจ: missing-official-evidence
เอกนิรันดร์,เอก-นิ-รัน,,pending,pending,,,รอตรวจ: missing-official-evidence
เอกนิษฐ์,เอก-นิด,,pending,pending,,,รอตรวจ: missing-official-evidence
เอกรัฐ,เอก-รัด,,pending,pending,,,รอตรวจ: missing-official-evidence
เอกรินทร์,เอ-กะ-ริน,,pending,pending,,,รอตรวจ: missing-official-evidence
เอกรุณ,เอก-กะ-รุน,,pending,pending,,,รอตรวจ: missing-official-evidence
เอกวงษา,เอก-กะ-วง-สา,,pending,pending,,,รอตรวจ: missing-official-evidence
เอกอนันต์,เอก-อะ-นัน,,pending,pending,,,รอตรวจ: missing-official-evidence
เอกอมร,เอก-อะ-มอน,,pending,pending,,,รอตรวจ: missing-official-evidence
เอกอัครอัญธรณ์,เอก-อัก-คะ-รัน-ออน,,pending,pending,,,รอตรวจ: missing-official-evidence
เอกอาริช,เอก-อา-ริด,,pending,pending,,,รอตรวจ: missing-official-evidence
เอแคลร์,เอ-แคล,,pending,pending,,,รอตรวจ: missing-official-evidence
เอญารินทร์,เอ-ยา-ริน,,pending,pending,,,รอตรวจ: missing-official-evidence
เอธศญา,เอด-ทะ-ยา,,pending,pending,,,รอตรวจ: missing-official-evidence
เอนก,อะ-เหนก,,pending,pending,,,รอตรวจ: missing-official-evidence
เอ่นลุน,เอ่น-ลุน,,pending,pending,,,รอตรวจ: missing-official-evidence
เอมิล,เอ-มิน,,pending,pending,,,รอตรวจ: missing-official-evidence
เอรอน,เออ-รอน,,pending,pending,,,รอตรวจ: missing-official-evidence
เอรอนต์,เอ-รอน,,pending,pending,,,รอตรวจ: missing-official-evidence
เอรัส,เอ-รัด,,pending,pending,,,รอตรวจ: missing-official-evidence
เอราลิน,เอ-รา-ลิน,,pending,pending,,,รอตรวจ: missing-official-evidence
เอราวรรณ์,เอ-รา-วัน,,pending,pending,,,รอตรวจ: missing-official-evidence
เอราวัณ,เอ-รา-วัน,,pending,pending,,,รอตรวจ: missing-official-evidence
เอริค,เอ-ริก,,pending,pending,,,รอตรวจ: missing-official-evidence
เอริน,เอ-ริน,,pending,pending,,,รอตรวจ: missing-official-evidence
เอรินทร์,เอ-ริน,,pending,pending,,,รอตรวจ: missing-official-evidence
เอเรน,เอ-เรน,,pending,pending,,,รอตรวจ: missing-official-evidence
เอเรส,เอ-เรด,,pending,pending,,,รอตรวจ: missing-official-evidence
เอลิซ,เอ-ลิด,,pending,pending,,,รอตรวจ: missing-official-evidence
เอลิน,เอ-ลิน,,pending,pending,,,รอตรวจ: missing-official-evidence
เอลิรา,เอ-ลิ-รา,,pending,pending,,,รอตรวจ: missing-official-evidence
เอลิริน,เอ-ลิ-ริน,,pending,pending,,,รอตรวจ: missing-official-evidence
เอวรินทร์,เอ-วะ-ริน,,pending,pending,,,รอตรวจ: missing-official-evidence
เอวา,เอ-วา,,pending,pending,,,รอตรวจ: missing-official-evidence
เอวิณ,เอ-วิน,,pending,pending,,,รอตรวจ: missing-official-evidence
เอิบ,เอิบ,,pending,pending,,,รอตรวจ: missing-official-evidence
เอิร์ธ,เอิน,,pending,pending,,,รอตรวจ: missing-official-evidence
เอิร์น,เอิน,,pending,pending,,,รอตรวจ: missing-official-evidence
แอช,แอด,,pending,pending,,,รอตรวจ: missing-official-evidence
แอน,แอน,,pending,pending,,,รอตรวจ: missing-official-evidence
แอนนา,แอน-นา,,pending,pending,,,รอตรวจ: missing-official-evidence
แอบ,แอบ,,pending,pending,,,รอตรวจ: missing-official-evidence
แอปเปิ้ล,แอบ-เปิ้น,,pending,pending,,,รอตรวจ: missing-official-evidence
แอมโอด,แอม-โอด,,pending,pending,,,รอตรวจ: missing-official-evidence
แอรอน,แอ-รอน,,pending,pending,,,รอตรวจ: missing-official-evidence
แอริน,แอ-ริน,,pending,pending,,,รอตรวจ: missing-official-evidence
แอริส,แอ-ริด,,pending,pending,,,รอตรวจ: missing-official-evidence
แอเรีย,แอ-เรีย,,pending,pending,,,รอตรวจ: missing-official-evidence
แอล,แหล,,pending,pending,,,รอตรวจ: missing-official-evidence
แอวา,แอ-วา,,pending,pending,,,รอตรวจ: missing-official-evidence
โอ๋,โอ๋,,pending,pending,,,รอตรวจ: missing-official-evidence
โอ๊ค,โส๊ก,,pending,pending,,,รอตรวจ: missing-official-evidence
โอเค,โอ-เค,,pending,pending,,,รอตรวจ: missing-official-evidence
โอเงิน,โอ-เงิน,,pending,pending,,,รอตรวจ: missing-official-evidence
โอ๊ต,โจ๊ด,,pending,pending,,,รอตรวจ: missing-official-evidence
โอทอง,โอ-ทอง,,pending,pending,,,รอตรวจ: missing-official-evidence
โอบเอม,โอบ-เอม,,pending,pending,,,รอตรวจ: missing-official-evidence
โอปอล,โอ-ปอน,,pending,pending,,,รอตรวจ: missing-official-evidence
โอเปิ้ล,โอ-เปิ้น,,pending,pending,,,รอตรวจ: missing-official-evidence
โอภณ,โอ-พน,,pending,pending,,,รอตรวจ: missing-official-evidence
โอม,โอม,,pending,pending,,,รอตรวจ: missing-official-evidence
โอไรออน,โอ-ไร-ออน,,pending,pending,,,รอตรวจ: missing-official-evidence
โอลิน,โอ-ลิน,,pending,pending,,,รอตรวจ: missing-official-evidence
โอลิเวอร์,โอ-ลิ-เว่อ,,pending,pending,,,รอตรวจ: missing-official-evidence
โอวภัทร,โอ-วะ-พัด,,pending,pending,,,รอตรวจ: missing-official-evidence
โอเว่น,โอ-เว่น,,pending,pending,,,รอตรวจ: missing-official-evidence
โอฬาร,โอ-ราน,,pending,pending,,,รอตรวจ: missing-official-evidence
ไอคอน,ไอ-คอน,,pending,pending,,,รอตรวจ: missing-official-evidence
ไอรอน,ไอ-รอน,,pending,pending,,,รอตรวจ: missing-official-evidence
ไอรัส,ไอ-รัด,,pending,pending,,,รอตรวจ: missing-official-evidence
ไอรา,ไอ-ร่า,,pending,pending,,,รอตรวจ: missing-official-evidence
ไอริณ,ไอ-ริน,,pending,pending,,,รอตรวจ: missing-official-evidence
ไอริน,ไอ-ริน,,pending,pending,,,รอตรวจ: missing-official-evidence
ไอริส,ไอ-ริด,,pending,pending,,,รอตรวจ: missing-official-evidence
ไอเรน,ไอ-เรน,,pending,pending,,,รอตรวจ: missing-official-evidence
ไอเรส,ไอ-เรด,,pending,pending,,,รอตรวจ: missing-official-evidence
ไอล์ลลิน,ไอ-ละ-ลิน,,pending,pending,,,รอตรวจ: missing-official-evidence
ไอลวิน,ไอ-ละ-วิน,,pending,pending,,,รอตรวจ: missing-official-evidence
ไอลิน,ไอ-ลิน,,pending,pending,,,รอตรวจ: missing-official-evidence
ไอวอน,ไอ-วอน,,pending,pending,,,รอตรวจ: missing-official-evidence
ไอวาลัญ,ไอ-วา-ลัน,,pending,pending,,,รอตรวจ: missing-official-evidence
ไอวิน,ไอ-วิน,,pending,pending,,,รอตรวจ: missing-official-evidence
ไอเวอร์,ไอ-เวอ,,pending,pending,,,รอตรวจ: missing-official-evidence
ฮก,ฮ็ก,,pending,pending,,,รอตรวจ: missing-official-evidence
ฮกมล,ฮิก-มน,,pending,pending,,,รอตรวจ: missing-official-evidence
ฮกมลนันท์,ฮะ-กะ-มน-ลัน,,pending,pending,,,รอตรวจ: missing-official-evidence
ฮกมลภัทร,ฮิก-มน-พัด-ทรอ,,pending,pending,,,รอตรวจ: missing-official-evidence
ฮกมลวรา,ฮะ-กำ-มน-ละ-วา,,pending,pending,,,รอตรวจ: missing-official-evidence
ฮกลั่ว,ฮิก-ลั่ว,,pending,pending,,,รอตรวจ: missing-official-evidence
ฮกหลง,ฮ็ก-หลง,,pending,pending,,,รอตรวจ: missing-official-evidence
ฮกฮวด,ฮฮก-ฮวด,,pending,pending,,,รอตรวจ: missing-official-evidence
ฮจรัส,ฮะ-จะ-หรัด,,pending,pending,,,รอตรวจ: missing-official-evidence
ฮจรูญ,ฮะ-จูน-รย,,pending,pending,,,รอตรวจ: missing-official-evidence
ฮจรูญนันท์,ฮะ-จูน-รัน,,pending,pending,,,รอตรวจ: missing-official-evidence
ฮจรูญภัทร,ฮะ-จูน-รย-พัด-ทรอ,,pending,pending,,,รอตรวจ: missing-official-evidence
ฮจรูญวรา,ฮะ-จูน-ระ-วะ-รา,,pending,pending,,,รอตรวจ: missing-official-evidence
ฮจรูญศรี,ฮ็จ-รูน-สี,,pending,pending,,,รอตรวจ: missing-official-evidence
ฮจรูญสิทธิ์,ฮ็ด-รูน-สิด-ทิ,,pending,pending,,,รอตรวจ: missing-official-evidence
ฮจิรา,ฮิ-จิ-รา,,pending,pending,,,รอตรวจ: missing-official-evidence
ฮจิรานันท์,ฮิ-จิ-รา-นัน,,pending,pending,,,รอตรวจ: missing-official-evidence
ฮจิราวรา,ฮิ-จิ-รา-วอ-ระ,,pending,pending,,,รอตรวจ: missing-official-evidence
ฮณัฐ,ฮะ-นัด,,pending,pending,,,รอตรวจ: missing-official-evidence
ฮณัฐนันท์,ฮะ-นัด-ถะ-นัน,,pending,pending,,,รอตรวจ: missing-official-evidence
ฮณัฐภัทร,ฮะ-นัด-พัด-ทรอ,,pending,pending,,,รอตรวจ: missing-official-evidence
ฮณัฐวรา,ฮะ-นัด-ถะ-วะ-รา,,pending,pending,,,รอตรวจ: missing-official-evidence
ฮณิน,ฮิน-นะ,,pending,pending,,,รอตรวจ: missing-official-evidence
ฮดล,ฮด-ลด,,pending,pending,,,รอตรวจ: missing-official-evidence
ฮดลนันท์,ฮิด-ละ-นัน,,pending,pending,,,รอตรวจ: missing-official-evidence
ฮดลภัทร,ฮด-ลด-พัด-ทรอ,,pending,pending,,,รอตรวจ: missing-official-evidence
ฮดลวรา,ฮด-ลวน-รา,,pending,pending,,,รอตรวจ: missing-official-evidence
ฮดวง,ฮิด-งวง,,pending,pending,,,รอตรวจ: missing-official-evidence
ฮดวงวรา,ฮิด-วง-วอ-ระ,,pending,pending,,,รอตรวจ: missing-official-evidence
ฮดิลก,ฮิ-ดิน,,pending,pending,,,รอตรวจ: missing-official-evidence
ฮดิลกนันท์,ฮิ-ละ-นิ-กัน,,pending,pending,,,รอตรวจ: missing-official-evidence
ฮดิลกวรา,ฮิ-ดิน-กวา-ระ,,pending,pending,,,รอตรวจ: missing-official-evidence
ฮตนุ,ฮ็ด-ตะ-นุ,,pending,pending,,,รอตรวจ: missing-official-evidence
ฮตนุนันท์,ฮะ-ตะ-นุ-วัน,,pending,pending,,,รอตรวจ: missing-official-evidence
ฮตนุวรา,ฮ็ด-ตะ-นุ-วะ-รา,,pending,pending,,,รอตรวจ: missing-official-evidence
ฮทิน,ฮะ-ทิน-ฮิ้น,,pending,pending,,,รอตรวจ: missing-official-evidence
ฮทินนันท์,ฮะ-ทิน-นัน,,pending,pending,,,รอตรวจ: missing-official-evidence
ฮทินภัทร,ฮะ-ทิน-ฮิ้น-พัด-ทรอ,,pending,pending,,,รอตรวจ: missing-official-evidence
ฮทินวรา,ฮะ-ทิน-วะ-รา,,pending,pending,,,รอตรวจ: missing-official-evidence
ฮธนภัทร,ฮะ-ทะ-นะ-พัด,,pending,pending,,,รอตรวจ: missing-official-evidence
ฮธนวรา,ฮะ-ทะ-นะ-วะ-รา,,pending,pending,,,รอตรวจ: missing-official-evidence
ฮธนันท์,ฮะ-ทะ-นัน,,pending,pending,,,รอตรวจ: missing-official-evidence
ฮธนา,ฮะ-ทะ-นา,,pending,pending,,,รอตรวจ: missing-official-evidence
ฮธวัช,ฮะ-ทะ-วัด,,pending,pending,,,รอตรวจ: missing-official-evidence
ฮธวัชวรา,ฮะ-คะ-วัด-ชะ-รา-วะ,,pending,pending,,,รอตรวจ: missing-official-evidence
ฮนน,ฮิน-นน,,pending,pending,,,รอตรวจ: missing-official-evidence
ฮนฤมล,ฮะ-นะ-รึม-ลิน,,pending,pending,,,รอตรวจ: missing-official-evidence
ฮนฤมลนันท์,ฮะ-นิน-ลม-นัน,,pending,pending,,,รอตรวจ: missing-official-evidence
ฮนฤมลภัทร,ฮะ-นะ-รึม-ลิน-พัด-ทรอ,,pending,pending,,,รอตรวจ: missing-official-evidence
ฮนฤมลวรา,ฮอน-ลิม-รา-วะ-ลี,,pending,pending,,,รอตรวจ: missing-official-evidence
ฮนาวา,ฮะ-นา-วา,,pending,pending,,,รอตรวจ: missing-official-evidence
ฮนาวานันท์,ฮะ-นา-วา-นัน,,pending,pending,,,รอตรวจ: missing-official-evidence
ฮนาวาวรา,ฮะ-นา-วา-รา,,pending,pending,,,รอตรวจ: missing-official-evidence
ฮภัทร,ฮะ-ฮัด-ทอน,,pending,pending,,,รอตรวจ: missing-official-evidence
ฮภัทรนันท์,ฮะ-พัด-ทระ-นัน,,pending,pending,,,รอตรวจ: missing-official-evidence
ฮภัทรภัทร,ฮะ-ฮัด-ทอน-พัด-ทรอ,,pending,pending,,,รอตรวจ: missing-official-evidence
ฮภัทรวรา,ฮะ-พัด-ทระ-วะ-รา,,pending,pending,,,รอตรวจ: missing-official-evidence
ฮมนต์,ฮะ-หนม,,pending,pending,,,รอตรวจ: missing-official-evidence
ฮมนต์นันท์,ฮะ-มะ-นัน,,pending,pending,,,รอตรวจ: missing-official-evidence
ฮมนต์ภัทร,ฮะ-หนม-พัด-ทรอ,,pending,pending,,,รอตรวจ: missing-official-evidence
ฮมนต์วรา,ฮะ-มน-วะ-รา,,pending,pending,,,รอตรวจ: missing-official-evidence
ฮมนต์ศรี,ฮ็ม-นะ-สี,,pending,pending,,,รอตรวจ: missing-official-evidence
ฮมนต์สิทธิ์,ฮ็ม-นะ-สิด,,pending,pending,,,รอตรวจ: missing-official-evidence
ฮมนัส,ฮ็ม-นัด,,pending,pending,,,รอตรวจ: missing-official-evidence
ฮรจนา,หรีด-จะ-นา,,pending,pending,,,รอตรวจ: missing-official-evidence
ฮรจนานันท์,หริน-จะ-นา-นัน,,pending,pending,,,รอตรวจ: missing-official-evidence
ฮรจนาวรา,หรี-จะ-นา-ราว,,pending,pending,,,รอตรวจ: missing-official-evidence
ฮลิน,ฮิน-ลิน,,pending,pending,,,รอตรวจ: missing-official-evidence
ฮวง,ฮวง,,pending,pending,,,รอตรวจ: missing-official-evidence
ฮ่วน,ฮ็่วน,,pending,pending,,,รอตรวจ: missing-official-evidence
ฮวริน,ฮว-ริน,,pending,pending,,,รอตรวจ: missing-official-evidence
ฮวรินนันท์,ฮะ-วิน-นะ-นัน,,pending,pending,,,รอตรวจ: missing-official-evidence
ฮวรินภัทร,ฮว-ริน-พัด-ทรอ,,pending,pending,,,รอตรวจ: missing-official-evidence
ฮวรินวรา,ฮวน-ริ-วะ-รา,,pending,pending,,,รอตรวจ: missing-official-evidence
ฮวานกิ,ฮวณ-งา-กิ,,pending,pending,,,รอตรวจ: missing-official-evidence
ฮวานโซ,ฮวน-โซ,,pending,pending,,,รอตรวจ: missing-official-evidence
ฮวานอิน,ฮวา-นิ-ออน,,pending,pending,,,รอตรวจ: missing-official-evidence
ฮวานอิล,ฮิว-นา-อิน,,pending,pending,,,รอตรวจ: missing-official-evidence
ฮวานอู,ฮู-นา-อู,,pending,pending,,,รอตรวจ: missing-official-evidence
ฮวานโฮ,ฮวน-โฮ-เฟา,,pending,pending,,,รอตรวจ: missing-official-evidence
ฮวิน,ฮิ-วน,,pending,pending,,,รอตรวจ: missing-official-evidence
ฮอค,ฮ็อก,,pending,pending,,,รอตรวจ: missing-official-evidence
ฮ่องเต้,ฮ็่อง-เต้,,pending,pending,,,รอตรวจ: missing-official-evidence
ฮอต,ฮ็อด,,pending,pending,,,รอตรวจ: missing-official-evidence
ฮอบบิท,ฮ็อบ-บิด,,pending,pending,,,รอตรวจ: missing-official-evidence
ฮอร์ก,ฮ็อก,,pending,pending,,,รอตรวจ: missing-official-evidence
ฮอร์โมน,ฮอ-โมน,,pending,pending,,,รอตรวจ: missing-official-evidence
ฮอรัส,ฮอ-รัด,,pending,pending,,,รอตรวจ: missing-official-evidence
ฮอริณ,ฮ็อ-ริน,,pending,pending,,,รอตรวจ: missing-official-evidence
ฮอไรซัน,ฮ็อ-ไล-รัน,,pending,pending,,,รอตรวจ: missing-official-evidence
ฮอลแลนด์,ฮอน-แลน,,pending,pending,,,รอตรวจ: missing-official-evidence
ฮอลโลว์,ฮ็อ-โล,,pending,pending,,,รอตรวจ: missing-official-evidence
ฮอว์ก,ฮ็อก,,pending,pending,,,รอตรวจ: missing-official-evidence
ฮอินทร์,ฮิ้อ-ทอน,,pending,pending,,,รอตรวจ: missing-official-evidence
ฮอินทรนันท์,ฮอ-นิน-ทอน,,pending,pending,,,รอตรวจ: missing-official-evidence
ฮอินทรภัทร,ฮอ-นิ-ทระ-พัด,,pending,pending,,,รอตรวจ: missing-official-evidence
ฮอินทรวรา,ฮอ-ฮิน-ทรา-วะ-รา,,pending,pending,,,รอตรวจ: missing-official-evidence
ฮะจิ,ฮะ-จิ,,pending,pending,,,รอตรวจ: missing-official-evidence
ฮะหามะ,ฮะ-หา-มะ,,pending,pending,,,รอตรวจ: missing-official-evidence
ฮัจญ์,ฮัด,,pending,pending,,,รอตรวจ: missing-official-evidence
ฮัท,ฮัด,,pending,pending,,,รอตรวจ: missing-official-evidence
ฮั่น,ฮั่น,,pending,pending,,,รอตรวจ: missing-official-evidence
ฮั่นกวน,ฮั่น-กวน,,pending,pending,,,รอตรวจ: missing-official-evidence
ฮันโช,ฮัน-โช,,pending,pending,,,รอตรวจ: missing-official-evidence
ฮันดะ,ฮัน-ดะ,,pending,pending,,,รอตรวจ: missing-official-evidence
ฮันนะ,ฮัน-นะ,,pending,pending,,,รอตรวจ: missing-official-evidence
ฮันนิบัล,ฮัน-นิ-บัน,,pending,pending,,,รอตรวจ: missing-official-evidence
ฮันมิน,ฮัน-มิน,,pending,pending,,,รอตรวจ: missing-official-evidence
ฮันวอล,ฮัน-วอน,,pending,pending,,,รอตรวจ: missing-official-evidence
ฮั่นหมิง,ฮั่น-หมิง,,pending,pending,,,รอตรวจ: missing-official-evidence
ฮั่นหรุน,ฮั่น-หรุน,,pending,pending,,,รอตรวจ: missing-official-evidence
ฮั่นหลิง,ฮั่น-หลิง,,pending,pending,,,รอตรวจ: missing-official-evidence
ฮันอิล,ฮัน-อิน,,pending,pending,,,รอตรวจ: missing-official-evidence
ฮันอู,ฮัน-อู,,pending,pending,,,รอตรวจ: missing-official-evidence
ฮันโฮ,ฮัน-โฮ,,pending,pending,,,รอตรวจ: missing-official-evidence
ฮับ,ฮับ,,pending,pending,,,รอตรวจ: missing-official-evidence
ฮับเบิล,ฮับ-เบิน,,pending,pending,,,รอตรวจ: missing-official-evidence
ฮัมดัม,ฮัม-ดัม,,pending,pending,,,รอตรวจ: missing-official-evidence
ฮัว,ฮัว,,pending,pending,,,รอตรวจ: missing-official-evidence
ฮั่ว,ฮั่ว,,pending,pending,,,รอตรวจ: missing-official-evidence
ฮั้ว,ฮั้ว,,pending,pending,,,รอตรวจ: missing-official-evidence
ฮั่วกวง,ฮั่ว-กวง,,pending,pending,,,รอตรวจ: missing-official-evidence
ฮาโกะ,ฮา-โกะ,,pending,pending,,,รอตรวจ: missing-official-evidence
ฮาคิม,ฮา-คิม,,pending,pending,,,รอตรวจ: missing-official-evidence
ฮาจิ,ฮา-จิ,,pending,pending,,,รอตรวจ: missing-official-evidence
ฮาจิกะ,ฮา-จิ-กะ,,pending,pending,,,รอตรวจ: missing-official-evidence
ฮาจิโร่,ฮิ-จิ-โร่,,pending,pending,,,รอตรวจ: missing-official-evidence
ฮาจุน,ฮา-จุน,,pending,pending,,,รอตรวจ: missing-official-evidence
ฮานนท์,ฮา-นน,,pending,pending,,,รอตรวจ: missing-official-evidence
ฮานะ,ฮา-นะ,,pending,pending,,,รอตรวจ: missing-official-evidence
ฮานะจัง,ฮา-นะ-จัง,,pending,pending,,,รอตรวจ: missing-official-evidence
ฮานา,ฮา-นา,,pending,pending,,,รอตรวจ: missing-official-evidence
ฮานิ,ฮา-นิ,,pending,pending,,,รอตรวจ: missing-official-evidence
ฮานิม,ฮา-นิม,,pending,pending,,,รอตรวจ: missing-official-evidence
ฮามาน,ฮา-มาน,,pending,pending,,,รอตรวจ: missing-official-evidence
ฮามิน,ฮา-มิน,,pending,pending,,,รอตรวจ: missing-official-evidence
ฮาร์ต,ดิด,,pending,pending,,,รอตรวจ: missing-official-evidence
ฮาร์ท,ฮิด,,pending,pending,,,รอตรวจ: missing-official-evidence
ฮาร์เปอร์,ฮา-เปอ,,pending,pending,,,รอตรวจ: missing-official-evidence
ฮาร์โมนิก,ฮา-โม-นิก,,pending,pending,,,รอตรวจ: missing-official-evidence
ฮาร์ลาน,ลิ-ลาน,,pending,pending,,,รอตรวจ: missing-official-evidence
ฮารา,ฮา-รา,,pending,pending,,,รอตรวจ: missing-official-evidence
ฮาราอุมิ,ฮา-รา-อุ-ยม,,pending,pending,,,รอตรวจ: missing-official-evidence
ฮาริม,ฮา-ริม,,pending,pending,,,รอตรวจ: missing-official-evidence
ฮาริสัน,ฮิ-ริ-สัน,,pending,pending,,,รอตรวจ: missing-official-evidence
ฮาริเอะ,ฮิ-ริ-เอะ,,pending,pending,,,รอตรวจ: missing-official-evidence
ฮารุ,ฮา-รุ,,pending,pending,,,รอตรวจ: missing-official-evidence
ฮารุนะ,ฮา-รุ-นะ,,pending,pending,,,รอตรวจ: missing-official-evidence
ฮาล์ฟ,ฮ้าฟ,,pending,pending,,,รอตรวจ: missing-official-evidence
ฮาลาล,ฮา-ลาน,,pending,pending,,,รอตรวจ: missing-official-evidence
ฮาวล์,ฮาว,,pending,pending,,,รอตรวจ: missing-official-evidence
ฮาวลิ่น,ฮาว-ลิ่น,,pending,pending,,,รอตรวจ: missing-official-evidence
ฮิกิ,ฮิ-กิ,,pending,pending,,,รอตรวจ: missing-official-evidence
ฮิคาริ,ฮิ-คา-ริ,,pending,pending,,,รอตรวจ: missing-official-evidence
ฮิคารุ,ฮิ-คา-รุ,,pending,pending,,,รอตรวจ: missing-official-evidence
ฮิณน์,ฮิน,,pending,pending,,,รอตรวจ: missing-official-evidence
ฮิน,ฮิน,,pending,pending,,,รอตรวจ: missing-official-evidence
ฮินาโกะ,ฮิ-นา-โกะ,,pending,pending,,,รอตรวจ: missing-official-evidence
ฮินามิ,ฮิ-นา-มิ,,pending,pending,,,รอตรวจ: missing-official-evidence
ฮิปโน,ฮิบ-โน,,pending,pending,,,รอตรวจ: missing-official-evidence
ฮิปโป,ฮิบ-โป,,pending,pending,,,รอตรวจ: missing-official-evidence
ฮิม,ฮิม,,pending,pending,,,รอตรวจ: missing-official-evidence
ฮิมณ,ฮิม-มน,,pending,pending,,,รอตรวจ: missing-official-evidence
ฮิมม์คานา,ฮิม-คา-นา,,pending,pending,,,รอตรวจ: missing-official-evidence
ฮิมวา,ฮิม-วา,,pending,pending,,,รอตรวจ: missing-official-evidence
ฮิมะ,ฮิ-มะ,,pending,pending,,,รอตรวจ: missing-official-evidence
ฮิมาริ,ฮิ-มา-ริ,,pending,pending,,,รอตรวจ: missing-official-evidence
ฮิมาวาริ,ฮิ-มา-วา-ริ,,pending,pending,,,รอตรวจ: missing-official-evidence
ฮิมิโกะ,ฮิ-มิ-โกะ,,pending,pending,,,รอตรวจ: missing-official-evidence
ฮิรณ,ฮิ-รน,,pending,pending,,,รอตรวจ: missing-official-evidence
ฮิรดิน,ฮิน-ระ-ดิน,,pending,pending,,,รอตรวจ: missing-official-evidence
ฮิรัญ,ฮิ-รัน,,pending,pending,,,รอตรวจ: missing-official-evidence
ฮิราม,ฮิ-ราม,,pending,pending,,,รอตรวจ: missing-official-evidence
ฮิราอิ,ฮิ-รา-อิ,,pending,pending,,,รอตรวจ: missing-official-evidence
ฮิริโกะ,ฮิ-ริ-โกะ,,pending,pending,,,รอตรวจ: missing-official-evidence
ฮิโรโกะ,ฮิ-โร-โกะ,,pending,pending,,,รอตรวจ: missing-official-evidence
ฮิโรชิ,ฮิ-โร-หิิ,,pending,pending,,,รอตรวจ: missing-official-evidence
ฮิโรมิ,ฮิ-โร-มิ,,pending,pending,,,รอตรวจ: missing-official-evidence
ฮิโรอาคิ,ฮิ-โร-อิ-คา,,pending,pending,,,รอตรวจ: missing-official-evidence
ฮิโระ,ฮิ-โระ,,pending,pending,,,รอตรวจ: missing-official-evidence
ฮิวกะ,วิ-วะ-กะ,,pending,pending,,,รอตรวจ: missing-official-evidence
ฮิวงะ,ฮิว-งะ,,pending,pending,,,รอตรวจ: missing-official-evidence
ฮิวจ์,ฮิว,,pending,pending,,,รอตรวจ: missing-official-evidence
ฮิษณุ,ฮิด-สะ-นุ,,pending,pending,,,รอตรวจ: missing-official-evidence
โฮกะ,โขก-คะ,,pending,pending,,,รอตรวจ: missing-official-evidence
โฮกิ,โฮก,,pending,pending,,,รอตรวจ: missing-official-evidence
โฮคอน,โฮ-คอน,,pending,pending,,,รอตรวจ: missing-official-evidence
โฮคุ,โฮ-คุ,,pending,pending,,,รอตรวจ: missing-official-evidence
โฮจิ,โฮ-จิ,,pending,pending,,,รอตรวจ: missing-official-evidence
โฮโซ,โฮ-โซ,,pending,pending,,,รอตรวจ: missing-official-evidence
โฮโซโกะ,โข-โห-โซ-กะ,,pending,pending,,,รอตรวจ: missing-official-evidence
โฮโซคาวะ,โฮ-โค-ซา-คว้,,pending,pending,,,รอตรวจ: missing-official-evidence
โฮนามิ,โฮ-นา-มิ,,pending,pending,,,รอตรวจ: missing-official-evidence
โฮโนกะ,โฮ-โนะ-กะ,,pending,pending,,,รอตรวจ: missing-official-evidence
โฮโนมิ,โฮ-โน-มิ,,pending,pending,,,รอตรวจ: missing-official-evidence
โฮโนริ,โฮ-โน-ริ,,pending,pending,,,รอตรวจ: missing-official-evidence
โฮโนรุ,โฮ-โน-รุ,,pending,pending,,,รอตรวจ: missing-official-evidence
โฮม,โฮม,,pending,pending,,,รอตรวจ: missing-official-evidence
โฮมรัน,โฮม-รัน,,pending,pending,,,รอตรวจ: missing-official-evidence
โฮมะ,โม-หะ-ยะ,,pending,pending,,,รอตรวจ: missing-official-evidence
โฮมุระ,โฮ-มุ-ระ,,pending,pending,,,รอตรวจ: missing-official-evidence
โฮริ,โฮ-ริ,,pending,pending,,,รอตรวจ: missing-official-evidence
โฮริซัน,โฮ-ลิ-ซัน,,pending,pending,,,รอตรวจ: missing-official-evidence
โฮลดิ้ง,โฮด-ลิ้ง,,pending,pending,,,รอตรวจ: missing-official-evidence
โฮลท์,โฮด,,pending,pending,,,รอตรวจ: missing-official-evidence
โฮโล,โฮ-โล,,pending,pending,,,รอตรวจ: missing-official-evidence
โฮว,โฮว,,pending,pending,,,รอตรวจ: missing-official-evidence
โฮวาร์ด,โฮ-วาด,,pending,pending,,,รอตรวจ: missing-official-evidence
โฮอิจิ,โฮ-ปิ-จิ,,pending,pending,,,รอตรวจ: missing-official-evidence
ใฮณิน,ไฮ-นิน,,pending,pending,,,รอตรวจ: missing-official-evidence
ใฮธิน,ไฮ-ทิน,,pending,pending,,,รอตรวจ: missing-official-evidence
ใฮภัทร,ใบ-พัด,,pending,pending,,,รอตรวจ: missing-official-evidence
ใฮมนัส,ไม-นัด,,pending,pending,,,รอตรวจ: missing-official-evidence
ใฮมิน,ไฮ-มิน,,pending,pending,,,รอตรวจ: missing-official-evidence
ใฮรัญ,ใฮ-ปรัน,,pending,pending,,,รอตรวจ: missing-official-evidence
ใฮริน,ไฮ-ริน,,pending,pending,,,รอตรวจ: missing-official-evidence
ใฮลิน,ไฮ-ลิน,,pending,pending,,,รอตรวจ: missing-official-evidence
ใฮวิชญ์,ไฮ-วิด,,pending,pending,,,รอตรวจ: missing-official-evidence
ใฮวิน,ไฮ-วิน,,pending,pending,,,รอตรวจ: missing-official-evidence
ใฮอรุณ,ไฮ-อะ-รุน,,pending,pending,,,รอตรวจ: missing-official-evidence
ไฮณิน,ไฮ-นิน,,pending,pending,,,รอตรวจ: missing-official-evidence
ไฮธิน,ไฮ-ทิน,,pending,pending,,,รอตรวจ: missing-official-evidence
ไฮภัทร,ไต-พัด,,pending,pending,,,รอตรวจ: missing-official-evidence
ไฮมนัส,ไฮ-มะ-นัด,,pending,pending,,,รอตรวจ: missing-official-evidence
ไฮมิน,ไฮ-มิน,,pending,pending,,,รอตรวจ: missing-official-evidence
ไฮรัญ,ไฮ-ปรัน,,pending,pending,,,รอตรวจ: missing-official-evidence
ไฮริน,ไฮ-ริน,,pending,pending,,,รอตรวจ: missing-official-evidence
ไฮลิน,ไฮ-ลิน,,pending,pending,,,รอตรวจ: missing-official-evidence
ไฮวิชญ์,ไฮ-วิด,,pending,pending,,,รอตรวจ: missing-official-evidence
ไฮวิน,ไฮ-วิน,,pending,pending,,,รอตรวจ: missing-official-evidence
ไฮอรุณ,ไฮ-อะ-รุน,,pending,pending,,,รอตรวจ: missing-official-evidence
