ชื่อมงคล,ความหมาย
กงศร,"กง (จาก บาลี 'กํส', สันสกฤต 'กงฺส' หมายถึง โลหะมีค่า เช่น สัมฤทธิ์) + ศร (จาก บาลี 'สร', สันสกฤต 'ศร' หมายถึง ลูกศร, ความมุ่งมั่น) = ลูกศรที่ทำจากโลหะมีค่า, ผู้มีความมุ่งมั่นและมีคุณค่า"
กฉิน,
กชลา,ผู้ละมุนงดงามดุจดอกบัว
กฌิน,
กฐิน,ผ้ากฐินหรือพิธีทอดกฐิน อันเกี่ยวเนื่องกับบุญกุศลและศรัทธา
กณพ,"กณพ (จากรากศัพท์ บาลี-สันสกฤต 'กณ' kaṇa หมายถึง เม็ดเล็ก, ละเอียด, ประณีต) = ผู้มีความงามละเอียดประณีตผ่องใส"
กณิกนันต์,ผู้ยินดีในสิ่งเล็กน้อยอันงดงาม
กณิน,
กณิศ,ผู้เป็นใหญ่ในหมู่ชน
กณิษฐ์,ผู้น้อยอันเป็นที่รัก หรือผู้มีความอ่อนเยาว์น่าทะนุถนอม
กณิษฐา,น้องหญิงหรือสตรีผู้อ่อนเยาว์น่ารัก
กตมน,"กต (จาก บาลี 'กต', สันสกฤต 'กฤต' หมายถึง ที่ทำแล้ว, สำเร็จแล้ว) + มน (จาก บาลี 'มน', สันสกฤต 'มนสฺ' หมายถึง ใจ, จิตใจ) = ผู้มีจิตใจที่สำเร็จแล้ว, มีใจที่สมบูรณ์พร้อมด้วยคุณธรรม"
กนก,ทองคำ ผู้มีคุณค่าสูงส่งดุจทอง
กนกโกมล,ผู้มีจิตใจอ่อนโยนและมีค่าดุจทองคำ
กนกจันทร์,ผู้มีความงามละมุนดุจแสงจันทร์และล้ำค่าดุจทอง
กนกณัฐ,นักปราชญ์ผู้ล้ำค่าดุจทองคำ
กนกณิชรัญชน์,"กนก (จาก สันสกฤต 'กนก' หมายถึง ทองคำ) + ณิช (จาก สันสกฤต 'นิช' หมายถึง บริสุทธิ์, แท้จริง) + รัญชน์ (จาก สันสกฤต 'รญฺชนะ' หมายถึง ความยินดี, ความรัก) = ทองคำบริสุทธิ์ที่นำมาซึ่งความยินดีและความรัก, หรือผู้มีความรักความยินดีอันบริสุทธิ์ดุจทองคำ"
กนกธร,ผู้ดำรงไว้ซึ่งคุณค่าดุจทองคำ
กนกนภัทร,ผู้ประเสริฐสูงส่งและล้ำค่าดุจทอง
กนกนภัส,ผู้เปล่งประกายงดงามดุจทองบนฟากฟ้า
กนกนรี,สตรีผู้มีคุณค่างดงามดุจทองคำ
กนกรัตน์,"กนก (จาก สันสกฤต 'กนก' หมายถึง ทองคำ) + รัตน์ (จาก บาลี 'รตน', สันสกฤต 'รตน' หมายถึง แก้ว, ของมีค่า) = แก้วทองคำ, ของมีค่าอันประเสริฐดุจทองคำ"
กนกริน,ผู้ไหลรินด้วยคุณค่าและความงดงามดุจทอง
กนกรินทร์,ผู้เป็นใหญ่และล้ำค่าดุจทองคำ
กนกลด,ผู้มีความงามอ่อนช้อยและล้ำค่าดุจทอง
กนกลักษณ์,"กนก (จาก สันสกฤต 'กนก' หมายถึง ทองคำ) + ลักษณ์ (จาก บาลี 'ลักขณ', สันสกฤต 'ลกฺษณ' หมายถึง ลักษณะ, รูปสมบัติ, คุณสมบัติ) = ผู้มีลักษณะงดงามดุจทองคำ, มีคุณสมบัติอันมีค่าน่าชื่นชม"
กนกวร,ผู้ประเสริฐและล้ำค่าดุจทองคำ
กนกวรรณ,ผู้มีผิวพรรณงดงามดุจทองคำ
กนกวรรณ์,ผู้มีวรรณะงดงามและมีคุณค่าดุจทอง
กนกวิช,ผู้มีความรู้ล้ำค่าดุจทองคำ
กนกอมรศิลป์,ผู้มีศิลปะงดงามอมตะและล้ำค่าดุจทอง
กนกอร,หญิงงามผู้มีคุณค่าดุจทองคำ
กนกอินทร์,ผู้สูงส่งเป็นใหญ่และล้ำค่าดุจทอง
กนต์ธีร์,ผู้เป็นที่รักและมีปัญญามั่นคง
กนต์พงษ์,วงศ์ตระกูลอันเป็นที่รักและน่ายกย่อง
กนต์ภัทร,ผู้เป็นที่รักและมีความเจริญเป็นมงคล
กนต์ลักษณ์,ผู้มีลักษณะงดงามเป็นที่รัก
กนต์วรรณ,ผู้มีผิวพรรณงดงามเป็นที่รัก
กนต์วริน,ผู้ประเสริฐและเป็นที่รักดุจสายน้ำแห่งความดี
กนต์วิน,ผู้เป็นที่รักและมีชัยชนะ
กนต์ษร,ผู้เป็นที่รักดุจอักษรอันงดงาม
กนต์อร,หญิงงามผู้เป็นที่รัก
กนธี,ผู้มีความอ่อนโยนและปัญญามั่นคง
กนล,ผู้มีความอ่อนโยนและความละมุน
กนิญา,หญิงสาวผู้น่ารักและอ่อนโยน
กนิน,ผู้เป็นที่รักในหมู่ชน
กนิศ,ผู้เป็นใหญ่และเป็นที่นับถือ
กนิษฐ์,"กนิษฐ์ (จาก บาลี 'กนิฏฺฐ', สันสกฤต 'กนิษฐ' หมายถึง ผู้เล็กที่สุด, ผู้น้อยที่สุด, น้องชาย) = ผู้น้อยที่สุด, น้องชายผู้เป็นที่รัก"
กนิษฐา,"กนิษฐา (จาก บาลี 'กนิฏฺฐา', สันสกฤต 'กนิษฐา' หมายถึง ผู้เล็กที่สุด, ผู้น้อยที่สุด, น้องสาว) = ผู้น้อยที่สุด, น้องสาวผู้เป็นที่รัก"
กมน,ผู้มีจิตใจงดงาม
กมนทัต,"กมล (จาก บาลี 'กมล', สันสกฤต 'กมล' หมายถึง ใจ, บัว) + ทัต (จาก บาลี 'ทตฺต', สันสกฤต 'ทตฺต' หมายถึง ให้แล้ว, มอบให้แล้ว) = ใจที่ประทานมาให้, สิ่งที่ได้รับมาจากใจอันบริสุทธิ์"
กมนธนัท,ผู้มีใจงามและมั่งคั่งด้วยปัญญา
กมนลักษณ์,ผู้มีจิตใจและลักษณะงดงาม
กมนวรรณ,ผู้มีใจงามและวรรณะผ่องใส
กมล,ดอกบัวหรือดวงใจ ผู้มีจิตใจบริสุทธิ์งดงาม
กมลกนก,ดวงใจงดงามและล้ำค่าดุจทอง
กมลกร,ผู้สร้างสรรค์ความดีด้วยหัวใจงดงาม
กมลขัณฑ์,ผู้มีใจงดงามดุจส่วนอันประเสริฐ
กมลฉนันท์,ผู้มีใจงามและเปี่ยมความพอใจในความดี
กมลฉันท์,"กมล (จาก บาลี 'กมล', สันสกฤต 'กมล' หมายถึง ใจ, บัว) + ฉันท์ (จาก บาลี 'ฉนฺท', สันสกฤต 'ฉนฺท' หมายถึง ความพอใจ, ความยินดี) = ความพอใจแห่งใจ, ใจที่เปี่ยมด้วยความยินดี"
กมลฌาน,ผู้มีใจสงบลึกซึ้งในสมาธิ
กมลณพัฒน์,"กมล (ใจ, ดอกบัว) + ณ (ความรู้, ปัญญา) + พัฒน์ (ความเจริญ) = ผู้มีใจเปี่ยมด้วยความรู้และความเจริญรุ่งเรือง"
กมลณัฐชน์,"กมล (ใจ, ดอกบัว) + ณัฐ (นักปราชญ์, ผู้ฉลาด) + ชน์ (ความรู้, ปัญญา) = ผู้มีใจเป็นนักปราชญ์ผู้เปี่ยมด้วยปัญญารอบรู้"
กมลธรรม,ผู้มีธรรมะประจำใจ
กมลนัท,ผู้มีใจงามและเปี่ยมความรู้
กมลนัทธ์,ผู้มีใจงามและผูกพันกับปัญญา
กมลนันท์,ผู้มีใจงามและเปี่ยมความยินดี
กมลนิษฐ์,ผู้มีใจงามและมั่นคงในความดี
กมลภ,ผู้เกิดจากดวงใจอันงดงาม
กมลภัค,ผู้มีใจงามและมีโชค
กมลภัทร,ผู้มีใจงามและเจริญเป็นมงคล
กมลรส,ผู้มีรสแห่งจิตใจอ่อนหวานงดงาม
กมลโรจน์,ผู้มีใจงามและรุ่งเรืองสว่างไสว
กมลลักษณ์,"กมล (ใจ, ดอกบัว) + ลักษณ์ (ลักษณะ, ความงาม) = ผู้มีลักษณะงดงามดุจดอกบัว หรือ ผู้มีใจงดงาม"
กมลโลจน์,กมล (ดอกบัว) + โลจน์ (ตา) = ผู้มีดวงตางดงามดุจดอกบัว
กมลวร,ผู้มีดวงใจอันประเสริฐ
กมลวรรณ,ผู้มีใจงามและผิวพรรณผ่องใส
กมลวัทน์,ผู้มีใจงามและเจริญมั่นคง
กมลวัน,ผู้มีใจงามดุจดอกบัวในวันอันเป็นมงคล
กมลวิช,ผู้มีใจงามและเปี่ยมความรู้
กมลวิชญ์,นักปราชญ์ผู้มีดวงใจงดงาม
กมลวิทน์,ผู้รู้แจ้งด้วยจิตใจงดงาม
กมลอร,หญิงงามผู้มีจิตใจอ่อนโยน
กมลา,ดอกบัว หญิงผู้มีความงามบริสุทธิ์
กมลาฉันท์,ผู้เป็นที่รักและงดงามดุจดอกบัว
กมลานันท์,หญิงงามดุจดอกบัวผู้เปี่ยมความยินดี
กมิน,
กร,มือ ผู้กระทำและสร้างสรรค์ความสำเร็จ
กรกฎ,ชื่อราศีกรกฎ ผู้มีความหนักแน่นและอ่อนไหวอย่างสมดุล
กรกฏ,รูปเขียนอีกแบบของกรกฎ หมายถึงผู้มีความหนักแน่นและอ่อนไหวอย่างสมดุล
กรกนก,มือทอง ผู้สร้างสรรค์สิ่งล้ำค่า
กรกมล,ผู้สร้างสรรค์ด้วยดวงใจงดงาม
กรกร,ผู้มีมือแห่งการกระทำและความสามารถ
กรกวรรษ,กรก (หม้อน้ำ) + วรรษ (ฝน) = ฝนจากหม้อน้ำอันนำมาซึ่งความอุดมสมบูรณ์
กรกษิณ,ผู้กระทำด้วยความชำนาญและความมั่นคง
กรกัญญ์ญา,หญิงผู้เป็นที่รักและเปี่ยมความสามารถ
กรกัญญา,หญิงงามผู้สร้างสรรค์สิ่งดีงาม
กรคมกร,ผู้มีฝีมือเฉียบคมและเปี่ยมความสามารถ
กรจันทร์,ผู้สร้างความงามเย็นใจดุจแสงจันทร์
กรชวัล,ผู้เปล่งประกายด้วยความสามารถ
กรไชย,ผู้กระทำการสำเร็จและมีชัยชนะ
กรญาณ์,"กร (มือ, การกระทำ) + ญาณ์ (ความรู้, ปัญญา) = ผู้สร้างสรรค์ความรู้ด้วยมือ หรือ ผู้มีปัญญาเป็นเครื่องมือ"
กรณ์,"กรณ์ (การกระทำ, เครื่องมือ) = ผู้สร้างสรรค์ หรือ ผู้กระทำสิ่งที่ดี"
กรณ์กมล,ผู้มีการกระทำอันเกิดจากใจงาม
กรณ์ชวัล,ผู้มีการกระทำอันรุ่งเรืองเปล่งประกาย
กรณ์ทักษ์,ผู้ชำนาญการและมีความสามารถ
กรณ์ธนนินต์,ผู้สร้างความมั่งคั่งและเป็นที่ยินดี
กรณ์ธนนินทร์,ผู้เป็นใหญ่ในการสร้างความมั่งคั่ง
กรณภัทร์,ผู้ทำสิ่งดีงามและเป็นมงคล
กรณ์ภัสร์,ผู้มีการกระทำอันสว่างไสว
กรณัฏฐ์,นักปราชญ์ผู้กระทำสิ่งดีงาม
กรณิช,ผู้มีการกระทำอันบริสุทธิ์และงดงาม
กรณินทร์,ผู้เป็นใหญ่ในการกระทำความดี
กรณิศ,ผู้เป็นใหญ่ด้วยการกระทำอันดีงาม
กรดล,ผู้บันดาลความสำเร็จด้วยการกระทำ
กรดา,"กร (มือ, การกระทำ) + ดา (ให้, สร้างขึ้น) = ผู้ที่ถูกสร้างสรรค์ขึ้น หรือ ผู้มีมืออันประเสริฐ"
กรทักษ์,"กร (มือ) + ทักษ์ (ฉลาด, คล่องแคล่ว, มีความสามารถ) = ผู้มีมือที่คล่องแคล่วว่องไว หรือ ผู้มีความสามารถ"
กรทัช,ผู้มีมืออันเปี่ยมพลังและความสามารถ
กรธน,ผู้สร้างทรัพย์และคุณค่า
กรธนัช,ผู้เกิดมาเพื่อสร้างความมั่งคั่ง
กรธรรศ,ผู้เห็นธรรมและกระทำด้วยปัญญา
กรธวัช,ผู้ชูธงแห่งความสามารถและเกียรติยศ
กรธัช,"กร (มือ) + ธัช (ธง, เครื่องหมายแห่งชัยชนะ) = ผู้เป็นธงชัยแห่งความสำเร็จด้วยสองมือ"
กรนันท์,ผู้สร้างความยินดีและความสุข
กรนาวา,ผู้เป็นดุจเรือที่นำพาชีวิตไปสู่ความสำเร็จ
กรภัค,"กร (มือ) + ภัค (โชค, ความรุ่งเรือง) = ผู้สร้างโชคลาภและความรุ่งเรืองด้วยมือ"
กรภัทร,ผู้สร้างสิ่งอันเป็นมงคลและความเจริญ
กรภัทร์,"กร (มือ) + ภัทร์ (ดี, เจริญ, ประเสริฐ) = ผู้สร้างสิ่งอันเป็นมงคลด้วยมือ หรือ ผู้มีมืออันประเสริฐ"
กรภา,"กร (มือ) + ภา (แสงสว่าง, ความรุ่งโรจน์) = ผู้สร้างแสงสว่างและความรุ่งโรจน์ด้วยมือ"
กรมน,ผู้มีใจมุ่งมั่นในการกระทำความดี
กรมล,ผู้สร้างสรรค์ด้วยใจอันงดงาม
กรรจกร,ผู้มีมือแห่งการสร้างสรรค์และความสามารถ
กรรฐา,ผู้ตั้งมั่นอยู่ในความดีงาม
กรรณ,หู ผู้รับฟังอย่างมีปัญญา
กรรณิมา,ผู้มีความงามและความอ่อนโยนในการรับฟัง
กรรพ,"กรร (มือ, การกระทำ) + พ (พร, ความดีงาม, การสร้าง) = ผู้มีมือแห่งพร หรือ ผู้สร้างสรรค์สิ่งดีงาม"
กรรัตน์,"กรร (มือ, ผู้สร้าง) + รัตน์ (แก้ว, ของมีค่า) = ผู้มีค่าดุจแก้วรัตนะ หรือ ผู้สร้างสรรค์สิ่งอันมีค่า"
กรรัตนา,"กรร (มือ, ผู้สร้าง) + รัตนา (แก้ว, ของมีค่า) = ผู้มีค่าดุจแก้วรัตนะ หรือ ผู้สร้างสรรค์สิ่งอันมีค่า"
กรรินี,"กรรินี (ช้างพัง, ช้างตัวเมีย) = ช้างพัง (ช้างตัวเมีย) อันหมายถึงความสง่างามและความแข็งแกร่ง"
กรเรศ,"กร (มือ) + เรศ (ผู้เป็นใหญ่, ประเสริฐ) = ผู้เป็นใหญ่ด้วยมือ หรือ ผู้สร้างสรรค์สิ่งอันเป็นเลิศ"
กรลักษ์,ผู้มีลักษณะงดงามจากการกระทำ
กรลักษณ์,ผู้มีลักษณะงดงามและเปี่ยมความสามารถ
กรวร,"กร (มือ, ผู้สร้าง) + วร (ประเสริฐ, ดีเลิศ) = ผู้มีมืออันประเสริฐ หรือ ผู้สร้างสรรค์สิ่งอันดีเลิศ"
กรวรรณ,"กร (มือ) + วรรณ (ผิว, สี, ความงดงาม) = ผู้มีมืออันงดงาม หรือ ผู้สร้างสรรค์ความดีงาม"
กรวรา,"กร (มือ, การกระทำ) + วรา (ยอดเยี่ยม, ประเสริฐ) = ผู้มีมืออันประเสริฐ, ผู้มีการกระทำที่ยอดเยี่ยม"
กรวัชร,ผู้มีฝีมือมั่นคงแข็งแกร่งดุจเพชร
กรวัลลี,ผู้มีความอ่อนช้อยงดงามดุจเถาวัลย์
กรวิก,ผู้มีเสียงไพเราะและความสามารถโดดเด่น
กรวิช,ผู้มีความรู้และความสามารถในการกระทำ
กรวิชญ์,"กร (การกระทำ) + วิชญ์ (ความรู้, ผู้รู้) = ผู้มีความรู้ความสามารถในการกระทำ, ผู้เชี่ยวชาญในกิจการ"
กรวินท์,ผู้มีชัยชนะด้วยฝีมือและปัญญา
กรวิมล,ผู้มีการกระทำบริสุทธิ์งดงาม
กรวุฒิ,"กร (การกระทำ) + วุฒิ (ความเจริญ, ความงอกงาม) = ผู้มีความเจริญในการกระทำ, ผู้ที่การกระทำนำมาซึ่งความเจริญ"
กรศิริ,ผู้สร้างความเป็นสิริมงคล
กรศิลป์,ผู้มีฝีมือทางศิลปะและการสร้างสรรค์
กรสิริ,ผู้กระทำสิ่งอันเป็นสิริมงคล
กรองขวัญ,ผู้คัดสรรสิ่งดีงามเป็นขวัญแห่งชีวิต
กรองคำ,ผู้คัดสรรคุณค่าประเสริฐดุจทองคำ
กรอร,"กร (มือ, การกระทำ) + อร (งาม, งดงาม) = ผู้มีมือที่งดงาม, ผู้มีการกระทำที่สวยงาม"
กรอรุณ,ผู้สร้างความรุ่งเรืองดุจแสงอรุณ
กรอัครินทร์,ผู้เป็นใหญ่ยอดเยี่ยมด้วยความสามารถ
กรอุมา,ผู้สร้างความงามสง่าและความอ่อนโยน
กระโด,ผู้มีความคล่องแคล่วและความโดดเด่น
กระแต,สัตว์เล็กชนิดหนึ่ง คล่องแคล่วและว่องไว
กระถิน,ไม้พุ่มชนิดหนึ่ง ให้ความหมายถึงความเรียบง่ายและงอกงาม
กระบิล,ผู้มีความคล่องแคล่วและความละมุน
กระมล,ผู้มีดวงใจงดงาม
กระวิน,ผู้มีชัยชนะจากความสามารถ
กรัญญ์กรณ์,ผู้มีความรู้และการกระทำอันประเสริฐ
กรัณฑ์,ผอบหรือภาชนะอันประณีต สื่อถึงผู้เก็บรักษาสิ่งล้ำค่า
กราน,ผู้หนักแน่นและอดทนต่อสิ่งยาก
กริช,มีดสองคมอันคมกล้า สื่อถึงความกล้าหาญเฉียบคม
กริณา,ผู้มีเมตตาและความกรุณา
กริน,ผู้กล้าหาญและเคลื่อนไหวอย่างองอาจ
กรินท์,ผู้เป็นใหญ่ด้วยความกล้าหาญ
กรินทร์,ผู้เป็นใหญ่ด้วยอำนาจและความสามารถ
กริมา,ผู้มีความงามและน้ำหนักแห่งคุณค่า
กริษฐ์,ผู้ประเสริฐและน่ายกย่อง
กริษฐา,หญิงผู้ประเสริฐและน่ายกย่อง
กรุณา,ความเมตตาสงสารและความเอื้ออารี
กรูวาน,ผู้เปี่ยมด้วยผู้เกื้อหนุน
กฤชนันท์,"กฤช (มาจาก กฤษณะ = พระกฤษณะ; โดยนัยคือผู้มีเสน่ห์, ผู้ประทานความสุข) + นันท์ (ความยินดี, ความสุข) = ผู้สร้างความสุขและความยินดี, ผู้มีความสุขและเสน่ห์"
กฤตนัน,"กฤต (ทำแล้ว, สำเร็จแล้ว) + นัน (ย่อมาจาก นันท์ = ความยินดี, ความสุข) = ผู้สร้างความสุขและความสำเร็จ, ผู้มีความยินดีในความสำเร็จ"
กฤตนันท์,"กฤต (ทำแล้ว, สำเร็จแล้ว) + นันท์ (ความยินดี, ความสุข) = ผู้สร้างความสุขและความสำเร็จ, ผู้มีความยินดีในความสำเร็จ"
กฤตยา,"กฤต (ทำแล้ว, สร้างแล้ว, สำเร็จแล้ว) + ยา (ปัจจัยเพศหญิง/ผู้กระทำ) = ผู้สร้าง, ผู้กระทำ, ความสำเร็จที่ถูกสร้างขึ้น"
กฤติน,"กฤติ (การกระทำ, ผลงาน) + อิน (ผู้เป็นเจ้าของ, ผู้มี) = ผู้มีการกระทำ, ผู้มีผลงาน, ผู้สร้างสรรค์"
กฤษ,"กฤษ (มาจาก กฤษณะ = สีดำ, พระกฤษณะ; โดยนัยคือผู้มีเสน่ห์ลุ่มลึก, ผู้สุขุม, ผู้มีความสามารถพิเศษ) = ผู้มีเสน่ห์ลุ่มลึก, ผู้สุขุม, ผู้มีความสามารถพิเศษ"
กฤษฎาพร,"กฤษฎา (ทำแล้ว, สร้างแล้ว, สำเร็จแล้ว) + พร (สิ่งประเสริฐ, คำอวยพร) = ผู้สร้างสิ่งประเสริฐ, พรที่ถูกสร้างขึ้น, พรที่สำเร็จแล้ว"
กฤษณะ,"กฤษณะ (สีดำ, สีน้ำเงินเข้ม; ชื่อเทพเจ้าในศาสนาฮินดู) = ผู้มีเสน่ห์ลุ่มลึก, ผู้ทรงอำนาจ (เปรียบดังพระกฤษณะ)"
กลวัชร,ผู้แข็งแกร่งดุจเพชรและมีชั้นเชิง
กลวัชร์,ผู้มีชั้นเชิงและความมั่นคงดุจเพชร
กลวิชร,ผู้มีความรู้และชั้นเชิงอันแยบคาย
กลิ่นดอน,กลิ่นหอมจากถิ่นดอน สื่อถึงเสน่ห์ธรรมชาติ
กลิ่นหอม,ผู้มีเสน่ห์น่าประทับใจดุจกลิ่นหอม
กวาธร,"กวา (มาจาก กวิ = ผู้รอบรู้, นักปราชญ์) + ธร (ผู้ทรงไว้) = ผู้ทรงไว้ซึ่งความเป็นนักปราชญ์, ผู้ทรงภูมิปัญญา"
กวิณ,
กวิณัฐ,นักปราชญ์ผู้มีปัญญาแห่งกวี
กวิน,"กวิน (ผู้ฉลาด, นักปราชญ์, กวี) = ผู้ฉลาด, นักปราชญ์, กวี"
กวินกร,ผู้สร้างสรรค์ถ้อยคำและปัญญาอย่างกวี
กวินดา,"กวิน (ผู้ฉลาด, นักปราชญ์) + ดา (ปัจจัยเพศหญิง/ผู้ให้) = หญิงผู้ฉลาด, หญิงผู้ทรงภูมิปัญญา"
กวินท์,"กวินท์ (มาจาก กวิ + อินทร์ = ผู้เป็นใหญ่ในหมู่นักปราชญ์) = ผู้เป็นใหญ่ในหมู่นักปราชญ์, กวีเอก, ผู้มีความรู้เป็นเลิศ"
กวินท์ธร,"กวินท์ (ผู้เป็นใหญ่ในหมู่นักปราชญ์, กวีเอก) + ธร (ผู้ทรงไว้) = ผู้ทรงไว้ซึ่งความเป็นผู้เป็นใหญ่ในหมู่นักปราชญ์, ผู้ทรงความรู้เป็นเลิศ"
กวินทร์,ผู้เป็นใหญ่ในหมู่กวีหรือผู้มีปัญญา
กวินทรา,ผู้สูงส่งด้วยปัญญาและวาทศิลป์
กวินธร,"กวิน (ผู้ฉลาด, นักปราชญ์) + ธร (ผู้ทรงไว้) = ผู้ทรงไว้ซึ่งความฉลาด, ผู้ทรงภูมิปัญญา"
กวินนท์,"กวิน (ผู้ฉลาด, นักปราชญ์) + นนท์ (ความยินดี, ความสุข) = ผู้มีความสุขในการเป็นนักปราชญ์, ผู้สร้างความยินดีด้วยปัญญา"
กวินนา,หญิงผู้มีปัญญาและวาทศิลป์งดงาม
กวินนาฏ,ผู้มีศิลปะงดงามและปัญญาแบบกวี
กวินภัค,ผู้มีปัญญาและโชคอันดี
กวินภัทร,"กวิน (ผู้ฉลาด, นักปราชญ์) + ภัทร (ดี, งาม, ประเสริฐ) = นักปราชญ์ผู้ดีงาม, ผู้ฉลาดและเจริญ"
กวินภา,"กวิน (ผู้ยอดเยี่ยม, ผู้ฉลาด) + ภา (แสงสว่าง, รัศมี) = ผู้มีความฉลาดและเป็นเลิศดุจแสงสว่าง"
กวินรพ,"กวิน (ผู้ยอดเยี่ยม, ผู้ฉลาด) + รพ (เสียง, ความมีชื่อเสียง) = ผู้มีชื่อเสียงอันไพเราะและเป็นเลิศ"
กวินรัตน์,"กวิน (ผู้ยอดเยี่ยม, ผู้ฉลาด) + รัตน์ (แก้ว, ของมีค่า) = ผู้เป็นแก้วอันประเสริฐและเฉลียวฉลาด"
กวินรัตนา,"กวิน (ผู้ยอดเยี่ยม, ผู้ฉลาด) + รัตนา (แก้ว, ของมีค่า) = ผู้เป็นแก้วอันประเสริฐและเฉลียวฉลาด"
กวินรินี,"กวิน (ผู้ยอดเยี่ยม, ผู้ฉลาด) + รินี (ผู้หญิง, ผู้มีคุณงามความดีไหลริน) = หญิงผู้มีคุณงามความดีและเฉลียวฉลาดเป็นเลิศ"
กวินเรศ,"กวิน (ผู้ยอดเยี่ยม, ผู้ฉลาด) + เรศ (ผู้เป็นใหญ่, ผู้เป็นเจ้า) = ผู้เป็นใหญ่หรือผู้เป็นยอดด้วยความดีงามและความเฉลียวฉลาด"
กวินวร,"กวิน (ผู้ยอดเยี่ยม, ผู้ฉลาด) + วร (ประเสริฐ, ดีเยี่ยม) = ผู้เป็นเลิศและประเสริฐด้วยความดีงามและความเฉลียวฉลาด"
กวินวรรณ,ผู้มีวาจาและวรรณะงดงามอย่างกวี
กวินวรา,"กวิน (ผู้ยอดเยี่ยม, ผู้ฉลาด) + วรา (ประเสริฐ, ดีเยี่ยม) = หญิงผู้เป็นเลิศและประเสริฐด้วยความดีงามและความเฉลียวฉลาด"
กวินวัจน์,ผู้มีถ้อยคำคมคายและงดงาม
กวินวัชร์,ผู้มีปัญญาแข็งแกร่งดุจเพชร
กวินวิชญ์,"กวิน (ผู้ยอดเยี่ยม, ผู้ฉลาด) + วิชญ์ (ผู้รู้, ผู้มีปัญญา) = ผู้เป็นเลิศและยอดเยี่ยมด้วยความรู้และปัญญา"
กวินวุฒิ,"กวิน (ผู้ยอดเยี่ยม, ผู้ฉลาด) + วุฒิ (ความเจริญ, ปัญญา) = ผู้มีความเจริญรุ่งเรืองและปัญญาเป็นเลิศ"
กวินอร,หญิงงามผู้เปี่ยมปัญญาและวาทศิลป์
กวิสรา,ผู้เป็นใหญ่ด้วยปัญญาและศิลปะแห่งถ้อยคำ
กษม,ความเกษม ความสุขสงบและความปลอดภัย
กษมน,ผู้มีใจเป็นสุขสงบและปลอดภัย
กษมล,ผู้มีความสุขสงบและจิตใจผ่องใส
กษมา,ความอดทน การให้อภัย และความสงบงาม
กษิกร,ชาวนา หรือผู้สร้างความอุดมสมบูรณ์จากผืนดิน
กษิดิฐ,ผู้มีความเห็นมั่นคงและถูกต้อง
กษิดินทร์,ผู้เป็นใหญ่แห่งผืนดินหรือความมั่นคง
กษิดิศ,ผู้มีทิศทางมั่นคงและเจริญงอกงาม
กษิน,ผู้มีความสิ้นสุดแห่งกิเลส หรือผู้สงบในธรรม
กษิรวิชญ์,นักปราชญ์ผู้บริสุทธิ์ดุจน้ำนม
กษิรา,กษีร (น้ำนม) + อา (คำท้ายแสดงนาม) = ผู้บริสุทธิ์ผุดผ่องดุจน้ำนม หรือ ผู้เป็นมิ่งขวัญอันอุดมสมบูรณ์
กหิน,
กอง,หมู่หรือสิ่งที่รวมกันเป็นกำลัง
ก้องกิตติ,ผู้มีชื่อเสียงดีงามก้องไกล
ก้องเกียรติ,ผู้มีเกียรติยศเลื่องลือ
กองคำ,ขุมทรัพย์ทองคำหรือผู้มั่งคั่งด้วยคุณค่า
ก้องณรงค์,ผู้กล้าหาญและมีชื่อเสียงในการต่อสู้
ก้องเดช,ผู้มีอำนาจบารมีเลื่องลือ
ก้องภพ,ผู้มีชื่อเสียงก้องไปทั่วโลก
กอตอ,ผู้เปี่ยมด้วยรากฐาน
กอบกุล,ผู้รักษาและเพิ่มพูนเกียรติแห่งตระกูล
กอบคุณ,"กอ (แหล่งรวม, รากฐาน) + คุณ (คุณงามความดี) = ผู้เป็นแหล่งรวมแห่งคุณงามความดี หรือ ผู้มีคุณความดีเป็นรากฐาน"
กอบชน,ผู้เกื้อกูลผู้คนและสังคม
กอบชวาล,ผู้รวบรวมความรุ่งเรืองสว่างไสว
กอบชัย,ผู้คว้าชัยชนะและความสำเร็จ
กอบโชค,ผู้มีโชคและได้รับสิ่งดีงาม
กอบธนัช,ผู้เกิดมาเพื่อสะสมทรัพย์และคุณค่า
กอบธรรม,ผู้รักษาธรรมและความถูกต้อง
กอบพงษ์,ผู้ส่งเสริมวงศ์ตระกูลให้เจริญ
กอบยศ,ผู้สร้างเกียรติยศให้มั่นคง
กอบลาภ,ผู้มีลาภผลและความอุดมสมบูรณ์
กอบวริทธิ์,ผู้สะสมความสำเร็จอันประเสริฐ
กอบศักดิ์,ผู้รักษาเกียรติศักดิ์และอำนาจ
กอบสิน,ผู้สะสมทรัพย์สินและคุณค่า
กอยบุญ,ผู้สะสมบุญและความดี
กอลาภ,ผู้มีลาภผลและความสำเร็จ
กอสิน,ผู้มีรากฐานแห่งทรัพย์สินและคุณค่า
กะจิ,ผู้เปี่ยมด้วยความกล้าเริ่มต้น
กะทิ,น้ำคั้นจากมะพร้าว สื่อถึงความนุ่มละมุนและอุดมสมบูรณ์
กังวาน,กังวาน (เสียงที่ก้องกังวานไปไกล) = ผู้มีชื่อเสียงขจรขจายไปไกล หรือ ผู้มีเสียงอันไพเราะกังวาน
กัชชลา,ผู้เกี่ยวข้องกับช้างหรือความสง่างามเข้มแข็ง
กัญจณ์ณลิน,ดอกบัวทองคำ ผู้บริสุทธิ์งดงามและล้ำค่า
กัญจน์,ทองคำ ผู้มีคุณค่าและความรุ่งเรือง
กัญจน์กมล,ผู้มีดวงใจล้ำค่าดุจทองคำ
กัญจน์ชญา,ผู้รู้แจ้งอันล้ำค่าดุจทองคำ
กัญจน์ญภัส,
กัญจน์ธนาหฤษฎ์,ผู้มีทรัพย์ทองและความยินดีอันรุ่งเรือง
กัญจน์นภัสรา,ผู้เปล่งประกายทองงามบนฟากฟ้า
กัญจน์ภัส,ผู้สว่างไสวล้ำค่าดุจทองคำ
กัญจน์ภัสสร,ผู้เปล่งรัศมีงดงามดุจทอง
กัญจน์รัชต์,ผู้มั่งคั่งด้วยอำนาจและคุณค่าดุจทอง
กัญจน์วราห์,ผู้ประเสริฐและล้ำค่าดุจทองคำ
กัญจน์วิมล,ผู้บริสุทธิ์งดงามและล้ำค่าดุจทอง
กัญจน์สิรี,ผู้มีสิริมงคลล้ำค่าดุจทอง
กัญจน์อมร,ผู้มีคุณค่ายั่งยืนดุจทองอมตะ
กัญจน์อมล,"กัญจน์ (ทองคำ) + อมล (ปราศจากมลทิน, บริสุทธิ์) = ทองคำอันบริสุทธิ์ปราศจากมลทิน หรือ ผู้บริสุทธิ์ผุดผ่องดุจทองคำ"
กัญจนา,ทองคำ หญิงผู้มีคุณค่างดงาม
กัญจภรณ์,ผู้ประดับด้วยทองหรือคุณค่าอันงดงาม
กัญจิรา,ผู้มีคุณค่าดุจทองยั่งยืนนาน
กัญชรส,ผู้มีรสแห่งความงามล้ำค่า
กัญชลา,ผู้มีคุณค่า ความละมุน และความอ่อนโยนสง่างาม
กัญชลิกา,ผู้มีคุณค่า ความละมุน และความอ่อนโยนสง่างาม
กัญญ์กนิษฐ์,หญิงอ่อนเยาว์ผู้เป็นที่รักและน่าทะนุถนอม
กัญญ์ชญา,"กัญญ์ (หญิงสาว, หญิงงาม) + ชญา (ความรู้, ปัญญา) = หญิงสาวผู้มีความรู้และปัญญา"
กัญญฌัช,หญิงผู้เกิดมาพร้อมความดีงาม
กัญญ์ฐญา,หญิงผู้เปี่ยมความรู้และความมั่นคง
กัญญ์ณณัฏฐ์,หญิงผู้เปี่ยมปัญญาอันลึกซึ้ง
กัญญ์ณภัทร,"กัญญ์ (หญิงสาว, หญิงงาม) + ณ (ความรู้, ปัญญา) + ภัทร (ความเจริญ, สิริมงคล) = หญิงสาวผู้มีปัญญา ความรู้ และความเจริญอันเป็นสิริมงคล"
กัญญ์ณภัส,"กัญญ์ (บาลี-สันสกฤต: หญิงสาว, หญิงงาม) + ณภัส (สันสกฤต: แสงสว่าง, รัศมี) = หญิงสาวผู้มีแสงสว่าง, หญิงงามผู้เจิดจรัส"
กัญญ์ณรัณ,หญิงผู้กล้าหาญและมีปัญญา
กัญญ์ณัช,หญิงผู้เกิดมาพร้อมปัญญา
กัญญ์ณัฏฐ์,หญิงนักปราชญ์ผู้เปี่ยมปัญญา
กัญญณัฐ,หญิงนักปราชญ์ผู้มีปัญญา
กัญญ์ณัฐ,หญิงนักปราชญ์ผู้เปี่ยมปัญญา
กัญญณิชา,หญิงผู้มีความบริสุทธิ์และปัญญางาม
กัญญนก,"กัญญ (หญิงสาว, หญิงงาม) + นก (นก) = หญิงสาวผู้งดงาม อิสระดุจนก หรือ หญิงสาวผู้มีเสียงไพเราะดุจนก"
กัญญ์นภวรรณ,"กัญญ์ (หญิงสาว, หญิงงาม) + นภ (ท้องฟ้า) + วรรณ (ผิวพรรณ, ความงาม) = หญิงสาวผู้มีผิวพรรณหรือความงามดุจสีท้องฟ้า"
กัญญ์นลิน,หญิงงามดุจดอกบัว
กัญญนันทน์,หญิงผู้เป็นความยินดีและความสุข
กัญญ์นารา,"กัญญ์ (หญิงสาว, หญิงงาม) + นารา (แสงสว่าง, รัศมี) = หญิงสาวผู้เป็นแสงสว่าง หรือ หญิงสาวผู้มีรัศมีแห่งความงาม"
กัญญ์นาริน,หญิงผู้เป็นที่รักและสง่างาม
กัญญปภัส,หญิงผู้มีรัศมีสว่างไสว
กัญญภัค,หญิงผู้มีโชคและความสุข
กัญญ์มนันท์,
กัญญ์รวินท์,หญิงผู้มีชัยชนะและความสง่างาม
กัญญ์วรรณ,หญิงผู้มีวรรณะงดงาม
กัญญ์วรศิริ,หญิงผู้มีสิริมงคลอันประเสริฐ
กัญญ์วรัชญ์,หญิงผู้มีปัญญาอันประเสริฐ
กัญญวรา,หญิงผู้ประเสริฐและงดงาม
กัญญ์วรา,"กัญญ์ (หญิงสาว, หญิงงาม) + วรา (ประเสริฐ, ดีเยี่ยม) = หญิงสาวผู้ประเสริฐและเลิศล้ำ"
กัญญ์วริน,หญิงผู้ประเสริฐดุจสายน้ำแห่งความดี
กัญญ์วารี,หญิงงามดุจสายน้ำบริสุทธิ์
กัญญ์วิน,"กัญญ์ (หญิงสาว, หญิงงาม) + วิน (ชัยชนะ, ความสำเร็จ) = หญิงสาวผู้มีความสำเร็จ"
กัญญ์วิภิน,หญิงผู้มีความงามแตกต่างและโดดเด่น
กัญญ์วิมล,"กัญญ์ (หญิงสาว, หญิงงาม) + วิมล (บริสุทธิ์, ปราศจากมลทิน) = หญิงสาวผู้บริสุทธิ์ปราศจากมลทิน"
กัญญ์ศรา,"กัญญ์ (หญิงสาว, หญิงงาม) + ศรา (สิริมงคล, ความเป็นเลิศ) = หญิงสาวผู้มีสิริมงคล/ความเป็นเลิศ"
กัญญ์ศริน,หญิงผู้มีเกียรติและความเจริญ
กัญญ์ศิริ,หญิงผู้เป็นสิริมงคล
กัญญ์อร,"กัญญ์ (หญิงสาว, หญิงงาม) + อร (งาม, อรชร) = หญิงสาวผู้งดงาม"
กัญญ์อริน,หญิงผู้สง่างามและกล้าหาญ
กัญญ์อิฏฐา,หญิงผู้เป็นที่ปรารถนาและน่ารัก
กัญญา,"กัญญา (หญิงสาว, หญิงงาม) = หญิงสาวผู้เป็นที่รัก/หญิงงาม"
กัญญาณัฏฐ์,หญิงนักปราชญ์ผู้มีปัญญา
กัญญาณัฐ,"กัญญา (หญิงสาว, หญิงงาม) + ณัฐ (นักปราชญ์, ผู้มีความรู้) = หญิงสาวผู้เป็นนักปราชญ์/ผู้มีความรู้"
กัญญาณัฐ์,หญิงผู้เปี่ยมปัญญาและความรู้
กัญญาณัท,หญิงผู้เป็นที่รักและเปี่ยมปัญญา
กัญญานัฐ,หญิงผู้มีปัญญาและความมั่นคง
กัญญาภัค,หญิงผู้มีโชคและความเจริญ
กัญญารักษ์,หญิงผู้ปกป้องรักษาความดี
กัญญารัช,หญิงผู้รุ่งเรืองและมีอำนาจ
กัญญารัตน์,หญิงผู้ล้ำค่าดุจแก้วรัตนะ
กัญญาลภัส,หญิงผู้ได้รับแสงแห่งโชคลาภ
กัญญาวร,หญิงผู้ประเสริฐ
กัญญาวีร์,หญิงผู้กล้าหาญ
กัญญาศิริ,หญิงผู้มีสิริมงคล
กัญญาอร,หญิงงามผู้อ่อนหวาน
กัญฐณณัฐ,ผู้มีปัญญาและความมั่นคง
กัญฐณา,ผู้มีคุณค่าและความอ่อนโยนสง่างาม
กัญฐวรรธน์,ผู้เจริญงอกงามด้วยความมั่นคง
กัญธนณัฐ,ผู้มั่งคั่งด้วยทรัพย์และปัญญา
กัญภัคดิ์,ผู้มีโชคและความภักดี
กัญรินทร์,ผู้เป็นใหญ่และเปี่ยมคุณค่า
กัญวรา,ผู้ประเสริฐและมีคุณค่า
กัณจน์,ทองคำ ผู้มีคุณค่าและความรุ่งเรือง
กัณจนา,ทองคำ หญิงผู้มีคุณค่า
กัณฐกานต์,ผู้มีเสียงไพเราะเป็นที่รัก
กัณฐมณี,แก้วมณีแห่งลำคอ สื่อถึงเสียงอันล้ำค่า
กัณฐัศว์,"กัณฐ์ (รากศัพท์เดิม คอ; ในชื่อมงคลนิยมเทียบเคียงกับ 'กันต์' ซึ่งหมายถึง เป็นที่รัก, น่ารัก) + อัศว์ (ม้า, ผู้รวดเร็วและแข็งแกร่ง) = ผู้เป็นที่รักและทรงพลังดุจม้า"
กัณฐิกา,ผู้มีเสียงไพเราะและอ่อนหวาน
กัณฑ์,หมวด ตอน หรือเรื่องราวอันมีสาระ
กัณฑ์ภัทร,เรื่องราวหรือชีวิตอันดีงามเป็นมงคล
กัณฑ์ยชญ์,ผู้มีเกียรติจากความรู้และการบูชาอันดี
กัณฑรัตน์,เรื่องราวอันล้ำค่าดุจแก้วรัตนะ
กัณณ์,ผู้เปี่ยมด้วยเสียงไพเราะ
กัณตภณ,ผู้เป็นที่รักและมีวาจาไพเราะ
กัณตวรรณ,ผู้เป็นที่รักและมีวรรณะงดงาม
กัณตวิชญ์,นักปราชญ์ผู้เป็นที่รัก
กัณทิมา,ผู้มีแสงงามและเป็นที่รัก
กัณภัทร,ผู้มีความดีงามและเป็นมงคล
กัณยิกา,หญิงสาวผู้อ่อนโยนและน่ารัก
กัณวรา,ผู้ประเสริฐและเป็นที่รัก
กัณวีร์,ผู้กล้าหาญและเป็นที่รัก
กัณหา,ผู้มีความงามลุ่มลึกดุจสีดำสนิท
กันจะนะ,ทองคำ ผู้มีคุณค่าและความงดงาม
กันจินะ,ผู้เปี่ยมด้วยการคุ้มครอง
กันใจ,ผู้เป็นที่รักในดวงใจ
กันญภัทร,หญิงผู้มีความดีงามเป็นมงคล
กันต์,ผู้เป็นที่รักและน่าพอใจ
กันต์กนิษฐ์,"กันต์ (เป็นที่รัก, น่ารัก) + กนิษฐ์ (ผู้น้อง, ผู้เล็กที่สุด) = ผู้น้องผู้เป็นที่รัก/น่ารัก"
กันต์กมล,ผู้เป็นที่รักและมีจิตใจงดงาม
กันต์กร,"กันต์ (กนฺต: เป็นที่รัก, น่ารัก, พึงพอใจ) + กร (กร: ผู้กระทำ, ผู้สร้าง) = ผู้สร้างสรรค์สิ่งอันเป็นที่รัก, ผู้กระทำให้น่ารักน่าพึงพอใจ"
กันต์กรณ์,ผู้เป็นที่รักจากการกระทำอันดี
กันต์ณัฐ,นักปราชญ์ผู้เป็นที่รัก
กันตณิช,ผู้บริสุทธิ์และเป็นที่รัก
กันต์ดิศ,ผู้เป็นที่รักและมีทิศทางรุ่งเรือง
กันต์ธนัท,ผู้เป็นที่รักและมั่งคั่งด้วยปัญญา
กันต์ธร,ผู้ค้ำจุนความรักและความดีงาม
กันต์ธีร์,"กันต์ (เป็นที่รัก, น่ารัก) + ธีร์ (ผู้ฉลาด, ผู้มีปัญญา, นักปราชญ์) = นักปราชญ์ผู้เป็นที่รัก"
กันต์ธีระ,ปราชญ์ผู้กล้าหาญและเป็นที่รัก
กันต์นภันต์,ผู้เป็นที่รักสูงส่งดั่งฟ้า
กันต์นภัส,ผู้เป็นที่รักและเปล่งประกายดั่งฟ้า
กันตนา,หญิงผู้เป็นที่รักและน่าพึงใจ
กันต์พงษ์,วงศ์ตระกูลอันเป็นที่รัก
กันตพัฒน์,"กันต (เป็นที่รัก, น่ารัก) + พัฒน์ (ความเจริญ, ความงอกงาม) = ผู้มีความเจริญรุ่งเรืองและเป็นที่รัก"
กันต์ภณ,ผู้เป็นที่รักและมีวาจาดี
กันต์ภัทร,ผู้เป็นที่รักและเจริญเป็นมงคล
กันตวรรณ,ผู้เป็นที่รักและมีวรรณะงดงาม
กันตวิชญ์,นักปราชญ์ผู้เป็นที่รัก
กันต์ศิริ,ผู้เป็นที่รักและมีสิริมงคล
กันต์สิริ,ผู้เป็นที่รักและมีสิริมงคล
กันต์สิรี,ผู้เป็นที่รักและเปี่ยมสิริรุ่งเรือง
กันทร,"กันทร (รากศัพท์เดิม ซอกเขา, ถ้ำ; ในชื่อมงคลนิยมให้ความหมายโดยเทียบเคียงกับ 'กันต์' (เป็นที่รัก) + 'ธร' (ผู้ทรงไว้)) = ผู้ทรงไว้ซึ่งความเป็นที่รัก/ความน่ารัก"
กันธิมา,ผู้มีกลิ่นหอมและเสน่ห์อันน่าชื่นชม
กัลชกร,ผู้สร้างความดีงามและความสว่าง
กัลชนา,หญิงผู้มีความดีงาม
กัลชลดา,ผู้ดีงามดุจสายน้ำเย็น
กัลญา,หญิงผู้ดีงามและอ่อนโยน
กัลน์ธร,ผู้ค้ำจุนความดีงาม
กัลป์,กาลอันยาวนาน สื่อถึงความมั่นคงยั่งยืน
กัลยกร,"กัลย (ดี, งาม, มงคล) + กร (ผู้กระทำ, ผู้สร้าง) = ผู้สร้างความดีงาม/ความเป็นมงคล"
กัลยทรรศน์,ผู้มีทัศนะดีงาม
กัลยพัชร,ผู้ดีงามล้ำค่าดุจเพชร
กัลยรักษ์,ผู้รักษาความดีงาม
กัลยา,หญิงงาม ผู้ดีงามและเป็นมงคล
กัลยาณี,หญิงผู้มีความดีงามและอ่อนโยน
กัลยาวีร์,ผู้ดีงามและกล้าหาญ
กัลวรา,ผู้ประเสริฐด้วยความดีงาม
กัษณ,ผู้เปี่ยมด้วยฐานะแห่งความดี
กาญจนพร,"กาญจน (ทอง, ทำด้วยทอง) + พร (ประเสริฐ, พร) = ผู้มีพรประเสริฐอันมีค่าดุจทองคำ"
กาญจนวัฒน์,"กาญจน (ทอง, ทำด้วยทอง) + วัฒน์ (ความเจริญ, ความงอกงาม) = ผู้มีความเจริญรุ่งเรืองอันมีค่าดุจทองคำ"
กานต์การัณย์,"กานต์ (เป็นที่รัก, น่ารัก) + การัณย์ (กิจที่พึงกระทำ, การงาน, สิ่งสำคัญ) = ผู้มีกิจอันเป็นที่รัก"
กานต์ธิดา,"กานต์ (เป็นที่รัก, น่ารัก) + ธิดา (ลูกสาว, หญิงสาว) = ลูกสาวผู้เป็นที่รัก"
กานต์พิชชา,"กานต์ (เป็นที่รัก, น่ารัก) + พิชชา (ความรู้, ปัญญา) = ผู้มีความรู้/ปัญญาอันเป็นที่รัก"
กาสะลอง,ดอกปีบ ดอกไม้ขาวหอมงามบริสุทธิ์
กิกิ,ผู้เปี่ยมด้วยความฉลาดว่องไว
กิ่งกาญจน์,กิ่งทองหรือผู้แตกแขนงจากคุณค่าอันล้ำเลิศ
กิ่งดาว,ผู้เปล่งประกายงดงามดุจกิ่งแห่งดวงดาว
กิ่งเพชร,ผู้ล้ำค่าและแข็งแกร่งดุจกิ่งเพชร
กิ่งฟ้า,ผู้สูงส่งและงดงามดั่งกิ่งแห่งฟ้า
กิ่งมณี,ผู้ล้ำค่าดุจกิ่งแก้วมณี
กิจ,งานหรือการกระทำ สื่อถึงผู้ขยันสร้างความสำเร็จ
กิจกมล,ผู้ทำงานด้วยหัวใจงดงาม
กิจจา,ภารกิจหรือหน้าที่อันควรกระทำ
กิจจานนท์,ผู้มีความสุขยินดีในการงาน
กิจจานี,ผู้ชำนาญในภารกิจและหน้าที่
กิจจาพร,ผู้ได้รับพรจากการทำหน้าที่ดี
กิจธนา,ผู้สร้างทรัพย์จากการงาน
กิจนิรันดร์,ผู้มีภารกิจดีงามอย่างยั่งยืน
กิจใบ,ผู้มีการงานและความฉลาดว่องไว
กิจพัฒน์,ผู้พัฒนางานให้เจริญก้าวหน้า
กิจพิทยา,ผู้มีความรู้ในการงานและภารกิจ
กิณน,
กิณม,
กิณฬ,
กิตติ,"กิตติ (เกียรติ, ชื่อเสียง) = เกียรติยศ, ชื่อเสียง"
กิตติธัช,"กิตติ (เกียรติ, ชื่อเสียง) + ธัช (ธง, เครื่องหมาย, ผู้นำ) = ผู้เป็นธงชัยแห่งเกียรติยศ"
กิตตินันท์,"กิตติ (เกียรติ, ชื่อเสียง) + นันท์ (ความยินดี, ความสุข) = ผู้มีเกียรติยศอันน่ายินดี"
กิตติพงศ์,"กิตติ (ชื่อเสียง, คำสรรเสริญ, บาลี-สันสกฤต กิตฺติ) + พงศ์ (เชื้อสาย, ตระกูล, บาลี-สันสกฤต วงฺส) = เชื้อสายผู้มีชื่อเสียง, ตระกูลอันเป็นที่สรรเสริญ"
กิตติศักดิ์,"กิตติ (ชื่อเสียง, เกียรติ, บาลี-สันสกฤต กิตฺติ) + ศักดิ์ (อำนาจ, เกียรติยศ, บาลี-สันสกฤต สกฺติ) = ผู้มีเกียรติและชื่อเสียง, ผู้มีอำนาจและศักดิ์ศรีอันเป็นที่รู้จัก"
กินรี,"กินรี (สัตว์ในป่าหิมพานต์ มีรูปกายท่อนบนเป็นหญิง ท่อนล่างเป็นนก, บาลี-สันสกฤต กินฺนร) = สัตว์ในป่าหิมพานต์มีรูปกายเป็นหญิงครึ่งนก ซึ่งเป็นสัญลักษณ์ของความงามและความสง่างาม"
กิรณา,"กิรณา (แสงสว่าง, รัศมี, รังสีแห่งแสง, บาลี-สันสกฤต กิรณ) = แสงสว่าง, รัศมีแห่งแสง"
กิริฎา,มงกุฎหรือเครื่องหมายแห่งเกียรติยศ
กิษณวิษณ์,ผู้มีความสุขุมลุ่มลึกและความฉลาดว่องไว
เกียรติคุณ,"เกียรติ (ชื่อเสียง, ความยกย่อง, บาลี-สันสกฤต กีรฺติ) + คุณ (ความดี, ประโยชน์, บาลี-สันสกฤต คุณ) = ความดีอันเป็นที่ยกย่อง, ชื่อเสียงอันเกิดจากความดีงาม"
เกียรติศักดิ์,"เกียรติ (ชื่อเสียง, ความยกย่อง, บาลี-สันสกฤต กีรฺติ) + ศักดิ์ (อำนาจ, เกียรติยศ, บาลี-สันสกฤต สกฺติ) = ผู้มีเกียรติและศักดิ์ศรี, ผู้มีศักดิ์อำนาจอันเป็นที่ยอมรับ"
โกมล,อ่อนโยน นุ่มนวล และงดงาม
โกมลกร,
โกมลคุณ,
โกมลธรรม,
โกมลภัทร,
โกมินทร์กร,
โกมินทร์คุณ,
โกมินทร์ภัทร,
โกมินทร์วิชญ์,
โกลัญญา,"โกลัญญา (หญิงผู้มีตระกูลดี, ผู้ดีมีตระกูล, บาลี-สันสกฤต โกลินฺย) = สตรีผู้สูงศักดิ์, ผู้ดีมีตระกูล"
โกวิฐ,ผู้ฉลาดรอบรู้และชำนาญ
โกวิท,ผู้มีความรู้และปัญญา
โกวิทคุณ,
โกวิทธรรม,
ไกน,
ไกร,ยิ่งใหญ่ กล้าหาญ และเหนือกว่า
ไกรณัท,ผู้ยิ่งใหญ่ด้วยปัญญาและความรู้
ไกรทอง,ผู้ยิ่งใหญ่และล้ำค่าดุจทอง
ไกรธรรม,
ไกรธรรมธรรม,
ไกรนรา,บุรุษผู้ยิ่งใหญ่และสง่างาม
ไกรภัทรกร,
ไกรภัทรคุณ,
ไกรภัทรภัทร,
ไกรภัทรวิชญ์,
ไกรโรจน์,ผู้ยิ่งใหญ่และรุ่งเรืองสว่างไสว
ไกรวัชร,ผู้ยิ่งใหญ่แข็งแกร่งดุจเพชร
ไกรวิชญ์,"ไกร (เขมร: ยิ่งใหญ่, แข็งแรง, กล้าหาญ) + วิชญ์ (บาลี-สันสกฤต: ความรู้, ผู้รู้, นักปราชญ์) = ผู้มีความรู้และยิ่งใหญ่, นักปราชญ์ผู้กล้าหาญและแข็งแรง"
ไกรวิชญ์คุณ,
ไกรวิชญ์ภัทร,
ไกรศรกร,
ไกรศรคุณ,
ไกรศรธรรม,
ไกรศรภัทร,
ไกรศรวิชญ์,
ไกรสร,ราชสีห์ ผู้กล้าหาญและสง่างาม
ไกรสรกร,
ไกรสรคุณ,
ไกรสรธรรม,
ไกรสรภัทร,
ไกรสรวิชญ์,
ไกรสิทธิ์,ผู้ยิ่งใหญ่ด้วยอำนาจและความสำเร็จ
ไกวัล,ความหลุดพ้นหรือความเป็นหนึ่งอันสูงสุด
ไกษ,
ขจร,ฟุ้งไปหรือเลื่องลือ สื่อถึงชื่อเสียงที่แผ่ไกล
ขจรกัณฑ์,เรื่องราวอันเลื่องลือและทรงคุณค่า
ขจรจบ,ผู้มีชื่อเสียงงดงามสมบูรณ์
ขจรทองคำ,ผผู้มีชื่อเสียงเลื่องลือและล้ำค่าดุจทองคำ
ขจรวรรณ,ผู้มีชื่อเสียงและผิวพรรณงดงาม
ขจรวรรณรักษ์,ผู้รักษาเกียรติและความงามอันเลื่องลือ
ขจรวัจน์,ผู้มีวาจางดงามเลื่องลือ
ขจรอุษา,"ขจร (ฟุ้งไป, แพร่หลาย, กลิ่นหอมฟุ้ง, คำไทย) + อุษา (เวลาเช้าตรู่, รุ่งอรุณ, บาลี-สันสกฤต อุษา) = รุ่งอรุณอันเป็นที่รู้จักหรือรุ่งอรุณที่มีกลิ่นหอมฟุ้งไปทั่ว"
ขต,ผู้มีหลักมั่นคงและขอบเขตชีวิตชัดเจน
ขบวรวรรณ,ผู้มีวรรณะงดงามและเป็นที่นับถือ
ขรรค์,ดาบ สื่อถึงความกล้าหาญเด็ดเดี่ยว
ขวัญ,สิ่งเป็นมิ่งมงคลหรือกำลังใจแห่งชีวิต
ขวัญกจร,ขวัญอันเลื่องลือและเป็นมงคล
ขวัญกนก,ขวัญอันล้ำค่าดุจทองคำ
ขวัญกมล,ขวัญแห่งดวงใจอันงดงาม
ขวัญกลับ,ขวัญที่คืนสู่ความมั่นคงและปลอดภัย
ขวัญขจร,ขวัญอันเป็นมงคลและเลื่องลือ
ขวัญจร,ขวัญที่นำพาไปสู่สิ่งดีงาม
ขวัญจิรา,ขวัญอันยั่งยืนยาวนาน
ขวัญใจ,"ขวัญ (ไทย: มิ่งขวัญ, สิริมงคล) + ใจ (ไทย: จิตใจ, อารมณ์) (คำผสม) = ผู้เป็นที่รักและเป็นสิริมงคลแห่งจิตใจ"
ขวัญชญา,ขวัญแห่งปัญญาและความรู้
ขวัญธิดา,"ขวัญ (สิ่งมงคล, สิริมงคล, ความรัก, คำไทย) + ธิดา (ลูกสาว, บาลี-สันสกฤต ธีตา) = ลูกสาวอันเป็นที่รัก, ลูกสาวผู้เป็นสิริมงคล"
ขวัญนรี,หญิงผู้เป็นขวัญและความรักของผู้คน
ขวัญนานน,ขวัญอันเป็นความสุขยาวนาน
ขวัญนารี,หญิงผู้เป็นมิ่งขวัญอันน่ารัก
ขวัญมนัท,ขวัญแห่งใจผู้มีความรู้
ขวัญมนัส,ขวัญแห่งจิตใจและความรู้สึกดีงาม
ขวัญลักษณ์,"ขวัญ (สิ่งมงคล, สิริมงคล, คำไทย) + ลักษณ์ (ลักษณะ, เครื่องหมาย, ความงาม, บาลี-สันสกฤต ลกฺษณ) = ผู้มีลักษณะอันเป็นมงคล, ความงามอันเป็นสิริมงคล"
ขวัญวร,ขวัญอันประเสริฐ
ขวัญวรัชญ์,ขวัญแห่งปัญญาอันประเสริฐ
ขวัญวิชญ์,ขวัญแห่งนักปราชญ์ผู้รู้
ขวัญศิริลักษ,ขวัญอันมีสิริและลักษณะงดงาม
ขวัญสรวง,ขวัญอันสูงส่งดุจสรวงสวรรค์
ขวัญเอิง,ขวัญอันสดใสและน่ารัก
ขวัณนนท์,ขวัญแห่งความสุขยินดี
ขวัณภรณ์,ขวัญอันประดับด้วยความงดงาม
ขวาจอมทอง,
ขวานทองคำ,
ขอนทอง,ท่อนไม้ทองหรือสิ่งมั่นคงที่มีคุณค่า
ขันคำ,ภาชนะทองคำหรือผู้รองรับสิ่งล้ำค่า
ขันทอง,ภาชนะทองคำ สื่อถึงความมั่งคั่งและคุณค่า
ขันทะ,ความพอใจใฝ่ดีและความเพียร
ขันธ์,หมวดหมู่หรือองค์ประกอบแห่งชีวิต
ขันธม่วง,ผู้เปี่ยมด้วยองค์ประกอบแห่งชีวิต
ขันธรรม,ผู้ยึดมั่นในธรรมและความถูกต้อง
ขันธสรณ์,ผู้ระลึกถึงหลักธรรมและองค์ประกอบแห่งชีวิต
ขันธาวาร,ผู้มีฐานแห่งชีวิตอันมั่นคง
ขันธุลา,ผู้มีองค์ประกอบแห่งชีวิต ความละมุน และความอ่อนโยนสง่างาม
ขัมน์,ผู้เปี่ยมด้วยพลังมั่นคง
ขิม,เครื่องดนตรีไทยชนิดหนึ่ง สื่อถึงความไพเราะอ่อนหวาน
ขิม่,ผู้เปี่ยมด้วยความมั่นคง
ขิมจันทร์,"ขิม (เครื่องดนตรีไทยชนิดหนึ่ง, คำไทย) + จันทร์ (พระจันทร์, บาลี-สันสกฤต จนฺทฺร) = ผู้ที่งดงามหรือไพเราะดุจพระจันทร์และเสียงขิม"
ขิมน,ผู้มีใจไพเราะอ่อนหวาน
ขิมนนท์,ผู้เป็นความสุขอันไพเราะอ่อนหวาน
เขตประกร,ผู้สร้างขอบเขตและหลักฐานให้มั่นคง
เขตอนันต์,ขอบเขตอันกว้างใหญ่ไร้ประมาณ
เขมจิรา,ผู้มีความสุขปลอดภัยยั่งยืนนาน
เขมนิจ,"เขม (ความเกษม, ความปลอดภัย, บาลี-สันสกฤต เขม) + นิจ (สม่ำเสมอ, เป็นนิตย์, บาลี-สันสกฤต นิจฺจ) = ผู้มีความปลอดภัยหรือความเกษมอยู่เสมอเป็นนิตย์"
เขมิณทรา,ผู้เป็นใหญ่ในความสงบและความปลอดภัย
เขมินทรา,ผู้เป็นใหญ่ในความเกษมและความร่มเย็น
เขรกรรินทร์,
เขรกรลักษณ์,
เขรคุณณัฐ,
เขรจิราณัฐ,
เขรจิราธรรม,
เขรจิราวรรณ,
เขรญารินทร์,
เขรญาลักษณ์,
เขรณัฐคุณ,
เขรณัฐจิรา,
เขรณัฐนนท์,
เขรณัฐภัทร,
เขรณัฐวรรณ,
เขรณัฐวิชญ์,
เขรณัฐอร,
เขรธรนนท์,
เขรธรรมจิรา,
เขรธรรมนนท์,
เขรธรรมวรรณ,
เขรธรลักษณ์,
เขรธรวิชญ์,
เขรนนท์ณัฐ,
เขรนนท์ธร,
เขรนนท์ธรรม,
เขรภัทรณัฐ,
เขรรินทร์กร,
เขรรินทร์ญา,
เขรวรรณณัฐ,
เขรวิชญ์ธร,
เขรอรณัฐ,
เขรินกรณัฐ,
เขรินญาณัฐ,
เขรินณัฐกร,
เขรินณัฐญา,
เขรินณัฐอร,
เขรินวรรณ,
เขรินวิชญ์,
เขรินอรณัฐ,
เขวกร,
เขวกรวิชญ์,
เขวคุณนนท์,
เขวญา,
เขวญาวิชญ์,
เขวณัฐธร,
เขวณัฐธรรม,
เขวธรณัฐ,
เขวธรรมณัฐ,
เขวนนท์คุณ,
เขวนนท์อร,
เขววิชญ์กร,
เขววิชญ์ญา,
เขววิชญ์อร,
เขวอรนนท์,
เขวอรวิชญ์,
เขวิกร,
เขวิกรญา,
เขวิกรธรรม,
เขวิคุณ,
เขวิคุณณัฐ,
เขวิญา,
เขวิญาธรรม,
เขวิณัฐคุณ,
เขวิณัฐธร,
เขวิณัฐอร,
เขวิธรณัฐ,
เขวิธรนนท์,
เขวิธรรมกร,
เขวิธรรมญา,
เขวิธรรมอร,
เขวิธรวรรณ,
เขวินนท์ธร,
เขวินนท์อร,
เขวิภัทร,
เขวิรินทร์,
เขวิวรรณธร,
เขวิอร,
เขวิอรณัฐ,
เขวิอรธรรม,
เขวิอรนนท์,
แข็งแรง,มีกำลังสมบูรณ์ มั่นคง และทนทาน
โขธรกร,
โขธรกรญา,
โขธรกรธรรม,
โขธรกรวิชญ์,
โขธรคุณ,
โขธรคุณณัฐ,
โขธรคุณธรรม,
โขธรคุณนนท์,
โขธรญา,
โขธรญาธรรม,
โขธรญาวิชญ์,
โขธรณัฐคุณ,
โขธรณัฐธร,
โขธรณัฐภัทร,
โขธรณัฐวรรณ,
โขธรณัฐอร,
โขธรธรณัฐ,
โขธรธรนนท์,
โขธรธรรมกร,
โขธรธรรมคุณ,
โขธรธรรมญา,
โขธรธรรมอร,
โขธรธรวรรณ,
โขธรนนท์คุณ,
โขธรนนท์ธร,
โขธรนนท์อร,
โขธรภัทร,
โขธรภัทรณัฐ,
โขธรรินทร์,
โขธรวรรณณัฐ,
โขธรวรรณธร,
โขธรวิชญ์กร,
โขธรวิชญ์ญา,
โขธรอร,
โขธรอรณัฐ,
โขธรอรธรรม,
โขธรอรนนท์,
โขรินกร,
โขรินกรณัฐ,
โขรินกรธรรม,
โขรินกรนนท์,
โขรินญา,
โขรินญาณัฐ,
โขรินณัฐกร,
โขรินณัฐญา,
โขรินณัฐธร,
โขรินธรณัฐ,
โขรินธรรม,
โขรินวิชญ์,
โขวิทญาณัฐ,
โขวิทณัฐกร,
โขวิทณัฐญา,
โขวิทณัฐอร,
โขวิทวรรณ,
โขวิทวิชญ์,
โขวิทอรณัฐ,
โขวินกรคุณ,
โขวินกรณัฐ,
โขวินกรอร,
โขวินคุณกร,
โขวินคุณญา,
โขวินคุณอร,
โขวินจิรา,
โขวินญาคุณ,
โขวินญาณัฐ,
โขวินญาอร,
โขวินณัฐกร,
โขวินณัฐญา,
โขวินนนท์,
โขวินวรรณ,
โขวินวิชญ์,
โขวินอรกร,
โขวินอรคุณ,
โขวินอรญา,
ไขธรกร,
ไขธรกรณัฐ,
ไขธรกรธรรม,
ไขธรกรนนท์,
ไขธรจิราธร,
ไขธรจิราอร,
ไขธรญา,
ไขธรญาณัฐ,
ไขธรญาธรรม,
ไขธรญานนท์,
ไขธรณัฐกร,
ไขธรณัฐญา,
ไขธรณัฐธร,
ไขธรธรจิรา,
ไขธรธรณัฐ,
ไขธรธรธรรม,
ไขธรธรรม,
ไขธรธรรมกร,
ไขธรธรรมญา,
ไขธรธรรมธร,
ไขธรธรรมอร,
ไขธรธรวรรณ,
ไขธรนนท์กร,
ไขธรนนท์ญา,
ไขธรรินทร์,
ไขธรวรรณธร,
ไขธรวิชญ์,
ไขธรอรจิรา,
ไขธรอรธรรม,
ไขรินคุณธร,
ไขรินคุณอร,
ไขรินณัฐ,
ไขรินณัฐธร,
ไขรินธรคุณ,
ไขรินธรณัฐ,
ไขรินธรรม,
ไขรินธรอร,
ไขรินนนท์,
ไขรินอรธร,
ไขวรกรคุณ,
ไขวรกรณัฐ,
ไขวรกรอร,
ไขวรคุณกร,
ไขวรคุณญา,
ไขวรคุณอร,
ไขวรจิรา,
ไขวรญาคุณ,
ไขวรญาณัฐ,
ไขวรญาอร,
ไขวรณัฐกร,
ไขวรณัฐญา,
ไขวรนนท์,
ไขวรวรรณ,
ไขวรวิชญ์,
ไขวรอรกร,
ไขวรอรคุณ,
ไขวรอรญา,
ไขวินกรญา,
ไขวินกรอร,
ไขวินคุณ,
ไขวินจิรา,
ไขวินญาอร,
ไขวินณัฐ,
ไขวินธรอร,
ไขวินนนท์,
ไขวินภัทร,
ไขวินวรรณ,
ไขวินอร,
ไขวินอรกร,
ไขวินอรญา,
ไขวินอรธร,
คคนะ,ท้องฟ้า อากาศ หรือความสูงโปร่ง
คคนานต์,ผู้กว้างไกลดุจท้องฟ้าอันไม่มีที่สุด
คง,มั่นคง แน่วแน่ และไม่เปลี่ยนแปลงง่าย
คงคา,แม่น้ำคงคา สายน้ำศักดิ์สิทธิ์และอุดมสมบูรณ์
คงแคล้ว,ผู้มั่นคงและแคล้วคลาดจากภัย
คงจันทร์,ผู้มั่นคงและงดงามเย็นใจดุจจันทร์
คงเจริญ,ผู้มั่นคงในความเจริญรุ่งเรือง
คงเพชร,ผู้มั่นคงแข็งแกร่งดุจเพชร
คงวัดใหม่,ผู้มั่นคงในถิ่นฐานและศรัทธาใหม่
คงวิไล,ผู้มั่นคงในความงดงาม
คงเวหน,ผู้มั่นคงสูงส่งดุจฟากฟ้า
คงอ่อน,ผู้มีความมั่นคงแต่อ่อนโยน
คงอาจหาญ,ผู้มั่นคงและกล้าหาญ
คชษิน,ผู้สง่างามดุจช้างและมีความสงบมั่นคง
คชาธร,"คชา (ช้าง, บาลี-สันสกฤต คช) + ธร (ผู้ทรงไว้, ผู้ค้ำจุน, บาลี-สันสกฤต ธร) = ผู้ทรงไว้ซึ่งช้าง (หมายถึงผู้มีอำนาจ, ความยิ่งใหญ่)"
คชิน,
คณกมลทอง,
คณกร,ผู้สร้างคุณประโยชน์แก่หมู่ชน
คณทอง,
คณทองคำ,
คณนภัค,ผู้มีโชคดีในหมู่ชนและสูงส่งดั่งฟ้า
คณนันท์,ผู้เป็นความยินดีของหมู่ชน
คณภณ,ผู้มีวาจาดีในหมู่ชน
คณภร,ผู้ค้ำจุนหมู่ชน
คณภรณ์,ผู้เป็นเครื่องประดับของหมู่ชน
คณภัทร,ผู้เป็นมงคลแก่หมู่ชน
คณม,
คณวัท,"คณ (หมู่, คณะ, บาลี-สันสกฤต คณ) + วัท (ผู้กล่าว, ผู้พูด, ผู้ยกย่อง, บาลี-สันสกฤต วาท) = ผู้กล่าวในที่ประชุมชน, ผู้เป็นที่ยกย่องของหมู่คณะ"
คณวิน,ผู้มีชัยชนะในหมู่ชน
คณวินธร,"คณ (หมู่คณะ, บาลี-สันสกฤต คณ) + วิน (ความรู้, ชัยชนะ, บาลี-สันสกฤต วินย/วิญญู) + ธร (ผู้ทรงไว้, บาลี-สันสกฤต ธร) = ผู้ทรงไว้ซึ่งความรู้หรือชัยชนะของหมู่คณะ, ผู้ค้ำจุนหมู่คณะด้วยความรู้"
คณัช,ผู้เกิดมาเพื่อหมู่ชน
คณัท,ผู้เปี่ยมความรู้ในหมู่ชน
คณัทธร,"คณ (หมู่คณะ, บาลี-สันสกฤต คณ) + อธิ (ยิ่งใหญ่, เหนือกว่า, บาลี-สันสกฤต อธิ) + ธร (ผู้ทรงไว้, บาลี-สันสกฤต ธร) = ผู้ทรงไว้ซึ่งความเป็นใหญ่เหนือหมู่คณะ, ผู้นำหมู่คณะผู้มีอำนาจ"
คณัทวิน,"คณ (หมู่คณะ, บาลี-สันสกฤต คณ) + อธิ (ยิ่งใหญ่, เหนือกว่า, บาลี-สันสกฤต อธิ) + วิน (ความสำเร็จ, ชัยชนะ, บาลี-สันสกฤต วินย) = ผู้มีความสำเร็จอันยิ่งใหญ่ของหมู่คณะ, ผู้นำหมู่คณะผู้มีชัยชนะ"
คณา,หมู่ คณะ หรือชุมชน
คณาธร,ผู้ค้ำจุนหมู่ชน
คณาธิป,ผู้นำหรือผู้เป็นใหญ่ในหมู่ชน
คณานัท,ผู้เป็นที่รักและมีความรู้ในหมู่ชน
คณามัน,ผู้มีหมู่ชนและความมั่นคง
คณาวัน,ผู้เป็นมงคลแก่หมู่ชนในวันดี
คณิญา,หญิงผู้เป็นที่รักของหมู่ชน
คณิณ,"คณ (หมู่, คณะ, บาลี-สันสกฤต คณ) + อินทร์ (ผู้เป็นใหญ่, บาลี-สันสกฤต อินฺทฺร) = ผู้เป็นใหญ่ในหมู่คณะ, หัวหน้าหมู่คณะ"
คณิณวิน,"คณิณ (ผู้เป็นใหญ่ในหมู่คณะ, บาลี-สันสกฤต คณ + อินฺทฺร) + วิน (ความสำเร็จ, ชัยชนะ, บาลี-สันสกฤต วินย) = ผู้นำหมู่คณะผู้มีชัยชนะ, ผู้เป็นใหญ่และมีความสำเร็จ"
คณิน,"คณ (หมู่, คณะ, บาลี-สันสกฤต คณ) + อิน (ผู้เป็นใหญ่, บาลี-สันสกฤต อินฺทฺร) = ผู้เป็นใหญ่ในหมู่คณะ, หัวหน้าหมู่คณะ"
คณินท์,"คณ (กลุ่ม, คณะ) + อินท์ (ผู้เป็นใหญ่) = ผู้เป็นใหญ่ในหมู่คณะ, หัวหน้ากลุ่ม"
คณินทน,ผู้เป็นใหญ่และมั่นคงในหมู่ชน
คณินทร์,ผู้เป็นใหญ่ในหมู่ชน
คณินธร,"คณ (กลุ่ม, คณะ) + อินทฺร (ผู้เป็นใหญ่) + ธร (ผู้ทรงไว้, ผู้ค้ำจุน) = ผู้ทรงไว้ซึ่งความเป็นใหญ่ในหมู่คณะ, ผู้ค้ำจุนกลุ่มให้เป็นใหญ่"
คณิศ,"คณ (กลุ่ม, คณะ) + อิศ (ผู้เป็นใหญ่, เจ้า) = ผู้เป็นใหญ่ในหมู่คณะ, เจ้าแห่งกลุ่ม"
คณิศธร,"คณ (กลุ่ม, คณะ) + อิศ (ผู้เป็นใหญ่, เจ้า) + ธร (ผู้ทรงไว้, ผู้ค้ำจุน) = ผู้ทรงไว้ซึ่งความเป็นใหญ่ในหมู่คณะ, ผู้ค้ำจุนกลุ่มให้เป็นใหญ่"
คณิศร,"คณ (กลุ่ม, คณะ) + อิศร (ผู้เป็นใหญ่, ผู้ปกครอง) = ผู้เป็นใหญ่ในหมู่คณะ, ผู้ปกครองกลุ่ม"
คณิสร,"คณ (กลุ่ม, คณะ) + อิสร (ผู้เป็นใหญ่, อิสระ) = ผู้เป็นใหญ่ในหมู่คณะผู้ทรงไว้ซึ่งความเป็นอิสระ"
คณิสรน,ผู้เป็นที่พึ่งของหมู่ชน
คนานถ์,ผู้เป็นที่พึ่งอันกว้างใหญ่
คนารัน,ผู้เปี่ยมด้วยความกว้างใหญ่
คนิศร,ผู้เป็นใหญ่เหนือหมู่ชน
คปิน,
คม,แหลม เฉียบ หรือมีไหวพริบดี
คมกร,ผู้มีฝีมือเฉียบคม
คมคณินณ์,ผู้เฉียบคมและเป็นใหญ่ในหมู่ชน
คมฐณิษฎ์,ผู้เฉียบคมและมั่นคงในความดี
คมธันวา,ผู้เฉียบคมดุจคันธนูแห่งเดือนธันวา
คมน,
คมภัทร,"คม (เฉลียวฉลาด, หลักแหลม) + ภัทร (ดี, งาม, เจริญ, เป็นสิริมงคล) = ผู้มีความเฉลียวฉลาดดีงามและเจริญรุ่งเรือง"
คมศักดิ์,"คม (เฉลียวฉลาด, หลักแหลม) + ศักดิ์ (อำนาจ, เกียรติ) = ผู้มีสติปัญญาหลักแหลมและมีอำนาจเกียรติยศ"
คมอนันต์,ผู้มีปัญญาเฉียบคมไร้ขอบเขต
คมัก,ผู้เปี่ยมด้วยปัญญาเฉียบคม
คมิก,"คมิก (ผู้ไป, ผู้เดินทาง) = ผู้เดินทาง, ผู้ก้าวหน้า"
ครคง,ผู้มั่นคงในวิถีแห่งตน
ครองใจ,ผู้เป็นเจ้าของดวงใจและความรัก
ครองตน,ผู้รู้จักรักษาตนและดำรงตนอย่างเหมาะสม
ครองรัก,ผู้รักษาความรักให้มั่นคง
คริณ,"คริณ (จาก กฤณ: ทอง, ผู้สร้าง, ผู้กระทำ) = ผู้สร้าง, ผู้กระทำ, ผู้มีค่าดุจทอง"
คริณท์,"คริณ (ทอง, ผู้สร้าง) + อินท์ (ผู้เป็นใหญ่) = ผู้สร้างผู้เป็นใหญ่, ผู้มีค่าดุจทองผู้เป็นใหญ่"
คริณธร,"คริณ (ทอง, ผู้สร้าง) + ธร (ผู้ทรงไว้, ผู้ค้ำจุน) = ผู้ทรงไว้ซึ่งความเป็นผู้สร้าง, ผู้ค้ำจุนผู้สร้าง, ผู้มีค่าดุจทองผู้ค้ำจุน"
คริณธา,"คริณ (ทอง, ผู้สร้าง) + ธา (ทรงไว้, สร้าง) = ผู้สร้างสรรค์, ผู้ทรงไว้ซึ่งสิ่งสร้าง"
คริณธิน,"คริณ (ทอง, ผู้สร้าง) + ธิน (จาก ธน: ทรัพย์, ความมั่งคั่ง) = ผู้สร้างสรรค์สิ่งที่มีค่าและมีความมั่งคั่ง, ผู้มีค่าดุจทองและมีทรัพย์"
คริณภัทร,"คริณ (ทอง, ผู้สร้าง) + ภัทร (ดี, งาม, เจริญ, เป็นสิริมงคล) = ผู้สร้างสรรค์สิ่งที่ดีงามและเจริญรุ่งเรือง, ผู้มีค่าดุจทองและเป็นสิริมงคล"
คริณวิน,"คริณ (ทอง, ผู้สร้าง) + วิน (ผู้ชนะ, ผู้ได้) = ผู้สร้างสรรค์สิ่งที่ดีงามและเป็นผู้ชนะ, ผู้มีค่าดุจทองและประสบความสำเร็จ"
คริณา,"คริณ (ทอง, ผู้สร้าง) + อา (suffix feminine) = ผู้สร้างสรรค์ (หญิง), ผู้กระทำ (หญิง), ผู้มีค่าดุจทอง (หญิง)"
คริณาวิน,"คริณา (ผู้สร้างหญิง, ผู้มีค่าดุจทองหญิง) + วิน (ผู้ชนะ, ผู้ได้) = ผู้สร้างสรรค์ (หญิง) ผู้ประสบความสำเร็จ, ผู้มีค่าดุจทอง (หญิง) และเป็นผู้ชนะ"
คริศ,ผู้เปี่ยมด้วยความรุ่งเรือง
คริสตินา,ชื่อนี้ไม่ใช่คำสมาส/สนธิ บาลี-สันสกฤต แต่เป็นชื่อสากลที่มาจาก 'Christian' ซึ่งหมายถึง ผู้ติดตามพระคริสต์
ครุธโกษา,ผู้มีทรัพย์หรือคลังอันยิ่งใหญ่ดุจพญาครุฑ
ครุธหอม,ผู้สง่างามและมีเสน่ห์ดุจกลิ่นหอม
คล่อง,ว่องไว ชำนาญ และทำสิ่งต่าง ๆ ได้ราบรื่น
คลังเพชร,แหล่งรวมคุณค่าล้ำค่าดุจเพชร
ควร,เหมาะสม สมควร และคู่ควรแก่ความดี
ควิณ,ผู้เปี่ยมด้วยความฉลาดว่องไว
ควินท์,ชื่อนี้ไม่ใช่คำสมาส/สนธิ บาลี-สันสกฤต แต่เป็นชื่อสากล (จาก Latin 'Quintus' แปลว่า ลำดับที่ห้า หรือจาก Irish 'Quinn' แปลว่า ผู้สืบทอดเชื้อสายหัวหน้า) มีความหมายถึง ผู้นำ หรือ ผู้เป็นเลิศ
ควินธร,"ควิน (จาก กวิน: ผู้ฉลาด, กวี, ผู้เป็นใหญ่) + ธร (ผู้ทรงไว้, ผู้ค้ำจุน) = ผู้ทรงไว้ซึ่งความเป็นผู้ฉลาดหลักแหลมและเป็นใหญ่ หรือ ผู้ค้ำจุนซึ่งความเป็นกวี/ผู้ฉลาด"
ควินน์,ผู้มีผู้นำที่สง่างามและชัยชนะ
ควินภัทร,"ควิน (จาก กวิน: ผู้ฉลาด, กวี, ผู้เป็นใหญ่) + ภัทร (เจริญ, งาม, ดี, ประเสริฐ, เป็นสิริมงคล) = ผู้ฉลาดหลักแหลมและเจริญรุ่งเรือง หรือ ผู้เป็นใหญ่ผู้ประเสริฐ"
คหรุโจด,ผู้เปี่ยมด้วยเรือนอันมั่นคง
คหัง,เรือนหรือเคหสถาน สื่อถึงความมั่นคงในบ้าน
คหัสธรรม,ธรรมของผู้ครองเรือนหรือหลักชีวิตคฤหัสถ์
คอมแพงจันทร์,ผู้เป็นที่รักและงดงามดุจจันทร์
คะณา,หมู่คณะหรือกลุ่มชน
คักนาม,ผู้เปี่ยมด้วยความอ่อนโยน
คันทะมน,ผู้มีใจใฝ่ดีและพอใจในสิ่งงาม
คันทะมาร์ต,ผู้เปี่ยมด้วยความพึงใจ
คันทะราษฎร์,ผู้เป็นที่รักและพึงใจของประชาชน
คันทะวัน,วันที่น่าพึงใจหรือวันอันเป็นมงคล
คันทิวัน,วันที่งดงามและน่าพึงใจ
คาคำลุน,ผู้มีทองคำและความละมุน
คานทอง,คานทองหรือสิ่งค้ำจุนอันมีคุณค่า
คาม,หมู่บ้านหรือถิ่นฐาน สื่อถึงความอบอุ่นมั่นคง
คามิน,ผู้เดินทางหรือผู้แสวงหาหนทาง
คามิม,ผู้เปี่ยมด้วยถิ่นฐาน
คาร,การเคารพหรือการยกย่อง
คารม,"คำไทยแท้ ไม่ใช่บาลี-สันสกฤต (ความหมายเดิม: งานอันน่าเพลิดเพลิน, แต่ในภาษาไทยปัจจุบันหมายถึง ถ้อยคำคมคาย) = ผู้มีถ้อยคำคมคาย, วาทศิลป์เป็นเลิศ"
คาราห์,ผู้เปี่ยมด้วยความเคารพ
คาริน,"คาร (Kara: การกระทำ, แสง, รัศมี) + อิน (In: ผู้เป็นใหญ่, ผู้มี, เจ้าของ) = ผู้เป็นใหญ่ในการกระทำ, ผู้มีรัศมี (ความรุ่งเรือง) เป็นใหญ่ (อาจเป็นการประดิษฐ์คำหรือทับศัพท์จากภาษาต่างประเทศ)"
คาเรน,ชื่อสากล ไม่ใช่บาลี-สันสกฤต = (ไม่มีความหมายตามรากศัพท์บาลี-สันสกฤตโดยตรง) เป็นชื่อสากลที่มีเสียงไพเราะ
คำ,ทองคำหรือสิ่งมีค่าสูง
คำจวง,ผู้เปี่ยมด้วยทองคำ
คำจอง,ทองคำที่หมายมั่นหรือสิ่งล้ำค่าที่คู่ควร
คำนวน,การคิดคำนวณ สื่อถึงผู้มีเหตุผลและไหวพริบ
คำมัน,ผู้มีทองคำและความมั่นคง
คำมั่น,วาจาสัญญาอันหนักแน่น
คำรน,"คำไทยแท้ ไม่ใช่บาลี-สันสกฤต = ผู้มีเสียงกึกก้อง, ผู้เป็นที่เกรงขาม"
คำรอบ,ถ้อยคำครบถ้วนหรือคำกล่าวที่สมบูรณ์
คำอ้อ,ผู้มีทองคำและความอ่อนโยน
คำออน,ผู้มีทองคำและความนุ่มนวล
คิณภัทร,"คิณ (จาก กิรณ: รัศมี, แสงสว่าง) + ภัทร (เจริญ, งาม, ดี, ประเสริฐ, เป็นสิริมงคล) = ผู้มีรัศมีแห่งความเจริญ, ผู้มีแสงสว่างอันเป็นมงคล"
คิมนท์,ผู้มีใจงามและอ่อนโยน
คิมหันต์,"คิมหันต์ (บาลี-สันสกฤต: ฤดูร้อน) = ฤดูร้อน (หมายถึงความสดใส, ความเบิกบาน, ความอุดมสมบูรณ์ของพืชพรรณ)"
คิราจน,ผู้เปี่ยมด้วยภูผาสูงส่ง
คิราธา,"คิรา (Kira/Gira: คำพูด, วาจา, เสียง) + ธา (Dha: ผู้ทรงไว้, ผู้ให้, ผู้สร้าง) = ผู้ทรงไว้ซึ่งวาจา, ผู้มีวาจาอันประเสริฐ"
คิราธิน,"คิรา (Kira/Gira: คำพูด, วาจา, เสียง) + ธิน (จาก ธริน/ธินฺ: ผู้ทรงไว้, ผู้ถือครอง, ผู้มีสติปัญญา) = ผู้ทรงไว้ซึ่งวาจาและสติปัญญา, ผู้มีวาจาหลักแหลม"
คิริ,ภูเขา ผู้มั่นคงและสูงส่ง
คิริน,"คิริน (Girin: ภูเขา) = ผู้มั่นคงดุจภูเขา, ผู้มีพลังและความสง่างาม"
คิรินทน,ผู้มั่นคงสูงส่งและเป็นที่ยินดี
คิรินธิน,"คิริน (Girin: ภูเขา) + ธิน (จาก ธริน/ธินฺ: ผู้ทรงไว้, ผู้ถือครอง, ผู้มีสติปัญญา) = ผู้ทรงไว้ซึ่งความมั่นคงดุจภูเขาและสติปัญญา, ผู้หนักแน่นและฉลาด"
คิรินา,"คิริน (Girin: ภูเขา) + อา (A: สตรี, ลักษณะนาม) = ผู้มีความแข็งแกร่งและมั่นคงดุจภูเขา (สำหรับเพศหญิง)"
คิริว,"คิริ (Giri: ภูเขา) + ว (จาก วร: ยอดเยี่ยม, ประเสริฐ) = ผู้ประเสริฐดุจภูเขา, ผู้มีความมั่นคงและยอดเยี่ยม"
คีตะภัทร,"คีตะ (Gita: บทเพลง, การขับร้อง) + ภัทร (เจริญ, งาม, ดี, ประเสริฐ, เป็นสิริมงคล) = ผู้มีบทเพลงอันเป็นสิริมงคล, ผู้มีความงามดุจเสียงเพลงที่ไพเราะ"
คีรณ,"คีรณ (สันสกฤต: การสรรเสริญ, การเปล่งเสียงสรรเสริญ, การแพร่กระจาย) = ผู้เปล่งเสียงสรรเสริญ, ผู้เผยแพร่ความดีงามหรือชื่อเสียง"
คีรธร,"คีร (Gira: คำพูด, วาจา, เสียง) + ธร (Dhara: ผู้ทรงไว้, ผู้ค้ำจุน) = ผู้ทรงไว้ซึ่งวาจา, ผู้มีวาจาอันหนักแน่นและทรงพลัง"
คีรวัน,วันแห่งภูผาหรือความมั่นคงอันสูงส่ง
คีรัช,"คีร (สันสกฤต: ถ้อยคำ, เสียง) + ช (บาลี-สันสกฤต: ผู้เกิด) = ผู้เกิดจากถ้อยคำ, ผู้มีวาทศิลป์อันไพเราะ หรือผู้มีชื่อเสียง"
คีรัน,แสงรัศมีหรือผู้เปล่งประกาย
คีรันต์,ผู้เปล่งประกายรุ่งเรือง
คีรันท์,ผู้มีแสงรัศมีและความรุ่งเรือง
คีรา,"คีรา (Gira: คำพูด, วาจา, เสียง) = ผู้มีวาจาอันไพเราะ, ผู้มีเสียงอันงดงาม"
คีราธา,"คีรา (Gira: คำพูด, วาจา, เสียง) + ธา (Dha: ผู้ทรงไว้, ผู้ให้, ผู้สร้าง) = ผู้ทรงไว้ซึ่งวาจา, ผู้ให้คำพูดอันเป็นคุณ"
คีราธิน,"คีรา (Gira: คำพูด, วาจา, เสียง) + ธิน (จาก ธริน/ธินฺ: ผู้ทรงไว้, ผู้ถือครอง, ผู้มีสติปัญญา) = ผู้ทรงไว้ซึ่งวาจาและสติปัญญา, ผู้มีวาจาหลักแหลม"
คีริน,"คีริน (Girin: ภูเขา) = ผู้มั่นคงดุจภูเขา, ผู้มีพลังและความสง่างาม"
คีรินทร์,"คีรี (ภูเขา) + อินทร์ (ผู้เป็นใหญ่) = ผู้เป็นใหญ่ดุจขุนเขา, ผู้มีความมั่นคงและยิ่งใหญ่"
คีรินธา,"คีริน (Girin: ภูเขา) + ธา (Dha: ผู้ทรงไว้, ผู้ให้, ผู้สร้าง) = ผู้ทรงไว้ซึ่งความมั่นคงดุจภูเขา, ผู้เป็นหลักชัย"
คีรินา,"คีรี (ภูเขา, ความมั่นคง) + นา (ปัจจัยสำหรับสตรี, ความงาม) = ผู้มีความมั่นคงดุจภูเขาและงดงาม"
คีรี,ภูเขา ผู้มั่นคงสูงส่ง
คุณกณนต,
คุณกร,"คุณ (ความดี, คุณค่า) + กร (ผู้กระทำ, ผู้สร้าง) = ผู้สร้างสรรค์ความดี, ผู้กระทำแต่คุณงามความดี"
คุณกะ,
คุณกานต์,"คุณ (ความดี, คุณค่า) + กานต์ (เป็นที่รัก, น่ารัก) = ผู้มีคุณความดีอันเป็นที่รัก"
คุณกิ,
คุณคุณ,"คุณ (ความดี, คุณค่า) + คุณ (ความดี, คุณค่า) = ผู้เปี่ยมด้วยคุณความดีอันอุดม"
คุณณัฏฐ์,
คุณณัฐนต,
คุณโณ,
คุณโณกร,
คุณโณกะ,
คุณโณกิ,
คุณดร,ผู้ค้ำจุนคุณธรรมและความดี
คุณดล,"คุณ (ความดี, คุณค่า) + ดล (บันดาลให้เกิด, ส่งเสริม) = ผู้ดลบันดาลความดี, ผู้ส่งเสริมคุณงามความดี"
คุณดา,"คุณ (ความดี, คุณค่า) + ดา (ผู้ให้, มอบให้) = ผู้ให้คุณความดี, ผู้มอบแต่คุณงามความดี"
คุณเดช,"คุณ (ความดี, คุณค่า) + เดช (อำนาจ, อานุภาพ, ความรุ่งเรือง) = ผู้มีคุณธรรมและอานุภาพ, ผู้มีเดชะแห่งคุณงามความดี"
คุณนนต,
คุณนาม,ชื่ออันมีคุณค่าและความดีงาม
คุณภัทรา,"คุณ (ความดี, คุณค่า) + ภัทรา (เจริญ, ดีงาม, งาม) = ผู้มีคุณความดีอันเจริญงอกงามและงดงาม"
คุณภา,"คุณ (ความดี, คุณค่า) + ภา (แสงสว่าง, รัศมี, ความรุ่งเรือง) = ผู้มีคุณความดีอันเจิดจ้า, ผู้มีคุณธรรมที่รุ่งเรือง"
คุณภาณุ,"คุณ (ความดี, คุณค่า) + ภาณุ (แสงสว่าง, พระอาทิตย์) = ผู้มีคุณงามความดีอันสว่างไสวดุจดวงอาทิตย์"
คุณมณี,"คุณ (ความดี, คุณค่า) + มณี (แก้ว, ของมีค่า, รัตนะ) = ผู้มีคุณค่าดุจแก้วมณี, ผู้มีคุณความดีอันล้ำค่า"
คุณมิน,
คุณเมธา,"คุณ (ความดี, คุณค่า) + เมธา (ปัญญา, ความฉลาด) = ผู้มีคุณธรรมและปัญญา, ผู้มีคุณความดีและความรู้ความสามารถ"
คุณรณ,
คุณรณกร,
คุณรณกะ,
คุณรณกิ,
คุณรพ,"คุณ (ความดี, คุณค่า) + รพ (การสรรเสริญ, การยกย่อง) = ผู้มีคุณความดีอันเป็นที่สรรเสริญ, ผู้ที่ความดีงามเป็นที่ยกย่อง"
คุณรวิ,
คุณรัตน์,"คุณ (ความดี, คุณค่า) + รัตน์ (แก้ว, ของมีค่า, ประเสริฐ) = ผู้มีคุณค่าดุจแก้วรัตนะ, ผู้มีคุณความดีอันประเสริฐ"
คุณรัตนา,"คุณ (ความดี, คุณค่า) + รัตนา (แก้ว, ของมีค่า, ประเสริฐ) = ผู้มีคุณค่าดุจแก้วรัตนะ, ผู้มีคุณความดีอันประเสริฐ"
คุณรา,"คุณ (ความดี, คุณค่า) + รา (ความมั่งคั่ง, ความเจริญรุ่งเรือง, การให้) = ผู้มีคุณความดีและความมั่งคั่ง, ผู้เปี่ยมด้วยคุณค่าและความเจริญ"
คุณรินี,"คุณ (ความดี, คุณค่า) + รินี (การไหลรินออกมาไม่ขาดสาย, ความงดงาม) = ผู้มีคุณความดีไหลรินออกมาไม่ขาดสาย, ผู้เปี่ยมด้วยคุณงามความดีอย่างต่อเนื่อง"
คุณเรศ,"คุณ (ความดี, คุณค่า) + เรศ (ผู้เป็นใหญ่, ยอด, เลิศ) = ผู้มีคุณความดีอันเป็นเลิศ, ผู้เป็นยอดแห่งคุณงามความดี"
คุณลักษณา,"คุณ (ความดี, คุณค่า) + ลักษณา (ลักษณะ, คุณสมบัติที่ดี, สิริมงคล) = ผู้มีคุณความดีเป็นลักษณะ, ผู้มีลักษณะแห่งคุณงามความดีและสิริมงคล"
คุณลินา,"คุณ (ความดี, คุณค่า) + ลินา (อ่อนโยน, ละมุนละไม, ความงาม) = ผู้มีคุณความดีที่อ่อนโยน, ผู้เปี่ยมด้วยคุณธรรมและความงามสง่า"
คุณวร,"คุณ (คุณะ - ความดี, คุณสมบัติ) + วร (วร - ประเสริฐ, เลิศ) = ผู้มีคุณงามความดีอันประเสริฐ"
คุณวรา,"คุณ (คุณะ - ความดี, คุณสมบัติ) + วรา (วรา - หญิงผู้ประเสริฐ, สิ่งที่ประเสริฐ) = สตรีผู้มีคุณงามความดีอันประเสริฐ"
คุณวรี,ผู้ประเสริฐด้วยคุณธรรม
คุณวัฒ,"คุณ (คุณะ - ความดี, คุณสมบัติ) + วัฒ (มาจาก วัฒน์, วฺฤทฺธิ - ความเจริญ, ความงอกงาม) = ผู้มีคุณงามความดีอันเจริญรุ่งเรือง"
คุณวันอณ,
คุณวินา,"คุณ (คุณะ - ความดี, คุณสมบัติ) + วินา (อนุมานจาก วินย, วินิต - ระเบียบวินัย, การฝึกฝนมาดี) = ผู้มีคุณงามความดีและระเบียบวินัย"
คุณวุฒิ,"คุณ (คุณะ - ความดี, คุณสมบัติ) + วุฒิ (วฺฤทฺธิ - ความเจริญ, ความรู้ความสามารถ, ความเป็นผู้ใหญ่) = ผู้มีคุณสมบัติและความรู้ความสามารถอันเจริญ"
คุณอณวัน,
คุณอณอิม,
คุณอรวิณ,
คุณอิมอณ,
คุณะ,ผู้มีคุณธรรมและผู้เปี่ยมคุณธรรม
คุณัญญา,ผู้มีคุณธรรม ความรู้ และความอ่อนโยนสง่างาม
คุณานัน,ผู้เปี่ยมคุณธรรมและผู้มีความยินดี
คุณาไม,ผู้เปี่ยมด้วยคุณธรรม
คุณาวัน,ผู้เปี่ยมด้วยคุณธรรม
คุณาวุธ,ผู้เปี่ยมคุณธรรม ผู้มีอาวุธหรือพลังป้องกัน และผู้มีพลังป้องกัน
คุณิน,ผู้เปี่ยมด้วยคุณธรรม
คุน,ผู้เปี่ยมด้วยปัญญาและคุณธรรม
คุลิก,ผู้เปี่ยมด้วยความละมุน
เค,เค (คำทับศัพท์จากภาษาต่างประเทศ เช่น ตัวอักษร K ในภาษาอังกฤษ) = ไม่มีรากศัพท์ในภาษาบาลี-สันสกฤต หรือความหมายเฉพาะในภาษาไทย
เคน,"เคน (คำทับศัพท์จากภาษาต่างประเทศ เช่น ภาษาญี่ปุ่น 賢/健 หมายถึง ฉลาด, แข็งแรง หรือภาษาอังกฤษ Ken ซึ่งเป็นชื่อย่อ) = ผู้มีความฉลาดและแข็งแรง (ไม่มีรากศัพท์ในภาษาบาลี-สันสกฤต)"
เคนโซ,เคนโซ (คำทับศัพท์จากภาษาญี่ปุ่น Kenzō เช่น 健三 หมายถึง บุตรชายคนที่สามผู้แข็งแรง หรือ 謙三 หมายถึง บุตรชายคนที่สามผู้ถ่อมตน) = ผู้แข็งแรงและถ่อมตน (ไม่มีรากศัพท์ในภาษาบาลี-สันสกฤต)
เคนดัล,เคนดัล (คำทับศัพท์จากภาษาอังกฤษ Kendall ซึ่งเป็นชื่อบุคคลและสถานที่ มีที่มาจากภาษาอังกฤษโบราณ หมายถึง 'หุบเขาของแม่น้ำเคนต์') = ชื่อที่มาจากหุบเขา (ไม่มีรากศัพท์ในภาษาบาลี-สันสกฤต)
เคบลู,เคบลู (คำทับศัพท์จากภาษาต่างประเทศ 'เค' จาก K และ 'บลู' จาก Bleu/Blue ในภาษาฝรั่งเศส/อังกฤษ หมายถึง สีน้ำเงิน) = ผู้ที่เชื่อมโยงกับสีน้ำเงิน (ไม่มีรากศัพท์ในภาษาบาลี-สันสกฤต)
เคโปร,เคโปร (คำทับศัพท์จากภาษาต่างประเทศ 'เค' จาก K และ 'โปร' จาก Pro ในภาษาอังกฤษ หมายถึง มืออาชีพ หรือ ผลิตภัณฑ์) = ผู้ที่มีความเป็นมืออาชีพ (ไม่มีรากศัพท์ในภาษาบาลี-สันสกฤต)
เคลวา,เคลวา (คำทับศัพท์จากภาษาต่างประเทศ หรือชื่อที่สร้างขึ้นสมัยใหม่) = ไม่มีรากศัพท์ในภาษาบาลี-สันสกฤต หรือความหมายเฉพาะในภาษาไทย
เคลวิน,เคลวิน (คำทับศัพท์จากภาษาอังกฤษ Kelvin ซึ่งเป็นชื่อบุคคลและหน่วยวัดอุณหภูมิ มีที่มาจากชื่อแม่น้ำเคลวิน) = ชื่อที่มีที่มาจากแม่น้ำเคลวิน (ไม่มีรากศัพท์ในภาษาบาลี-สันสกฤต)
เคลิงค์,"เคลิงค์ (คำทับศัพท์จากภาษาต่างประเทศ 'เค' จาก K และ 'ลิงค์' จาก Link ในภาษาอังกฤษ หมายถึง การเชื่อมโยง, การเชื่อมต่อ) = ผู้ที่เชื่อมโยงหรือเชื่อมต่อ (ไม่มีรากศัพท์ในภาษาบาลี-สันสกฤต)"
เควิน,เควิน (คำทับศัพท์จากภาษาอังกฤษ/ไอริช Kevin มีที่มาจากภาษาไอริชโบราณ หมายถึง 'รูปงาม' หรือ 'ผู้เป็นที่รัก') = ผู้มีรูปงามและเป็นที่รัก (ไม่มีรากศัพท์ในภาษาบาลี-สันสกฤต)
เคไวบ์,"เคไวบ์ (คำทับศัพท์จากภาษาต่างประเทศ 'เค' จาก K และ 'ไวบ์' จาก Vibe ในภาษาอังกฤษ หมายถึง บรรยากาศ, ความรู้สึก) = ผู้มีบรรยากาศหรือความรู้สึกที่ดี (ไม่มีรากศัพท์ในภาษาบาลี-สันสกฤต)"
เคส,"เคส (คำทับศัพท์จากภาษาต่างประเทศ เช่น ภาษาอังกฤษ Case หมายถึง กรณี, หีบ, กล่อง) = ไม่มีรากศัพท์ในภาษาบาลี-สันสกฤต หรือความหมายเฉพาะในภาษาไทย"
เคโอ,เคโอ (คำทับศัพท์จากภาษาต่างประเทศ เช่น ภาษาญี่ปุ่น 慶応 (Keiō) หมายถึง การตอบรับอันเป็นมงคล หรือ ภาษาอังกฤษ K.O. ย่อมาจาก Knockout) = ผู้ที่ได้รับการตอบรับอันเป็นมงคล (ตามการตีความจากภาษาญี่ปุ่น) (ไม่มีรากศัพท์ในภาษาบาลี-สันสกฤต)
โคกคำ,โคกหรือเนินดินอันมีคุณค่าดุจทองคำ
ไคโตะ,ไคโตะ (คำทับศัพท์จากภาษาญี่ปุ่น Kaito เช่น 海斗 หมายถึง ดาวเหนือแห่งท้องทะเล หรือ 魁斗 หมายถึง ผู้บุกเบิกอันยิ่งใหญ่) = ผู้เป็นดั่งดาวเหนือแห่งท้องทะเล หรือ ผู้บุกเบิกผู้ยิ่งใหญ่ (ไม่มีรากศัพท์ในภาษาบาลี-สันสกฤต)
ไคล์,"ชื่อภาษาอังกฤษ (จากภาษาเคลต์) มีความหมายว่า 'ช่องแคบ', 'ป่า', 'ฟยอร์ด' มักสื่อถึงความเป็นธรรมชาติ (ไม่สามารถแยกรากศัพท์แบบบาลี-สันสกฤตได้)"
ไคลด์,"ชื่อภาษาอังกฤษ (จากชื่อแม่น้ำในสกอตแลนด์) มีความหมายว่า 'อบอุ่น', 'เป็นมิตร' หรือ 'ผู้ทรงพลัง' (ไม่สามารถแยกรากศัพท์แบบบาลี-สันสกฤตได้)"
ไคลิน,ชื่อที่ได้รับความนิยมในภาษาอังกฤษและอเมริกา (อาจเป็นการผสมผสานของชื่ออื่น หรือจาก Cailin ภาษาไอริชที่แปลว่า 'เด็กผู้หญิง') มักสื่อถึงความอ่อนหวานและความงดงาม (ไม่สามารถแยกรากศัพท์แบบบาลี-สันสกฤตได้)
ฆจรัส,ผู้มีพลังรุ่งเรืองสว่างไสว
ฆจรูญ,ผู้รุ่งเรืองงดงาม
ฆจรูญนันท์,ผู้รุ่งเรืองงดงามและผู้มีความยินดี
ฆจรูญภัทร,ผู้รุ่งเรืองงดงามและผู้ดีงามเป็นมงคล
ฆจรูญวรา,ผู้รุ่งเรืองงดงามและผู้ประเสริฐ
ฆจิรา,ผู้ยั่งยืนยาวนาน
ฆจิรานันท์,ผู้ยั่งยืนยาวนานและผู้มีความยินดี
ฆจิราวรา,ผู้ยั่งยืนยาวนานและผู้ประเสริฐ
ฆชล,ผู้เย็นใสดุจสายน้ำ
ฆชลนันท์,ผู้เย็นใสดุจสายน้ำและผู้มีความยินดี
ฆชลภัทร,ผู้เย็นใสดุจสายน้ำและผู้ดีงามเป็นมงคล
ฆชลวรา,ผู้เย็นใสดุจสายน้ำและผู้ประเสริฐ
ฆณวัณณ์,ผู้เปี่ยมด้วยพลังหนักแน่น
ฆณัฏฐ์กณ,
ฆณัฏฐ์กร,
ฆณัฏฐ์กะ,
ฆณัฏฐ์กิ,
ฆณัฏฐ์ดน,
ฆณัฏฐ์ภณ,
ฆณัฏฐ์อณ,
ฆณัฐ,ผู้มีพลังหนักแน่นและปัญญา
ฆณัฐนนท์,
ฆณัฐนันท์,ผู้มีความยินดี
ฆณัฐภัทร,ผู้ดีงามเป็นมงคล
ฆณัฐวรา,ผู้ประเสริฐ
ฆณัฐวัณ,
ฆณัฐอิม,
ฆตนุ,ผู้เปี่ยมด้วยพลังหนักแน่น
ฆตนุนันท์,ผู้มีความยินดี
ฆตนุวรา,ผู้ประเสริฐ
ฆน,ผู้เปี่ยมด้วยพลังหนักแน่น
ฆนจิรา,ผู้หนักแน่นมั่นคงและผู้ยั่งยืนยาวนาน
ฆนจิรานันท์,ผู้ยั่งยืนยาวนานและผู้มีความยินดี
ฆนจิราวรา,ผู้ยั่งยืนยาวนานและผู้ประเสริฐ
ฆนดลคุณ,ผู้เปี่ยมคุณธรรมและผู้บันดาล
ฆนดลธีร์,ผู้หนักแน่นมั่นคงและผู้บันดาล
ฆนตนต,
ฆนทินคุณ,ผู้เปี่ยมคุณธรรมและผู้สว่างดุจวัน
ฆนทินธีร์,ผู้หนักแน่นมั่นคงและผู้สว่างดุจวัน
ฆนธนธีร์,ผู้หนักแน่นมั่นคงและผู้มีทรัพย์
ฆนธร,ผู้หนักแน่นมั่นคงและผู้ค้ำจุน
ฆนธรรม,ผู้ค้ำจุนและผู้ตั้งมั่นในธรรม
ฆนนท์ณัฐ,
ฆนนาวาคุณ,ผู้เปี่ยมคุณธรรม ผู้นำพาชีวิตดุจเรือ และผู้นำพาดุจเรือ
ฆนนาวาธีร์,ผู้นำพาชีวิตดุจเรือและผู้นำพาดุจเรือ
ฆนภัทร,ผู้หนักแน่นมั่นคงและผู้ดีงามเป็นมงคล
ฆนภัทรคุณ,ผู้เปี่ยมคุณธรรมและผู้ดีงามเป็นมงคล
ฆนภัทรธีร์,ผู้หนักแน่นมั่นคงและผู้ดีงามเป็นมงคล
ฆนมนต์,ผู้หนักแน่นมั่นคงและผู้มีถ้อยคำศักดิ์สิทธิ์
ฆนรส,ผู้หนักแน่นมั่นคงและผู้มีรสเสน่ห์
ฆนรุจ,ผู้หนักแน่นมั่นคงและผู้รุ่งเรือง
ฆนรุจคุณ,ผู้เปี่ยมคุณธรรมและผู้รุ่งเรือง
ฆนรุจธีร์,ผู้หนักแน่นมั่นคงและผู้รุ่งเรือง
ฆนโรจน์,ผู้หนักแน่นมั่นคงและผู้รุ่งเรืองสว่างไสว
ฆนโรจน์คุณ,ผู้เปี่ยมคุณธรรมและผู้รุ่งเรืองสว่างไสว
ฆนโรจน์ธีร์,ผู้หนักแน่นมั่นคงและผู้รุ่งเรืองสว่างไสว
ฆนฤมล,ผู้หนักแน่นมั่นคงและผู้บริสุทธิ์งดงาม
ฆนฤมลนันท์,ผู้มีความยินดีและผู้บริสุทธิ์งดงาม
ฆนฤมลภัทร,ผู้ดีงามเป็นมงคลและผู้บริสุทธิ์งดงาม
ฆนฤมลวรา,ผู้ประเสริฐและผู้บริสุทธิ์งดงาม
ฆนวร,ผู้หนักแน่นมั่นคงและผู้ประเสริฐ
ฆนวรคุณ,ผู้เปี่ยมคุณธรรมและผู้ประเสริฐ
ฆนวรธีร์,ผู้หนักแน่นมั่นคงและผู้ประเสริฐ
ฆนวัชร์,ผู้หนักแน่นมั่นคงและผู้แข็งแกร่งดุจเพชร
ฆนวัชร์คุณ,ผู้เปี่ยมคุณธรรมและผู้แข็งแกร่งดุจเพชร
ฆนวัชร์ธีร์,ผู้หนักแน่นมั่นคงและผู้แข็งแกร่งดุจเพชร
ฆนวิชญ์,ผู้หนักแน่นมั่นคงและนักปราชญ์ผู้รู้
ฆนวิชญ์คุณ,ผู้เปี่ยมคุณธรรมและนักปราชญ์ผู้รู้
ฆนวิชญ์ธีร์,ผู้หนักแน่นมั่นคงและนักปราชญ์ผู้รู้
ฆนัท,ผู้หนักแน่นมั่นคงดุจหมู่เมฆ
ฆนันท์โณ,
ฆนันท์รณ,
ฆนาคม,ผู้หนักแน่นมั่นคงดุจหมู่เมฆ
ฆนาธิป,ผู้หนักแน่นมั่นคงและผู้เป็นใหญ่
ฆนานนท์,ผู้หนักแน่นมั่นคงและผู้เปี่ยมความสุขยินดี
ฆนารักษ์,ผู้เป็นที่รักและผู้ปกป้องรักษา
ฆนาวา,ผู้นำพาชีวิตดุจเรือและผู้นำพาดุจเรือ
ฆนาวานันท์,ผู้มีความยินดี ผู้นำพาชีวิตดุจเรือ และผู้นำพาดุจเรือ
ฆนาวาวรา,ผู้ประเสริฐ ผู้นำพาชีวิตดุจเรือ และผู้นำพาดุจเรือ
ฆบวร,ผู้ประเสริฐและผู้ประเสริฐเลิศล้ำ
ฆบวรนันท์,ผู้ประเสริฐ ผู้มีความยินดี และผู้ประเสริฐเลิศล้ำ
ฆบวรภัทร,ผู้ประเสริฐ ผู้ดีงามเป็นมงคล และผู้ประเสริฐเลิศล้ำ
ฆบวรวรา,ผู้ประเสริฐและผู้ประเสริฐเลิศล้ำ
ฆปฐม,ผู้เป็นเบื้องต้นอันดี
ฆปฐมนันท์,ผู้มีความยินดีและผู้เป็นเบื้องต้นอันดี
ฆปฐมภัทร,ผู้ดีงามเป็นมงคลและผู้เป็นเบื้องต้นอันดี
ฆปฐมวรา,ผู้ประเสริฐและผู้เป็นเบื้องต้นอันดี
ฆปริญญา,ผู้มีความรู้รอบ
ฆปริญญานันท์,ผู้มีความยินดีและผู้มีความรู้รอบ
ฆปริญญาวรา,ผู้ประเสริฐและผู้มีความรู้รอบ
ฆปัญญา,ผู้มีปัญญา
ฆปัญญานันท์,ผู้มีความยินดีและผู้มีปัญญา
ฆปัญญาวรา,ผู้ประเสริฐและผู้มีปัญญา
ฆมนต์,ผู้มีถ้อยคำศักดิ์สิทธิ์
ฆมนต์กิจ,
ฆมนต์นันท์,ผู้มีความยินดีและผู้มีถ้อยคำศักดิ์สิทธิ์
ฆมนต์ภัทร,ผู้ดีงามเป็นมงคลและผู้มีถ้อยคำศักดิ์สิทธิ์
ฆมนต์วรา,ผู้ประเสริฐและผู้มีถ้อยคำศักดิ์สิทธิ์
ฆมนต์วัณ,
ฆมนต์อณ,
ฆมนต์อิม,
ฆมนัส,ผู้มีจิตใจดี
ฆลณ,
ฆวน,
ฆวรกณ,
ฆวรกม,
ฆวรชิน,
ฆวรดน,
ฆวรภณ,
ฆวรอณ,
ฆวริน,ผู้ประเสริฐและผู้ประเสริฐดุจสายน้ำ
ฆวรินนันท์,ผู้ประเสริฐ ผู้มีความยินดี และผู้ประเสริฐดุจสายน้ำ
ฆวรินภัทร,ผู้ประเสริฐ ผู้ดีงามเป็นมงคล และผู้ประเสริฐดุจสายน้ำ
ฆวรินวรา,ผู้ประเสริฐและผู้ประเสริฐดุจสายน้ำ
ฆวัณกณ,
ฆวัณกม,
ฆวัณณัฐ,
ฆวัณดน,
ฆวัณภณ,
ฆวิณกณ,
ฆวิณกม,
ฆวิณณัฐ,
ฆวิณดน,
ฆวิณภณ,
ฆวิณมนต์,
ฆ้อง,เครื่องตีทำด้วยโลหะ ให้เสียงกังวาน
ฆอณ,
ฆอณกร,
ฆอณกะ,
ฆอณกัณ,
ฆอณกัน,
ฆอณกิ,
ฆอณกิณ,
ฆอณกิม,
ฆอณคุณ,
ฆอณณัฏฐ์,
ฆอณดิณ,
ฆอณธาม,
ฆอณมนต์,
ฆอณอร,
ฆอรกณ,
ฆอรกม,
ฆอรกิจ,
ฆอรชิน,
ฆอรดน,
ฆอรภณ,
ฆอรอณ,
ฆอินทร์,ผู้เป็นใหญ่
ฆอินทรนันท์,ผู้เป็นใหญ่และผู้มีความยินดี
ฆอินทรภัทร,ผู้เป็นใหญ่และผู้ดีงามเป็นมงคล
ฆอินทรวรา,ผู้ประเสริฐและผู้เป็นใหญ่
ฆอิมกณ,
ฆอิมกม,
ฆอิมณัฐ,
ฆอิมภณ,
งจิรา,ผู้ยั่งยืนยาวนาน
งจิรานันท์,ผู้ยั่งยืนยาวนานและผู้มีความยินดี
งจิราวรา,ผู้ยั่งยืนยาวนานและผู้ประเสริฐ
งชล,ผู้เย็นใสดุจสายน้ำ
งชลนันท์,ผู้เย็นใสดุจสายน้ำและผู้มีความยินดี
งชลภัทร,ผู้เย็นใสดุจสายน้ำและผู้ดีงามเป็นมงคล
งชลวรา,ผู้เย็นใสดุจสายน้ำและผู้ประเสริฐ
งธนภัทร,ผู้ดีงามเป็นมงคลและผู้มีทรัพย์
งธนวรา,ผู้ประเสริฐและผู้มีทรัพย์
งธนันท์,ผู้มีความยินดีและผู้มีทรัพย์
งธนา,ผู้มีทรัพย์
งบวร,ผู้ประเสริฐและผู้ประเสริฐเลิศล้ำ
งบวรนันท์,ผู้ประเสริฐ ผู้มีความยินดี และผู้ประเสริฐเลิศล้ำ
งบวรภัทร,ผู้ประเสริฐ ผู้ดีงามเป็นมงคล และผู้ประเสริฐเลิศล้ำ
งบวรวรา,ผู้ประเสริฐและผู้ประเสริฐเลิศล้ำ
งปัญญา,ผู้มีปัญญา
งปัญญานันท์,ผู้มีความยินดีและผู้มีปัญญา
งปัญญาวรา,ผู้ประเสริฐและผู้มีปัญญา
งยศ,ผู้เปี่ยมด้วยเกียรติยศ
งวริน,ผู้ประเสริฐและผู้ประเสริฐดุจสายน้ำ
งวรินนันท์,ผู้ประเสริฐ ผู้มีความยินดี และผู้ประเสริฐดุจสายน้ำ
งวรินภัทร,ผู้ประเสริฐ ผู้ดีงามเป็นมงคล และผู้ประเสริฐดุจสายน้ำ
งวรินวรา,ผู้ประเสริฐและผู้ประเสริฐดุจสายน้ำ
งอินทร์,ผู้เป็นใหญ่
งอินทรนันท์,ผู้เป็นใหญ่และผู้มีความยินดี
งอินทรภัทร,ผู้เป็นใหญ่และผู้ดีงามเป็นมงคล
งอินทรวรา,ผู้ประเสริฐและผู้เป็นใหญ่
งัดโชค,ผู้พลิกเปิดหนทางสู่โชคดี
งันกมล,ผู้มีใจงดงาม
งันไกร,ผู้มีความมั่นคงภายใน ความยิ่งใหญ่ และความมั่นคงสูงส่ง
งันโชค,ผู้มีโชคดี
งันดัง,ผู้เปี่ยมด้วยความมั่นคงภายใน
งันทอง,ผู้มีคุณค่าดุจทองคำ
งันธร,ผู้ค้ำจุน
งันธรรม,ผู้ค้ำจุนและผู้ตั้งมั่นในธรรม
งันธรา,ผู้ค้ำจุน
งันธวัช,ผู้เป็นธงแห่งเกียรติ
งันธิมา,ผู้มีความมั่นคงภายในและความอ่อนโยนสง่างาม
งันนนท์,ผู้เปี่ยมความสุขยินดี
งันนันท์,ผู้มีความยินดี
งันนับ,ผู้เปี่ยมด้วยความมั่นคงภายใน
งันนา,ผู้มีความมั่นคงภายในและความอ่อนโยนสง่างาม
งันนารถ,ผู้เปี่ยมด้วยความมั่นคงภายใน
งันนำ,ผู้นำพาไปสู่ความดีงาม
งันนิรันดร์,ผู้ยั่งยืนไม่สิ้นสุด
งันนิส,ผู้เปี่ยมด้วยความมั่นคงภายใน
งันภัทร,ผู้ดีงามเป็นมงคล
งันโภคิน,ผู้มั่งมีโภคทรัพย์
งันมหิทธา,ผู้มีฤทธิ์อำนาจยิ่งใหญ่
งันมิน,ผู้เปี่ยมด้วยความมั่นคงภายใน
งันระ,ผู้เปี่ยมด้วยความมั่นคงภายใน
งันระริน,ผู้มีความมั่นคงภายในและความอ่อนละมุนดุจสายน้ำ
งันรัก,ผู้เป็นที่รัก
งันรักษ์,ผู้เป็นที่รักและผู้ปกป้องรักษา
งันรัช,ผู้รุ่งเรืองด้วยอำนาจ
งันริน,ผู้มีความมั่นคงภายในและความอ่อนละมุนดุจสายน้ำ
งันรินทร์,ผู้เป็นใหญ่
งันรุจ,ผู้รุ่งเรือง
งันรุจา,ผู้รุ่งเรือง
งันรุจินนท์,ผู้เปี่ยมความสุขยินดีและผู้รุ่งเรือง
งันรุจิรา,ผู้ยั่งยืนยาวนานและผู้รุ่งเรือง
งันโรจน์,ผู้รุ่งเรืองสว่างไสว
งันล้วน,ผู้บริสุทธิ์ตรงแท้ไม่เจือปน
งันลักษณ์,ผู้มีความมั่นคงภายใน ความละมุน และลักษณะงดงาม
งันวร,ผู้ประเสริฐ
งันวราธร,ผู้ประเสริฐและผู้ค้ำจุน
งันวราวุธ,ผู้ประเสริฐ ผู้มีอาวุธหรือพลังป้องกัน และผู้มีพลังป้องกัน
งันวรินทร์,ผู้ประเสริฐ ผู้เป็นใหญ่ และผู้ประเสริฐดุจสายน้ำ
งันวัลลภ,ผู้มีความมั่นคงภายในและความละมุน
งันวิชญ์,นักปราชญ์ผู้รู้
งันวิน,ผู้มีความมั่นคงภายในและชัยชนะ
งันวิมล,ผู้มีความมั่นคงภายในและความละมุน
งันวิโรจน์,ผู้รุ่งเรืองสว่างไสว
งันไว,ผู้ว่องไว
งันหลัก,ผู้เป็นหลักมั่นคง
งันใหม่,ผู้สดใหม่
งันอดิเรก,ผู้ยิ่งใหญ่เป็นพิเศษ
งันอนันต์,ผู้ไม่มีที่สิ้นสุดและผู้มีความยินดี
งันอนุรักษ์,ผู้เป็นที่รักและผู้ปกป้องรักษา
งันอภินันท์,ผู้มีความยินดีและผู้มีความยินดียิ่ง
งันอภิสิทธิ์,ผู้มีสิทธิอันยิ่ง
งันอรรถ,ผู้เปี่ยมด้วยความมั่นคงภายใน
งันอรุณ,ผู้รุ่งเรืองดุจแสงอรุณ
งันอัคร,ผู้ยอดเยี่ยม
งันอานนท์,ผู้เปี่ยมความสุขยินดีและผู้มีความสุขยินดี
งันอำนาจ,ผู้มีอำนาจบารมี
งันอำไพ,ผู้สว่างงดงาม
งันอิสระ,ผู้เป็นไทแก่ตน
งันอิสรา,ผู้เป็นไทแก่ตน
งันโอ,ผู้เปี่ยมด้วยความมั่นคงภายใน
งันโอดม,ผู้บริบูรณ์และอุดมพร้อม
งันโอฬาร,ผู้ยิ่งใหญ่กว้างขวาง
งันัน,ผู้เปี่ยมด้วยความมั่นคงภายใน
เงธรกร,
เงธรคุณ,
เงธรจิรา,
เงธรณัฐ,
เงธรณัฐกร,
เงธรณัฐธร,
เงธรธนา,
เงธรธนาธร,
เงธรธนาอร,
เงธรธร,
เงธรธรรม,
เงธรธีร์,
เงธรนภัส,
เงธรภัทร,
เงธรรินทร์,
เงธรวร,
เงธรวรกร,
เงธรวรธร,
เงธรวรรณ,
เงธรวรอร,
เงธรวริศ,
เงธรวิชญ์,
เงธรศรี,
เงธรสิริ,
เงธรสิริกร,
เงธรสิรินันท์,
เงธรสิริวรรณ,
เงธรสิริวิชญ์,
เงธรสิริอร,
เงธรอร,
เงธรอรุณ,
เงธรอัคร,
เงธรอารี,
เงรินกร,
เงรินคุณ,
เงรินจิรา,
เงรินณัฐ,
เงรินธนา,
เงรินธร,
เงรินธรรม,
เงรินธีร์,
เงรินนภัส,
เงรินนรินทร์,
เงรินภัทร,
เงรินวร,
เงรินวริศ,
เงรินอร,
เงรินอรุณ,
เงรินอัคร,
เงรินอารี,
เงวินคุณ,
เงวินจิรา,
เงวินณัฐ,
เงวินธนา,
เงวินธร,
เงวินธีร์,
เงวินนภัส,
เงวินนันท์,
เงวินภัทร,
เงวินลักษณ์,
เงวินวร,
เงวินวรรณ,
เงวินวรินทร์,
เงวินวริศ,
เงวินอร,
เงวินอรุณ,
เงวินอัคร,
เงวินอารี,
เงินกมล,ผู้มีทรัพย์และความมั่งคั่งและผู้มีใจงดงาม
เงินกอง,ผู้มีทรัพย์และความมั่งคั่งและผู้รวบรวมพลังและทรัพย์
เงินกอบ,ผู้มีทรัพย์และความมั่งคั่งและผู้เก็บรักษาและเพิ่มพูน
เงินโชค,ผู้มีทรัพย์และความมั่งคั่งและผู้มีโชคดี
เงินถม,ผู้มีทรัพย์และความมั่งคั่งและผู้มีความอุดมเต็มเปี่ยม
เงินทอง,ผู้มีทรัพย์และความมั่งคั่งและผู้มีคุณค่าดุจทองคำ
เงินทอด,ผู้เปี่ยมด้วยทรัพย์อันมั่งคั่ง
เงินธวัช,ผู้มีทรัพย์และความมั่งคั่งและผู้เป็นธงแห่งเกียรติ
เงินธีระ,ผู้มีทรัพย์และความมั่งคั่งและปราชญ์ผู้กล้าหาญ
เงินนก,ผู้เปี่ยมด้วยทรัพย์อันมั่งคั่ง
เงินนนท์,ผู้มีทรัพย์และความมั่งคั่งและผู้เปี่ยมความสุขยินดี
เงินนอง,ผู้มีทรัพย์และความมั่งคั่งและผู้มากล้นอุดมสมบูรณ์
เงินนิรันดร์,ผู้มีทรัพย์และความมั่งคั่งและผู้ยั่งยืนไม่สิ้นสุด
เงินมัด,เงินที่ผูกมัดไว้เป็นหลักประกัน
เงินมัดใจ,ทรัพย์หรือคุณค่าที่ผูกใจผู้คน
เงินมั่น,ผู้มีทรัพย์และความมั่งคั่งและผู้หนักแน่นมั่นคง
เงินมา,ทรัพย์สินหลั่งไหลเข้ามา
เงินวร,ผู้มีทรัพย์และความมั่งคั่งและผู้ประเสริฐ
เงินวิชญ์,ผู้มีทรัพย์และความมั่งคั่งและนักปราชญ์ผู้รู้
เงินวิโรจน์,ผู้มีทรัพย์และความมั่งคั่งและผู้รุ่งเรืองสว่างไสว
เงินหนุน,ผู้มีทรัพย์และความมั่งคั่งและผู้เกื้อหนุนค้ำจุน
เงินหาญ,ผู้มีทรัพย์และความมั่งคั่งและผู้กล้าหาญ
เงินไหล,ผู้มีทรัพย์และความมั่งคั่งและผู้ดำเนินคล่องและอุดมสมบูรณ์
เงินอนันต์,ผู้มีทรัพย์และความมั่งคั่ง ผู้ไม่มีที่สิ้นสุด และผู้มีความยินดี
เงินออม,ผู้มีทรัพย์และความมั่งคั่งและผู้รู้จักเก็บรักษา
เงินอำนาจ,ผู้มีทรัพย์และความมั่งคั่งและผู้มีอำนาจบารมี
เงินอิ่ม,ผู้มีทรัพย์และความมั่งคั่งและผู้สมบูรณ์พูนสุข
โงธรศรีธร,
โงธรศรีรินทร์,
โงธรสิริธร,
โงธรสิริรินทร์,
โงรินนภัส,
โงรินวริศ,
โง้วจิรา,
โง้วชญา,
โง้วณัฐ,
โง้วธร,
โง้วธรรม,
โง้วธีร์,
โง้วนภัส,
โงวรรณนภัส,
โงวรรณวริศ,
โงวินธีร์,
โงวินวริศ,
ไงธรคุณ,
ไงธรจิรา,
ไงธรชญา,
ไงธรณัฐ,
ไงธรธนา,
ไงธรธร,
ไงธรธีร์,
ไงธรนภัส,
ไงธรภัทร,
ไงธรวร,
ไงธรวริศ,
ไงธรศรี,
ไงธรศรีธร,
ไงธรศรีรินทร์,
ไงธรสิริธร,
ไงธรสิริรินทร์,
ไงธรสิริวิชญ์,
ไงธรอร,
ไงรินกร,
ไงรินธร,
ไงรินนภัส,
ไงรินวร,
ไงรินวริศ,
ไงรินอร,
ไงรินอารี,
ไงวรรณธีร์,
ไงวรรณวริศ,
ไงวาคุณ,
ไงวาธนา,
ไงวาธร,
ไงวาธีร์,
ไงวาวร,
ไงวาอร,
ไงวาอารี,
จงจิ,ผู้ตั้งใจมั่นและมีจิตมุ่งสู่ความดี
จงจินต์,ผู้ตั้งใจคิดอย่างมั่นคง
จงเจต,ผู้ตั้งมั่นในเจตนา
จงเจตน์,ผู้มีเจตจำนงแน่วแน่
จงรัก,ผู้มีความรักมั่นคงและผู้เป็นที่รัก
จงรักษ์,ผู้มีความรักมั่นคง ผู้ตั้งมั่นในการปกป้องรักษา และผู้เป็นที่รัก
จตุรงค์,"จตุร (จตุร - สี่) + องค์ (อังคะ - ส่วน, องค์ประกอบ) = ผู้มีความสมบูรณ์พร้อมด้วยองค์ประกอบสำคัญทั้งสี่"
จมิ,
จรกรรณ,ผู้ดำเนินชีวิตด้วยการรับฟังและปัญญา
จรณ,ผู้มีความประพฤติดีงาม
จรณ์,"จรณ์ (ความประพฤติ, การไป) = ผู้มีความประพฤติดีงาม, ผู้ก้าวหน้า"
จรณรัญ,ผู้มีความประพฤติดีและความกล้าหาญ
จรณะ,"จรณะ (ความประพฤติ, การไป, เท้า) = ผู้มีความประพฤติดีงาม, ผู้ก้าวเดินไปข้างหน้า"
จรณา,ผู้มีความประพฤติดี ความกล้าหาญ และความอ่อนโยนสง่างาม
จรณิน,ผู้มีความประพฤติดีและความกล้าหาญ
จรณินท์,ผู้มีความประพฤติดี ความกล้าหาญ และความสุขยินดี
จรณินทร์,"จรณะ (ความประพฤติ, การไป) + อินทร์ (ผู้เป็นใหญ่) = ผู้เป็นใหญ่ในความประพฤติอันดีงาม, ผู้ก้าวหน้าอย่างยิ่งใหญ่"
จรัญญา,ผู้มีการดำเนินชีวิต ความรู้ และความอ่อนโยนสง่างาม
จรัดไช,ผู้มีการดำเนินชีวิตและชัยชนะ
จรัดรรม,ผู้เปี่ยมด้วยการดำเนินชีวิต
จรัดราวัน,ผู้เปี่ยมด้วยการดำเนินชีวิต
จรัดวาริน,ผู้มีการดำเนินชีวิต ความอ่อนละมุนดุจสายน้ำ และสายน้ำ
จรัดอมร,ผู้มีการดำเนินชีวิต ความยั่งยืน และความมั่นคงสูงส่ง
จรัล,ผู้มีการดำเนินชีวิตและความละมุน
จรัลทร,ผู้มีการดำเนินชีวิต ความละมุน และความมั่นคง
จรัลรมณ์,ผู้มีการดำเนินชีวิต ความละมุน และความรื่นรมย์
จริญญา,ผู้มีการดำเนินชีวิต ความรู้ และความอ่อนโยนสง่างาม
จริน,ผู้มีการดำเนินชีวิตและความอ่อนละมุนดุจสายน้ำ
จรินทร,"จริน (ผู้ประพฤติ) + อินทร (ผู้เป็นใหญ่) = ผู้เป็นใหญ่ในการประพฤติ, ผู้ประพฤติดีอันยิ่งใหญ่"
จรินทร์,ผู้ประพฤติดีและผู้เป็นใหญ่
จรินรสิน,ผู้มีการดำเนินชีวิต ความอ่อนละมุนดุจสายน้ำ และเสน่ห์ละมุน
จรินรา,ผู้ประพฤติงามและสง่างาม
จรินราคาน,ผู้มีการดำเนินชีวิตและความอ่อนละมุนดุจสายน้ำ
จรินราณน,ผู้มีการดำเนินชีวิตและความอ่อนละมุนดุจสายน้ำ
จรินรานาน,ผู้มีการดำเนินชีวิตและความอ่อนละมุนดุจสายน้ำ
จรินรารวัน,ผู้มีการดำเนินชีวิตและความอ่อนละมุนดุจสายน้ำ
จรินรารี,ผู้มีการดำเนินชีวิตและความอ่อนละมุนดุจสายน้ำ
จรินราวัน,ผู้มีการดำเนินชีวิตและความอ่อนละมุนดุจสายน้ำ
จรินริน,ผู้ประพฤติงามและอ่อนละมุนดุจสายน้ำ
จรินรินน,ผู้มีการดำเนินชีวิตและความอ่อนละมุนดุจสายน้ำ
จรินรูจด,ผู้มีการดำเนินชีวิตและความอ่อนละมุนดุจสายน้ำ
จรินรูเจต,ผู้มีการดำเนินชีวิตและความอ่อนละมุนดุจสายน้ำ
จรินรูไช,ผู้มีการดำเนินชีวิต ความอ่อนละมุนดุจสายน้ำ และชัยชนะ
จรินวร,ผู้ประพฤติดีและผู้ประเสริฐ
จรินวารา,ผู้มีการดำเนินชีวิต ความอ่อนละมุนดุจสายน้ำ และความอ่อนโยนสง่างาม
จรินวาริน,ผู้มีการดำเนินชีวิต ความอ่อนละมุนดุจสายน้ำ และสายน้ำ
จรินวิทร,ผู้มีการดำเนินชีวิต ความอ่อนละมุนดุจสายน้ำ และความมั่นคง
จริม,"จริม (ที่สุด, สุดท้าย) = ผู้ถึงที่สุดแห่งความสำเร็จ, ผู้เป็นที่สุดและยอดเยี่ยม"
จรุญวงษ์,ผู้มีการดำเนินชีวิตและวงศ์ตระกูล
จรูญ,ผู้เปี่ยมด้วยการดำเนินชีวิต
จรูญไชย,ผู้รุ่งเรืองงดงามและผู้มีชัยชนะ
จรูญญ์,ผู้เปี่ยมด้วยการดำเนินชีวิต
จรูญภ์,ผู้เปี่ยมด้วยการดำเนินชีวิต
จรูญเลิศ,ผู้รุ่งเรืองงดงามและผู้ยอดเยี่ยม
จรูญศิลป์,ผู้รุ่งเรืองงดงามและผู้มีศิลปะ
จรูญสิน,ผู้รุ่งเรืองงดงามและผู้มีทรัพย์สิน
จรูญสิริ,ผู้รุ่งเรืองงดงามและผู้มีสิริมงคล
จวรรณภรณ์,ผู้ประดับด้วยวรรณะงดงาม
จฬิ,
จ้อง,เพ่งมองอย่างตั้งใจ
จอนลา,ผู้มีความละมุนและความอ่อนโยนสง่างาม
จอมกมล,
จอมใจ,ผู้เป็นยอดดวงใจ
จอมทอง,
จอมทองคำ,
จักร,ผู้ขับเคลื่อนชีวิตด้วยพลังและอำนาจ
จักรกริช,ผู้เปี่ยมด้วยพลังขับเคลื่อน
จักรธร,"จักร (วงล้อ, อำนาจ, อาวุธ) + ธร (ผู้ทรงไว้, ผู้ถือ) = ผู้ทรงไว้ซึ่งจักร, ผู้ทรงอำนาจอันยิ่งใหญ่ (หมายถึงพระวิษณุ)"
จักรพงศ์,"จักร (อำนาจ, ตระกูลผู้ทรงอำนาจ) + พงศ์ (ตระกูล, เชื้อสาย) = เชื้อสายแห่งผู้ทรงอำนาจ, วงศ์ตระกูลที่ยิ่งใหญ่"
จักรเพชร,ผู้มีพลังขับเคลื่อน ความแข็งแกร่งล้ำค่า และความมั่นคงสูงส่ง
จักรภัทร,"จักร (อำนาจ, ความเป็นใหญ่) + ภัทร (เจริญ, ดีงาม, เป็นมงคล) = ผู้ทรงอำนาจอันดีงาม, ผู้มีความเจริญรุ่งเรืองพร้อมอำนาจ"
จักรวาล,โลกหรือเอกภพอันกว้างใหญ่
จักรวุธ,ผู้ทรงอำนาจและเคลื่อนไปข้างหน้า ผู้มีอาวุธหรือพลังป้องกัน และผู้มีพลังป้องกัน
จักราวิชช์,ผู้มีพลังขับเคลื่อนและความรู้
จักริน,"จักริน (ผู้มีจักร, ผู้ทรงอำนาจ) = ผู้มีจักร, ผู้ทรงอำนาจยิ่งใหญ่, พระเจ้าแผ่นดิน"
จักรี,ผู้มีจักร เป็นนามแห่งพระมหากษัตริย์
จัดณรงค์,ผู้จัดการต่อสู้หรือรณรงค์อย่างกล้าหาญ
จันจิรา,ผู้มีความยั่งยืนและความอ่อนโยนสง่างาม
จันทจร,ผู้มีการดำเนินชีวิตและความมั่นคงสูงส่ง
จันทนา,ไม้จันทน์หอม สื่อถึงความหอมละมุนและมีค่า
จันทนานนท์,ผู้เย็นงามดุจจันทร์และผู้เปี่ยมความสุขยินดี
จันทร์,ผู้เย็นงามและสว่างละมุนดุจแสงจันทร์
จันทรขจร,ผู้มีการดำเนินชีวิต ความมั่นคง และความมั่นคงสูงส่ง
จันทร์คง,ผู้มีแสงจันทร์และความมั่นคง
จันทร์จรัส,"จันทร์ (ดวงจันทร์) + จรัส (สว่าง, รุ่งเรือง) = ดวงจันทร์ที่สว่างไสว, งามผ่องใส"
จันทร์จิรา,"จันทร์ (ดวงจันทร์) + จิรา (ยั่งยืน, นาน) = ดวงจันทร์ที่ส่องแสงยั่งยืน, งามคงทนชั่วนิรันดร์"
จันทร์เจริญ,ผู้ประพฤติดี ผู้เย็นงามดุจจันทร์ และผู้เจริญรุ่งเรือง
จันทร์แจ้ง,ดวงจันทร์สว่างกระจ่าง
จันทร์เชย,จันทร์อ่อนหวานน่าชื่นชม
จันทร์ทรง,ผู้มีแสงจันทร์และความมั่นคง
จันทร์ประภัส,ผู้เย็นงามดุจจันทร์ ผู้เปล่งแสงสว่าง และผู้มีแสงสว่าง
จันทร์แปลง,ผู้มีแสงจันทร์ ความละมุน และความมั่นคง
จันทร์ยี,ผู้มีแสงจันทร์และความมั่นคง
จันทร์ลิ้ม,ผู้มีแสงจันทร์ ความละมุน และความมั่นคง
จันทร์วัน,ผู้มีแสงจันทร์และความมั่นคง
จันทร์ศิริ,ผู้เย็นงามดุจจันทร์และผู้มีสิริมงคล
จันทร์สม,ผู้มีแสงจันทร์และความมั่นคง
จันทร์หอม,"จันทร์ (ดวงจันทร์) + หอม (มีกลิ่นหอม) = ดวงจันทร์ที่มีกลิ่นหอม, งามมีเสน่ห์ดุจดอกไม้หอมใต้แสงจันทร์"
จันทร์หาญ,ผู้เย็นงามดุจจันทร์และผู้กล้าหาญ
จันทร์โอ,ผู้มีแสงจันทร์และความมั่นคง
จันทรังษ์,ผู้เย็นงามดุจจันทร์และผู้มีรัศมี
จันทรัช,ผู้เย็นงามดุจจันทร์และผู้รุ่งเรืองด้วยอำนาจ
จันทรากิณะ,ผู้มีแสงจันทร์ ความฉลาดว่องไว และความมั่นคง
จันทรานนท์,"จันทรา (ดวงจันทร์) + อานนท์ (ความยินดี, ความสุข) = ความยินดีที่เปรียบดังดวงจันทร์, ผู้มีความสุขงดงามดุจจันทร์"
จันทราวรรณ,"จันทรา (ดวงจันทร์) + วรรณ (ผิวพรรณ, ความงาม) = ผู้มีผิวพรรณงดงามดุจดวงจันทร์, งามผ่องใส"
จันทวารา,ผู้มีความเย็นงามและความอ่อนโยนสง่างาม
จันทะคัด,ผู้เปี่ยมด้วยความเย็นงาม
จันทะวงษ์,ผู้เย็นงามดุจจันทร์และผู้สืบวงศ์ดีงาม
จันทะวัง,ผู้เปี่ยมด้วยความเย็นงาม
จันทิรา,"จันทิรา (ดวงจันทร์) = ดวงจันทร์, งามผ่องใสดุจดวงจันทร์"
จันธนนิโรจน์,ผู้มีทรัพย์และผู้รุ่งเรืองสว่างไสว
จันธิมา,ผู้มีธรรมะและความอ่อนโยนสง่างาม
จับใจ,งดงามประทับใจอย่างลึกซึ้ง
จามิกรณ์,ผู้มีฐานะแห่งความดีและความกล้าหาญ
จาร์มิกรณ์,ผู้มีฐานะแห่งความดีและความกล้าหาญ
จารุกิตต์,"จารุ (งาม, น่ารัก, ดี) + กิตติ์ (เกียรติ, ชื่อเสียง) = ผู้มีเกียรติอันงดงาม, ผู้มีชื่อเสียงดี"
จารุจันท์โชค,ผู้เย็นงามดุจจันทร์ ผู้งดงามน่ารัก และผู้มีโชคดี
จารุธำรง,ผู้เปี่ยมด้วยความงามน่ารัก
จารุนภัทร์,ผู้งดงามน่ารักและผู้ดีงามเป็นมงคล
จารุนันท์,"จารุ (งาม, น่ารัก, ดี) + นันท์ (ความยินดี, ความสุข) = ผู้มีความสุขที่งดงาม, ผู้มีความยินดีอันน่ารัก"
จารุรินทร์,
จารุวรรณ,"จารุ (งาม, น่ารัก, ดี) + วรรณ (ผิวพรรณ, ความงาม) = ผู้มีผิวพรรณอันงดงาม, ผู้มีความงามที่น่ารัก"
จารูญ,ผู้เปี่ยมด้วยความเจริญ
จาลิบ,ผู้เปี่ยมด้วยความละมุน
จำนาน,ผู้เปี่ยมด้วยความเจริญ
จำรอง,ผู้ดำรงไว้หรือรับรองไว้
จำรูญ,ผู้เปี่ยมด้วยความเจริญ
จำรูญศรี,ผู้มีศรีสง่าและความมุ่งมั่น
จำลอง,สิ่งที่ถอดแบบหรือสร้างขึ้นแทนของจริง
จิณณ์,"จิณณ์ (ประพฤติแล้ว, กระทำแล้ว) = ผู้ประพฤติดีแล้ว, ผู้ได้กระทำคุณงามความดี"
จิณณ์เจษฎ์,ผู้มีชัยชนะและความเป็นใหญ่
จิณณ์ณัฏฐี,"จิณณ์ (ประพฤติแล้ว) + ณัฏฐี (ผู้เป็นนักปราชญ์) = นักปราชญ์ผู้ได้ประพฤติดีงามแล้ว, ผู้เป็นนักปราชญ์ที่ได้กระทำคุณงามความดีมาแล้ว"
จิณณ์วินท์,"จิณณ์ (สิ่งที่ได้ประพฤติปฏิบัติ, สั่งสม) + วินท์ (ผู้ได้, ผู้พบ, ผู้ได้รับ) = ผู้ที่ได้สั่งสมคุณความดีมาแล้ว และเป็นผู้ที่ได้รับสิ่งดีงาม, ผู้มีชัยชนะที่ได้สั่งสมมา"
จิณณ์ศร,"จิณณ์ (สิ่งที่ได้ประพฤติปฏิบัติ, สั่งสม) + ศร (จาก สร/ศรณ์ ที่หมายถึง ที่พึ่ง, แก่นสาร, สิ่งที่ดีเลิศ) = ผู้ที่ได้สั่งสมคุณงามความดีจนเป็นที่พึ่งพา, ผู้ที่ได้ปฏิบัติจนถึงแก่นสาร"
จิณณะ,"จิณณะ (สิ่งที่ได้ประพฤติปฏิบัติ, สั่งสม) = ผู้ที่ได้สั่งสม (คุณงามความดี), ผู้ที่ได้ประพฤติปฏิบัติมาแล้ว"
จิณธร,ผู้มีชัยชนะ การค้ำจุน และความมั่นคงสูงส่ง
จิณห์วรา,"จิณห์ (เครื่องหมาย, ลักษณาการ, สิ่งที่ชี้บอก) + วรา (ประเสริฐ, ดีเลิศ) = ผู้มีลักษณะอันประเสริฐ, ผู้มีเครื่องหมายหรือคุณงามความดีอันดีเลิศ"
จิดาภา,"จิดาภา (สมาสจาก จิตฺต + อาภา) = จิต (ใจ, ความคิด) + อาภา (แสงสว่าง, รัศมี) = ผู้มีใจอันสว่างไสว, ผู้มีรัศมีแห่งจิต"
จิตติพร,"จิตติ (ความคิด, ปัญญา, ความเฉลียวฉลาด) + พร (ประเสริฐ, ดีเลิศ, พรสวรรค์) = ผู้มีปัญญาอันประเสริฐ, ผู้มีพรสวรรค์ด้านความคิด"
จิตติมา,"จิตติ (ความคิด, ปัญญา, ความเฉลียวฉลาด) + มา (ผู้มี, สภาวะแห่ง) = ผู้มีปัญญา, ผู้มีความคิดความอ่าน, ผู้มีความเฉลียวฉลาด"
จิตรดิลก,"จิตร (งาม, วิจิตร, น่าอัศจรรย์) + ดิลก (เครื่องหมาย, สิ่งที่โดดเด่น, ผู้เป็นเลิศ) = ผู้ประเสริฐอันงดงาม, ผู้เป็นเลิศอันวิจิตร"
จิตรเทพ,"จิตร (งาม, วิจิตร, น่าอัศจรรย์) + เทพ (เทวดา, ผู้ศักดิ์สิทธิ์) = เทพผู้สง่างาม, ผู้มีรูปงามดุจเทพ, ผู้มีความประเสริฐดุจเทพเจ้า"
จิตรภณ,"จิตร (งาม, วิจิตร, น่าอัศจรรย์) + ภณ (ผู้กล่าว, ผู้พูด, การพูด) = ผู้กล่าวถ้อยคำอันไพเราะงดงาม, ผู้มีวาจางดงาม"
จิตริน,"จิตร (งาม, วิจิตร, น่าอัศจรรย์) + อิน (ผู้เป็นใหญ่, ผู้มี, ผู้ประกอบด้วย) = ผู้มีความงดงาม, ผู้มีความวิจิตร, ผู้สร้างสรรค์ความงดงาม"
จิธิมา,ผู้มีธรรมะและความอ่อนโยนสง่างาม
จิน,ความคิดหรือจิตใจ
จินณ์,ผู้ชนะหรือผู้รู้แจ้ง
จินตณัฐ,ผู้มีความคิดและปัญญา
จินตนภรณ์,ผู้มีความคิด ความกล้าหาญ และการค้ำจุน
จินตนา,"จินตนา (ความคิด, การรำพึง, การพิจารณา, การจินตนาการ) = ความคิด, การรำพึง, การจินตนาการ"
จินต์ลภัส,"จินต์ (ความคิด, จิตใจ, การตรึกตรอง) + ลภัส (การได้, การได้รับ, โชคลาภ, ความสำเร็จ) = ผู้ที่ได้มาซึ่งความคิด (ที่ดี), ผู้ที่ประสบความสำเร็จตามที่คิดปรารถนา"
จินนะ,ผู้ชนะ
จินนะธรรม,ผู้ค้ำจุนและผู้ตั้งมั่นในธรรม
จินนะวิทร,ผู้มีความคิด ความมั่นคง และความรู้
จินวิทร,ผู้มีความคิด ความมั่นคง และความรู้
จินาวา,ผู้นำพาชีวิตดุจเรือและผู้นำพาดุจเรือ
จิรกร,"จิร (นาน, ยั่งยืน, ตลอดไป) + กร (ผู้สร้าง, ผู้กระทำ, มือ) = ผู้สร้างสรรค์ที่ยั่งยืน, ผู้กระทำมายาวนาน, ผู้ประกอบกิจอันยั่งยืน"
จิรญา,ผู้มีความยั่งยืน ความรู้ และความอ่อนโยนสง่างาม
จิรฐา,"จิร (นาน, ยั่งยืน, ตลอดไป) + ฐา (การตั้งอยู่, ความมั่นคง, ความยั่งยืน, การดำรงอยู่) = ผู้ตั้งมั่นยั่งยืน, ผู้ดำรงอยู่ยาวนาน, ผู้มีความมั่นคงถาวร"
จิรดล,ผู้ยั่งยืนยาวนานและผู้บันดาล
จิรเดช,"จิร (นาน, ยั่งยืน, ตลอดไป) + เดช (อำนาจ, บุญญฤทธิ์, ความรุ่งเรือง) = ผู้มีอำนาจและบุญญฤทธิ์ยั่งยืน, ผู้มีเดชานุภาพอันยาวนาน"
จิรทีปต์,"จิร (นาน, ยั่งยืน, ตลอดไป) + ทีปต์ (สว่าง, รุ่งโรจน์, โชติช่วง) = ผู้ที่รุ่งเรืองสว่างไสวเป็นเวลายาวนาน, ผู้มีความรุ่งโรจน์อันยั่งยืน"
จิรนันท์,"จิร (นาน, ยั่งยืน, ตลอดไป) + นันท์ (ความยินดี, ความสุข, ความรื่นเริง) = ผู้มีความสุขความยินดีอันยั่งยืน, ผู้เป็นที่น่ายินดีตลอดไป"
จิรนาฏ,ผู้ยั่งยืนยาวนานและผู้มีศิลปะงดงาม
จิรบวรภัทร,ผู้ยั่งยืนยาวนาน ผู้ประเสริฐ และผู้ดีงามเป็นมงคล
จิรเปรมธนิก,ผู้ยั่งยืนยาวนาน ผู้มีทรัพย์ และผู้เปี่ยมความรักยินดี
จิรพรรณ,"จิร (นาน, ยั่งยืน, ตลอดไป) + พรรณ (สี, ผิว, ลักษณะ, ความงาม, คำชมเชย) = ผู้มีผิวพรรณงดงามยั่งยืน, ผู้มีสง่าราศีอันงดงามเป็นนิจ"
จิรภัทร,"จิร (นาน, ยั่งยืน, ตลอดไป) + ภัทร (เจริญ, ดี, เป็นมงคล, ประเสริฐ) = ผู้มีความเจริญรุ่งเรืองอันยั่งยืน, ผู้มีสิริมงคลตลอดไป"
จิรภิญญา,ผู้มีความยั่งยืน ความรู้ และปัญญายิ่ง
จิรเมธ,"จิร (ยาวนาน, ยั่งยืน) + เมธ (ปัญญา, ความฉลาด) = ผู้มีปัญญาอันยั่งยืน"
จิรวัฒน์,"จิร (ยาวนาน, ยั่งยืน) + วัฒน์ (ความเจริญ, ความงอกงาม) = ผู้มีความเจริญรุ่งเรืองอย่างยั่งยืน"
จิรเวช,"จิร (ยาวนาน, ยั่งยืน) + เวช (หมอ, ผู้รู้, ปัญญา) = ผู้มีความรู้หรือปัญญาอันยั่งยืน (หมายถึงผู้เชี่ยวชาญที่คงกระพัน)"
จิรศักดิ์,"จิร (ยาวนาน, ยั่งยืน) + ศักดิ์ (อำนาจ, เกียรติ, ความสามารถ) = ผู้มีอำนาจหรือเกียรติยศอันยั่งยืน"
จิระคุณ,ผู้เปี่ยมคุณธรรมและผู้ยั่งยืนยาวนาน
จิระเจริญรุจน์,ผู้ยั่งยืนยาวนาน ผู้ประพฤติดี และผู้เจริญรุ่งเรือง
จิระนันท์,"จิร (ยาวนาน, ยั่งยืน) + นันท์ (ความยินดี, ความสุข) = ผู้มีความสุขหรือความยินดีอันยั่งยืน"
จิระประไพ,"จิร (ยาวนาน, ยั่งยืน) + ประไพ (ความงาม, ความรุ่งเรือง, แสงสว่าง) = ผู้มีความงามหรือความรุ่งเรืองอันยั่งยืน"
จิรัชญา,ผู้ยั่งยืนยาวนาน ผู้เปี่ยมความรู้ และผู้รุ่งเรืองด้วยอำนาจ
จิรัฎฐ์,"จิร (ยาวนาน, ยั่งยืน) + อัฏฐ์ (ตั้งมั่น, ดำรงอยู่) = ผู้ตั้งมั่นหรือดำรงอยู่อย่างยั่งยืน"
จิรัฏฐ,ผู้เปี่ยมด้วยความยั่งยืน
จิรัฏฐ์,"จิร (นาน, ยั่งยืน - บาลี/สันสกฤต: ciram) + อฏฺฐ/ฐ (ตั้งอยู่, ดำรงอยู่ - มาจาก บาลี/สันสกฤต: sthā หรือ ṭṭha) = ผู้ดำรงอยู่อย่างยั่งยืน, ผู้มีความมั่นคงถาวร"
จิรัฏฐา,"จิร (ยืนนาน, มั่นคง) + อัฏฐา (ตั้งมั่น, ดำรงอยู่) = ผู้ดำรงอยู่อย่างมั่นคงยืนนาน"
จิรันธนิน,ผู้ยั่งยืนยาวนานและผู้มีทรัพย์
จิรันธร,"จิร (จิร: ป., ส. ช้านาน, ยั่งยืน) + ธร (ธร: ป., ส. ผู้ทรงไว้, ผู้ค้ำจุน) (สมาส) = ผู้ทรงไว้ซึ่งความยั่งยืนตลอดกาล"
จิรัส,"จิร (ยาวนาน, ยั่งยืน) + อัส (ความเป็นอยู่, ชีวิต จากธาตุ 'อสฺส' = เป็นอยู่) = ผู้มีชีวิตอันยั่งยืน หรือผู้เป็นอยู่ยาวนาน"
จิรา,ผู้มีความยั่งยืนและความอ่อนโยนสง่างาม
จิราธร,ผู้ยั่งยืนยาวนานและผู้ค้ำจุน
จิรานุวัจน์,ผู้ยั่งยืนยาวนานและผู้มีวาจางดงาม
จิรายุ,"จิร (ยาวนาน, ยั่งยืน) + อายุ (อายุ, ชีวิต) = ผู้มีอายุยืนยาว"
จิรายุทธ,"จิร (ยาวนาน, ยั่งยืน) + ยุทธ (การรบ, การต่อสู้) = ผู้ชำนาญการยุทธที่ยั่งยืน หรือผู้มีความกล้าหาญยั่งยืน"
จิราวุธ,ผู้ยั่งยืนยาวนาน ผู้มีอาวุธหรือพลังป้องกัน และผู้มีพลังป้องกัน
จิริญา,ผู้มีความยั่งยืน ความรู้ และความอ่อนโยนสง่างาม
จิลลภัทร,ผู้มีความละมุน ความดีงามเป็นมงคล และความมั่นคง
จีรณะ,"จีร (ยั่งยืน, ยืนนาน) + ณะ (ปัจจัยนาม) = ความยั่งยืน, ความยืนนาน (มาจาก 'จิร' ที่ใช้ในความหมายยั่งยืน)"
จุฑามาศ,"จุฑา (จุก, มวยผม, ยอด) + มาศ (ทองคำ) = ยอดอันเป็นทองคำ (หมายถึงสิ่งที่มีค่าสูงส่งยิ่ง)"
จุนันท์,ผู้เปี่ยมด้วยความสุขยินดี
จุลจักร,ผู้มีพลังขับเคลื่อน ความละมุน และความมั่นคงสูงส่ง
จุลอักษร,ผู้มีความละเอียดประณีต อักษรอันงดงาม และความละมุน
จุลินทร์,"จุล (เล็ก, น้อย) + อินทร์ (ผู้เป็นใหญ่, พระเจ้าอินทร์) = ผู้เป็นใหญ่แต่กำเนิดเล็ก (มีความหมายถึงความยิ่งใหญ่ที่เริ่มต้นจากสิ่งเล็กน้อย หรือความถ่อมตน)"
จุฬารักษ์,ผู้เป็นที่รักและผู้ปกป้องรักษา
จุฬาลักษณ์,"จุฬา (จุก, มวยผม, ยอด) + ลักษณ์ (ลักษณะ, เครื่องหมาย) = ผู้มีลักษณะเป็นยอด, ผู้มีเครื่องหมายแห่งความเป็นเลิศ"
จุฬาวรรณ,ผู้ประเสริฐและผู้มีวรรณะงดงาม
จูงใจ,ผู้ชักนำหัวใจให้คล้อยตาม
จูมนา,ผู้มีความเจริญและความอ่อนโยนสง่างาม
เจดับบลิว,อักษรย่อ JW รอการตรวจสอบความหมายเฉพาะ
เจตณัฐ,"เจต (เจต: ป., ส. ใจ, ความคิด, ความดำริ) + ณัฐ (ณฏฺฐ: ป. นักปราชญ์, ผู้คงแก่เรียน) (สมาส) = นักปราชญ์ผู้มีจิตใจและความคิดอันเฉลียวฉลาด"
เจตณัฐว์,ผู้มีความตั้งใจและปัญญา
เจตน์,ผู้เปี่ยมด้วยความตั้งใจ
เจตนจันทร์,ผู้เย็นงามดุจจันทร์และผู้มีความตั้งใจมั่น
เจตนิพัทธ์,"เจต (ความคิด, จิตใจ) + นิพัทธ์ (มั่นคง, ผูกพัน, สม่ำเสมอ) = ผู้มีจิตใจมั่นคง, ผู้มีความคิดที่ยั่งยืน"
เจน,ผู้ชำนาญและคล่องแคล่ว
เจนจบ,ผู้ชำนาญรอบด้าน
เจนจาคะ,ผู้เสียสละและผู้ชำนาญ
เจนจิรา,"เจน (ชำนาญ, คุ้นเคย) + จิรา (ยาวนาน, ยั่งยืน) = ผู้มีความชำนาญอย่างยั่งยืน"
เจนจิรารีย์,"เจน (ชำนาญ, คุ้นเคย) + จิรา (ยาวนาน, ยั่งยืน) + อารีย์ (ผู้ประเสริฐ, ผู้ดี) = ผู้มีความชำนาญที่ยั่งยืนและประเสริฐ"
เจนภณ,"เจน (ชำนาญ, คุ้นเคย) + ภณ (การพูด, การกล่าว) = ผู้ชำนาญการพูด, ผู้มีวาทศิลป์"
เจนรบ,"เจน (ชำนาญ, คุ้นเคย) + รบ (การรบ, การต่อสู้) = ผู้ชำนาญการรบ, ผู้เชี่ยวชาญในการต่อสู้"
เจนลักษณ์,"เจน (คุ้นเคย, ชำนาญ, รอบรู้ - คำไทย) + ลักษณ์ (รูปลักษณะ, เครื่องหมาย, รูปงาม - สันสกฤต: lakṣaṇa) = ผู้คุ้นเคยหรือเชี่ยวชาญในลักษณะอันดี, ผู้มีลักษณะงามและเฉลียวฉลาด"
เจนวร,ผู้ประเสริฐและผู้ชำนาญ
เจนวิน,"เจน (ไทย: ชำนาญ, เชี่ยวชาญ) + วิน (วิน: ป. ผู้ชนะ, ผู้ได้) (คำผสม) = ผู้ชำนาญการชนะ, ผู้ชนะที่เชี่ยวชาญ"
เจนอักษร,ผู้มีความรู้ทางอักษรและผู้ชำนาญ
เจริญ,ผู้ประพฤติดีและผู้เจริญรุ่งเรือง
เจริญกัลป์,ผู้ประพฤติดี ผู้เจริญรุ่งเรือง และผู้ยืนยาวดุจกาล
เจริญขวัญ,ผู้ประพฤติดี ผู้เจริญรุ่งเรือง และผู้เป็นมิ่งขวัญ
เจริญใจ,ผู้ประพฤติดี ผู้เจริญรุ่งเรือง และผู้มีจิตใจมั่นคง
เจริญรักษ์,ผู้ประพฤติดี ผู้เจริญรุ่งเรือง และผู้เป็นที่รัก
เจริญโรจน์ปัญญา,ผู้ประพฤติดี ผู้เจริญรุ่งเรือง และผู้มีปัญญา
เจริญวงษ์,ผู้ประพฤติดี ผู้เจริญรุ่งเรือง และผู้สืบวงศ์ดีงาม
เจริญไว,ผู้ประพฤติดี ผู้เจริญรุ่งเรือง และผู้ว่องไว
เจริญใหญ่,ผู้ประพฤติดีและผู้เจริญรุ่งเรือง
เจษฎ์ภัทร,"เจษฎ์ (มาจาก เชษฐ: ผู้เป็นใหญ่, ผู้ประเสริฐ - บาลี: jeṭṭha, สันสกฤต: jyeṣṭha) + ภัทร (ดี, งาม, เจริญ, เป็นมงคล - บาลี/สันสกฤต: bhadra) = ผู้ประเสริฐยอดเยี่ยมและดีงาม, ผู้มีความเจริญอันเป็นมงคลยิ่ง"
เจษฎา,"เจษฎา (มาจาก เชษฐา: ผู้เป็นใหญ่, ผู้ประเสริฐ, พี่ชาย - บาลี: jeṭṭhā, สันสกฤต: jyeṣṭhā) = ผู้เป็นใหญ่, ผู้ประเสริฐ, ผู้เจริญที่สุด"
เจษฎาวิน,"เจษฎา (ผู้เป็นใหญ่, ผู้เป็นเลิศ) + วิน (ผู้มีชัยชนะ, ผู้ได้มา) = ผู้เป็นเลิศและมีชัยชนะ"
เจษฎาวุธ,ผู้เป็นใหญ่และน่าเคารพ ผู้ประเสริฐและเป็นใหญ่ และผู้มีอาวุธหรือพลังป้องกัน
เจษฏา,ผู้เป็นใหญ่และน่าเคารพและผู้ประเสริฐและเป็นใหญ่
เจษภัทร,ผู้ประเสริฐและเป็นใหญ่และผู้ดีงามเป็นมงคล
เจษรินทร์,ผู้ประเสริฐและเป็นใหญ่และผู้เป็นใหญ่
เจษวิชญ์,"เจษ (ผู้เป็นเลิศ, ผู้เป็นใหญ่) + วิชญ์ (ความรู้, ปัญญา) = ผู้มีความรู้เป็นเลิศ"
เจะดิง,ผู้เปี่ยมด้วยความเป็นสิริมงคลเฉพาะตน
เจะเละ,ผู้เปี่ยมด้วยความละมุน
เจะโวะ,ผู้เปี่ยมด้วยความเป็นสิริมงคลเฉพาะตน
เจิมจันทร์,"เจิม (แต้ม, ทา, ประพรมเพื่อเป็นสิริมงคล - คำไทย) + จันทร์ (ดวงจันทร์, พระจันทร์ - สันสกฤต: candra, บาลี: canda) = ผู้ได้รับการประพรมหรือประดับด้วยความงามแห่งดวงจันทร์, ผู้มีความสง่างามดุจจันทร์"
แจ้งคำ,ผู้มีคุณค่าดุจทองคำและผู้สว่างชัดเจน
แจ้งประดิษฐ์,ผู้สร้างสรรค์และผู้สว่างชัดเจน
แจวทอง,ไม้พายทอง สื่อถึงการนำพาชีวิตด้วยคุณค่า
ใจแคล้ว,ผู้มีจิตใจมั่นคงและผู้แคล้วคลาดปลอดภัย
ใจหลัก,ผู้เป็นหลักมั่นคงและผู้มีจิตใจมั่นคง
ฉกณนต,
ฉกมนต,
ฉกรกะ,
ฉกรกิ,
ฉกรณัฏฐ์,
ฉกรมิน,
ฉกรรจ์,ผู้แข็งแรง องอาจ และเปี่ยมพลัง
ฉกะกร,
ฉกะมิน,
ฉกัณ,
ฉกัณโณ,
ฉกัน,
ฉกันโณ,
ฉกันรณ,
ฉกิกะ,
ฉกิกิ,
ฉกิจชล,
ฉกิจนต,
ฉกิจนนท์,
ฉกิณ,
ฉกิณโณ,
ฉกิณรณ,
ฉกิณัฏฐ์,
ฉกิม,
ฉกิมโณ,
ฉกิมรณ,
ฉกิมิน,
ฉคะภิ,
ฉคุณ,
ฉคุณโณ,
ฉคุณรณ,
ฉณัฏฐ์,
ฉณัฏฐ์กะ,
ฉณัฏฐ์โณ,
ฉณัฏฐ์รณ,
ฉณัฏฐ์วร,
ฉณัฏฐ์อร,
ฉณัฐณัฐ,
ฉณัฐมนต์,
ฉโณ,
ฉโณกร,
ฉโณกัน,
ฉโณกิม,
ฉโณณัฏฐ์,
ฉโณดิณ,
ฉโณธาม,
ฉโณภิณ,
ฉโณมนต์,
ฉโณวร,
ฉดนนด,
ฉดิณ,
ฉดิณรณ,
ฉธาม,
ฉธามโณ,
ฉธามรณ,
ฉนตอณ,
ฉนนท์กิจ,
ฉนนท์วิณ,
ฉนนท์อณ,
ฉนันท์อณ,
ฉมน,
ฉมนต์ณัฐ,
ฉมนต์โณ,
ฉมนต์รณ,
ฉมนต์รวิ,
ฉมนต์วิณ,
ฉมนต์อิม,
ฉมา,การให้อภัยหรือความอดทน
ฉมิน,
ฉมินกร,
ฉมินกิ,
ฉมินมนต์,
ฉรณ,
ฉรณกร,
ฉรณกะ,
ฉรณกัน,
ฉรณกิ,
ฉรณกิณ,
ฉรณคุณ,
ฉรณณัฏฐ์,
ฉรณดิณ,
ฉรณธาม,
ฉรณมนต์,
ฉรณวร,
ฉรณอร,
ฉรวิ,
ฉรวิกร,
ฉรวิกะ,
ฉรวิกิ,
ฉรวิมนต์,
ฉลอง,ผู้เป็นมงคลและนำความยินดี
ฉลองขวัญ,ผู้เฉลิมเกียรติและยินดีและผู้เป็นมิ่งขวัญ
ฉลองคุณ,ผู้เปี่ยมคุณธรรมและผู้เฉลิมเกียรติและยินดี
ฉลองใจ,ผู้เฉลิมเกียรติและยินดีและผู้มีจิตใจมั่นคง
ฉลองรัช,ผู้เฉลิมเกียรติและยินดีและผู้รุ่งเรืองด้วยอำนาจ
ฉลอม,ภาชนะสานชนิดหนึ่ง สื่อถึงความเรียบง่ายและเกื้อกูล
ฉลาจ,ผู้เฉลียวฉลาด
ฉลาจเลิศ,ผู้เฉลียวฉลาดเป็นเลิศ
ฉวร,
ฉวรณัฏฐ์,
ฉวัณนนท์,
ฉวัณมนต์,
ฉวิณนนท์,
ฉวิณมนต์,
ฉอณนนท์,
ฉอณนันท์,
ฉอร,
ฉอิมนนท์,
ฉอิมมนต์,
ฉัน,ผู้เปี่ยมด้วยความพึงใจ
ฉันถัน,ผู้เปี่ยมด้วยความพึงใจ
ฉันถิช,ผู้เปี่ยมด้วยความพึงใจ
ฉันท์,ผู้มีความพอใจและศรัทธาและผู้มีความพอใจ
ฉันท์กิจ,ผู้มีความพอใจและศรัทธาและผู้มีความพอใจ
ฉันท์ชนก,"ฉันท์ (ความพอใจ, ความยินดี, ความปรารถนา - บาลี: chanda, สันสกฤต: chanda) + ชนก (ผู้ให้กำเนิด, พ่อ - บาลี/สันสกฤต: janaka) = ผู้ให้กำเนิดแห่งความพึงพอใจ, ผู้เป็นที่รักและปรารถนา"
ฉันท์ทัต,"ฉันท์ (ความพอใจ, ความยินดี, ความปรารถนา - บาลี: chanda, สันสกฤต: chanda) + ทัต (ผู้ให้, การให้, ทาน - บาลี/สันสกฤต: datta) = ผู้ให้ความพึงพอใจ, ผู้ได้รับการประทานจากความพอใจ"
ฉันทพล,"ฉันท (ความพอใจ, ความยินดี - บาลี: chanda, สันสกฤต: chanda) + พล (กำลัง, อำนาจ - บาลี/สันสกฤต: bala) = ผู้มีพลังแห่งความพึงพอใจ, ผู้มีกำลังอันเกิดจากความยินดี"
ฉันทพัฒน์,"ฉันท (ความพอใจ, ความยินดี - บาลี: chanda, สันสกฤต: chanda) + พัฒน์ (ความเจริญ, ความก้าวหน้า - มาจาก บาลี: vaḍḍhana, สันสกฤต: vṛddhana) = ผู้มีความเจริญรุ่งเรืองอันเกิดจากความพึงพอใจ, ผู้มีความก้าวหน้าตามความปรารถนา"
ฉินนรณ,"ฉินน (ตัดขาดแล้ว, ปราศจาก - บาลี/สันสกฤต: chinna) + รณ (การรบ, สงคราม - บาลี/สันสกฤต: raṇa) = ผู้ปราศจากสงคราม, ผู้สงบสุข"
ฉิม,
เฉลิมพล,"เฉลิม (ยกย่อง, เชิดชู, ทำให้มีสิริมงคล - คำไทย) + พล (กำลัง, อำนาจ, กองทัพ - บาลี/สันสกฤต: bala) = ผู้ยกย่องกำลัง, ผู้มีกำลังเป็นที่เชิดชู, ผู้มีความรุ่งเรืองด้วยกำลัง"
ไฉน,เหตุใดหรืออย่างไร เป็นคำไทยเชิงถาม
ชคินทร์,"ชค (ชค: ป., ส. โลก) + อินทร์ (อินฺทฺร: ป., ส. ผู้เป็นใหญ่, หัวหน้า) (สนธิ) = ผู้เป็นใหญ่ในโลก, ผู้ปกครองโลก"
ชชญ,ผู้เปี่ยมปัญญาและชัยชนะ
ชญ์,"ชญ์ (มาจาก ชญาณ/ญาณ: ความรู้, ปัญญา - บาลี: ñāṇa, สันสกฤต: jñāna) = ผู้มีความรู้, ปัญญา"
ชญภัษ,ผู้มีปัญญาและถ้อยคำงดงาม
ชญาญาลักษณ์,"ชญา (ความรู้, ผู้รู้ - มาจาก บาลี: ñāṇa, สันสกฤต: jñāna) + ญาณ (ความรู้, ปัญญา - บาลี: ñāṇa, สันสกฤต: jñāna) + ลักษณ์ (ลักษณะ, รูปลักษณ์ - สันสกฤต: lakṣaṇa) = ผู้มีลักษณะแห่งความรู้และปัญญาอันลึกซึ้ง, ผู้มีรูปลักษณ์งดงามและเฉลียวฉลาด"
ชญาญาวรัญญา,"ชญา (ผู้รู้, ปัญญา) + ญา (ความรู้, ปัญญา) + วรัญญา (ความรู้ที่ประเสริฐ) = ผู้มีความรู้ความเข้าใจอันประเสริฐยิ่ง"
ชญาณ์นันท์,ผู้เปี่ยมความรู้ ผู้มีญาณปัญญา และผู้มีความยินดี
ชญาธร,"ชญา (ความรู้, ปัญญา - มาจาก บาลี: ñāṇa, สันสกฤต: jñāna) + ธร (ผู้ทรงไว้, ผู้รับไว้, ผู้ค้ำจุน - บาลี/สันสกฤต: dhara) = ผู้ทรงไว้ซึ่งความรู้และปัญญา, ผู้ค้ำจุนความรอบรู้"
ชญานนท์,"ชญา (ผู้รู้, ปัญญา) + นนท์ (ความยินดี, ความสุข) = ผู้มีความสุขเพราะความรู้, ผู้ยินดีในปัญญา"
ชญาน์นันท์,"ชญาณ (ความรู้, ปัญญา - บาลี: ñāṇa, สันสกฤต: jñāna) + นันท์ (ความเพลิดเพลิน, ความสุข, ความยินดี - บาลี/สันสกฤต: nanda) = ผู้มีความสุขและความยินดีในความรู้, ผู้มีความรู้เป็นที่ชื่นชม"
ชญานภัส,"ชญาณ (ความรู้, ปัญญา - บาลี: ñāṇa, สันสกฤต: jñāna) + นภัส (ท้องฟ้า, เมฆ - สันสกฤต: nabhas) = ผู้มีความรู้กว้างขวางดุจท้องฟ้า, ผู้มีปัญญาลึกซึ้งดุจห้วงนภากาศ"
ชญานวล,ผู้มีปัญญา ความละมุน และความรู้
ชญานันท์,"ชญาณ (ความรู้, ปัญญา - บาลี: ñāṇa, สันสกฤต: jñāna) + นันท์ (ความเพลิดเพลิน, ความสุข, ความยินดี - บาลี/สันสกฤต: nanda) = ผู้มีความสุขและความยินดีในความรู้, ผู้มีความรู้เป็นที่ชื่นชม"
ชญานันทน์,ผู้เปี่ยมความรู้และผู้มีความยินดี
ชญานารี,ผู้มีปัญญา ความรู้ และความสง่างาม
ชญานิธิ,ผู้มีปัญญา ขุมทรัพย์ และความรู้
ชญานิน,"ชญาณ (ความรู้, ปัญญา - บาลี: ñāṇa, สันสกฤต: jñāna) + อิน (ผู้เป็นใหญ่, ผู้ยอดเยี่ยม - สันสกฤต: indra) = ผู้เป็นใหญ่ด้วยความรู้, ผู้มีปัญญาอันยิ่งใหญ่และรอบรู้"
ชญานิศ,"ชญาณ (ความรู้, ปัญญา - บาลี: ñāṇa, สันสกฤต: jñāna) + นิศ (ผู้เป็นใหญ่, เจ้า, นาย - สันสกฤต: īśa/īśā, มักใช้กับสตรี) = ผู้เป็นใหญ่ด้วยความรู้, ผู้มีปัญญาอันยิ่งใหญ่ (มักใช้สำหรับสตรี)"
ชญานิษฐ์,"ชญาณ (ความรู้, ปัญญา - บาลี: ñāṇa, สันสกฤต: jñāna) + นิษฐ์ (สำเร็จ, สิ้นสุด, มั่นคง, ที่สุด - บาลี: niṭṭha, สันสกฤต: niṣṭha) = ผู้มีความรู้และปัญญาอันมั่นคงที่สุด, ผู้สำเร็จด้วยความรู้"
ชญาริน,
ชญาลักษณ์,ผู้มีปัญญา ความละมุน และลักษณะงดงาม
ชญาวรรณ,"ชญา (ปัญญา, ความรู้) + วรรณ (ผิวพรรณ, ความงาม, ชนิด, ชั้น) = ผู้มีปัญญาอันงดงาม, ผู้มีความรู้เป็นเลิศ"
ชญาวรศิริ,ผู้เปี่ยมความรู้ ผู้ประเสริฐ และผู้มีสิริมงคล
ชญาวรัญญา,"ชญา (บาลี-สันสกฤต: ญา หรือ ชฺญา หมายถึง ความรู้, ปัญญา, การหยั่งรู้) + วรัญญา (บาลี-สันสกฤต: วรญฺญา หมายถึง ผู้รู้แจ้ง, ผู้รู้สิ่งที่ประเสริฐ) = ผู้มีความรู้และปัญญาอันประเสริฐ"
ชญาวริน,"ชญา (ปัญญา, ความรู้) + วริน (ผู้เป็นใหญ่, ผู้ประเสริฐ, ผู้ยอดเยี่ยม) = ผู้มีปัญญาเป็นเลิศ, จอมปราชญ์ผู้ทรงความรู้"
ชญาวิน,"ชญา (ปัญญา, ความรู้) + วิน (ผู้มี, ผู้ประสบความสำเร็จ) = ผู้มีปัญญา, ผู้ประสบชัยชนะด้วยปัญญา"
ชญาอริน,"ชญา (ปัญญา, ความรู้) + อริน (ผู้ปราบศัตรู, ผู้เป็นใหญ่เหนือข้าศึก) = ผู้มีปัญญาปราบศัตรู, ผู้มีปัญญาเหนือผู้อื่น"
ชนมภูมิ,"ชนม (การเกิด, ชีวิต) + ภูมิ (แผ่นดิน, ที่ตั้ง, สถานะ) = แหล่งกำเนิดชีวิต, พื้นที่แห่งการเกิด"
ชนิดาภา,"ชนิดา (ผู้ที่เกิดมา, ผู้มีชาติกำเนิด) + ภา (แสงสว่าง, รัศมี) = ผู้ที่เกิดมาเป็นแสงสว่าง, แสงสว่างของมนุษย์"
ชนิตพล,"ชนิต (เกิดแล้ว, บังเกิด) + พล (กำลัง, อำนาจ) = ผู้มีกำลังที่บังเกิดขึ้น, ผู้เกิดมาพร้อมพลัง"
ชนุดม,"ชนุ (คน, ประชาชน) + อุดม (เลิศ, ยอดเยี่ยม, สมบูรณ์) = ผู้เป็นเลิศในหมู่ชน, ผู้มีชาติกำเนิดอันอุดม"
ชนุตร์,"ชนุ (คน, ประชาชน) + อุตร์ (สูงส่ง, เหนือกว่า, ยอดเยี่ยม) = ผู้เป็นที่หนึ่งในหมู่ชน, ผู้มีกำเนิดอันสูงส่ง"
ชโนดม,ผู้เปี่ยมด้วยชัยชนะ
ชไมภรณ์,ผู้ประดับด้วยความงามสองประการ
ชยณี,"ชย (ชัยชนะ) + ณี (ผู้หญิง, ผู้มีคุณสมบัติ) = สตรีผู้มีชัยชนะ, ผู้ทรงชัยชนะ"
ชยเดชน์,"ชย (ชัยชนะ) + เดชน์ (เดช, อำนาจ, พลัง, ความรุ่งเรือง) = ผู้มีอำนาจแห่งชัยชนะ, ผู้มีเดชานุภาพแห่งชัย"
ชยปัญญา,"ชย (ชัยชนะ) + ปัญญา (ความรู้, สติปัญญา) = ผู้มีปัญญาแห่งชัยชนะ, ปัญญาอันนำมาซึ่งชัยชนะ"
ชยพล,"ชย (ชัยชนะ) + พล (กำลัง, อำนาจ) = ผู้มีกำลังแห่งชัยชนะ, พลังแห่งชัย"
ชยพัทธ์,"ชย (ชัยชนะ) + พัทธ์ (ผูกพัน, เกี่ยวข้อง, มี) = ผู้ผูกพันกับชัยชนะ, ผู้มีชัยชนะเป็นที่พึ่ง"
ชยรพ,"ชย (ชัยชนะ) + รพ (เสียง, ชื่อเสียง) = ผู้มีชื่อเสียงในชัยชนะ, เสียงแห่งชัยชนะที่กึกก้อง"
ชยศร,"ชย (ชัยชนะ) + ศร (ลูกศร, ความแหลมคม) = ผู้มีชัยชนะอันเฉียบคม, ผู้ดุจศรแห่งชัยชนะ"
ชยศิลป์,"ชย (ชัยชนะ) + ศิลป์ (ศิลปะ, ฝีมือ, ความสามารถ) = ผู้มีศิลปะแห่งชัยชนะ, ผู้มีฝีมืออันนำมาซึ่งชัยชนะ"
ชยังกูร,"ชย (ชัยชนะ) + อังกูร (หน่อ, กำเนิด, ต้นเค้า) = หน่อเนื้อเชื้อไขแห่งชัยชนะ, ผู้เป็นต้นกำเนิดแห่งชัย"
ชยากร,"ชย (ชัยชนะ) + อากร (บ่อเกิด, แหล่ง, ที่รวม) = ผู้เป็นบ่อเกิดแห่งชัยชนะ, แหล่งรวมแห่งชัย"
ชยานันท์,"ชย (ชัยชนะ) + อนันท์ (ความยินดี, ความสุข, ไม่สิ้นสุด) = ผู้มีความสุขในชัยชนะ, ชัยชนะที่ไร้ขีดจำกัด"
ชยิน,"ชย (ชัยชนะ - บาลี-สันสกฤต) + อิน (ผู้มี, ผู้เป็น - สันสกฤต) = ผู้มีชัยชนะ, ผู้ชนะ"
ชยุตรา,"ชย (ชัยชนะ - บาลี-สันสกฤต) + อุตรา (สูงสุด, ยอดเยี่ยม - สันสกฤต) = ผู้มีชัยชนะอันยอดเยี่ยม, ผู้มีชัยชนะอันสูงสุด"
ชเยศ,"ชย (ชัยชนะ - บาลี-สันสกฤต) + อีศ (ผู้เป็นใหญ่, เจ้า - สันสกฤต) = เจ้าแห่งชัยชนะ, ผู้เป็นใหญ่ในชัยชนะ"
ชเยส,"ชย (ชัยชนะ - บาลี-สันสกฤต) + อีศ (ผู้เป็นใหญ่, เจ้า - สันสกฤต) = เจ้าแห่งชัยชนะ, ผู้เป็นใหญ่ในชัยชนะ"
ชริณทร์,"ชร (มาจาก 'เจริญ' ความรุ่งเรือง, การดำเนินไป - ไทย/แผลงจาก บาลี-สันสกฤต) + อินทร์ (ผู้เป็นใหญ่, หัวหน้า - บาลี-สันสกฤต) = ผู้เป็นใหญ่ในความรุ่งเรือง, ผู้มีความเจริญประเสริฐ"
ชริน,ผู้มีความสง่างามและความอ่อนละมุนดุจสายน้ำ
ชรินทร์,ผู้มีความสง่างาม ความอ่อนละมุนดุจสายน้ำ และความเป็นใหญ่
ชรูญ,ผู้รุ่งเรืองงดงาม
ชลกมล,
ชลกมลทอง,
ชลกร,
ชลณัฐ,"ชล (น้ำ - บาลี-สันสกฤต) + ณัฐ (นักปราชญ์, ผู้ฉลาด - บาลี-สันสกฤต) = นักปราชญ์ผู้มีความรู้ลึกซึ้งดุจน้ำ, ผู้ฉลาดหลักแหลม"
ชลทอง,
ชลทองคำ,
ชลธร,ผู้เย็นใสดุจสายน้ำและผู้ค้ำจุน
ชลธรรม์,ผู้เย็นใสดุจสายน้ำ ผู้ค้ำจุน และผู้ตั้งมั่นในธรรม
ชลธวัช,ผู้เย็นใสดุจสายน้ำและผู้เป็นธงแห่งเกียรติ
ชลธาร,"ชล (น้ำ - บาลี-สันสกฤต) + ธาร (สายน้ำ, ลำธาร - บาลี-สันสกฤต) = สายน้ำ, ลำธาร (สื่อถึงความอุดมสมบูรณ์)"
ชลธารา,"ชล (น้ำ - บาลี-สันสกฤต) + ธารา (สายน้ำ, ลำธาร, รูปหญิง - บาลี-สันสกฤต) = สายน้ำ, ลำธาร (สื่อถึงความอุดมสมบูรณ์)"
ชลธาริน,"ชล (น้ำ - บาลี-สันสกฤต) + ธาริน (ผู้มีสายน้ำ, ผู้ทรงไว้ซึ่งน้ำ - บาลี-สันสกฤต) = ผู้มีสายน้ำ, ผู้เป็นเจ้าของน้ำ (อุดมสมบูรณ์)"
ชลธิชา,"ชล (น้ำ - บาลี-สันสกฤต) + ธิชา (ผู้เกิดจาก - บาลี-สันสกฤต) = ผู้ที่เกิดจากน้ำ (สื่อถึงความบริสุทธิ์, ความงดงาม เช่น ดอกบัว)"
ชลธิภัสร์,ผู้เย็นใสดุจสายน้ำและผู้เปล่งแสงสว่าง
ชลธิศ,"ชล (น้ำ - บาลี-สันสกฤต) + อธิศ (ผู้เป็นใหญ่, เจ้า - สันสกฤต) = เจ้าแห่งน้ำ (หมายถึง มหาสมุทร)"
ชลธิษา,"ชล (น้ำ - บาลี-สันสกฤต) + ธิษา (ผู้เป็นใหญ่, เจ้า, รูปหญิง - สันสกฤต) = เจ้าแห่งน้ำ (สำหรับหญิง, หมายถึง มหาสมุทร)"
ชลธี,"ชล (น้ำ - บาลี-สันสกฤต) + ธี (ทะเล, มหาสมุทร; ปัญญา - สันสกฤต) = ทะเล, มหาสมุทร (สื่อถึงความกว้างใหญ่, ลึกซึ้ง)"
ชลธีร์,"ชล (น้ำ) + ธีร์ (ผู้ทรงปัญญา, ผู้ฉลาด) = ผู้มีปัญญาอันสุขุมลุ่มลึกดุจสายน้ำ"
ชลธีรา,"ชล (น้ำ - บาลี-สันสกฤต) + ธีรา (ผู้มีปัญญา, ผู้ฉลาด - บาลี-สันสกฤต) = ผู้มีปัญญาดุจน้ำ (ลึกซึ้ง, กว้างขวาง)"
ชลนภัส,
ชลภัทร,ผู้เย็นใสดุจสายน้ำและผู้ดีงามเป็นมงคล
ชลภัส,
ชลวรรณ,"ชล (น้ำ - บาลี-สันสกฤต) + วรรณ (สี, ผิวพรรณ - บาลี-สันสกฤต) = สีแห่งน้ำ (สื่อถึงความบริสุทธิ์, สดใส), ผิวพรรณดุจน้ำ"
ชลวรรณา,"ชล (น้ำ - บาลี-สันสกฤต) + วรรณา (สี, ผิวพรรณ, รูปหญิง - บาลี-สันสกฤต) = สีแห่งน้ำ (สื่อถึงความบริสุทธิ์, สดใส), ผิวพรรณดุจน้ำ"
ชลวรศิริ,"ชล (น้ำ - บาลี-สันสกฤต) + วร (ประเสริฐ, ดีเลิศ - บาลี-สันสกฤต) + ศิริ (ความรุ่งเรือง, สิริมงคล - บาลี-สันสกฤต) = น้ำอันประเสริฐและมีความรุ่งเรือง, ผู้มีความรุ่งเรืองดีเลิศดุจน้ำ"
ชลวานิช,ผู้มีสายน้ำและความละมุน
ชลวิทย์,"ชล (น้ำ - บาลี-สันสกฤต) + วิทย์ (ความรู้, ปัญญา - บาลี-สันสกฤต) = ผู้มีความรู้ดุจน้ำ (กว้างขวาง, ลึกซึ้ง)"
ชลวิธ,"ชล (น้ำ - บาลี-สันสกฤต) + วิธ (วิธี, รูปแบบ, อย่าง - สันสกฤต) = ผู้มีวิถีแห่งน้ำ, ผู้มีรูปแบบแห่งน้ำ (สื่อถึงความสามารถในการปรับตัว, ความยืดหยุ่น)"
ชลวิน,"ชล (น้ำ - บาลี-สันสกฤต) + วิน (ผู้มี, ผู้ได้, ผู้สำเร็จ - บาลี-สันสกฤต) = ผู้มีน้ำ (สื่อถึงความอุดมสมบูรณ์, ความชุ่มชื่น)"
ชลวิศา,"ชล (น้ำ) + วิศา (สว่าง, กว้างขวาง, รุ่งเรือง) = ผู้มีความรุ่งเรืองแผ่ไพศาลดุจน้ำ"
ชลอ,ชะลอหรือทำให้ช้าลง สื่อถึงความสุขุมรอบคอบ
ชลอริน,ชล (น้ำ) + อริน (อร = หญิงงาม + อิน = ผู้เป็นใหญ่/เลิศ) = หญิงงามผู้ยิ่งใหญ่ดุจน้ำ
ชลัช,ชล (น้ำ) + ช (เกิด) = ผู้เกิดจากน้ำ (มักหมายถึง ดอกบัว หรือสิ่งสวยงามอันเกิดจากน้ำ)
ชลันทร,"ชล (น้ำ) + อันทร (จาก ธร = ผู้ทรงไว้, ผู้ค้ำจุน) = ผู้ทรงน้ำไว้ (เช่น เมฆ, มหาสมุทร) หรือ ผู้ยิ่งใหญ่ดุจเมฆหรือมหาสมุทร"
ชลันธร,"ชล (น้ำ) + ธร (ผู้ทรงไว้, ผู้ค้ำจุน) = ผู้ทรงน้ำไว้ (เช่น เมฆ, มหาสมุทร) หรือ ผู้ยิ่งใหญ่ดุจเมฆหรือมหาสมุทร"
ชลิตา,"ชลิต (สว่างไสว, รุ่งเรือง, สุกใส) + อา (สัทธิปัจจัยเพศหญิง) = ผู้มีความรุ่งเรืองสว่างไสว"
ชวกร,ผู้มีความว่องไวและความมั่นคงสูงส่ง
ชวณัฏฐ์,ผู้มีความว่องไวและปัญญา
ชวดล,ผู้ว่องไวและเปล่งประกายและผู้บันดาล
ชวนอาจ,ผู้มีความว่องไวและความกล้าหาญ
ชวนันท์,ผู้ว่องไวและเปล่งประกายและผู้มีความยินดี
ชวนันทร์,ผู้ว่องไวและเปล่งประกายและผู้มีความยินดี
ชวนินทร์,ผู้มีความว่องไวและความมั่นคง
ชวภณ,ผู้มีความว่องไวและวาจาไพเราะ
ชวโรจน์,"ชว (ความเร็ว, ว่องไว, กำลัง) + โรจน์ (รุ่งเรือง, สว่างไสว) = ผู้มีความรุ่งโรจน์อย่างว่องไว"
ชวลานิช,ผู้มีความว่องไวและความละมุน
ชวัลนุช,"ชวัล (รุ่งเรือง, สว่างไสว, เปล่งปลั่ง) + นุช (หญิงสาว, หญิงงาม) = หญิงงามผู้รุ่งเรืองสว่างไสว"
ชวัลภ์,ผู้ว่องไวและเปล่งประกายและผู้รุ่งเรืองเปล่งประกาย
ชวัลรัชต์,ผู้ว่องไวและเปล่งประกาย ผู้รุ่งเรืองเปล่งประกาย และผู้รุ่งเรืองด้วยอำนาจ
ชวัลวิทย์,"ชวัล (รุ่งเรือง, สว่างไสว, เปล่งปลั่ง) + วิทย์ (ความรู้, ปัญญา) = ผู้มีความรู้และปัญญาสว่างไสวรุ่งเรือง"
ชวาลา,ผู้ว่องไวและเปล่งประกายและผู้มีเปลวแสงรุ่งเรือง
ชวิน,ผู้มีความว่องไวและชัยชนะ
ชวินทร์,"ชวิน (ชวิน: ป. ผู้รวดเร็ว, ผู้มีชัย) + อินทร์ (อินฺทฺร: ป., ส. ผู้เป็นใหญ่, หัวหน้า) (สนธิ) = ผู้เป็นใหญ่ผู้รวดเร็วและมีชัยชนะ"
ชวินภัทร,ผู้ว่องไวและเปล่งประกายและผู้ดีงามเป็นมงคล
ชวิศ,"ชว (กำลัง, ความเร็ว) + อิศ (ผู้เป็นใหญ่, ผู้มีอำนาจ) = ผู้เป็นใหญ่ด้วยกำลัง, ผู้มีอำนาจ"
ชอน,
ช้อน,เครื่องใช้สำหรับตักอาหาร
ชะวรลัทธิ์,ผู้มีธรรมะ ความละมุน และความประเสริฐ
ชะเอม,พืชรสหวาน สื่อถึงความอ่อนหวานละมุน
ชัชธนันท์,ผู้มีความยินดีและผู้มีทรัพย์
ชัชวิน,ผู้มีความว่องไวและชัยชนะ
ชัญญา,"ชญ (ผู้รู้, ผู้ฉลาด) + ญา (ความรู้, ปัญญา) = ผู้รู้, ผู้มีปัญญา"
ชัญญานุษา,ผู้มีความรู้ ความละเอียดอ่อน และความอ่อนโยนสง่างาม
ชัญญารินทร์,"ชัญญา (ผู้มีปัญญา) + รินทร์ (จาก อินทร์ = ผู้เป็นใหญ่) = ผู้เป็นใหญ่ด้วยปัญญา, ผู้มีปัญญาเป็นเลิศ"
ชัพวิชญ์,"ชัพ (เร็ว, ว่องไว) + วิชญ์ (ผู้รู้, ผู้ฉลาด) = ผู้มีความรู้เฉลียวฉลาดว่องไว"
ชัยพงศ์,"ชัย (ความชนะ, ความสำเร็จ) + พงศ์ (เชื้อสาย, ตระกูล) = ผู้สืบเชื้อสายแห่งชัยชนะ, ตระกูลผู้มีชัย"
ชัยรัตน์,"ชัย (ความชนะ, ความสำเร็จ) + รัตน์ (แก้ว, ของมีค่า, ประเสริฐ) = แก้วอันประเสริฐแห่งชัยชนะ, ผู้มีค่าดุจแก้วแห่งชัยชนะ"
ชัยวัฒน์,"ชัย (ความชนะ, ความสำเร็จ) + วัฒน์ (ความเจริญ, ความงอกงาม) = ผู้มีความเจริญรุ่งเรืองและมีชัย"
ชัยศักดิ์,"ชัย (ความชนะ, ความสำเร็จ) + ศักดิ์ (อำนาจ, ความสามารถ, เกียรติ) = ผู้มีอำนาจและเกียรติแห่งชัยชนะ"
ชิณณวิธ,ผู้มีฐานะแห่งความดีและแนวทางปัญญา
ชิณวงษ์,ผู้มีฐานะแห่งความดีและวงศ์ตระกูล
ชินกร,ผู้มีชัยชนะและความมั่นคงสูงส่ง
ชินณภัทร,"ชิน (ผู้ชนะ, ผู้ดีแล้ว) + ณ (ความยิ่งใหญ่) + ภัทร (ดีงาม, เป็นมงคล) = ผู้ดีงามและเป็นมงคลในชัยชนะอันยิ่งใหญ่"
ชินณวิท,ผู้มีชัยชนะและความรู้
ชินณวิธ,ผู้มีชัยชนะและแนวทางปัญญา
ชินรุจน์,ผู้ชนะและผู้รุ่งเรือง
ชินวงษ์,ผู้ชนะและผู้สืบวงศ์ดีงาม
ชินวรณ์,ผู้ชนะและผู้ประเสริฐ
ชินวัจน์,ผู้ชนะและผู้มีวาจางดงาม
ชินาธิป,"ชิน (ผู้ชนะ, ผู้ดีแล้ว) + อธิป (ผู้เป็นใหญ่, ผู้มีอำนาจ) = ผู้เป็นใหญ่เหนือชัยชนะทั้งปวง, ผู้เป็นเลิศในชัยชนะ"
ชิษณ์,"ชิษณ์ (จาก ชิษณุ = ผู้มีชัยชนะ, ผู้พิชิต) = ผู้มีชัยชนะ, ผู้พิชิต"
ชิษณ์ภัทร,"ชิษณ์ (ผู้มีชัยชนะ) + ภัทร (ความเจริญ, สิ่งดีงาม) = ผู้มีชัยชนะและความเจริญ"
ชิษณุ,ผู้เปี่ยมด้วยฐานะแห่งความดี
ชิษณุธร,"ชิษณุ (บาลี-สันสกฤต: ผู้ชนะ, ผู้มีชัยชนะ) + ธร (บาลี-สันสกฤต: ผู้ทรงไว้, ผู้ค้ำจุน) = ผู้ทรงซึ่งชัยชนะ"
ชิษณุวินท์,"ชิษณุ (บาลี-สันสกฤต: ผู้ชนะ, ผู้มีชัยชนะ) + วินท์ (บาลี-สันสกฤต: ผู้ได้มาซึ่ง, ผู้บรรลุ) = ผู้ได้มาซึ่งชัยชนะ"
ชีวันธร,"ชีวัน (สันสกฤต: ชีวิต, การดำรงชีวิต) + ธร (บาลี-สันสกฤต: ผู้ทรงไว้, ผู้ค้ำจุน) = ผู้ทรงไว้ซึ่งชีวิต, ผู้ค้ำจุนชีวิต"
ชุติกาญจน์,"ชุติ (บาลี-สันสกฤต: แสงสว่าง, ความรุ่งเรือง) + กาญจน์ (สันสกฤต: ทอง) = ผู้มีความรุ่งเรืองดุจทอง, แสงทอง"
ชุติญา,"ชุติ (บาลี-สันสกฤต: แสงสว่าง, ความรุ่งเรือง) + ญา (บาลี-สันสกฤต: ความรู้, ปัญญา) = ผู้มีปัญญาอันสว่างไสว"
ชุติเดช,"ชุติ (บาลี-สันสกฤต: แสงสว่าง, ความรุ่งเรือง) + เดช (บาลี-สันสกฤต: อำนาจ, อานุภาพ, ตบะ) = ผู้มีอำนาจและตบะอันรุ่งโรจน์"
ชุติพนธ์,"ชุติ (บาลี-สันสกฤต: แสงสว่าง, ความรุ่งเรือง) + พนธ์ (สันสกฤต: การรวมเข้าด้วยกัน, การผูกพัน) = ผู้รวบรวมความรุ่งเรือง"
ชุติวัต,"ชุติ (บาลี-สันสกฤต: แสงสว่าง, ความรุ่งเรือง) + วัต (บาลี-สันสกฤต: ผู้มี) = ผู้มีความรุ่งเรือง, ผู้มีแสงสว่าง"
ชูเวช,ผู้เชิดชูการรักษาและความผาสุก
เชษฐ์วิสิฐ,ผู้เปี่ยมด้วยความเป็นใหญ่
เชิด,ผู้เปี่ยมด้วยการเชิดชู
โชคอนันต์,"โชค (สันสกฤต: ความโชคดี, โอกาสที่ดี) + อนันต์ (บาลี-สันสกฤต: ไม่มีที่สิ้นสุด, มากมาย) = ผู้มีโชคดีมากมายไม่สิ้นสุด"
ไชย,ผู้มีชัยชนะและความสำเร็จ
ไชยเจริญ,ผู้ประพฤติดี ผู้เจริญรุ่งเรือง และผู้มีชัยชนะ
ไชยเพชร,ผู้มีชัยชนะ ความแข็งแกร่งล้ำค่า และความมั่นคงสูงส่ง
ไชยยงค์,"ไชย (บาลี-สันสกฤต: ชัยชนะ) + ยงค์ (สันสกฤต: องค์, ส่วนอันงาม, สง่า) = องค์แห่งชัยชนะอันสง่างาม"
ซพ,
ซฟ,
ซิขัข,
ซิขัง,
ซิขัช,
ซิขับ,
ซิขัป,
ซิขิง,
ซิขิช,
ซิขิบ,
ซิขิป,
ซินรนร,
ซินรนะ,
ซินรนิ,
ซินะฉค,
ซินะฉญ,
ซินะฉธ,
ซินะฉร,
ซินะฉษ,
ซินะฉะ,
ซินะฌธ,
ซินะฌร,
ซินะฌะ,
ซินะฌิ,
ซินะฎร,
ซินะฎะ,
ซินะฎิ,
ซินะณค,
ซินะณญ,
ซินะณธ,
ซินะณร,
ซินะณษ,
ซินะนค,
ซินะนญ,
ซินะนธ,
ซินะนร,
ซินะนะ,
ซินะนิ,
ซินะมค,
ซินะมญ,
ซินะมธ,
ซินะมร,
ซินะมษ,
ซินะมะ,
ซินะมิ,
ซินะหค,
ซินะหญ,
ซินะหธ,
ซินะหร,
ซินะหษ,
ซินะหิ,
ซินะฬค,
ซินะฬญ,
ซินะฬธ,
ซินะฬร,
ซินะฬษ,
ซินะฬิ,
ซินะฮค,
ซินะฮญ,
ซินะฮธ,
ซินะฮร,
ซินะฮะ,
ซินะฮิ,
ซินิฎร,
ซินิฎิ,
เซน,"เซน (มาจากภาษาญี่ปุ่น-จีน, หมายถึง นิกายในพุทธศาสนาที่เน้นการทำสมาธิและการตรัสรู้) = ผู้สงบ, ผู้รู้แจ้ง"
ไซรอน,ชื่อนี้ไม่มีรากศัพท์มาจากภาษาบาลีหรือสันสกฤตตามหลักนิรุกติศาสตร์ไทย แต่เป็นชื่อที่ได้รับอิทธิพลจากภาษาต่างประเทศหรือเป็นการตั้งชื่อตามเสียงที่ไพเราะในยุคปัจจุบัน จึงไม่สามารถแยกรากศัพท์ตามหลักคำสมาส/สนธิได้
ไซรัส,ชื่อนี้ไม่มีรากศัพท์มาจากภาษาบาลีหรือสันสกฤตตามหลักนิรุกติศาสตร์ไทย แต่เป็นชื่อที่ได้รับอิทธิพลจากภาษาต่างประเทศหรือเป็นการตั้งชื่อตามเสียงที่ไพเราะในยุคปัจจุบัน (เช่น Cyrus ชื่อกษัตริย์เปอร์เซียโบราณ) จึงไม่สามารถแยกรากศัพท์ตามหลักคำสมาส/สนธิได้
ไซรา,ไม่ปรากฏรากศัพท์บาลี-สันสกฤตโดยตรงในพจนานุกรมราชบัณฑิตยสถาน มักเป็นชื่อที่ได้รับอิทธิพลจากภาษาต่างประเทศ (เช่น Saira ในภาษาอาหรับ/เปอร์เซีย หมายถึง เจ้าหญิง หรือดวงดาว) หรือเลือกใช้เพราะเสียงไพเราะ
ไซริน,"ชื่อจากภาษาต่างประเทศ (เช่น เปอร์เซียหรือกรีก) มักมีความหมายว่า 'งดงาม', 'มีเสน่ห์', 'ไพเราะ' หรือชื่อจากเทพนิยาย (ไม่สามารถแยกรากศัพท์แบบบาลี-สันสกฤตได้)"
ฌกณนต,
ฌกมนต,
ฌกรกะ,
ฌกรกิ,
ฌกรณัฏฐ์,
ฌกรริน,
ฌกะ,
ฌกะกิ,
ฌกัน,
ฌกันโณ,
ฌกันรณ,
ฌกิกะ,
ฌกิการ,
ฌกิกิ,
ฌกิจชล,
ฌกิณรณ,
ฌกิณัฏฐ์,
ฌกิมรณ,
ฌกิมิน,
ฌคมิน,
ฌคะกร,
ฌคำนนท์,
ฌคุณ,
ฌคุณโณ,
ฌคุณรณ,
ฌณม,
ฌณัฏฐ์โณ,
ฌณัฏฐ์มนตรี,
ฌณัฐกิณ,
ฌณัฐฐ์,
ฌณัฐฐ์อร,
ฌณิศร์,ผู้มีปัญญาลึกซึ้งและความมุ่งมั่น
ฌโณ,
ฌโณกร,
ฌโณกะ,
ฌโณกัน,
ฌโณกิ,
ฌโณคุณ,
ฌโณณัฏฐ์,
ฌโณดิณ,
ฌโณดิน,
ฌโณธาม,
ฌโณมนต์,
ฌโณมิน,
ฌโณวร,
ฌโณษณะ,
ฌดิณ,
ฌดิณรณ,
ฌตนนต,
ฌติดโณ,
ฌธณธาม,
ฌธาม,
ฌธามโณ,
ฌธามรณ,
ฌนตอณ,
ฌนนท์กัณ,
ฌนนท์กิจ,
ฌนนท์วัน,
ฌนนท์อณ,
ฌนันญา,ผู้มีปัญญาลึกซึ้ง ความรู้ และความอ่อนโยนสง่างาม
ฌนันท์อณ,
ฌภัน,
ฌมนต์โณ,
ฌมนต์มิน,
ฌมนต์รวิ,
ฌมนต์วัน,
ฌมิน,
ฌมินกะ,
ฌมินกิ,
ฌมินกิณ,
ฌมินมนต์,
ฌร,ผู้มีปัญญาลึกซึ้งและความมั่นคงสูงส่ง
ฌรณกัน,
ฌรณกิ,
ฌรณกิจน,
ฌรณคะ,
ฌรณจิ,
ฌรณณัฏฐ์,
ฌรณดิณ,
ฌรณอณ,
ฌรณอร,
ฌรธ,
ฌรมรณ,
ฌรวิ,
ฌริฏฐ์,ผู้เปี่ยมด้วยปัญญาลึกซึ้ง
ฌรินทร์,ผู้มีปัญญาลึกซึ้ง ความอ่อนละมุนดุจสายน้ำ และความเป็นใหญ่
ฌรินทรา,ผู้มีปัญญาลึกซึ้ง ความอ่อนละมุนดุจสายน้ำ และความมั่นคง
ฌลา,ผู้มีปัญญาลึกซึ้ง ความละมุน และความอ่อนโยนสง่างาม
ฌวร,
ฌวัฒนต์,
ฌวัณนนท์,
ฌวิมนมนต์,
ฌอณนนต,
ฌอณนนท์,
ฌอร,
ฌอรณัฏฐ์,
ฌอิมนนท์,
ฌอิมมนต์,
ฌัญชญ์,ผู้เปี่ยมด้วยปัญญา
ฌัญฌา,ผู้มีปัญญาลึกซึ้งและความอ่อนโยนสง่างาม
ฌัลล์,ผู้มีปัญญาลึกซึ้งและความละมุน
ฌาน,ผู้มีสมาธิและปัญญาลึกซึ้ง
ฌานกร,ผู้มีสมาธิและความมั่นคงสูงส่ง
ฌานดล,ผู้มีสมาธิและปัญญาลึกซึ้งและผู้บันดาล
ฌานธีร์,"ฌาน (การเพ่งพินิจ, สมาธิ) + ธีร์ (ปัญญา, ผู้ทรงปัญญา) = ผู้มีปัญญาอันเกิดจากฌาน"
ฌานภัทร,ผู้มีสมาธิและปัญญาลึกซึ้งและผู้ดีงามเป็นมงคล
ฌานภัทร์,ผู้มีสมาธิและปัญญาลึกซึ้งและผู้ดีงามเป็นมงคล
ฌานวิน,ผู้มีสมาธิและชัยชนะ
ฌานิษา,ผู้มีสมาธิและความอ่อนโยนสง่างาม
ฌาร์ม,
ฌิม,
ญกณกร,
ญกมกะ,
ญกร,
ญกรกร,
ญกรกะ,
ญกรกิม,
ญกรคณ,
ญกรคุณ,
ญกรรม,
ญกรริน,
ญกรอร,
ญกรอิม,
ญกลรวิ,
ญกะ,
ญกะกร,
ญกะคณ,
ญกะดิณ,
ญกะวัน,
ญกัณ,
ญกัณคุณ,
ญกัณดิณ,
ญกัน,
ญกันกะ,
ญกันกัน,
ญกันกิณ,
ญกัอร,
ญกิ,
ญกิกร,
ญกิกล,
ญกิติ,
ญกิม,
ญกิมกิ,
ญขิน,
ญคณ,
ญคณกิ,
ญคณโณ,
ญคมกร,
ญคมกิ,
ญคมโณ,
ญคำณธาม,
ญคิมคุณ,
ญชิน,
ญซันโณ,
ญณณิน,
ญณทรวิ,
ญณธิมนท์,
ญณักกร,
ญณัฏฐ์,
ญณัฐ,ผู้มีปัญญานักปราชญ์และปัญญา
ญณัฐฐ์กร,
ญณัฐฐ์กิ,
ญณัฐฐ์กิม,
ญณัฐฐ์ตน,
ญณัฐฐ์อณ,
ญณัฐนันท์,ผู้มีปัญญานักปราชญ์ ปัญญา และความสุขยินดี
ญโณ,
ญดิณ,
ญดิณกัน,
ญดิณกิ,
ญดิณวร,
ญดินกัณ,
ญเตียนมนต์,
ญนคริน,
ญนนท์,
ญนม,
ญนันท์นต,
ญมนต์กัน,
ญมนต์กิม,
ญมนต์ณัฐ,
ญมนต์ดิณ,
ญมนต์มิน,
ญมนต์รวิ,
ญมินกณ,
ญมินคณ,
ญวร,
ญวรกัณ,
ญวรวร,
ญวรอร,
ญวิณ,
ญวิณกร,
ญวิณกะ,
ญวิณมนต์,
ญสายโม,
ญอร,
ญอรกร,
ญอรกัณ,
ญอรคิม,
ญอรณ,
ญอรณัฐฐ์,
ญอรวร,
ญอรอร,
ญอิม,
ญอิมกร,
ญอิมกะ,
ญอิมกิ,
ญาณกร,"ญาณ (บาลี-สันสกฤต: ความรู้, ปัญญา) + กร (บาลี-สันสกฤต: ผู้สร้าง, ผู้ทำ) = ผู้สร้างความรู้, ผู้มีปัญญา"
ญาณณัช,ผู้มีญาณปัญญาและความรู้
ญาณธร,ผู้มีญาณปัญญาและผู้ค้ำจุน
ญาณธรรม,ผู้มีญาณปัญญา ผู้ค้ำจุน และผู้ตั้งมั่นในธรรม
ญาณธิป,ผู้มีญาณปัญญาและผู้เป็นใหญ่
ญาณพัฒน์,"ญาณ (บาลี-สันสกฤต: ความรู้, ปัญญา) + พัฒน์ (บาลี-สันสกฤต: ความเจริญ, ความงอกงาม) = ผู้มีความรู้และปัญญาอันเจริญงอกงาม"
ญาณภัค,ผู้มีญาณปัญญาและผู้มีโชค
ญาณภัทร,ผู้มีญาณปัญญาและผู้ดีงามเป็นมงคล
ญาณโรจน์,ผู้มีญาณปัญญาและผู้รุ่งเรืองสว่างไสว
ญาณวร,ผู้มีญาณปัญญาและผู้ประเสริฐ
ญาณวรรธน์,ผู้มีญาณปัญญา ผู้ประเสริฐ และผู้เจริญงอกงาม
ญาณวารี,ผู้มีญาณปัญญาและผู้ใสดุจสายน้ำ
ญาณวุฒิ,"ญาณ (บาลี-สันสกฤต: ความรู้, ปัญญา) + วุฒิ (บาลี-สันสกฤต: ความเจริญ, ความงอกงาม, ความสำเร็จ) = ผู้มีความรู้และปัญญาอันเจริญงอกงาม"
ญาณอร,ผู้มีญาณปัญญา ความรู้ และความมั่นคงสูงส่ง
ญาณัจฉรา,ผู้มีญาณปัญญา ความรู้ และความอ่อนโยนสง่างาม
ญาณัช,"ญาณ (บาลี-สันสกฤต: ความรู้, ปัญญา) + อัช (บาลี-สันสกฤต: ผู้เกิดจาก, ผู้รู้แจ้ง) = ผู้รู้แจ้งด้วยปัญญา"
ญาณัท,"ญาณ (บาลี-สันสกฤต: ความรู้, ปัญญา) + อัท (สันสกฤต: ประเสริฐสุด, เริ่มแรก) = ผู้มีความรู้อันประเสริฐ"
ญาณันธร,ผู้มีญาณปัญญาและผู้ค้ำจุน
ญาณากร,"ญาณ (บาลี-สันสกฤต: ความรู้, ปัญญา) + อากร (บาลี-สันสกฤต: บ่อเกิด, ขุมทรัพย์, แหล่งรวม) = บ่อเกิดแห่งความรู้, แหล่งรวมปัญญา"
ญาณาธร,"ญาณา (บาลี-สันสกฤต: ความรู้, ปัญญา) + ธร (บาลี-สันสกฤต: ผู้ทรงไว้, ผู้ค้ำจุน) = ผู้ทรงไว้ซึ่งความรู้, ผู้ค้ำจุนปัญญา"
ญาณาธิป,ผู้มีญาณปัญญาและผู้เป็นใหญ่
ญาณิณ,ผู้มีญาณปัญญาและความรู้
ญาณิน,"ญาณ (บาลี-สันสกฤต: ความรู้, ปัญญา) + อิน (สันสกฤต: ปัจจัยแสดงความเป็นเจ้าของ, ผู้มี) = ผู้มีปัญญา"
ญาณินท์,ผู้มีญาณปัญญา ผู้มีความรู้ และผู้มีถิ่นฐานหรือสถานะแห่งความดี
ญาณินทร,ผู้มีญาณปัญญา ผู้มีความรู้ และผู้มีถิ่นฐานหรือสถานะแห่งความดี
ญาธิป,ผู้มีความรู้และผู้เป็นใหญ่
ญานธร,ผู้มีปัญญารู้แจ้ง ผู้มีความรู้ และผู้ค้ำจุน
ญานิอร,ผู้มีปัญญารู้แจ้ง ผู้มีความรู้ และผู้มีความงามอ่อนหวาน
ญานุจจัย,"ญาณ (บาลี-สันสกฤต: ความรู้, ปัญญา) + อุจจัย (บาลี-สันสกฤต: การรวบรวม, การสะสม, การพอกพูน) = ผู้รวบรวมความรู้, ผู้สะสมปัญญา"
ญาวงค์,ผู้เปี่ยมด้วยความรู้
ญิฮาด,ญิฮาด (Jihad - คำในภาษาอาหรับ: การต่อสู้ดิ้นรนในหนทางของพระเจ้า ทั้งในเชิงรูปธรรมและนามธรรม) = การต่อสู้ดิ้นรนในหนทางของพระเจ้า
ฎาธรชญา,
ฎาธรณัฐ,
ฎาธรณัฐศรี,
ฎาธรธร,
ฎาธรธรศรี,
ฎาธรธรสิริ,
ฎาธรธรอารี,
ฎาธรวรศรี,
ฎาธรวรอารี,
ฎาธรศรี,
ฎาธรศรีธนา,
ฎาธรศรีธร,
ฎาธรศิลป์,
ฎาธรสิริธร,
ฎาธรอรศรี,
ฎาธรอรอารี,
ฎาธรอารีธร,
ฎาธรอิศร์,
ฎาธินกรศรี,
ฎาธินธร,
ฎาธินธรศรี,
ฎาธินนภัส,
ฎาธินวร,
ฎาธินวริศ,
ฎาธินอร,
ฎานิกร,
ฎานิคุณ,
ฎานิชญา,
ฎานิณกร,
ฎานิณธร,
ฎานิณธรศรี,
ฎานิณธีร์,
ฎานิณวร,
ฎานิณวริศ,
ฎานิณอร,
ฎานิณอิศร์,
ฎานิณัฐ,
ฎานิณัฐศรี,
ฎานิธนา,
ฎานิธร,
ฎานิธรศรี,
ฎานิธรสิริ,
ฎานิธรอารี,
ฎานินกร,
ฎานินธร,
ฎานินธีร์,
ฎานินวร,
ฎานินวริศ,
ฎานินอร,
ฎานินอิศร์,
ฎานิวร,
ฎานิวริศ,
ฎานิศรี,
ฎานิศรีธร,
ฎานิอร,
ฎานิอิศร์,
ฎามิกร,
ฎามิคุณ,
ฎามิชญา,
ฎามิณกร,
ฎามิณธร,
ฎามิณธีร์,
ฎามิณวร,
ฎามิณวริศ,
ฎามิณอร,
ฎามิณอิศร์,
ฎามิณัฐ,
ฎามิธนา,
ฎามิธร,
ฎามิธรศรี,
ฎามินกร,
ฎามินธร,
ฎามินธีร์,
ฎามินวร,
ฎามินวริศ,
ฎามินอร,
ฎามินอิศร์,
ฎามิวร,
ฎามิวริศ,
ฎามิศรี,
ฎามิศรีธร,
ฎามิอร,
ฎามิอิศร์,
ฎาราคุณ,
ฎาราณัฐ,
ฎาราธนา,
ฎาราวร,
ฎาราอร,
ฎาราอิศร์,
ฎาริณธร,
ฎาริณนภัส,
ฎาริณวร,
ฎาริณวริศ,
ฎาริณอร,
ฎารินธร,
ฎารินนภัส,
ฎารินวริศ,
ฎารุณธีร์,
ฎารุณอิศร์,
ฎาลิณธีร์,
ฎาลิณวริศ,
ฎาลิณอิศร์,
ฎาลินธีร์,
ฎาลินวริศ,
ฎาลินอิศร์,
ฎาวรกร,
ฎาวรธรศรี,
ฎาวรธีร์,
ฎาวรวร,
ฎาวรวรศรี,
ฎาวรศรีธร,
ฎาวรศิลป์,
ฎาวรอร,
ฎาวรอรศรี,
ฎาวรอิศร์,
ฎาวิณธีร์,
ฎาวิณวริศ,
ฎาวิณอิศร์,
ฎาวินธีร์,
ฎาวินวริศ,
ฎาวินอิศร์,
ฎิณาธร,
ฎิณาธรศรี,
ฎิณาวร,
ฎิณาวริศ,
ฎิณาอร,
ฎิณาอิศร์,
ฎินาธร,
ฎินาธรศรี,
ฎินาวร,
ฎินาวริศ,
ฎินาอร,
ฎินาอิศร์,
ฎิมาธร,
ฎิมาธรศรี,
ฎิมาวร,
ฎิมาวริศ,
ฎิมาอร,
ฎิมาอิศร์,
ฎิราธร,
ฎิราธรศรี,
ฎิราวรศรี,
ฎิราอรศรี,
ฎิราอิศร์,
ฎุรินนภัส,
ฎุรินวริศ,
ฎุวินธีร์,
ฎุวินวริศ,
ฎุวินอิศร์,
ฏานณณคี,
ฏานณณญี,
ฏานณณธี,
ฏานณณรี,
ฏานณณษี,
ฏานณนคี,
ฏานณนญี,
ฏานณนธี,
ฏานณนรี,
ฏานณนษี,
ฏานณมคี,
ฏานณมญี,
ฏานณมธี,
ฏานณมรี,
ฏานณมษี,
ฏานณหคี,
ฏานณหญี,
ฏานณหธี,
ฏานณหรี,
ฏานณหษี,
ฏานนฉคี,
ฏานนฉญี,
ฏานนฉธี,
ฏานนฉรี,
ฏานนฉษี,
ฏานนฌคี,
ฏานนฌญี,
ฏานนฌธี,
ฏานนฌรี,
ฏานนฌษี,
ฏานนณคี,
ฏานนณญี,
ฏานนณธี,
ฏานนณรี,
ฏานนณษี,
ฏานนนคี,
ฏานนนญี,
ฏานนนธี,
ฏานนนรี,
ฏานนนษี,
ฏานนมคี,
ฏานนมญี,
ฏานนมธี,
ฏานนมรี,
ฏานนมษี,
ฏานนหคี,
ฏานนหญี,
ฏานนหธี,
ฏานนหรี,
ฏานนหษี,
ฏานนฬคี,
ฏานนฬญี,
ฏานนฬธี,
ฏานนฬรี,
ฏานนฬษี,
ฏานนฮคี,
ฏานนฮญี,
ฏานนฮธี,
ฏานนฮรี,
ฏานนฮษี,
ฏานมฉคี,
ฏานมฉญี,
ฏานมฉธี,
ฏานมฉรี,
ฏานมฉษี,
ฏานมฌคี,
ฏานมฌญี,
ฏานมฌธี,
ฏานมฌรี,
ฏานมฌษี,
ฏานมณคี,
ฏานมณญี,
ฏานมณธี,
ฏานมณรี,
ฏานมณษี,
ฏานมนคี,
ฏานมนญี,
ฏานมนธี,
ฏานมนรี,
ฏานมนษี,
ฏานมมคี,
ฏานมมญี,
ฏานมมธี,
ฏานมมรี,
ฏานมมษี,
ฏานมหคี,
ฏานมหญี,
ฏานมหธี,
ฏานมหรี,
ฏานมหษี,
ฏานมฬคี,
ฏานมฬญี,
ฏานมฬธี,
ฏานมฬรี,
ฏานมฬษี,
ฏานมฮคี,
ฏานมฮญี,
ฏานมฮธี,
ฏานมฮรี,
ฏานมฮษี,
ฏานัณฉ,
ฏานัณฌ,
ฏานัณณ,
ฏานัณน,
ฏานัณม,
ฏานัณห,
ฏานัณฬ,
ฏานัณฮ,
ฏานันฉ,
ฏานันฌ,
ฏานันณ,
ฏานันน,
ฏานันม,
ฏานันห,
ฏานันฬ,
ฏานันฮ,
ฏานัมฉ,
ฏานัมฌ,
ฏานัมณ,
ฏานัมน,
ฏานัมม,
ฏานัมห,
ฏานัมฬ,
ฏานัมฮ,
ฏานัหฉ,
ฏานัหฌ,
ฏานัหณ,
ฏานัหน,
ฏานัหม,
ฏานัหห,
ฏานัหฬ,
ฏานัหฮ,
ฏานัฬณ,
ฏานัฬน,
ฏานัฬม,
ฏานัฬห,
ฏานิฉฉ,
ฏานิฉฌ,
ฏานิฉณ,
ฏานิฉน,
ฏานิฉม,
ฏานิฉห,
ฏานิฉฬ,
ฏานิฉฮ,
ฏานิฌฉ,
ฏานิฌฌ,
ฏานิฌณ,
ฏานิฌน,
ฏานิฌม,
ฏานิฌห,
ฏานิฌฬ,
ฏานิฌฮ,
ฏานิณฉ,
ฏานิณฌ,
ฏานิณณ,
ฏานิณน,
ฏานิณม,
ฏานิณห,
ฏานิณฬ,
ฏานิณฮ,
ฏานินฉ,
ฏานินฌ,
ฏานินณ,
ฏานินน,
ฏานินม,
ฏานินห,
ฏานินฬ,
ฏานินฮ,
ฏานิมฉ,
ฏานิมฌ,
ฏานิมณ,
ฏานิมน,
ฏานิมม,
ฏานิมห,
ฏานิมฬ,
ฏานิมฮ,
ฏานิหฉ,
ฏานิหฌ,
ฏานิหณ,
ฏานิหน,
ฏานิหม,
ฏานิหห,
ฏานิหฬ,
ฏานิหฮ,
ฏานิฬฉ,
ฏานิฬฌ,
ฏานิฬณ,
ฏานิฬน,
ฏานิฬม,
ฏานิฬห,
ฏานิฬฬ,
ฏานิฬฮ,
ฏานิฮฉ,
ฏานิฮฌ,
ฏานิฮณ,
ฏานิฮน,
ฏานิฮม,
ฏานิฮห,
ฏานิฮฬ,
ฏานิฮฮ,
ฐกณ,
ฐกณณัฏฐ์,
ฐกม,
ฐกมณัฏฐ์,
ฐกมโณ,
ฐกมรณ,
ฐกร,
ฐกรกัน,
ฐกรดิณ,
ฐกรท์,ผู้ตั้งมั่นและผู้สร้างสรรค์ด้วยความสามารถ
ฐกรอร,
ฐกะ,
ฐกะกัน,
ฐกะกิม,
ฐกะมนต์,
ฐกะวร,
ฐกัณ,
ฐกัณกิ,
ฐกัด,ผู้เปี่ยมด้วยความตั้งมั่น
ฐกัน,
ฐกันกร,
ฐกันกะ,
ฐกันกิ,
ฐกิ,
ฐกิกร,
ฐกิกัณ,
ฐกิกิ,
ฐกิกิณ,
ฐกิกิม,
ฐกิจมนต์,
ฐกิณ,
ฐกิณกิ,
ฐกิม,
ฐกิมกร,
ฐกิมกิ,
ฐกิวร,
ฐกิอร,
ฐคุณ,
ฐคุณกร,
ฐคุณกะ,
ฐณโชค,ผู้ตั้งมั่น ผู้มีถิ่นฐานหรือสถานะแห่งความดี และผู้มีโชคดี
ฐณณ,ผู้เปี่ยมด้วยฐานะแห่งความดี
ฐณัฏฐ์,
ฐณัฏฐ์โณ,
ฐณัฏฐ์รณ,
ฐณัฏฐ์วร,
ฐณัฏฐ์อณ,
ฐณัฐโณ,
ฐณัฐรณ,
ฐณัฐรวิ,
ฐณัฐวิณ,
ฐณัฐอิม,
ฐโณกณ,
ฐโณณัฏฐ์,
ฐโณณัฐ,
ฐโณภณ,
ฐโณมนต์,
ฐดน,
ฐดนณัฏฐ์,
ฐดนโณ,
ฐดิณ,
ฐดิณกะ,
ฐดิณกิ,
ฐธาม,
ฐธามกะ,
ฐธามกิ,
ฐธามมนต์,
ฐนกร,ผู้มีฐานมั่นคง ผู้ตั้งมั่น และผู้สร้างสรรค์ด้วยความสามารถ
ฐนคร,ผู้มีฐานมั่นคงและผู้ตั้งมั่น
ฐนนท์อิม,
ฐนภัทร,ผู้มีฐานมั่นคง ผู้ตั้งมั่น และผู้สูงส่งและดีงาม
ฐนโรจน์,ผู้มีฐานมั่นคง ผู้ตั้งมั่น และผู้รุ่งเรืองสว่างไสว
ฐนันดร,ผู้มีฐานมั่นคง ผู้ตั้งมั่น และผู้มีฐานะสูงส่ง
ฐนันท์โณ,
ฐนันท์อณ,
ฐภณ,
ฐมนต์กร,
ฐมนต์กะ,
ฐมนต์กัณ,
ฐมนต์กัน,
ฐมนต์กิ,
ฐมนต์กิณ,
ฐมนต์โณ,
ฐมนต์ดิณ,
ฐมนต์มิน,
ฐมนต์อิม,
ฐรณกณ,
ฐรณกม,
ฐรณณัฏฐ์,
ฐรณดน,
ฐรณภณ,
ฐรวิณัฐ,
ฐรัฐ,ผู้ตั้งมั่นและผู้เกี่ยวข้องกับบ้านเมือง
ฐวร,
ฐวรกร,
ฐวรกิ,
ฐวรณัฏฐ์,
ฐวรมนต์,
ฐวัณ,
ฐวัณมนต์,
ฐวิณ,
ฐวิณนนท์,
ฐวิณมนต์,
ฐอร,
ฐอรกร,
ฐอรกะ,
ฐอรมนต์,
ฐอิม,
ฐอิมณัฐ,
ฐอิมนนท์,
ฐัชธน,ผู้มีทรัพย์เป็นหลักมั่น
ฐาคณิษฐ์,ผู้มั่นคงและประเสริฐน่ารัก
ฐานกร,ผู้มีรากฐานมั่นคง ผู้ตั้งมั่น และผู้สร้างสรรค์ด้วยความสามารถ
ฐานนันท์,ผู้มีรากฐานมั่นคง ผู้ตั้งมั่น และผู้มีความสุขยินดี
ฐานภร,ผู้มีรากฐานมั่นคง ผู้ตั้งมั่น และผู้สูงส่งดั่งฟ้า
ฐานมญ,ผู้เปี่ยมด้วยรากฐานมั่นคง
ฐานรินทร์,ผู้มีรากฐานมั่นคง ผู้ตั้งมั่น และผู้เป็นใหญ่ในหมู่คน
ฐานะ,ผู้มีรากฐานมั่นคง ผู้มีฐานะและหลักมั่น และผู้ตั้งมั่น
ฐานะนิธิภร,ผู้มีรากฐานมั่นคง ผู้มีฐานะและหลักมั่น และผู้ตั้งมั่น
ฐานัน,ผู้มีฐานะสูงส่ง
ฐานันดร,ผู้มีรากฐานมั่นคง ผู้ตั้งมั่น และผู้มีฐานะสูงส่ง
ฐานันดร์,ผู้มีรากฐานมั่นคง ผู้ตั้งมั่น และผู้มีฐานะสูงส่ง
ฐานัส,ผู้เปี่ยมด้วยรากฐานมั่นคง
ฐานิญา,ผู้มีความรู้ ผู้มีรากฐานมั่นคง และผู้ตั้งมั่น
ฐานิฏฐ์,"ฐาน (บาลี-สันสกฤต: ที่ตั้ง, หลัก) + อิฏฐ์ (บาลี-สันสกฤต: ที่น่าปรารถนา, ที่พอใจ) = ผู้มีหลักฐานที่มั่นคงน่าปรารถนา, ผู้เป็นที่พึงพอใจ"
ฐานิน,ผู้มีรากฐานมั่นคงและผู้ตั้งมั่น
ฐานิสรา,ผู้มีรากฐานมั่นคงและผู้ตั้งมั่น
ฐิฌธนัน,"ฐิต (บาลี-สันสกฤต, จาก ฐิติ: ตั้งมั่น, มั่นคง) + ธน (บาลี-สันสกฤต: ทรัพย์, เงิน) + น (คำลงท้ายหรือรูปสนธิ) = ผู้มีทรัพย์สินอันตั้งมั่น, ผู้มีความมั่นคงในทรัพย์สิน"
ฐิติพงศ์,"ฐิติ (ความมั่นคง, การตั้งอยู่) + พงศ์ (เชื้อสาย, ตระกูล) = เชื้อสายที่มั่นคงยืนยง, ตระกูลที่ดำรงอยู่อย่างมั่นคง"
ฐิติมา,"ฐิติ (ความมั่นคง, การตั้งอยู่) + มา (ผู้มี, ผู้เป็น) = ผู้มีความมั่นคง, ผู้ดำรงอยู่อย่างยั่งยืน"
ฐิติวรรณ,"ฐิติ (ความมั่นคง, การตั้งอยู่) + วรรณ (ความงาม, เกียรติยศ) = ผู้มีความงามและความมั่นคง, ผู้มีเกียรติยศตั้งมั่นยั่งยืน"
ฐิติวัสส์,"ฐิติ (ความมั่นคง, การตั้งอยู่) + วัส์ (ปี, กาลเวลา) = ผู้มีความมั่นคงยืนยาวตลอดกาล, ผู้ดำรงอยู่ยืนยาวหลายปี"
ฐิรไชย,ผู้มั่นคงถาวร ผู้ตั้งมั่น และผู้มีชัยชนะ
ฐิรญา,ผู้มีความรู้ ผู้มั่นคงถาวร และผู้ตั้งมั่น
ฐิรดล,ผู้มั่นคงถาวร ผู้ตั้งมั่น และผู้บันดาลให้เกิดผล
ฐิรนันท์,ผู้มั่นคงถาวร ผู้ตั้งมั่น และผู้มีความสุขยินดี
ฐิรวรรณ,ผู้มั่นคงถาวร ผู้ตั้งมั่น และผู้มีถิ่นฐานหรือสถานะแห่งความดี
ฐิรวัชร์,ผู้มั่นคงถาวร ผู้ตั้งมั่น และผู้แข็งแกร่งดุจเพชร
ฐิรวิชญ์,ผู้มั่นคงถาวร ผู้ตั้งมั่น และนักปราชญ์ผู้รู้
ฐิรศิลป์,ผู้มั่นคงถาวร ผู้ตั้งมั่น และผู้มีศิลปะ
ฐิรสิริ,ผู้มั่นคงถาวร ผู้ตั้งมั่น และผู้มีเสน่ห์ละมุน
ฑจน,
ฑลน,
ฑลม,
ฑวณ,
ฑวน,
ฑวม,
ฑอณ,
ฑอน,
ฑอม,
ฑอฬ,
ฒขจร,ผู้เจริญและมีชื่อเสียงเลื่องลือ
ฒจันทร์,ผู้เจริญและเย็นงามดุจจันทร์
ฒจิรคุณ,ผู้เจริญและมีถิ่นฐานหรือสถานะแห่งความดี ยั่งยืนยาวนาน
ฒจิรธีร์,ผู้เจริญและยั่งยืนยาวนาน มีปัญญามั่นคง
ฒชล,ผู้เจริญและเย็นใสดุจสายน้ำ
ฒชลคุณ,ผู้เจริญและมีถิ่นฐานหรือสถานะแห่งความดี เย็นใสดุจสายน้ำ
ฒชลธีร์,ผู้เจริญและเย็นใสดุจสายน้ำ มีปัญญามั่นคง
ฒณัช,ผู้เจริญและเกิดมาเพื่อปัญญา มีถิ่นฐานหรือสถานะแห่งความดี
ฒณัฐคุณ,ผู้เจริญและตั้งมั่น นักปราชญ์ผู้มีปัญญา
ฒณัฐธีร์,ผู้เจริญและตั้งมั่น นักปราชญ์ผู้มีปัญญา
ฒณัน,ผู้เจริญและมีถิ่นฐานหรือสถานะแห่งความดี
ฒณาธิป,ผู้เจริญและมีถิ่นฐานหรือสถานะแห่งความดี เป็นใหญ่
ฒณาวุธ,ผู้เจริญและมีถิ่นฐานหรือสถานะแห่งความดี มีพลังป้องกัน
ฒณิก,ผู้เจริญและมีถิ่นฐานหรือสถานะแห่งความดี
ฒณิช,ผู้เจริญและมีถิ่นฐานหรือสถานะแห่งความดี
ฒณิน,ผู้เจริญและมีถิ่นฐานหรือสถานะแห่งความดี
ฒณิมา,ผู้เจริญและมีถิ่นฐานหรือสถานะแห่งความดี
ฒณิศ,ผู้เจริญและมีถิ่นฐานหรือสถานะแห่งความดี
ฒณิศร,ผู้เจริญและมีถิ่นฐานหรือสถานะแห่งความดี
ฒณิษฐา,ผู้เจริญและตั้งมั่น มีถิ่นฐานหรือสถานะแห่งความดี
ฒนดัง,ผู้เจริญและมีชื่อเสียง
ฒนทอง,ผู้เจริญและล้ำค่าดุจทอง
ฒนธรรม,ผู้เจริญและค้ำจุน ตั้งมั่นในธรรม
ฒนนท์,ผู้เจริญและมีความสุขยินดี
ฒนนำ,ผู้เจริญและเป็นผู้นำ
ฒนมั่น,ผู้เจริญและมั่นคง
ฒนรัก,ผู้เจริญและเป็นที่รัก
ฒนล้วน,ผู้เจริญและบริสุทธิ์ตรงแท้
ฒนวร,ผู้เจริญและประเสริฐ
ฒนไว,ผู้เจริญและว่องไว
ฒนหลัก,ผู้เจริญและเป็นหลักมั่นคง
ฒนหาญ,ผู้เจริญและกล้าหาญ
ฒนใหม่,ผู้เจริญและสดใหม่
ฒนโอ,ผู้เปี่ยมด้วยความเจริญ
ฒนาวาคุณ,ผู้เจริญและมีถิ่นฐานหรือสถานะแห่งความดี นำพาชีวิตดุจเรือ
ฒนาวาธีร์,ผู้เจริญและมีปัญญามั่นคง ปราชญ์ผู้กล้าหาญ
ฒนิรันดร์,ผู้เจริญและยั่งยืนไม่สิ้นสุด
ฒบวรคุณ,ผู้เจริญและมีถิ่นฐานหรือสถานะแห่งความดี ประเสริฐ
ฒบวรธีร์,ผู้เจริญและมีปัญญามั่นคง ปราชญ์ผู้กล้าหาญ
ฒปัญญาคุณ,ผู้เจริญและมีความรู้ มีถิ่นฐานหรือสถานะแห่งความดี
ฒปัญญาธีร์,ผู้เจริญและมีความรู้ มีปัญญามั่นคง
ฒมกนิษฐ์,ผู้เจริญและตั้งมั่น มั่นคงในความดี
ฒมกมล,ผู้เจริญและมีใจงดงาม ผ่องใส
ฒมกัญจน์,ผู้เปี่ยมด้วยคุณค่า
ฒมกัลป์,ผู้มีความเจริญและความละมุน
ฒมคง,ผู้เจริญและมั่นคง
ฒมคนธร,ผู้เจริญและค้ำจุน
ฒมคีรี,ผู้เจริญและมั่นคงดุจภูเขา
ฒมจอมคุณ,ผู้เจริญและมีถิ่นฐานหรือสถานะแห่งความดี เป็นยอด
ฒมจอมทอง,ผู้เจริญและล้ำค่าดุจทอง เป็นยอด
ฒมจักริน,ผู้เจริญและสร้างสรรค์ด้วยความสามารถ ทรงอำนาจและก้าวหน้า
ฒมจันทร,ผู้เจริญและเย็นงามดุจจันทร์
ฒมจันทรา,ผู้เจริญและเย็นงามดุจจันทร์
ฒมจิรโรจน์,ผู้เจริญและยั่งยืนยาวนาน รุ่งเรืองสว่างไสว
ฒมญาณวร,ผู้เจริญและมีญาณปัญญา มีความรู้
ฒมณภัทร,ผู้เจริญและมีถิ่นฐานหรือสถานะแห่งความดี ดีงามเป็นมงคล
ฒมณรงค์,ผู้เจริญและมีถิ่นฐานหรือสถานะแห่งความดี กล้าหาญในการต่อสู้
ฒมณัฐนนท์,ผู้เจริญและมีฐานมั่นคง ตั้งมั่น
ฒมทองคำ,ผู้เจริญและล้ำค่าดุจทองคำ ล้ำค่าดุจทอง
ฒมทองพูล,ผู้เจริญและล้ำค่าดุจทอง
ฒมทักษิณ,ผู้เจริญและมีถิ่นฐานหรือสถานะแห่งความดี มีความสามารถชำนาญ
ฒมโทณ,ผู้เปี่ยมด้วยความเจริญ
ฒมธนกร,ผู้เจริญและมีทรัพย์และคุณค่า สร้างสรรค์ด้วยความสามารถ
ฒมธนดล,ผู้เจริญและบันดาลให้เกิดผล มีทรัพย์และคุณค่า
ฒมธรรม,ผู้เจริญและค้ำจุน ตั้งมั่นในธรรม
ฒมธรรมธร,ผู้เจริญและค้ำจุน ตั้งมั่นในธรรม
ฒมธานินทร์,ผู้มีความเจริญและความมั่นคง
ฒมธีรธรรม,ผู้เจริญและค้ำจุน ตั้งมั่นในธรรม
ฒมธีรภัทร,ผู้เจริญและปราชญ์ผู้กล้าหาญ ดีงามเป็นมงคล
ฒมนรดิศ,ผู้เจริญและเป็นใหญ่ในหมู่คน
ฒมนรินทร์,ผู้เจริญและเป็นใหญ่ในหมู่คน เป็นใหญ่
ฒมนัส,ผู้เจริญและมีจิตใจ มีจิตใจงดงาม
ฒมนัสคุณ,ผู้เจริญและมีถิ่นฐานหรือสถานะแห่งความดี มีจิตใจ
ฒมนัสธีร์,ผู้เจริญและมีปัญญามั่นคง ปราชญ์ผู้กล้าหาญ
ฒมนิคม,ผู้เจริญและมีถิ่นฐานมั่นคง เฉียบคม
ฒมนิธิกร,ผู้เจริญและสร้างสรรค์ด้วยความสามารถ เป็นขุมทรัพย์
ฒมนิภัทร์,ผู้เจริญและดีงามเป็นมงคล ดีงาม
ฒมนิอร,ผู้เจริญและมีความงามอ่อนหวาน
ฒมภัทร,ผู้เจริญและดีงามเป็นมงคล ดีงาม
ฒมโภคิน,ผู้เจริญและมั่งมีโภคทรัพย์
ฒมมหาคุณ,ผู้เจริญและมีถิ่นฐานหรือสถานะแห่งความดี มีคุณธรรมยิ่งใหญ่
ฒมมหิทธา,ผู้เจริญและมีฤทธิ์อำนาจยิ่งใหญ่
ฒมรณกร,ผู้เจริญและกล้าหาญในการต่อสู้
ฒมลักษณ์,ผู้เจริญและมีถิ่นฐานหรือสถานะแห่งความดี มีลักษณะงดงาม
ฒมวรภัทร,ผู้เจริญและดีงามเป็นมงคล ประเสริฐและดีงาม
ฒมวราธร,ผู้เจริญและค้ำจุน ค้ำจุนความประเสริฐ
ฒมวราวุธ,ผู้เจริญและมีพลังป้องกัน ประเสริฐ
ฒมวรินทร์ธร,ผู้เจริญและค้ำจุน เป็นใหญ่
ฒมวริศ,ผู้เจริญและเป็นใหญ่และประเสริฐ ประเสริฐ
ฒมวัชรินทร์,ผู้เจริญและเป็นใหญ่ ไหลรินอ่อนโยน
ฒมวัลลภ,ผู้มีความเจริญและความละมุน
ฒมวิทวัส,ผู้เจริญและฉลาดรอบรู้
ฒมวิบูรณ์,ผู้เจริญและมีถิ่นฐานหรือสถานะแห่งความดี กล้าหาญในการรบ
ฒมวิรุจ,ผู้เจริญและรุ่งเรือง
ฒมวิศิษฏ์,ผู้เจริญและยอดเยี่ยมพิเศษ
ฒมวิษณุ,ผู้เจริญและมีถิ่นฐานหรือสถานะแห่งความดี ทรงอานุภาพในการคุ้มครอง
ฒมอนันต์,ผู้เจริญและไม่มีที่สิ้นสุด
ฒมอรรถ,ผู้เจริญและมีความงามอ่อนหวาน มีความหมายและสาระ
ฒมอัคร,ผู้เจริญและยอดเยี่ยม
ฒมอานนท์,ผู้เจริญและมีความสุขยินดี
ฒมอิสรา,ผู้เจริญและเป็นอิสระ
ฒมโอฬาร,ผู้มีความเจริญและความมั่นคงสูงส่ง
ฒวร,ผู้เจริญและประเสริฐ
ฒวรินคุณ,ผู้เจริญและมีถิ่นฐานหรือสถานะแห่งความดี ไหลรินอ่อนโยน
ฒวรินธีร์,ผู้เจริญและมีปัญญามั่นคง ปราชญ์ผู้กล้าหาญ
ฒวิชญ์,ผู้เจริญและนักปราชญ์ผู้รู้ มีความรู้
ฒวิน,ผู้เจริญและมีชัยชนะ
ฒวิโรจน์,ผู้เจริญและรุ่งเรืองสว่างไสว
ฒวิศ,ผู้เปี่ยมด้วยความเจริญ
ฒเวช,ผู้เจริญด้วยความรู้ในการเยียวยา
ฒหิรัญ,ผู้เจริญและล้ำค่าดุจเงินทอง
ฒอดิเรก,ผู้เจริญและยิ่งใหญ่เป็นพิเศษ
ฒอนันต์,ผู้เจริญและไม่มีที่สิ้นสุด
ฒอนุรักษ์,ผู้เจริญและปกป้องรักษา เป็นที่รัก
ฒอภินันท์,ผู้เจริญและมีความยินดียิ่ง มีความสุขยินดี
ฒอภิสิทธิ์,ผู้เจริญและมีสิทธิอันยิ่ง
ฒอรุณ,ผู้เจริญและมีถิ่นฐานหรือสถานะแห่งความดี มีความงามอ่อนหวาน
ฒอำนาจ,ผู้เจริญและมีอำนาจบารมี
ฒอินทรคุณ,ผู้เจริญและมีถิ่นฐานหรือสถานะแห่งความดี เป็นใหญ่
ฒอินทรธีร์,ผู้เจริญและมีปัญญามั่นคง ปราชญ์ผู้กล้าหาญ
ฒเอกนิธิ,ผู้เจริญและเป็นขุมทรัพย์ ขุมทรัพย์อันเป็นหนึ่ง
ณ,ณ แปลว่า ที่ หรือ ใน ใช้สื่อถึงผู้มีที่ตั้งแห่งความดี
ณกนก,
ณกมล,ผู้มีถิ่นฐานหรือสถานะแห่งความดี ผู้มีใจงดงาม และผู้ผ่องใส
ณกร,ผู้มีถิ่นฐานหรือสถานะแห่งความดีและผู้สร้างสรรค์ด้วยความสามารถ
ณกรณ์,ผู้มีถิ่นฐานหรือสถานะแห่งความดี ผู้สร้างสรรค์ด้วยความสามารถ และผู้กระทำสิ่งดีงาม
ณกัญญา,ผู้มีความรู้ ผู้มีถิ่นฐานหรือสถานะแห่งความดี และหญิงสาวผู้ดีงาม
ณคณัฐ,"ณ (ที่, ในที่) + คณ (กลุ่ม, หมู่) + ณัฐ (นักปราชญ์) = นักปราชญ์ผู้เป็นที่พึ่งแห่งหมู่คณะ, ผู้เป็นศูนย์รวมของปัญญาชน"
ณคณา,ผู้มีถิ่นฐานหรือสถานะแห่งความดี ผู้เป็นที่รักของหมู่ชน และผู้เป็นส่วนหนึ่งของหมู่ชน
ณคุณ,"ณ (ใน, ที่, ผู้มี) + คุณ (ความดี, คุณธรรม) = ผู้มีคุณธรรม, ผู้มีความดีงาม"
ณจอมทอง,
ณฏชย,ผู้เปี่ยมด้วยฐานะแห่งความดี
ณฐกร,"ณฐ (ย่อมาจาก ณัฐ = นักปราชญ์, ผู้เป็นที่พึ่ง) + กร (ผู้สร้าง, ผู้กระทำ) = นักปราชญ์ผู้สร้างสรรค์, ผู้สร้างคุณประโยชน์อย่างนักปราชญ์"
ณฐณณ,ผู้เปี่ยมด้วยฐานะแห่งความดี
ณฐนน,ผู้เปี่ยมด้วยฐานะแห่งความดี
ณฐพร,"ณฐ (ย่อมาจาก ณัฐ = นักปราชญ์, ผู้เป็นที่พึ่ง) + พร (ดี, เลิศ, ประเสริฐ) = นักปราชญ์ผู้ประเสริฐ, ผู้มีปัญญาอันเลิศ"
ณฐภัทร,ผู้ตั้งมั่น ผู้มีถิ่นฐานหรือสถานะแห่งความดี และผู้ดีงามเป็นมงคล
ณฐมน,"ณฐ (ย่อมาจาก ณัฐ = นักปราชญ์, ผู้เป็นที่พึ่ง) + มน (ใจ, จิตใจ, มงคล) = นักปราชญ์ผู้มีจิตใจประเสริฐ, ผู้มีปัญญาและเป็นมงคล"
ณฐา,ผู้ตั้งมั่นและผู้มีถิ่นฐานหรือสถานะแห่งความดี
ณฐารินทร์,"ณฐา (ผู้เป็นที่พึ่ง, นักปราชญ์) + อรินทร์ (ผู้เป็นใหญ่, ผู้มีอำนาจ) = ผู้เป็นที่พึ่งอันยิ่งใหญ่, นักปราชญ์ผู้ยิ่งใหญ่"
ณณรงค์,"ณณ (ณ: ป. นักปราชญ์, ความรู้ - ซ้ำเพื่อเน้น) + รงค์ (รงฺค: ป., ส. การรบ, สนามรบ) (สมาส) = ผู้มีความรู้ความสามารถในการรบ, ปัญญาแห่งการต่อสู้"
ณดล,ผู้มีถิ่นฐานหรือสถานะแห่งความดีและผู้บันดาลให้เกิดผล
ณดวง,
ณทอง,
ณทองคำ,
ณธน,"ณ (ใน, ที่, ผู้มี) + ธน (ทรัพย์, สมบัติ) = ผู้มีทรัพย์สมบัติ, ผู้มั่งคั่งด้วยทรัพย์"
ณธร,ผู้มีถิ่นฐานหรือสถานะแห่งความดีและผู้ค้ำจุน
ณธรส,ผู้มีฐานะแห่งความดี การค้ำจุน และเสน่ห์ละมุน
ณธษา,"ณ (ณ ที่นี้, เป็นที่) + ธษา (ปัญญา, ความรู้) = ผู้เป็นที่แห่งปัญญา ผู้มีความรู้"
ณธัช,"ณ (ณ ที่นี้, เป็นที่) + ธัช (ธง, เครื่องหมาย, ผู้เป็นเลิศ) = ผู้เป็นที่แห่งความเลิศ, ผู้เป็นเลิศ"
ณธีร์,ผู้มีถิ่นฐานหรือสถานะแห่งความดี ผู้มีปัญญามั่นคง และปราชญ์ผู้กล้าหาญ
ณธีรัช,ผู้มีถิ่นฐานหรือสถานะแห่งความดี ปราชญ์ผู้กล้าหาญ และผู้รุ่งเรืองด้วยอำนาจ
ณนน,"ณ (ณ ที่นี้, เป็นที่) + นน (ความยินดี, ความรุ่งเรือง) = ผู้เป็นที่แห่งความยินดีและความรุ่งเรือง"
ณนันท์,ผู้มีถิ่นฐานหรือสถานะแห่งความดีและผู้มีความสุขยินดี
ณนันทน์,ผู้มีถิ่นฐานหรือสถานะแห่งความดีและผู้มีความสุขยินดี
ณภคมล,ผู้มีถิ่นฐานหรือสถานะแห่งความดี ผู้เฉียบคม และผู้ผ่องใส
ณภณ,ผู้มีถิ่นฐานหรือสถานะแห่งความดีและผู้มีวาจาดี
ณภรณ์,ผู้มีถิ่นฐานหรือสถานะแห่งความดี ผู้ค้ำจุน และผู้เป็นเครื่องประดับ
ณภัค,"ณ (ณ ที่นี้, เป็นที่) + ภัค (โชคดี, มีโชค, สิริมงคล) = ผู้เป็นที่แห่งโชคและสิริมงคล"
ณภัท,ผู้มีถิ่นฐานหรือสถานะแห่งความดีและผู้ดีงาม
ณภัทธ,ผู้ดีงามและมั่นคง
ณภัทร,"ณ (ณ ที่นี้, เป็นที่) + ภัทร (ดี, เจริญ, งาม, เป็นมงคล) = ผู้เป็นที่แห่งความดีงามและความเจริญ"
ณภัทรดา,"ณ (ณ ที่นี้, เป็นที่) + ภัทร (ความดีงาม, ความเจริญ) + ดา (ผู้ให้, ปัญญา) = ผู้เป็นที่แห่งความดีงามและปัญญา, ผู้ให้ความเจริญรุ่งเรือง"
ณภัทรพ,"ณ (ณ ที่นี้, เป็นที่) + ภัทร (ความดีงาม, ความเจริญ) + พ (พร, สิ่งประเสริฐ) = ผู้เป็นที่แห่งความดีงามอันเป็นพร, ผู้มีพรประเสริฐอันดีงาม"
ณภัทรภา,"ณ (ณ ที่นี้, เป็นที่) + ภัทร (ความดีงาม, ความเจริญ) + ภา (รัศมี, แสงสว่าง, ความงาม) = ผู้เป็นที่แห่งความดีงามอันเจิดจ้า, ผู้มีความเจริญรุ่งเรืองสดใส"
ณภัทรเรศ,"ณ (ณ ที่นี้, เป็นที่) + ภัทร (ความดีงาม, ความเจริญ) + เรศ (ผู้เป็นใหญ่, ผู้ปกครอง) = ผู้เป็นที่แห่งความดีงามและเป็นใหญ่, ผู้ยิ่งใหญ่ด้วยความเจริญ"
ณภัทรวร,"ณ (ณ ที่นี้, เป็นที่) + ภัทร (ความดีงาม, ความเจริญ) + วร (ประเสริฐ, ดีเลิศ) = ผู้เป็นที่แห่งความดีงามอันประเสริฐ, ผู้มีความเจริญอันดีเลิศ"
ณภัทรวรา,"ณ (ณ ที่นี้, เป็นที่) + ภัทร (ความดีงาม, ความเจริญ) + วรา (ประเสริฐ, ดีเลิศ - เพศหญิง) = ผู้เป็นที่แห่งความดีงามอันประเสริฐ (สำหรับผู้หญิง)"
ณภัทรวุฒิ,"ณ (ณ ที่นี้, เป็นที่) + ภัทร (ความดีงาม, ความเจริญ) + วุฒิ (ความเจริญ, ความงอกงาม) = ผู้เป็นที่แห่งความเจริญอันดีงาม, ผู้มีความเจริญรุ่งเรืองเป็นอย่างดี"
ณภัทร์ษธร,ผู้มีฐานะแห่งความดี ความดีงามเป็นมงคล และการค้ำจุน
ณภัทรัตน์,"ณ (ณ ที่นี้, เป็นที่) + ภัทร (ความดีงาม, ความเจริญ) + รัตน์ (แก้ว, ของมีค่า, สิ่งประเสริฐ) = ผู้เป็นที่แห่งความดีงามอันเป็นดุจแก้วอันประเสริฐ, ผู้มีค่าดุจแก้วอันประเสริฐด้วยความดีงาม"
ณภัทรัตนา,"ณ (ณ ที่นี้, เป็นที่) + ภัทร (ความดีงาม, ความเจริญ) + รัตนา (แก้ว, ของมีค่า, สิ่งประเสริฐ - เพศหญิง) = ผู้เป็นที่แห่งความดีงามอันเป็นดุจแก้วอันประเสริฐ (สำหรับผู้หญิง)"
ณภัทรา,ผู้มีถิ่นฐานหรือสถานะแห่งความดี ผู้ดีงามเป็นมงคล และหญิงผู้ดีงามเป็นมงคล
ณภัทริน,"ณ (ณ ที่นี้, เป็นที่) + ภัทริน (ผู้มีความดี, ผู้มีความเจริญ) = ผู้เป็นที่แห่งผู้มีความดีและความเจริญ"
ณภัทรินี,"ณ (ณ ที่นี้, เป็นที่) + ภัทรินี (ผู้มีความดี, ผู้มีความเจริญ - เพศหญิง) = ผู้เป็นที่แห่งผู้มีความดีและความเจริญ (สำหรับผู้หญิง)"
ณมน,"ณ (ณ ที่นี้, เป็นที่) + มน (ใจ, จิตใจ) = ผู้เป็นที่แห่งจิตใจ, ผู้มีจิตใจดีงาม"
ณมนวรรณ,ผู้มีถิ่นฐานหรือสถานะแห่งความดี ผู้กล้าหาญในการรบ และผู้ประเสริฐ
ณรงค์,"ณ (ใน) + รงค์ (การรบ, การต่อสู้) = ผู้กล้าหาญในการต่อสู้, ผู้เป็นนักรบ"
ณรงค์กร,ผู้มีถิ่นฐานหรือสถานะแห่งความดี ผู้สร้างสรรค์ด้วยความสามารถ และผู้กล้าหาญในการต่อสู้
ณรงค์รัชช์,ผู้มีถิ่นฐานหรือสถานะแห่งความดี ผู้กล้าหาญในการต่อสู้ และผู้รุ่งเรืองด้วยอำนาจ
ณรรวิฆม์,ผู้เปี่ยมด้วยพลังหนักแน่น
ณรัชช์อร,ผู้มีถิ่นฐานหรือสถานะแห่งความดี ผู้รุ่งเรืองด้วยอำนาจ และผู้มีความงามอ่อนหวาน
ณรัชต์,ผู้มีถิ่นฐานหรือสถานะแห่งความดีและผู้รุ่งเรืองด้วยอำนาจ
ณรัฐ,ผู้ตั้งมั่น ผู้มีถิ่นฐานหรือสถานะแห่งความดี และผู้เกี่ยวข้องกับบ้านเมือง
ณรัณธกรณ์,ผู้มีฐานะแห่งความดีและความกล้าหาญ
ณราวิชญ์,"ณ (ปัญญา, ความรู้) + รา (ผู้เป็นใหญ่, ราชา) + วิชญ์ (ความรู้, ปัญญา) = ผู้รู้ผู้เป็นใหญ่ด้วยปัญญา"
ณริช,ผู้เปี่ยมด้วยฐานะแห่งความดี
ณลภัส,ผู้มีถิ่นฐานหรือสถานะแห่งความดีและผู้มีแสงแห่งโชคลาภ
ณลัลอร,ผู้มีถิ่นฐานหรือสถานะแห่งความดี หญิงงามน่ารัก และผู้มีความงามอ่อนหวาน
ณวร,"ณ (ณ ที่นี้, เป็นที่) + วร (ประเสริฐ, ดีเลิศ) = ผู้เป็นที่แห่งความประเสริฐ, ผู้ดีเลิศ"
ณวรรณ,"ณ (ณ ที่นี้, เป็นที่) + วรรณ (ผิวพรรณ, ความรุ่งเรือง, ชื่อเสียง) = ผู้เป็นที่แห่งความรุ่งเรืองและมีชื่อเสียง"
ณวโรจน์,"ณ (ปัญญา, ความรู้) + วร (ประเสริฐ, ยอดเยี่ยม) + โรจน์ (รุ่งเรือง, สว่างไสว) = ผู้มีปัญญาอันประเสริฐและรุ่งเรือง"
ณวัชรีย์,ผู้มีฐานะแห่งความดีและเพชร
ณวิธ,"ณ (ผู้มีปัญญา) + วิธ (วิถี, วิธี, รู้แจ้ง) = ผู้มีปัญญาอันรู้แจ้งในวิถีทาง"
ณวิน,"ณ (ผู้มีปัญญา) + วิน (ผู้รู้, ผู้มีปัญญา) = ผู้มีปัญญาอันรู้แจ้ง, ผู้ทรงความรู้"
ณอรัญ,ผู้มีถิ่นฐานหรือสถานะแห่งความดี ผู้มีความงามอ่อนหวาน และผู้เกี่ยวข้องกับป่าอันสงบ
ณักษ์ธนัฏฐ์,"ณักษ์ (นักปราชญ์, ผู้รู้) + ธนัฏฐ์ (ผู้มีทรัพย์, ผู้มั่งคั่ง) = นักปราชญ์ผู้มีทรัพย์สมบัติมาก, ผู้รอบรู้และร่ำรวย"
ณัชช์พงษ์,ผู้เกิดมาเพื่อปัญญา ผู้มีถิ่นฐานหรือสถานะแห่งความดี และผู้สืบวงศ์อันดี
ณัชชรญ์,ผู้เปี่ยมด้วยฐานะแห่งความดี
ณัชชา,"ณัช (ผู้เกิดจากความรู้) + ชา (เกิด, กำเนิด) = ผู้ที่เกิดมาเป็นนักปราชญ์, ผู้มีกำเนิดแห่งความรู้"
ณัชธภัค,ผู้เกิดมาเพื่อปัญญา ผู้มีถิ่นฐานหรือสถานะแห่งความดี และผู้มีโชค
ณัชวาริน,ผู้เกิดมาเพื่อปัญญา ผู้มีถิ่นฐานหรือสถานะแห่งความดี และผู้ไหลรินอ่อนโยน
ณัญภ์ณัฐ,ผู้เปี่ยมปัญญาและคุณค่า
ณัฏญ์ธิฎา,
ณัฏฐ์,"ณัฏฐ์ (นักปราชญ์, ผู้คงแก่เรียน) = นักปราชญ์, ผู้คงแก่เรียน"
ณัฏฐ์ณธรณ์,"ณัฏฐ์ (นักปราชญ์) + ณธรณ์ (ผู้ทรงความรู้, ผู้กว้างขวางดุจแผ่นดิน) = นักปราชญ์ผู้ทรงความรู้ยิ่งใหญ่ดุจแผ่นดิน"
ณัฏฐ์ณลิน,ผู้ตั้งมั่น นักปราชญ์ผู้มีปัญญา และผู้มีถิ่นฐานหรือสถานะแห่งความดี
ณัฏฐ์ธิญา,ผู้มีความรู้ ผู้ตั้งมั่น และนักปราชญ์ผู้มีปัญญา
ณัฏฐนันท์,"ณัฏฐ์ (นักปราชญ์) + นันท์ (ความสุข, ความยินดี) = นักปราชญ์ผู้มีความสุข, นักปราชญ์ผู้เป็นที่รัก"
ณัฏฐ์ปวัล,"ณัฏฐ์ (นักปราชญ์) + ปวัล (ปะการัง, มีค่า, รุ่งเรือง) = นักปราชญ์ผู้มีคุณค่า, นักปราชญ์ผู้รุ่งเรือง"
ณัฏฐ์พงษ์,ผู้ตั้งมั่น นักปราชญ์ผู้มีปัญญา และผู้มีถิ่นฐานหรือสถานะแห่งความดี
ณัฏฐ์ภณ,ผู้ตั้งมั่น นักปราชญ์ผู้มีปัญญา และผู้มีถิ่นฐานหรือสถานะแห่งความดี
ณัฏฐ์ภัค,ผู้ตั้งมั่น นักปราชญ์ผู้มีปัญญา และผู้มีถิ่นฐานหรือสถานะแห่งความดี
ณัฏฐรินทร์,"ณัฏฐ์ (นักปราชญ์) + รินทร์ (ผู้เป็นใหญ่) = นักปราชญ์ผู้เป็นใหญ่, นักปราชญ์ผู้เป็นประมุข"
ณัฏฐวรรณ,"ณัฏฐ์ (นักปราชญ์) + วรรณ (สี, ผิวพรรณ, ชื่อเสียง) = นักปราชญ์ผู้มีชื่อเสียง, นักปราชญ์ผู้มีคุณงามความดี"
ณัฏฐา,ผู้ตั้งมั่นและผู้มีถิ่นฐานหรือสถานะแห่งความดี
ณัฐ,ผู้ตั้งมั่น นักปราชญ์ผู้มีปัญญา และผู้มีถิ่นฐานหรือสถานะแห่งความดี
ณัฐกมล,"ณัฐ (นักปราชญ์) + กมล (ดอกบัว, หัวใจ) = นักปราชญ์ผู้มีจิตใจงดงาม, นักปราชญ์ผู้มีจิตใจประเสริฐดุจดอกบัว"
ณัฐกมาล,ผู้ตั้งมั่น นักปราชญ์ผู้มีปัญญา และผู้มีถิ่นฐานหรือสถานะแห่งความดี
ณัฐกร,ผู้ตั้งมั่น นักปราชญ์ผู้มีปัญญา และผู้มีถิ่นฐานหรือสถานะแห่งความดี
ณัฐกรณ์,ผู้ตั้งมั่น นักปราชญ์ผู้มีปัญญา และผู้มีถิ่นฐานหรือสถานะแห่งความดี
ณัฐกฤต,"ณัฐ (นักปราชญ์) + กฤต (กระทำแล้ว, สำเร็จแล้ว, สร้างสรรค์) = นักปราชญ์ผู้สร้างสรรค์, นักปราชญ์ผู้มีความสำเร็จ"
ณัฐกอน,ผู้มีรากฐานและปัญญา
ณัฐกักัญ,ผู้มีคุณค่าและปัญญา
ณัฐกัญจ์,ผู้ตั้งมั่น นักปราชญ์ผู้มีปัญญา และผู้มีถิ่นฐานหรือสถานะแห่งความดี
ณัฐกิก,ผู้มีปัญญานักปราชญ์ ปัญญา และความฉลาดว่องไว
ณัฐกิจ,ผู้ตั้งมั่น นักปราชญ์ผู้มีปัญญา และผู้มีถิ่นฐานหรือสถานะแห่งความดี
ณัฐครินทร์,ผู้ตั้งมั่น นักปราชญ์ผู้มีปัญญา และผู้มีถิ่นฐานหรือสถานะแห่งความดี
ณัฐจิร,"ณัฐ (นักปราชญ์) + จิร (ยาวนาน, ยั่งยืน) = นักปราชญ์ผู้ยั่งยืน, นักปราชญ์ผู้ยืนยง"
ณัฐชญา,"ณัฐ (นักปราชญ์) + ชญา (ความรู้, ผู้รู้) = นักปราชญ์ผู้รู้แจ้ง, ผู้มีความรู้ความสามารถ"
ณัฐชญานันท์,ผู้มีปัญญารู้แจ้ง ผู้มีความรู้ และผู้ตั้งมั่น
ณัฐใช,ผู้มีปัญญานักปราชญ์และปัญญา
ณัฐฌา,ผู้มีปัญญาลึกซึ้ง ปัญญา และความอ่อนโยนสง่างาม
ณัฐญา,ผู้มีความรู้ ผู้ตั้งมั่น และนักปราชญ์ผู้มีปัญญา
ณัฐฐา,ผู้ตั้งมั่น นักปราชญ์ผู้มีปัญญา และผู้มีถิ่นฐานหรือสถานะแห่งความดี
ณัฐฐารินทร์,ผู้ตั้งมั่น นักปราชญ์ผู้มีปัญญา และผู้มีถิ่นฐานหรือสถานะแห่งความดี
ณัฐฐิญา,ผู้มีความรู้ ผู้ตั้งมั่น และนักปราชญ์ผู้มีปัญญา
ณัฐฐินันท์,ผู้ตั้งมั่น นักปราชญ์ผู้มีปัญญา และผู้มีถิ่นฐานหรือสถานะแห่งความดี
ณัฐฐิมน,ผู้ตั้งมั่น นักปราชญ์ผู้มีปัญญา และผู้มีถิ่นฐานหรือสถานะแห่งความดี
ณัฐณรงค์,"ณัฐ (นักปราชญ์) + ณรงค์ (การรบ, ผู้กล้าหาญ) = นักปราชญ์ผู้กล้าหาญ, นักปราชญ์ผู้เชี่ยวชาญการรบ"
ณัฐดล,ผู้ตั้งมั่น นักปราชญ์ผู้มีปัญญา และผู้มีถิ่นฐานหรือสถานะแห่งความดี
ณัฐดา,"ณัฐ (นักปราชญ์) + ดา (ผู้ให้) = นักปราชญ์ผู้ให้ความรู้, ผู้มีปัญญา (สำหรับผู้หญิง)"
ณัฐเดช,"ณัฐ (นักปราชญ์) + เดช (อำนาจ, อานุภาพ, ความรุ่งเรือง) = นักปราชญ์ผู้มีอำนาจ, นักปราชญ์ผู้มีอานุภาพและความรุ่งเรือง"
ณัฐไดน,ผู้มีปัญญานักปราชญ์ ปัญญา และเสียงดนตรี
ณัฐตอน,ผู้มีปัญญานักปราชญ์และปัญญา
ณัฐทนันต์,ผู้ตั้งมั่น นักปราชญ์ผู้มีปัญญา และผู้มีถิ่นฐานหรือสถานะแห่งความดี
ณัฐทิมา,ผู้ตั้งมั่น นักปราชญ์ผู้มีปัญญา และผู้มีถิ่นฐานหรือสถานะแห่งความดี
ณัฐธภรณ์,ผู้ตั้งมั่น นักปราชญ์ผู้มีปัญญา และผู้มีถิ่นฐานหรือสถานะแห่งความดี
ณัฐธัญ,ผู้ตั้งมั่น นักปราชญ์ผู้มีปัญญา และผู้มีถิ่นฐานหรือสถานะแห่งความดี
ณัฐธารา,"ณัฐ (นักปราชญ์) + ธารา (สายน้ำ) = นักปราชญ์ผู้มีความรู้ดุจสายน้ำ, นักปราชญ์ผู้มีความรู้หลั่งไหลไม่หยุดยั้ง"
ณัฐธาริน,ผู้ตั้งมั่น นักปราชญ์ผู้มีปัญญา และผู้มีถิ่นฐานหรือสถานะแห่งความดี
ณัฐธิดา,"ณัฐ (นักปราชญ์) + ธิดา (ลูกสาว, บุตรี) = ลูกสาวของนักปราชญ์, ผู้มีกำเนิดแห่งปัญญา"
ณัฐ์ธิวรรณ,ผู้ตั้งมั่น นักปราชญ์ผู้มีปัญญา และผู้มีถิ่นฐานหรือสถานะแห่งความดี
ณัฐธีรินทร์,ผู้ตั้งมั่น นักปราชญ์ผู้มีปัญญา และผู้มีถิ่นฐานหรือสถานะแห่งความดี
ณัฐนน,ผู้มีฐานมั่นคง ผู้ตั้งมั่น และนักปราชญ์ผู้มีปัญญา
ณัฐนนท์,"ณัฐ (นักปราชญ์) + นนท์ (ความสุข, ความยินดี) = นักปราชญ์ผู้มีความสุข, นักปราชญ์ผู้มีความยินดี"
ณัฐนภ,ผู้มีฐานมั่นคง ผู้ตั้งมั่น และนักปราชญ์ผู้มีปัญญา
ณัฐนัน,ผู้มีฐานมั่นคง ผู้ตั้งมั่น และนักปราชญ์ผู้มีปัญญา
ณัฐนันท์,"รากศัพท์: ณัฐ (นักปราชญ์, ผู้ฉลาด) + นันท์ (ความยินดี, ความสุข, ความเจริญ) = นักปราชญ์ผู้มีความยินดีและเจริญรุ่งเรือง"
ณัฐนา,"รากศัพท์: ณัฐ (นักปราชญ์, ผู้ฉลาด) + นา (จาก นาถ: ที่พึ่ง, ผู้เป็นที่พึ่ง) = นักปราชญ์ผู้เป็นที่พึ่งพิง, ผู้มีคุณค่าเป็นที่พึ่ง"
ณัฐนิช,ผู้มีฐานมั่นคง ผู้ตั้งมั่น และนักปราชญ์ผู้มีปัญญา
ณัฐนิดอน,ผู้มีปัญญานักปราชญ์และปัญญา
ณัฐนินทร์,ผู้มีฐานมั่นคง ผู้ตั้งมั่น และนักปราชญ์ผู้มีปัญญา
ณัฐนินนท์,ผู้มีฐานมั่นคง ผู้ตั้งมั่น และนักปราชญ์ผู้มีปัญญา
ณัฐบูรณ์,ผู้ตั้งมั่น นักปราชญ์ผู้มีปัญญา และผู้มีถิ่นฐานหรือสถานะแห่งความดี
ณัฐปคัลภ์,"รากศัพท์: ณัฐ (นักปราชญ์, ผู้ฉลาด) + ปคัลภ์ (บาลี-สันสกฤต ปรกลฺป: ผู้กล้าหาญ, ผู้แกล้วกล้า, ผู้มีความสามารถ) = นักปราชญ์ผู้มีความกล้าหาญและสามารถ"
ณัฐปัญญา,"รากศัพท์: ณัฐ (นักปราชญ์, ผู้ฉลาด) + ปัญญา (บาลี-สันสกฤต ปญฺญา: ความรู้ทั่ว, ความรู้แจ้ง, ความฉลาด) = นักปราชญ์ผู้มีความรู้แจ้งและฉลาดรอบรู้"
ณัฐปัณฑ์,ผู้ตั้งมั่น นักปราชญ์ผู้มีปัญญา และผู้มีถิ่นฐานหรือสถานะแห่งความดี
ณัฐพง,ผู้ตั้งมั่น นักปราชญ์ผู้มีปัญญา และผู้มีถิ่นฐานหรือสถานะแห่งความดี
ณัฐพงค์,ผู้ตั้งมั่น นักปราชญ์ผู้มีปัญญา และผู้มีถิ่นฐานหรือสถานะแห่งความดี
ณัฐพงษ์,"รากศัพท์: ณัฐ (นักปราชญ์, ผู้ฉลาด) + พงษ์ (บาลี-สันสกฤต พงฺส/พงฺศ: เชื้อสาย, ตระกูล, วงศ์) = นักปราชญ์ผู้เป็นเชื้อสาย (หรือผู้เป็นปราชญ์แห่ง) ตระกูล"
ณัฐพล​,ผู้ตั้งมั่น นักปราชญ์ผู้มีปัญญา และผู้มีถิ่นฐานหรือสถานะแห่งความดี
ณัฐพศิน,"รากศัพท์: ณัฐ (นักปราชญ์, ผู้ฉลาด) + พศิน (สันสกฤต วศิน: ผู้เป็นใหญ่, ผู้มีอำนาจ) = นักปราชญ์ผู้เป็นใหญ่และมีอำนาจ"
ณัฐพสิษฐ์,
ณัฐพีร์,"รากศัพท์: ณัฐ (นักปราชญ์, ผู้ฉลาด) + พีร์ (สันสกฤต วีร: ผู้กล้าหาญ, วีรบุรุษ) = นักปราชญ์ผู้กล้าหาญ, ผู้เป็นวีรบุรุษ"
ณัฐภณ,ผู้ตั้งมั่น นักปราชญ์ผู้มีปัญญา และผู้มีถิ่นฐานหรือสถานะแห่งความดี
ณัฐภร,ผู้ตั้งมั่น นักปราชญ์ผู้มีปัญญา และผู้มีถิ่นฐานหรือสถานะแห่งความดี
ณัฐภวิน,"รากศัพท์: ณัฐ (นักปราชญ์, ผู้ฉลาด) + ภวิน (สันสกฤต ภวน: ความเจริญ, การมีอยู่) = นักปราชญ์ผู้มีความเจริญรุ่งเรือง, ผู้มีคุณงามความดีปรากฏ"
ณัฐภัค,"ณัฐ (สันสกฤต: นักปราชญ์, ผู้คงแก่เรียน) + ภัค (สันสกฤต: โชค, ความสุข, ความเจริญ) = นักปราชญ์ผู้มีโชค, ผู้มีความรู้และโชคลาภ"
ณัฐภัคิน,"รากศัพท์: ณัฐ (นักปราชญ์, ผู้ฉลาด) + ภัคิน (สันสกฤต ภคิน: ผู้มีโชค, ผู้มีบุญ, ผู้มีความสุข) = นักปราชญ์ผู้มีโชคและบุญวาสนา"
ณัฐภัทร,"รากศัพท์: ณัฐ (นักปราชญ์, ผู้ฉลาด) + ภัทร (บาลี-สันสกฤต ภทฺร: เจริญ, ดีงาม, เป็นมงคล, ประเสริฐ) = นักปราชญ์ผู้มีความเจริญรุ่งเรืองและดีงาม"
ณัฐภา,"รากศัพท์: ณัฐ (นักปราชญ์, ผู้ฉลาด) + ภา (บาลี-สันสกฤต ภาส/ภา: แสงสว่าง, ความรุ่งเรือง, ความสุกใส) = นักปราชญ์ผู้มีความรุ่งเรืองดุจแสงสว่าง"
ณัฐมน,"รากศัพท์: ณัฐ (นักปราชญ์, ผู้ฉลาด) + มน (บาลี-สันสกฤต มนสฺ: ใจ, จิตใจ, ความคิด) = นักปราชญ์ผู้มีจิตใจดีงามและมีสติปัญญา"
ณัฐมล,ผู้ตั้งมั่น นักปราชญ์ผู้มีปัญญา และผู้มีถิ่นฐานหรือสถานะแห่งความดี
ณัฐมา,ผู้ตั้งมั่น นักปราชญ์ผู้มีปัญญา และผู้มีถิ่นฐานหรือสถานะแห่งความดี
ณัฐรน,ผู้มีปัญญานักปราชญ์และปัญญา
ณัฐรพ,"รากศัพท์: ณัฐ (นักปราชญ์, ผู้ฉลาด) + รพ (สันสกฤต รว: เสียง, เสียงก้อง) = นักปราชญ์ผู้มีชื่อเสียงกึกก้องเป็นที่รู้จัก"
ณัฐรมณ์,ผู้ตั้งมั่น นักปราชญ์ผู้มีปัญญา และผู้มีถิ่นฐานหรือสถานะแห่งความดี
ณัฐรอม,ผู้มีปัญญานักปราชญ์และปัญญา
ณัฐรัชต์,"รากศัพท์: ณัฐ (นักปราชญ์, ผู้ฉลาด) + รัชต์ (บาลี-สันสกฤต รชฺช: เงิน, ความมั่งคั่ง) = นักปราชญ์ผู้มั่งคั่ง, ผู้มีค่าดุจเงิน"
ณัฐรัตน์,"รากศัพท์: ณัฐ (นักปราชญ์, ผู้ฉลาด) + รัตน์ (บาลี-สันสกฤต รตน: แก้ว, สิ่งมีค่า, ของดี) = นักปราชญ์ผู้เป็นดุจแก้วอันประเสริฐ, ผู้มีคุณค่า"
ณัฐรัตนา,"รากศัพท์: ณัฐ (นักปราชญ์, ผู้ฉลาด) + รัตนา (บาลี-สันสกฤต รตนา: แก้ว, สิ่งมีค่า, ของดี) = นักปราชญ์ผู้เป็นดุจแก้วอันประเสริฐและมีคุณค่า"
ณัฐราม,ผู้ตั้งมั่น นักปราชญ์ผู้มีปัญญา และผู้มีถิ่นฐานหรือสถานะแห่งความดี
ณัฐรินี,"รากศัพท์: ณัฐ (นักปราชญ์, ผู้ฉลาด) + รินี (ผู้สง่างาม, ผู้สูงส่ง; มักใช้เป็นคำลงท้ายชื่อสตรี) = นักปราชญ์ผู้มีความสง่างามและสูงส่ง"
ณัฐรุจา,ผู้ตั้งมั่น นักปราชญ์ผู้มีปัญญา และผู้มีถิ่นฐานหรือสถานะแห่งความดี
ณัฐเรศ,"รากศัพท์: ณัฐ (นักปราชญ์, ผู้ฉลาด) + เรศ (จาก อิส/เรศ: ผู้เป็นใหญ่, ผู้สูงสุด, พระเจ้าแผ่นดิน) = นักปราชญ์ผู้เป็นใหญ่และสูงสุด"
ณัฐวดี,"รากศัพท์: ณัฐ (นักปราชญ์, ผู้ฉลาด) + วดี (ผู้มีความดีงาม, ผู้ประเสริฐ; มักใช้เป็นคำลงท้ายชื่อสตรี) = นักปราชญ์ผู้มีความดีงามและคุณธรรม (หากใช้กับสตรี หมายถึง สตรีผู้เป็นนักปราชญ์ที่ประเสริฐ)"
ณัฐวร,"ณัฐ (นักปราชญ์) + วร (ประเสริฐ, เลิศ) = นักปราชญ์ผู้ประเสริฐ, ผู้มีปัญญาอันเลิศ"
ณัฐวรรณา,"ณัฐ (นักปราชญ์) + วรรณา (ความงาม, สี, การพรรณนา) = นักปราชญ์ผู้มีความงาม, ผู้มีเกียรติยศงดงาม"
ณัฐวรรธน์,"ณัฐ (นักปราชญ์) + วรรธน์ (ความเจริญ, ความงอกงาม) = นักปราชญ์ผู้มีความเจริญรุ่งเรือง, ปราชญ์ผู้เจริญก้าวหน้า"
ณัฐวรศิริ,"ณัฐ (นักปราชญ์) + วร (ประเสริฐ) + ศิริ (มงคล, ความรุ่งเรือง) = นักปราชญ์ผู้ประเสริฐและมีความรุ่งเรืองเป็นมงคล"
ณัฐวรา,"ณัฐ (นักปราชญ์) + วรา (ผู้ประเสริฐ, เลิศ (สำหรับสตรี)) = นักปราชญ์ผู้ประเสริฐ (สตรี), ผู้มีปัญญาอันเลิศ"
ณัฐวริน,"ณัฐ (นักปราชญ์) + วริน (ผู้ประเสริฐยิ่ง, ผู้เป็นใหญ่) = นักปราชญ์ผู้ประเสริฐยิ่ง, ผู้มีปัญญาอันเป็นใหญ่"
ณัฐวรินทร,ผู้ตั้งมั่น นักปราชญ์ผู้มีปัญญา และผู้มีถิ่นฐานหรือสถานะแห่งความดี
ณัฐวริศ,ผู้ตั้งมั่น นักปราชญ์ผู้มีปัญญา และผู้มีถิ่นฐานหรือสถานะแห่งความดี
ณัฐวรีย์,ผู้ตั้งมั่น นักปราชญ์ผู้มีปัญญา และผู้มีถิ่นฐานหรือสถานะแห่งความดี
ณัฐวโร,ณัฐ (นักปราชญ์) + วโร (ผู้ประเสริฐ (สำหรับบุรุษ)) = นักปราชญ์ผู้ประเสริฐ
ณัฐวโรจน์,"ณัฐ (นักปราชญ์) + วร (ประเสริฐ) + โรจน์ (รุ่งเรือง, สว่างไสว) = นักปราชญ์ผู้ประเสริฐและรุ่งเรือง, ผู้มีปัญญาอันเลิศและส่องสว่าง"
ณัฐวลัญช์,ผู้ตั้งมั่น นักปราชญ์ผู้มีปัญญา และผู้มีถิ่นฐานหรือสถานะแห่งความดี
ณัฐวอน,ผู้มีปัญญานักปราชญ์และปัญญา
ณัฐวัชต์,ผู้ตั้งมั่น นักปราชญ์ผู้มีปัญญา และผู้มีถิ่นฐานหรือสถานะแห่งความดี
ณัฐวัฒน์,ณัฐ (นักปราชญ์) + วัฒน์ (ความเจริญ) = นักปราชญ์ผู้มีความเจริญรุ่งเรือง
ณัฐวาน,ผู้ตั้งมั่น นักปราชญ์ผู้มีปัญญา และผู้มีถิ่นฐานหรือสถานะแห่งความดี
ณัฐวารา,ผู้ตั้งมั่น นักปราชญ์ผู้มีปัญญา และผู้มีถิ่นฐานหรือสถานะแห่งความดี
ณัฐวาริด,ผู้ตั้งมั่น นักปราชญ์ผู้มีปัญญา และผู้มีถิ่นฐานหรือสถานะแห่งความดี
ณัฐวารี,ผู้ตั้งมั่น นักปราชญ์ผู้มีปัญญา และผู้มีถิ่นฐานหรือสถานะแห่งความดี
ณัฐวาลัน,ผู้มีปัญญานักปราชญ์ ความละมุน และปัญญา
ณัฐวาไล,ผู้ตั้งมั่น นักปราชญ์ผู้มีปัญญา และผู้มีถิ่นฐานหรือสถานะแห่งความดี
ณัฐวิ,นักปราชญ์ผู้มีความรู้
ณัฐวิกรม,"ณัฐ (นักปราชญ์) + วิกรม (ความกล้าหาญ, ความอาจหาญ) = นักปราชญ์ผู้กล้าหาญ, ผู้มีปัญญาและพลังอันกล้าแกร่ง"
ณัฐวิชช์,ผู้ตั้งมั่น นักปราชญ์ผู้มีปัญญา และผู้มีถิ่นฐานหรือสถานะแห่งความดี
ณัฐวิน,"ณัฐ (นักปราชญ์) + วิน (ผู้ชนะ) = นักปราชญ์ผู้ชนะ, ผู้มีปัญญาอันนำมาซึ่งชัยชนะ"
ณัฐวินท์,"ณัฐ (นักปราชญ์) + วินท์ (ผู้ค้นพบ, ผู้ได้รับ) = นักปราชญ์ผู้ค้นพบ, ผู้ได้รับความรู้ (อันประเสริฐ)"
ณัฐวินิจ,"ณัฐ (นักปราชญ์) + วินิจ (การวินิจฉัย, การตัดสิน) = นักปราชญ์ผู้มีวินิจฉัย, ผู้มีปัญญาในการตัดสินใจ"
ณัฐวิมน,ผู้มีปัญญานักปราชญ์และปัญญา
ณัฐวิโรจน์,"ณัฐ (นักปราชญ์) + วิโรจน์ (รุ่งเรืองยิ่ง, สว่างไสวเป็นพิเศษ) = นักปราชญ์ผู้รุ่งโรจน์ยิ่ง, ผู้มีปัญญาอันสว่างไสว"
ณัฐวุฒิ,"ณัฐ (นักปราชญ์) + วุฒิ (ความเจริญ, ปัญญา) = นักปราชญ์ผู้มีความเจริญก้าวหน้า, ผู้มีปัญญาอันงอกงาม"
ณัฐวุธ,ผู้ตั้งมั่น นักปราชญ์ผู้มีปัญญา และผู้มีถิ่นฐานหรือสถานะแห่งความดี
ณัฐศร,"ณัฐ (นักปราชญ์) + ศร (ลูกศร, ผู้เป็นเลิศ) = นักปราชญ์ผู้เป็นเลิศ, ผู้มีปัญญาเฉียบคมดุจลูกศร"
ณัฐศรา,"ณัฐ (นักปราชญ์) + ศรา (ผู้เป็นเลิศ (สำหรับสตรี), ลูกศร) = นักปราชญ์ผู้เป็นเลิศ (สตรี), ผู้มีปัญญาเฉียบคมดุจลูกศร"
ณัฐศรี,ผู้ตั้งมั่น นักปราชญ์ผู้มีปัญญา และผู้มีถิ่นฐานหรือสถานะแห่งความดี
ณัฐศักดิ์,"ณัฐ (ณฏฺฐ: นักปราชญ์, ผู้รู้) + ศักดิ์ (สกฺติ: อำนาจ, เกียรติ, ความสามารถ) = นักปราชญ์ผู้มีอำนาจและเกียรติยศ"
ณัฐศิรา,"ณัฐ (ณฏฺฐ: นักปราชญ์, ผู้รู้) + ศิรา (สิรา: หัวหน้า, ยอดเยี่ยม, เลิศ) = นักปราชญ์ผู้เป็นยอดเยี่ยม, หัวหน้านักปราชญ์"
ณัฐศิริ,"ณัฐ (ณฏฺฐ: นักปราชญ์, ผู้รู้) + ศิริ (สิริ: สิริมงคล, ความสง่างาม, ความรุ่งเรือง) = นักปราชญ์ผู้มีสิริมงคลและความรุ่งเรือง"
ณัฐศิริวรรณ,ผู้ตั้งมั่น นักปราชญ์ผู้มีปัญญา และผู้มีถิ่นฐานหรือสถานะแห่งความดี
ณัฐศิลป์,ผู้ตั้งมั่น นักปราชญ์ผู้มีปัญญา และผู้มีถิ่นฐานหรือสถานะแห่งความดี
ณัฐศิษฐ์,ผู้ตั้งมั่น นักปราชญ์ผู้มีปัญญา และผู้มีถิ่นฐานหรือสถานะแห่งความดี
ณัฐสัณห์,"ณัฐ (นักปราชญ์, ผู้คงแก่เรียน) + สัณห์ (ละเอียด, ประณีต, อ่อนโยน, งาม) = นักปราชญ์ผู้งามสง่า, นักปราชญ์ผู้ละเอียดอ่อนและประณีต"
ณัฐสิณี,"ณัฐ (ณฏฺฐ: นักปราชญ์, ผู้รู้) + สิณี (สินี: สตรีผู้สวยงาม) = นักปราชญ์หญิงผู้สวยงาม"
ณัฐสิทธิ์,"ณัฐ (ณฏฺฐ: นักปราชญ์, ผู้รู้) + สิทธิ์ (สิทฺธิ: ความสำเร็จ, อำนาจ, ความสมบูรณ์) = นักปราชญ์ผู้มีความสำเร็จและอำนาจ"
ณัฐสิรี,"ณัฐ (ณฏฺฐ: นักปราชญ์, ผู้รู้) + สิรี (สิริ: สิริมงคล, ความสง่างาม, ความรุ่งเรือง) = นักปราชญ์ผู้มีสิริมงคลและความรุ่งเรือง"
ณัฐสิษฐ์,ผู้ตั้งมั่น นักปราชญ์ผู้มีปัญญา และผู้มีถิ่นฐานหรือสถานะแห่งความดี
ณัฐสุชา,"ณัฐ (ณฏฺฐ: นักปราชญ์, ผู้รู้) + สุชา (สุ: ดี, งาม + ชา: เกิด) = นักปราชญ์ผู้มีชาติกำเนิดดีงาม, นักปราชญ์ผู้เกิดมาดี"
ณัฐอร,"ณัฐ (ณฏฺฐ: นักปราชญ์, ผู้รู้) + อร (อร: หญิงงาม) = นักปราชญ์หญิงผู้สวยงาม"
ณัฐอริญา,"ณัฐ (ณฏฺฐ: นักปราชญ์, ผู้รู้) + อริญา (อริยา: ผู้ประเสริฐ, ผู้เป็นอารยะ, ผู้เจริญแล้ว) = นักปราชญ์ผู้ประเสริฐและเจริญแล้ว"
ณัฐอริน,"ณัฐ (ณฏฺฐ: นักปราชญ์, ผู้รู้) + อริน (อริณ: ผู้ไม่มีหนี้, บริสุทธิ์, ปลอดจากมลทิน) = นักปราชญ์ผู้บริสุทธิ์และปราศจากมลทิน"
ณัฐอริศรา,ผู้ตั้งมั่น นักปราชญ์ผู้มีปัญญา และผู้มีถิ่นฐานหรือสถานะแห่งความดี
ณัฐอาคม,"ณัฐ (ณฏฺฐ: นักปราชญ์, ผู้รู้) + อาคม (อาคม: ความรู้, วิชา, เวทมนตร์) = นักปราชญ์ผู้มีความรู้ลึกซึ้ง, ผู้มีวิชาอาคม"
ณัฐา,ผู้ตั้งมั่น นักปราชญ์ผู้มีปัญญา และผู้เปี่ยมปัญญา
ณัฐินันท์,ผู้ตั้งมั่น นักปราชญ์ผู้มีปัญญา และผู้มีถิ่นฐานหรือสถานะแห่งความดี
ณัทญา,"ณัท (ณฏฺฐ: ความรู้, ปัญญา) + ญา (ญาณ: ความรู้, ปัญญา) = ผู้มีความรู้และปัญญาอันลึกซึ้ง"
ณัธมล,ผู้มีถิ่นฐานหรือสถานะแห่งความดีและผู้ผ่องใส
ณาธิป,ผู้มีถิ่นฐานหรือสถานะแห่งความดีและผู้เป็นใหญ่
ณาม์ร,ผู้มีฐานะแห่งความดีและความมั่นคงสูงส่ง
ณารา,"ณ (จาก ณาน: ความรู้, ปัญญา) + อารา (แสงสว่าง, ความรุ่งโรจน์, หรือเปรียบดุจดาว) = ผู้มีความรู้ที่สว่างรุ่งโรจน์, ดาวแห่งปัญญา"
ณาราธา,"ณ (จาก ณาน: ความรู้, ปัญญา) + ราธา (ความสำเร็จ, ความเจริญรุ่งเรือง, ความสุข) = ผู้มีความรู้ที่นำมาซึ่งความสำเร็จและความเจริญ"
ณาริน,ผู้มีถิ่นฐานหรือสถานะแห่งความดีและผู้ไหลรินอ่อนโยน
ณารินา,"ณ (จาก ณาน: ความรู้, ปัญญา) + อรินา (อริยา: ผู้ประเสริฐ, สตรีผู้สูงศักดิ์) = สตรีผู้มีความรู้และประเสริฐ"
ณาวา,"ณ (จาก ณาน: ความรู้, ปัญญา) + นาวา (เรือ) = เรือแห่งปัญญา, ผู้เป็นดุจเรือที่นำพาความรู้"
ณาวาริน,"ณ (จาก ณาน: ความรู้, ปัญญา) + วาริน (วาริณ: น้ำ, แม่น้ำ) = ผู้มีความรู้ที่บริสุทธิ์และไหลรินดุจสายน้ำ"
ณาวิน,"ณา (ปัญญา, ความรู้) + วิน (ชัยชนะ, ผู้รู้) = ผู้มีชัยชนะด้วยปัญญา, ผู้มีความรู้ที่นำมาซึ่งชัยชนะ"
ณาวินธา,"ณาวิน (ผู้มีชัยชนะด้วยปัญญา) + ธา (ผู้ทรงไว้, ผู้ให้) = ผู้ทรงไว้ซึ่งปัญญาและชัยชนะ, ผู้ให้ซึ่งปัญญาและชัยชนะ"
ณาวินล์,ผู้มีชัยชนะ
ณาวินา,ณาวิน (ผู้มีชัยชนะด้วยปัญญา) + อา (สำหรับสตรี) = หญิงผู้มีชัยชนะด้วยปัญญา
ณาวิลน์,ผู้มีฐานะแห่งความดีและความละมุน
ณิชคุณ,ผู้เปี่ยมด้วยคุณธรรม
ณิชเชฏฐ์,ผู้ตั้งมั่น ผู้มีถิ่นฐานหรือสถานะแห่งความดี และผู้เป็นใหญ่และประเสริฐ
ณิชญา,ผู้มีความรู้และผู้มีถิ่นฐานหรือสถานะแห่งความดี
ณิชญาลักษณ์,"ณิชญา (ผู้มีความรู้บริสุทธิ์) + ลักษณ์ (ลักษณะ, คุณสมบัติ) = ผู้มีลักษณะแห่งปัญญาอันบริสุทธิ์"
ณิชญาวรัญญา,"ณิช (บริสุทธิ์, ปราศจากมลทิน) + ญา (ความรู้, ปัญญา) + วรัญญา (ความรู้ที่ประเสริฐ) = ผู้มีความรู้ความปัญญาที่บริสุทธิ์และประเสริฐ"
ณิชลักษณ์,"ณิช (บริสุทธิ์) + ลักษณ์ (ลักษณะ, คุณสมบัติ) = ผู้มีลักษณะอันบริสุทธิ์"
ณิซพ,
ณิซฟ,
ณิณัฌ,
ณิณัฎ,
ณิณัณ,
ณิณัน,
ณิณัม,
ณิณัฬ,
ณิณิฉ,
ณิณิฌ,
ณิณิฎ,
ณิณิณ,
ณิณิม,
ณิณิห,
ณิณิฬ,
ณิณิฮ,
ณิน,
ณินัฉ,
ณินัฌ,
ณินัฎ,
ณินัณ,
ณินัน,
ณินัม,
ณินัห,
ณินัฬ,
ณินิฉ,
ณินิฌ,
ณินิฎ,
ณินิณ,
ณินิน,
ณินิม,
ณินิฬ,
ณิภัทร์,ผู้มีถิ่นฐานหรือสถานะแห่งความดี ผู้ดีงามเป็นมงคล และผู้ดีงาม
ณิมัฉ,
ณิมัฌ,
ณิมัฎ,
ณิมัณ,
ณิมัน,
ณิมัม,
ณิมัฬ,
ณิมิฉ,
ณิมิฌ,
ณิมิฎ,
ณิมิณ,
ณิมิน,
ณิมิม,
ณิมิฬ,
ณิรัชญา,ผู้มีความรู้ ผู้มีถิ่นฐานหรือสถานะแห่งความดี และผู้รุ่งเรืองด้วยอำนาจ
ณิรารัช,ผู้มีถิ่นฐานหรือสถานะแห่งความดีและผู้รุ่งเรืองด้วยอำนาจ
ณิศพ,
ณิศฟ,
ณิสพ,
ณิสฟ,
ณิหัฌ,
ณิหัฎ,
ณิหัณ,
ณิหัน,
ณิหัม,
ณิหิฌ,
ณิหิฎ,
โณน,
ดณิน,
ดนกมล,
ดนวินท์,ผู้มีเสียงดนตรี ชัยชนะ และความสุขยินดี
ดนัทธ์,ผู้มีเสียงดนตรีและความรู้
ดนิน,
ดนิษฐ์,ผู้ตั้งมั่นและผู้มั่นคงในความดี
ดนุนันท์,ผู้มีตัวตนอ่อนน้อมและผู้มีความสุขยินดี
ดนุวัศ,ผู้มีความอ่อนน้อมและเสียงดนตรี
ดนุวิช,ผู้มีตัวตนอ่อนน้อมและผู้มีความรู้
ดนุวิน,ผู้มีตัวตนอ่อนน้อมและผู้มีชัยชนะ
ดมิน,
ดรงค์,ผู้เปี่ยมด้วยการบันดาลผล
ดรณ์,"ดรณ์ (การข้ามพ้น, ผู้ช่วยให้ข้ามพ้น) = ผู้ช่วยให้ข้ามพ้น (อุปสรรค), ผู้พ้นทุกข์"
ดรัณ,"ดรัณ (การข้ามพ้น, ผู้ช่วยให้ข้ามพ้น) = ผู้มีความสามารถในการข้ามพ้น (อุปสรรค), ผู้พ้นภัย"
ดรัณภัทร,ผู้มีถิ่นฐานหรือสถานะแห่งความดี ผู้ดีงามเป็นมงคล และผู้ดีงาม
ดรุณ,ผู้มีถิ่นฐานหรือสถานะแห่งความดีและผู้เยาว์วัยสดใส
ดลกมล,ผู้บันดาลให้เกิดผล ผู้มีใจงดงาม และผู้ผ่องใส
ดลจอมทอง,
ดลณัฐ,ผู้ตั้งมั่น นักปราชญ์ผู้มีปัญญา และผู้มีถิ่นฐานหรือสถานะแห่งความดี
ดลดา,"ดล (บันดาลให้เกิด) + ดา (ผู้ให้, ผู้ทรงไว้) = ผู้บันดาลให้สิ่งดีงามบังเกิด, ผู้ให้สิ่งที่ปรารถนา"
ดลทอง,
ดลทองคำ,
ดลธร,"ดล (บันดาลให้เกิด) + ธร (ผู้ทรงไว้, ผู้ค้ำจุน) = ผู้บันดาลให้ทรงไว้ซึ่งสิ่งดีงาม, ผู้ค้ำจุนความดีงามให้บังเกิด"
ดลธรรม,"ดล (บันดาลให้เกิด) + ธรรม (ความดีงาม, ธรรมะ) = ผู้บันดาลให้เกิดธรรมะ, ผู้ให้ความดีงามบังเกิด"
ดลธริน,"ดล (บันดาลให้เกิด) + ธริน (ผู้ทรงไว้, ผู้เป็นใหญ่) = ผู้บันดาลให้เป็นใหญ่, ผู้ทรงไว้ซึ่งอำนาจ"
ดลธีร์,"ดล (ไทย: บันดาล, ทำให้เกิดมีขึ้น) + ธีร์ (ธีร: ป., ส. นักปราชญ์, ผู้มีปัญญา) (คำผสม) = ผู้บันดาลปัญญาและความเฉลียวฉลาด"
ดลภณ,ผู้มีถิ่นฐานหรือสถานะแห่งความดี ผู้บันดาลให้เกิดผล และผู้มีวาจาดี
ดลภัทร,ผู้บันดาลให้เกิดผล ผู้ดีงามเป็นมงคล และผู้ดีงาม
ดลภัส,
ดลภา,"ดล (บันดาลให้เกิด) + ภา (แสงสว่าง, ความรุ่งเรือง) = ผู้บันดาลให้เกิดความรุ่งเรือง, ผู้ให้แสงสว่าง"
ดลภิญญ์,ผู้มีการบันดาลและความละมุน
ดลรพ,ดล (บันดาลให้เกิด) + รพ (ชื่อเสียง) = ผู้บันดาลให้เกิดชื่อเสียงอันกึกก้อง
ดลรัตน์,"ดล (บันดาลให้เกิด) + รัตน์ (สิ่งประเสริฐ) = ผู้บันดาลให้เกิดสิ่งประเสริฐ, ผู้ถึงซึ่งแก้วอันมีค่า"
ดลรัตนา,ดล (บันดาลให้เกิด) + รัตนา (สิ่งประเสริฐสำหรับสตรี) = หญิงผู้บันดาลให้เกิดสิ่งประเสริฐ
ดลรินี,"ดล (บันดาลให้เกิด) + รินี (ผู้รินรด, ผู้ให้ความชุ่มชื่น) = ผู้บันดาลให้เกิดความชุ่มชื่น, ผู้บันดาลสิ่งดีงามให้หลั่งริน"
ดลเรศ,"ดล (บันดาลให้เกิด) + เรศ (ผู้เป็นใหญ่) = ผู้บันดาลให้เป็นใหญ่, ผู้บันดาลความสำเร็จอันยิ่งใหญ่"
ดลวร,"ดล (สันสกฤต, สมาส: บันดาล, ทำให้เกิด) + วร (บาลี-สันสกฤต, สมาส: ประเสริฐ, เลิศ, ดีเยี่ยม) = ผู้บันดาลสิ่งที่ประเสริฐ, ผู้ทำให้เกิดความดีเลิศ"
ดลวรา,"ดล (สันสกฤต, สมาส: บันดาล, ทำให้เกิด) + วรา (บาลี-สันสกฤต, สมาส: ผู้ประเสริฐ, สิ่งที่ประเสริฐยิ่ง (สำหรับสตรี)) = ผู้บันดาลสิ่งประเสริฐ (สำหรับสตรี), ผู้ทำให้เกิดความดีเลิศ (สำหรับสตรี)"
ดลวิชญ์,ผู้บันดาลให้เกิดผล นักปราชญ์ผู้รู้ และผู้มีความรู้
ดลวิน,ผู้บันดาลให้เกิดผลและผู้มีชัยชนะ
ดลวุฒิ,"ดล (สันสกฤต, สมาส: บันดาล, ทำให้เกิด) + วุฒิ (บาลี-สันสกฤต, สมาส: ความเจริญ, ความงอกงาม, ความสำเร็จ) = ผู้บันดาลความเจริญ, ผู้ทำให้เกิดความงอกงาม"
ดวง,ผู้เป็นมิ่งขวัญ
ดวงคำ,ผู้เป็นมิ่งขวัญ
ดวงจันคำ,ผู้เป็นมิ่งขวัญ
ดวงจันทร์,ผู้เป็นมิ่งขวัญและผู้เย็นงามดุจจันทร์
ดวงใจ,ผู้เป็นมิ่งขวัญ
ดวงประดับ,ผู้เป็นมิ่งขวัญและผู้ตกแต่งให้งดงาม
ดวงฤทัย,"ดวง (ไทย, คำประสม: ใจ, จิตใจ, สิ่งอันเป็นที่รัก) + ฤทัย (สันสกฤต, คำประสม: หัวใจ, ใจ) = หัวใจอันเป็นที่รักยิ่ง, ดวงใจอันบริสุทธิ์"
ดวงวงษา,ผู้เป็นมิ่งขวัญ
ดวงอมร,ผู้เป็นมิ่งขวัญ
ดวิน,ผู้เปี่ยมด้วยชัยชนะ
ดอกไม้,ผู้สดใสงดงามดุจดอกไม้
ดอรอหะ,ผู้เปี่ยมด้วยการบันดาลผล
ดอเลาะมิ,ผู้เปี่ยมด้วยความละมุน
ดะ,ผู้เปี่ยมด้วยการบันดาลผล
ดัชญาลักษณ์,ผู้มีความรู้ ผู้มีถิ่นฐานหรือสถานะแห่งความดี และผู้มีลักษณะงดงาม
ดารารัตน์,"ดารา (บาลี-สันสกฤต, สมาส: ดวงดาว) + รัตน์ (บาลี-สันสกฤต, สมาส: แก้ว, ของมีค่า, เพชรพลอย) = ดวงดาวอันเป็นแก้ว, แก้วที่รุ่งเรืองดุจดวงดาว"
ดิฐ,ผู้ตั้งมั่นและผู้มีความเห็นมั่นคง
ดิฐกันต์,ผู้ตั้งมั่นและผู้มีความเห็นมั่นคง
ดิฐา,ผู้ตั้งมั่นและผู้มีความเห็นมั่นคง
ดิณกณนต,
ดิณกมนต,
ดิณกร,
ดิณกะ,
ดิณกิ,
ดิณณัฏฐ์,
ดิณณัฐนต,
ดิณโณ,
ดิณโณกะ,
ดิณโณกิ,
ดิณตนนต,
ดิณมิน,
ดิณรณ,
ดิณรณกร,
ดิณรณกะ,
ดิณรวิ,
ดิณวิณอณ,
ดิณอณวัณ,
ดิณอณวิณ,
ดิณออิม,
ดินน,
ดิมน,
ดิเรก,ผู้ยิ่งใหญ่เป็นพิเศษ
ดิลก,ผู้เป็นยอดหรือเครื่องประดับ
ดิลกธรรม,ผู้เป็นยอดหรือเครื่องประดับ ผู้ค้ำจุน และผู้ตั้งมั่นในธรรม
ดิษเจริญ,ผู้เปี่ยมด้วยการดำเนินชีวิต
ดิษญา,ผู้มีความรู้และความอ่อนโยนสง่างาม
ดิษฐ์ธนิน,ผู้ตั้งมั่น ผู้มีทรัพย์และคุณค่า และผู้มั่งคั่ง
ดิษฐพงษ์,ผู้ตั้งมั่นและผู้สืบวงศ์อันดี
ดิษถ์,ผู้เปี่ยมด้วยการสร้างสรรค์
ดิษทับ,ผู้เปี่ยมด้วยการสร้างสรรค์
ดิษบงค์,ผู้เปี่ยมด้วยการสร้างสรรค์
ดิสรณ์,ผู้มีถิ่นฐานหรือสถานะแห่งความดีและผู้กล้าหาญในการรบ
โดโรธี,ชื่อจากภาษาตะวันตก หมายถึงของขวัญจากพระเจ้า
ไดร,
ตชัส,ผู้เปี่ยมด้วยความตั้งใจ
ตนกรนต,
ตนกัณนต,
ตนกันนต,
ตนคุณนต,
ตนณัฏฐ์,
ตนณัฐ,
ตนณัฐชล,
ตนโณ,
ตนโณโณ,
ตนโณรณ,
ตนดิณนต,
ตนแต,
ตนแตวร,
ตนแตอร,
ตนนท์วร,
ตนนท์อร,
ตนมนต์นต,
ตนรณ,
ตนรณรณ,
ตนวรนนท์,
ตนวันวัณ,
ตนวันอิม,
ตนวิณวัล,
ตนอรชล,
ตนอรนต,
ตนอิมวัณ,
ตนอิมวิณ,
ตนิษฐ์,ผู้ตั้งมั่นและผู้มั่นคงในความดี
ตนุธิป,ผู้มีความละเอียดอ่อนและความเป็นใหญ่
ตนุนันท์,ผู้มีความละเอียดอ่อนและความสุขยินดี
ตนุวร,ผู้มีความละเอียดอ่อน ความประเสริฐ และความมั่นคงสูงส่ง
ตรีสุคนธ์,"ตรี (บาลี-สันสกฤต, สมาส: สาม) + สุคนธ์ (บาลี-สันสกฤต, สมาส: กลิ่นหอม) = กลิ่นหอมสามชนิด (สื่อถึงความหอมที่ครบถ้วนสมบูรณ์)"
ตลม,
ตลมณ,
ตลห,
ตวงจอมทอง,
ตวณ,
ตวน,
ตวนน,
ตวันนา,"ตะวัน (ไทย, คำประสม: พระอาทิตย์, ดวงอาทิตย์) + นา (ไทย, คำประสม: ท้องทุ่ง, ผืนแผ่นดิน) = พระอาทิตย์แห่งท้องทุ่ง (สื่อถึงความสว่างไสวที่แผ่ไปทั่วแผ่นดิน)"
ต้องครรลอง,ผู้เปี่ยมด้วยความละมุน
ต้องใจ,ผู้เปี่ยมด้วยความตั้งใจ
ต้ออาษา,ผู้มีความตั้งใจและความอ่อนโยนสง่างาม
ตอฮา,ผู้มีความตั้งใจและความอ่อนโยนสง่างาม
ตะวันฉาย,"ตะวัน (ไทย, คำประสม: พระอาทิตย์, ดวงอาทิตย์) + ฉาย (ไทย, คำประสม: ส่อง, ส่องแสง, เปล่งรัศมี) = พระอาทิตย์ที่ส่องแสงเจิดจ้า, แสงแห่งความรุ่งโรจน์ของตะวัน"
เตชธร,ผู้มีเดชและบารมีและผู้ค้ำจุน
เตชธรรม,"เตช (บาลี-สันสกฤต, สมาส: เดช, อำนาจ, อานุภาพ, ความรุ่งเรือง) + ธรรม (บาลี-สันสกฤต, สมาส: คุณความดี, ความจริง, คำสั่งสอน) = ผู้มีเดชอันเกิดจากธรรม, ผู้มีอำนาจและความรุ่งเรืองด้วยคุณธรรม"
เตชวัชร์,"เตช (เตช: ป., ส. เดช, อำนาจ, รัศมี, ความรุ่งเรือง) + วัชร์ (วชฺร: ส. เพชร, สายฟ้า) (สมาส) = ผู้มีเดชานุภาพอันแกร่งกล้าดุจเพชร"
เตชะธร,ผู้มีเดชและบารมีและผู้ค้ำจุน
เตชิน,ผู้มีเดชและบารมี
เตชินท์,ผู้มีเดชและบารมี
เตชินี,"เตช (บาลี-สันสกฤต, สมาส: เดช, อำนาจ, อานุภาพ, ความรุ่งเรือง) + อินี (สันสกฤต, ปัจจัยบอกเพศหญิง: ผู้มี, ผู้เป็น) = สตรีผู้มีเดช, ผู้มีอำนาจและความรุ่งเรือง (สำหรับเพศหญิง)"
เตปิน,ผู้เปี่ยมด้วยการคุ้มครอง
ไตละนันทน์,ผู้เปี่ยมด้วยความละมุน
ถนอม,ผู้รักษาทะนุถนอม
ถนอมกมล,
ถนอมทอง,
ถนอมรัก,ผู้รักษาทะนุถนอมและผู้เป็นที่รัก
ถนัด,ผู้ชำนาญคล่องแคล่ว
ถนัดรบ,ผู้ชำนาญคล่องแคล่ว
ถนิน,
ถนิม,ผู้เปี่ยมด้วยการทะนุถนอม
ถนิมทอง,ผู้ประดับตกแต่งงดงามและผู้ล้ำค่าดุจทอง
ถนิมภรณ์,ผู้มีถิ่นฐานหรือสถานะแห่งความดี ผู้ประดับตกแต่งงดงาม และผู้ค้ำจุน
ถนิมภัทร,ผู้ประดับตกแต่งงดงาม ผู้ดีงามเป็นมงคล และผู้ดีงาม
ถมทอง,ผู้เต็มเปี่ยมอุดมและผู้ล้ำค่าดุจทอง
ถวิล,ผู้ใฝ่ปรารถนา
ถวิลหวัง,ผู้ใฝ่ปรารถนา
ถวิลา,ผู้ใฝ่ปรารถนา
ถัทธ,ผู้เปี่ยมด้วยธรรมะ
ถิร,"ถิร (บาลี-สันสกฤต, คำเดี่ยว: มั่นคง, คงที่, ยั่งยืน, ถาวร) = ผู้มีความมั่นคงยั่งยืน"
ถิรกร,ผู้มั่นคงถาวรและผู้สร้างสรรค์ด้วยความสามารถ
ถิรคุณ,"ถิร (บาลี-สันสกฤต, สมาส: มั่นคง, ยั่งยืน) + คุณ (บาลี-สันสกฤต, สมาส: ความดี, คุณค่า, ประโยชน์) = ผู้มีความดีมั่นคง, ผู้มีคุณธรรมอันยั่งยืน"
ถิรเจต,ผู้มั่นคงถาวรและผู้มีความตั้งใจ
ถิรเจตน์,ผู้มั่นคงถาวร ผู้มีความตั้งใจ และผู้มีเจตจำนงมั่นคง
ถิรณัท,ผู้มั่นคงถาวร ผู้มีถิ่นฐานหรือสถานะแห่งความดี และผู้กล้าหาญในการรบ
ถิรธนา,ผู้มั่นคงถาวร ผู้มีทรัพย์และคุณค่า และผู้มั่งคั่งด้วยทรัพย์
ถิรภร,ผู้มั่นคงถาวรและผู้ค้ำจุน
ถิรภัทร,ผู้มั่นคงถาวร ผู้ดีงามเป็นมงคล และผู้ดีงาม
ถิรมน,"ถิร (บาลี-สันสกฤต, สมาส: มั่นคง, ยั่งยืน) + มน (บาลี-สันสกฤต, สมาส: ใจ, จิตใจ) = ผู้มีใจมั่นคง, ผู้มีจิตใจที่เข้มแข็งและยั่งยืน"
ถิรมนัส,ผู้มั่นคงถาวร ผู้มีจิตใจ และผู้มีจิตใจงดงาม
ถิรวรรธน์,ผู้มั่นคงถาวร ผู้มีทรัพย์และคุณค่า และผู้ประเสริฐ
ไถร,
ทณิน,
ทน,ผู้เปี่ยมด้วยความมั่นคง
ทนิน,
ทนุธรรม,"ทนุ (สันสกฤต, สมาส: บำรุง, อบรม, เลี้ยงดู) + ธรรม (บาลี-สันสกฤต, สมาส: คุณความดี, ความจริง, คำสั่งสอน) = ผู้บำรุงรักษาธรรม, ผู้ส่งเสริมคุณธรรม"
ทนุรัฐ,ผู้ตั้งมั่น ผู้ค้ำจุนรักษา และผู้เกี่ยวข้องกับบ้านเมือง
ทมิน,
ทรงกลด,"ทรง (ไทย, คำประสม: มี, ถือไว้, ดำรงอยู่) + กลด (ไทย, คำประสม: ร่มบังแดดสำหรับผู้สูงศักดิ์) = ผู้ทรงไว้ซึ่งกลด (หมายถึงผู้มีบุญบารมี, ผู้เป็นที่เคารพ)"
ทรงขวัญ,ผู้มีการดำรงไว้และความมั่นคง
ทรงธรรม,"ทรง (ไทย, คำประสม: มี, ถือไว้, ดำรงอยู่) + ธรรม (บาลี-สันสกฤต, สมาส: คุณความดี, ความจริง, คำสั่งสอน) = ผู้ทรงไว้ซึ่งธรรม, ผู้ดำรงอยู่ในคุณธรรม"
ทรงบัณดิษฐ,ผู้ตั้งมั่น ผู้มีถิ่นฐานหรือสถานะแห่งความดี และผู้ดำรงไว้
ทรงประกอบ,ผู้ดำรงไว้และผู้สร้างสรรค์ให้ครบถ้วน
ทรงประดับ,ผู้ดำรงไว้และผู้ตกแต่งให้งดงาม
ทรงเพชร,ผู้ดำรงไว้และผู้แข็งแกร่งล้ำค่า
ทรงยศ,ผู้ดำรงไว้และผู้มีเกียรติยศ
ทรงรัฐ,"ทรง (ไทย, คำประสม: มี, ถือไว้, ปกครอง) + รัฐ (บาลี-สันสกฤต, สมาส: แว่นแคว้น, ประเทศ, การปกครอง) = ผู้ทรงไว้ซึ่งการปกครองรัฐ, ผู้ปกครองบ้านเมือง"
ทรงลักษณ์,ผู้มีถิ่นฐานหรือสถานะแห่งความดี ผู้ดำรงไว้ และผู้มีลักษณะงดงาม
ทรงอำนาจเจ,ผู้ดำรงไว้และผู้มีอำนาจบารมี
ทรงอำนาจเจริญ,ผู้ดำรงไว้และผู้มีอำนาจบารมี
ทรรศิน,ผู้มีทัศนะและความมั่นคง
ทวิช,ผู้มีสองคุณลักษณะและผู้มีความรู้
ทวิชช์,ผู้มีสองคุณลักษณะ ผู้มีความรู้แจ้ง และผู้มีความรู้
ทวิน,ผู้มีสองคุณลักษณะและผู้มีชัยชนะ
ทวินันท์,ผู้มีสองคุณลักษณะ ผู้มีชัยชนะ และผู้มีความสุขยินดี
ทวิร,ผู้มีคุณสองประการและความมั่นคงสูงส่ง
ทวิรัฐ,ผู้ตั้งมั่น ผู้มีสองคุณลักษณะ และผู้เกี่ยวข้องกับบ้านเมือง
ทองคง,ผู้ล้ำค่าดุจทองและผู้มั่นคง
ทองคำ,ผู้ล้ำค่าดุจทองคำและผู้ล้ำค่าดุจทอง
ทองจันทร์,ผู้ล้ำค่าดุจทองและผู้เย็นงามดุจจันทร์
ทองเจริญ,ผู้ล้ำค่าดุจทอง
ทองยศ,ผู้ล้ำค่าดุจทองและผู้มีเกียรติยศ
ทองล้วน,ผู้ล้ำค่าดุจทองและผู้บริสุทธิ์ตรงแท้
ทองไหม,ผู้ล้ำค่าดุจทอง
ทองไหลรวม,ทรัพย์ทองหลั่งไหลมารวมกัน
ทองอนันต์,ผู้ล้ำค่าดุจทองและผู้ไม่มีที่สิ้นสุด
ทอทอง,ผู้เปี่ยมด้วยความล้ำค่า
ทะกอง,ผู้เปี่ยมด้วยรากฐาน
ทะเลหลวง,ทะเลใหญ่หรือผืนน้ำอันกว้างใหญ่
ทักษ์,"ทักษ์ (สันสกฤต, คำเดี่ยว: ผู้ฉลาด, มีความสามารถ, ชำนาญ) = ผู้มีความฉลาดและสามารถ, ผู้ชำนาญ"
ทักษกร,ผู้มีความสามารถชำนาญและผู้สร้างสรรค์ด้วยความสามารถ
ทักษญา,ผู้มีความรู้และผู้มีความสามารถชำนาญ
ทักษนนท์,ผู้มีความสามารถชำนาญและผู้มีความสุขยินดี
ทักษภร,ผู้มีความสามารถชำนาญและผู้ค้ำจุน
ทักษมน,ผู้เปี่ยมด้วยความชำนาญ
ทักษ์วณิช,ผู้มีถิ่นฐานหรือสถานะแห่งความดี ผู้มีความสามารถชำนาญ และผู้ชำนาญการค้า
ทักษวร,ผู้มีความสามารถชำนาญและผู้ประเสริฐ
ทักษอร,ผู้มีความสามารถชำนาญและผู้มีความงามอ่อนหวาน
ทักษิณ,"ทักษิณ (บาลี-สันสกฤต, คำเดี่ยว: ทิศใต้, เบื้องขวา, ผู้ฉลาด, ผู้เป็นมงคล) = ผู้มีความสามารถ, ผู้ฉลาด (อีกนัยหนึ่งคือผู้เป็นมงคล)"
ทักษิณา,ผู้มีถิ่นฐานหรือสถานะแห่งความดี ผู้มีความสามารถชำนาญ และผู้เชี่ยวชาญหรือผู้เป็นทิศใต้
ทัชช,ผู้เปี่ยมด้วยการสัมผัสความสำเร็จ
ทัชชวร,ผู้สัมผัสถึงความสำเร็จและผู้ประเสริฐ
ทัชธร,ผู้สัมผัสถึงความสำเร็จและผู้ค้ำจุน
ทัด,เสมอ เท่าเทียม หรือประดับไว้
ทัดธน,ผู้เปี่ยมด้วยความเสมองาม
ทับลา,ผู้มีความละมุนและความอ่อนโยนสง่างาม
ทัศนี,"ทัศน์ (การเห็น, สิ่งที่เห็น) + นี (ปัจจัยบอกเพศหญิง, งามน่าชม) = ผู้มีความงามน่าชม, สิ่งที่น่าชม"
ทัฬอิญ,ผู้เปี่ยมด้วยความมั่นคง
ทิฐินันท์,ผู้ตั้งมั่น ผู้มีความเห็นตั้งมั่น และผู้มีความสุขยินดี
ทิณภัทร์เพชร,ผู้มีถิ่นฐานหรือสถานะแห่งความดี ผู้ดีงามเป็นมงคล และผู้แข็งแกร่งล้ำค่า
ทิณม,
ทินกร,ผู้สว่างดุจวัน ผู้สร้างสรรค์ด้วยความสามารถ และดวงอาทิตย์หรือผู้ให้แสงสว่าง
ทินโชค,ผู้สว่างดุจวันและผู้มีโชคดี
ทินภัทร,ผู้สว่างดุจวัน ผู้สูงส่งและดีงาม และผู้สูงส่งดั่งฟ้า
ทินารมภ์,ผู้เปี่ยมด้วยแสงแห่งวัน
ทิวธร,"ทิว (วัน, แสงสว่าง) + ธร (ผู้ทรงไว้, ผู้รับ) = ผู้ทรงไว้ซึ่งความสว่าง, ผู้ให้แสงสว่าง"
ทิวภัทร,ผู้ดีงามเป็นมงคลและผู้ดีงาม
ทิววินท์,"ทิว (วัน, แสงสว่าง) + วินท์ (ผู้ได้, ผู้พบ) = ผู้ได้มาซึ่งความสว่าง, ผู้บรรลุแสงสว่าง"
ไทกะ,"ไท (ผู้เป็นใหญ่, อิสระ) + กะ (คำสร้อย/ส่วนเติมท้าย) = ผู้เป็นใหญ่และเป็นอิสระในตนเอง"
ไทคม,ผู้เป็นไทและมีปัญญาเฉียบคม
ไทม,
ไทร,
ไทรทอง,ต้นไทรทอง สื่อถึงความร่มเย็นและมีคุณค่า
ธกร,ผู้มีธรรมะและความมั่นคงสูงส่ง
ธง,ผู้เป็นธงชัยแห่งเกียรติ
ธงไชย,ผู้เป็นธงชัยแห่งเกียรติและผู้มีชัยชนะ
ธชรัฐ,ผู้ตั้งมั่น ผู้เป็นธงชัย และผู้เกี่ยวข้องกับบ้านเมือง
ธชษร,ผู้มีธรรมะ อักษรอันงดงาม และความมั่นคงสูงส่ง
ธชิน,
ธญธร,ผู้มีธรรมะ การค้ำจุน และความมั่นคงสูงส่ง
ธณน,ผู้เปี่ยมด้วยฐานะแห่งความดี
ธณัฏฐ์,ผู้ตั้งมั่น นักปราชญ์ผู้มีปัญญา และผู้มีถิ่นฐานหรือสถานะแห่งความดี
ธน,ผู้มีทรัพย์และคุณค่า
ธนกมล,
ธนกร,"ธน (ทรัพย์) + กร (ผู้สร้าง, ผู้ทำ) = ผู้สร้างทรัพย์, ผู้ทำให้เกิดทรัพย์"
ธนกรณ์,ผู้มีถิ่นฐานหรือสถานะแห่งความดี ผู้มีทรัพย์และคุณค่า และผู้สร้างสรรค์ด้วยความสามารถ
ธนกฤต,"ธน (ทรัพย์) + กฤต (ที่ทำแล้ว, สร้างแล้ว) = ผู้มีทรัพย์ที่สร้างขึ้น, ทรัพย์ที่ได้สร้างไว้"
ธนกานต์,"ธน (ทรัพย์) + กานต์ (ที่รัก, น่ารัก) = ทรัพย์อันเป็นที่รัก, ผู้เป็นที่รักดุจทรัพย์"
ธนจอมทอง,
ธนจิร,"ธน (ทรัพย์) + จิร (ยั่งยืน, นาน) = ผู้มีทรัพย์ยั่งยืน, ทรัพย์อันยั่งยืน"
ธนชัย,"ธน (ทรัพย์) + ชัย (ชัยชนะ) = ชัยชนะในทรัพย์, ผู้มีชัยชนะเรื่องทรัพย์"
ธนโชค,ผู้มีทรัพย์และคุณค่าและผู้มีโชคดี
ธนณ,ผู้เปี่ยมด้วยฐานะแห่งความดี
ธนณรงค์,"ธน (บาลี-สันสกฤต: ทรัพย์, เงิน) + ณรงค์ (สันสกฤต, จาก รณ: การรบ, การต่อสู้, ผู้กล้า) = ผู้มีทรัพย์สมบัติและเป็นนักรบ, ผู้ต่อสู้เพื่อความมั่งคั่ง"
ธนณัฎฐ์,ผู้ตั้งมั่น ผู้มีถิ่นฐานหรือสถานะแห่งความดี และผู้มีทรัพย์และคุณค่า
ธนณัฏฐ์,ผู้ตั้งมั่น นักปราชญ์ผู้มีปัญญา และผู้มีถิ่นฐานหรือสถานะแห่งความดี
ธนณัท,ผู้มีถิ่นฐานหรือสถานะแห่งความดีและผู้มีทรัพย์และคุณค่า
ธนดร,ผู้มีทรัพย์และคุณค่า
ธนดล,"ธน (ทรัพย์) + ดล (บันดาล, ทำให้เกิด) = ผู้บันดาลทรัพย์, ผู้เป็นเหตุแห่งทรัพย์"
ธนดา,"ธน (ทรัพย์) + ดา (ผู้ให้, ผู้มี - สำหรับเพศหญิง) = ผู้ให้ทรัพย์, ผู้มีทรัพย์ (สำหรับผู้หญิง)"
ธนเดช,"ธน (ทรัพย์) + เดช (อำนาจ, อานุภาพ) = ผู้มีเดชอำนาจในทรัพย์, อำนาจแห่งทรัพย์"
ธนทอง,
ธนทองคำ,
ธนธร,"ธน (ทรัพย์) + ธร (ผู้ทรงไว้, ผู้ถือครอง) = ผู้ทรงไว้ซึ่งทรัพย์, ผู้มีทรัพย์"
ธนธรณ์,ผู้มีถิ่นฐานหรือสถานะแห่งความดี ผู้มีทรัพย์และคุณค่า และผู้ค้ำจุน
ธนธัช,ผู้มีทรัพย์และคุณค่าและผู้เป็นธงแห่งเกียรติ
ธนน,ผู้มีทรัพย์และความมั่นคง
ธนนท์,"ธน (ทรัพย์) + นนท์ (ความยินดี, ความสุข) = ความยินดีในทรัพย์, ผู้มีความสุขเพราะทรัพย์"
ธนนน,ผู้เปี่ยมด้วยทรัพย์
ธนนนท์,ผู้มีทรัพย์และคุณค่าและผู้มีความสุขยินดี
ธนนัญ,ผู้มีทรัพย์และปัญญา
ธนนันท์,"ธน (ทรัพย์) + นันท์ (ความยินดี, ความสุข) = ความยินดีในทรัพย์, ผู้มีความสุขเพราะทรัพย์"
ธนนา,"ธน (ทรัพย์) + นา (ผู้เป็น, ผู้มี - สำหรับเพศหญิง) = ผู้มีทรัพย์, ผู้เป็นเจ้าของทรัพย์ (สำหรับผู้หญิง)"
ธนบดี,"ธน (ทรัพย์) + บดี (เจ้าของ, นาย) = เจ้าของทรัพย์, ผู้เป็นใหญ่ในทรัพย์"
ธนพงศ์,"ธน (ทรัพย์) + พงศ์ (ตระกูล, เชื้อสาย) = วงศ์ตระกูลแห่งทรัพย์, ผู้มีทรัพย์สืบวงศ์ตระกูล"
ธนภณ,"ธน (ทรัพย์) + ภณ (การกล่าว, คำพูด) = ผู้กล่าวถึงทรัพย์, ผู้มีโวหารอันมีค่า"
ธนภณัฐ,"ธน (ทรัพย์สมบัติ, เงินทอง) + ภณ (จาก ภาณุ: ความรุ่งเรือง, แสงสว่าง) + ณัฐ (นักปราชญ์, ผู้มีความรู้) = นักปราชญ์ผู้รุ่งเรืองด้วยทรัพย์และปัญญา"
ธนภร,ผู้มีทรัพย์และคุณค่า ผู้สูงส่งดั่งฟ้า และผู้ค้ำจุน
ธนภรณ์,"ธน (ทรัพย์สมบัติ, เงินทอง) + ภรณ์ (เครื่องประดับ, การบำรุงรักษา, การเลี้ยงดู) = ผู้มีทรัพย์สมบัติเป็นเครื่องประดับ, ผู้บำรุงทรัพย์ให้เจริญ"
ธนภัค,ผู้มีทรัพย์และคุณค่า ผู้สูงส่งดั่งฟ้า และผู้มีโชค
ธนภัทร,"ธน (ทรัพย์สมบัติ, เงินทอง) + ภัทร (ดี, งาม, ประเสริฐ, เจริญ) = ผู้มีทรัพย์สมบัติอันดีงามและเจริญรุ่งเรือง"
ธนภัทร์,ผู้มีทรัพย์และคุณค่า ผู้สูงส่งและดีงาม และผู้สูงส่งดั่งฟ้า
ธนภา,"ธน (ทรัพย์สมบัติ, เงินทอง) + ภา (แสงสว่าง, ความรุ่งเรือง, รัศมี) = ผู้มีความรุ่งเรืองดุจแสงแห่งทรัพย์, ผู้มีทรัพย์สมบัติอันรุ่งโรจน์"
ธนม,
ธนรพ,"ธน (ทรัพย์สมบัติ, เงินทอง) + รพ (เสียง, ชื่อเสียง, การกล่าวขวัญ) = ผู้มีทรัพย์สมบัติอันเป็นที่กล่าวขวัญ, ผู้มีชื่อเสียงด้านทรัพย์สิน"
ธนรัช,"ธน (ทรัพย์สมบัติ, เงินทอง) + รัช (จาก ราช: ความเป็นใหญ่, ราชา, แผ่นดิน) = ผู้เป็นใหญ่ในทรัพย์สมบัติ, ผู้มีอำนาจในทรัพย์"
ธนรัฐ,ผู้ตั้งมั่น ผู้มีทรัพย์และคุณค่า และผู้เกี่ยวข้องกับบ้านเมือง
ธนรัตน์,"ธน (ทรัพย์สมบัติ, เงินทอง) + รัตน์ (แก้ว, ของมีค่า, เพชรพลอย) = ผู้มีทรัพย์สมบัติอันมีค่าดุจแก้ว, แก้วอันเป็นทรัพย์"
ธนรัตนา,"ธน (ทรัพย์สมบัติ, เงินทอง) + รัตนา (แก้ว, ของมีค่า, เพชรพลอย - รูปสตรี) = ผู้มีทรัพย์สมบัติอันมีค่าดุจแก้ว, แก้วอันเป็นทรัพย์ (มักใช้สำหรับสตรี)"
ธนรา,"ธน (ทรัพย์สมบัติ, เงินทอง) + รา (จาก ราช: ผู้เป็นใหญ่, ราชา) = ผู้เป็นใหญ่ในทรัพย์สมบัติ, ราชาแห่งทรัพย์"
ธนรินี,"ธน (ทรัพย์สมบัติ, เงินทอง) + รินี (ผู้มี, ผู้ไหลริน) = ผู้มีทรัพย์สมบัติไหลรินมาไม่ขาดสาย, ผู้บริบูรณ์ด้วยทรัพย์"
ธนเรศ,"ธน (ทรัพย์สมบัติ, เงินทอง) + เรศ (จาก อิศ: ผู้เป็นใหญ่, พระเจ้าแผ่นดิน, ผู้ปกครอง) = ผู้เป็นใหญ่ในทรัพย์สมบัติ, ผู้มีทรัพย์อันเป็นใหญ่"
ธนวชิร,"ธน (ทรัพย์สมบัติ, เงินทอง) + วชิร (เพชร, สายฟ้า, สิ่งที่แข็งแกร่ง) = ผู้มีทรัพย์สมบัติอันแข็งแกร่งดุจเพชร"
ธนวร,"ธน (ทรัพย์สมบัติ, เงินทอง) + วร (ประเสริฐ, เลิศ, ดีเยี่ยม) = ผู้มีทรัพย์สมบัติอันประเสริฐ, ทรัพย์อันดีเลิศ"
ธนวรรณ,ผู้มีถิ่นฐานหรือสถานะแห่งความดี ผู้มีทรัพย์และคุณค่า และผู้กล้าหาญในการรบ
ธนวรรธน์,"ธน (ทรัพย์สมบัติ, เงินทอง) + วรรธน์ (ความเจริญ, ความงอกงาม, การเพิ่มพูน) = ผู้มีความเจริญงอกงามด้วยทรัพย์, ผู้เพิ่มพูนทรัพย์"
ธนวรันญ์,ผู้มีทรัพย์อันประเสริฐและเปี่ยมปัญญา
ธนวรา,"ธน (ทรัพย์สมบัติ, เงินทอง) + วรา (ประเสริฐ, เลิศ, ดีเยี่ยม - รูปสตรี) = ผู้มีทรัพย์สมบัติอันประเสริฐ, ทรัพย์อันดีเลิศ (มักใช้สำหรับสตรี)"
ธนวโรจน์,"ธน (ทรัพย์สมบัติ, เงินทอง) + วร (ประเสริฐ, เลิศ) + โอจ (จาก โอชสฺ: แสงสว่าง, ความรุ่งเรือง, กำลัง) = ผู้มีทรัพย์สมบัติอันรุ่งเรืองและประเสริฐ"
ธนวัชร์,ผู้มีทรัพย์และคุณค่าและผู้แข็งแกร่งดุจเพชร
ธนวัฒน์,"ธน (ทรัพย์สมบัติ, เงินทอง) + วัฒน์ (ความเจริญ, ความงอกงาม, การเพิ่มพูน) = ผู้มีความเจริญงอกงามด้วยทรัพย์, ผู้เพิ่มพูนทรัพย์"
ธนวัท,"ธน (ทรัพย์สมบัติ, เงินทอง) + วัท (ผู้กล่าว, การพูด, วาจา) = ผู้มีทรัพย์สมบัติอันเป็นที่กล่าวขวัญ, ผู้มีวาทศิลป์อันนำมาซึ่งทรัพย์"
ธนวันต์,"ธน (ทรัพย์สมบัติ, เงินทอง) + วันต์ (ผู้มี, ผู้เป็นเจ้าของ) = ผู้มีทรัพย์สมบัติ, ผู้เป็นเจ้าของทรัพย์"
ธนวิช,ผู้มีทรัพย์และคุณค่าและผู้มีความรู้
ธนวิชญ์,"ธน (ทรัพย์, สมบัติ) + วิชญ์ (ผู้รู้, นักปราชญ์) = ผู้รู้เรื่องทรัพย์, นักปราชญ์ด้านทรัพย์"
ธนวิน,"ธน (ทรัพย์, สมบัติ) + วิน (ผู้ได้, ผู้หาได้) = ผู้ได้มาซึ่งทรัพย์, ผู้มีทรัพย์"
ธนวินท์,"ธน (ทรัพย์, สมบัติ) + วินท์ (ผู้ได้, ผู้พบ) = ผู้ได้มาซึ่งทรัพย์, ผู้พบเห็นทรัพย์"
ธนวินธร,"ธน (ทรัพย์, สมบัติ) + วินท์ (ผู้ได้มา) + ธร (ผู้ทรงไว้, ผู้รักษา) = ผู้ทรงไว้ซึ่งทรัพย์ที่ได้มา, ผู้รักษาสมบัติที่หามาได้"
ธนวินภัทร,"ธน (ทรัพย์, สมบัติ) + วิน (ผู้ได้) + ภัทร (ดี, งาม, เจริญ) = ผู้ได้มาซึ่งทรัพย์อันดีงามและเจริญ"
ธนวินิจ,"ธน (ทรัพย์, สมบัติ) + วินิจ (การพิจารณา, การตัดสิน) = ผู้พิจารณาตัดสินเรื่องทรัพย์, ผู้มีความรู้ในการจัดการทรัพย์"
ธนวุฒิ,"ธน (ทรัพย์, สมบัติ) + วุฒิ (ความเจริญ, ความงอกงาม) = ผู้มีความเจริญรุ่งเรืองด้วยทรัพย์, ผู้มีทรัพย์เพิ่มพูน"
ธนศักดิ์,"ธน (ทรัพย์, สมบัติ) + ศักดิ์ (อำนาจ, เกียรติ) = ผู้มีอำนาจและเกียรติด้วยทรัพย์"
ธนะธน,ผู้มีทรัพย์และคุณค่าและผู้มีทรัพย์
ธนะโรจน์,ผู้มีทรัพย์และคุณค่า ผู้มีทรัพย์ และผู้รุ่งเรืองสว่างไสว
ธนะสังข์,ผู้เปี่ยมด้วยทรัพย์
ธนัช,"ธน (ทรัพย์, สมบัติ) + อัช (ผู้เกิด, ผู้เป็นแหล่ง) = ผู้เกิดจากทรัพย์, ผู้เป็นแหล่งแห่งทรัพย์"
ธนัชกร,ผู้มีทรัพย์และคุณค่าและผู้สร้างสรรค์ด้วยความสามารถ
ธนัชญ์พงษ์,ผู้มีทรัพย์และคุณค่าและผู้สืบวงศ์อันดี
ธนัชญา,ผู้มีความรู้และผู้มีทรัพย์และคุณค่า
ธนัชธร,ผู้มีทรัพย์และคุณค่าและผู้ค้ำจุน
ธนัญกรณ์,ผู้มีถิ่นฐานหรือสถานะแห่งความดี ผู้มีทรัพย์และคุณค่า และผู้สร้างสรรค์ด้วยความสามารถ
ธนัญจา,ผู้มีทรัพย์และความอ่อนโยนสง่างาม
ธนัญชญา,ผู้มีความรู้และผู้มีทรัพย์และคุณค่า
ธนัญญ์,ผู้มีทรัพย์และคุณค่า
ธนัญญา,ผู้มีความรู้และผู้มีทรัพย์และคุณค่า
ธนัฏฐา,"ธน (ธน: ป., ส. ทรัพย์, เงิน) + อฏฺฐา (อฏฺฐา: ป. ที่ตั้ง, ที่อยู่, หลักฐาน) (สมาส) = ผู้มีทรัพย์เป็นหลักฐานมั่นคง, ผู้ตั้งมั่นในทรัพย์"
ธนัฐจักร,ผู้ตั้งมั่น ผู้มีทรัพย์และคุณค่า และผู้สร้างสรรค์ด้วยความสามารถ
ธนัท,"ธน (ทรัพย์, สมบัติ) + นัท (ผู้ให้, ที่พึ่ง) = ผู้เป็นที่พึ่งแห่งทรัพย์, ผู้ให้ทรัพย์"
ธนัทธร,ผู้มีทรัพย์และคุณค่าและผู้ค้ำจุน
ธนัน,ผู้มีทรัพย์และคุณค่า
ธนันดร,ผู้มีทรัพย์และคุณค่าและผู้มีฐานะสูงส่ง
ธนันต์ธรญ์,"ธนันต์ (มีทรัพย์ไม่สิ้นสุด, ทรัพย์มากมาย) + ธรญ์ (ผู้ทรง, ผู้รักษา) = ผู้ทรงไว้ซึ่งทรัพย์อันไม่สิ้นสุด, ผู้มีทรัพย์มากมาย"
ธนันท์,ผู้มีทรัพย์และคุณค่าและผู้มีความสุขยินดี
ธนันธร,ผู้มีทรัพย์และคุณค่าและผู้ค้ำจุน
ธนันนท์,ผู้มีทรัพย์และคุณค่าและผู้มีความสุขยินดี
ธนา,ผู้มีทรัพย์และคุณค่าและผู้มั่งคั่งด้วยทรัพย์
ธนากร,"ธน (ทรัพย์, สมบัติ) + อากร (บ่อเกิด, แหล่ง) = บ่อเกิดแห่งทรัพย์, แหล่งรวมทรัพย์"
ธนาคช,ผู้มีทรัพย์และคุณค่าและผู้มั่งคั่งด้วยทรัพย์
ธนาคม,ผู้มีทรัพย์และคุณค่า ผู้มั่งคั่งด้วยทรัพย์ และผู้เฉียบคม
ธนาคาร,ผู้มีทรัพย์และคุณค่า ผู้มั่งคั่งด้วยทรัพย์ และแหล่งเก็บรักษาทรัพย์
ธนาธรณ์,"ธน (ธน: ป., ส. ทรัพย์, เงิน, ของมีค่า) + อาธรณ์ (อาธรณ: ส. การทรงไว้, การแบกไว้) (สนธิ) = ผู้ทรงไว้ซึ่งทรัพย์สมบัติอันมากค่า"
ธนาธาร,ผู้มีทรัพย์และคุณค่า ผู้มั่งคั่งด้วยทรัพย์ และผู้เป็นสายน้ำแห่งความมั่งคั่ง
ธนาธิป,"ธนา (ทรัพย์, สมบัติ) + อธิป (ผู้เป็นใหญ่, เจ้า) = ผู้เป็นใหญ่ในทรัพย์, เจ้าแห่งทรัพย์"
ธนาธิษณ์,ผู้มีถิ่นฐานหรือสถานะแห่งความดี ผู้มีทรัพย์และคุณค่า และผู้มั่งคั่งด้วยทรัพย์
ธนานันต์,ผู้มีทรัพย์และคุณค่าและผู้มั่งคั่งด้วยทรัพย์
ธนานิษฐ์,ผู้ตั้งมั่น ผู้มีทรัพย์และคุณค่า และผู้มั่งคั่งด้วยทรัพย์
ธนารักษ์,ผู้มีทรัพย์และคุณค่า ผู้มั่งคั่งด้วยทรัพย์ และผู้เป็นที่รัก
ธนาวรรณ,ผู้มีถิ่นฐานหรือสถานะแห่งความดี ผู้มีทรัพย์และคุณค่า และผู้มั่งคั่งด้วยทรัพย์
ธนิก,"ธน (ทรัพย์, สมบัติ) + อิก (ผู้มี) = ผู้มีทรัพย์, คนมั่งมี"
ธนิกธน,ผู้มีทรัพย์และคุณค่าและผู้มั่งคั่ง
ธนิช,ผู้มีทรัพย์และคุณค่า ผู้มั่งคั่ง และผู้เป็นของตนหรือเฉพาะตน
ธนิฐา,ผู้ตั้งมั่น ผู้มีทรัพย์และคุณค่า และผู้มั่งคั่ง
ธนิณัช,ผู้เกิดมาเพื่อปัญญา ผู้มีถิ่นฐานหรือสถานะแห่งความดี และผู้มีทรัพย์และคุณค่า
ธนิทธิ,ผู้มีทรัพย์และคุณค่าและผู้มั่งคั่ง
ธนิน,"ธน (ทรัพย์, สมบัติ) + อิน (ผู้มี) = ผู้มีทรัพย์"
ธนินท์,"ธน (ทรัพย์, สมบัติ) + อินท์ (ผู้เป็นใหญ่, เจ้า) = ผู้เป็นใหญ่ในทรัพย์, เจ้าแห่งทรัพย์"
ธนินท์ธร,ผู้มีทรัพย์และคุณค่า ผู้มั่งคั่ง และผู้ค้ำจุน
ธนินทร,ผู้เป็นใหญ่ด้วยทรัพย์ ผู้มั่งคั่งด้วยทรัพย์ และผู้มั่งคั่ง
ธนินทร์,ผู้เป็นใหญ่ด้วยทรัพย์ ผู้มั่งคั่งด้วยทรัพย์ และผู้มั่งคั่ง
ธนินท์รัฐ,ผู้มั่งคั่งด้วยทรัพย์ ผู้มั่งคั่ง และผู้มีทรัพย์และคุณค่า
ธนินทรา,ผู้เป็นใหญ่ด้วยทรัพย์ ผู้มั่งคั่งด้วยทรัพย์ และผู้มั่งคั่ง
ธนินนัทธ์,ผู้มั่งคั่งด้วยทรัพย์ ผู้มั่งคั่ง และผู้มีทรัพย์และคุณค่า
ธนิวรรณ,ผู้มั่งคั่ง ผู้มีทรัพย์และคุณค่า และผู้ใหม่และสดใส
ธนิศร์,ผู้มั่งคั่งและผู้มีทรัพย์และคุณค่า
ธนิษฐ์,ผู้มั่งคั่ง ผู้มีทรัพย์และคุณค่า และผู้มั่นคงในความดี
ธนิษฐา,ผู้มั่งคั่ง ผู้มีทรัพย์และคุณค่า และผู้มั่นคงในความดี
ธนิสร,ผู้มั่งคั่งและผู้มีทรัพย์และคุณค่า
ธบัณจ์ภณ,ผู้มีฐานะแห่งความดีและวาจาไพเราะ
ธบิน,
ธภัทร,ผู้มีธรรมะ ความดีงามเป็นมงคล และความมั่นคง
ธมกร,"ธม (ธรรมะ, ความดี) + กร (ผู้กระทำ, ผู้สร้าง) = ผู้สร้างคุณธรรม, ผู้กระทำความดี"
ธมธร,ผู้มีธรรมะ การค้ำจุน และความมั่นคงสูงส่ง
ธมน,"ธมน (กลีบดอกไม้, พวงดอกไม้, เครื่องประดับ) = ดอกไม้, เครื่องประดับ (สื่อถึงความงามและความเจริญตา)"
ธมนณัฏฐ,ผู้เปี่ยมด้วยฐานะแห่งความดี
ธมนณัฏฐ์,ผู้มีปัญญานักปราชญ์และปัญญา
ธมนณัท,ผู้เปี่ยมด้วยฐานะแห่งความดี
ธมนต์วรรณธ์,
ธมนภัค,ผู้สูงส่งดั่งฟ้าและผู้มีโชค
ธมนภัทร,ผู้สูงส่งและดีงาม ผู้สูงส่งดั่งฟ้า และผู้ดีงามเป็นมงคล
ธมนวรรณ,ผู้ใหม่ สดใส และก้าวหน้า ผู้มีวรรณะงดงาม และผู้ประเสริฐ
ธมนันท์,ผู้มีธรรมะและความสุขยินดี
ธมล,ผู้มีใจงดงามและมั่งคั่ง
ธมลกัญ,ผู้มีคุณค่าและความละมุน
ธมลณัฏฐ,ผู้มีฐานะแห่งความดีและความละมุน
ธมลณัฏฐ์,ผู้มีปัญญานักปราชญ์ ความละมุน และปัญญา
ธมลธน,ผู้มีทรัพย์และความละมุน
ธมลธร,ผู้มีธรรมะ ความละมุน และการค้ำจุน
ธมลนิษฐ์,ผู้มีธรรมะและความละมุน
ธมลวรรณ,ผู้มีวรรณะงดงามและผู้ประเสริฐ
ธมลเอก,ผู้มีใจงดงามเป็นเลิศ
ธรกร,"ธร (ผู้ทรงไว้, ผู้รักษา) + กร (ผู้กระทำ, ผู้สร้าง) = ผู้สร้างความมั่นคง, ผู้ค้ำจุน, ผู้กระทำให้ดำรงอยู่"
ธรกานต์,"ธร (ผู้ทรงไว้, แผ่นดิน) + กานต์ (เป็นที่รัก) = ผู้เป็นที่รักแห่งแผ่นดิน หรือ ผู้ทรงไว้ซึ่งความเป็นที่รัก"
ธรคุณ,"ธร (ผู้ทรงไว้, แผ่นดิน) + คุณ (คุณความดี) = ผู้ทรงไว้ซึ่งคุณความดี หรือ ผู้มีคุณความดีดุจแผ่นดิน"
ธรณ์,ผู้ค้ำจุนและผู้ค้ำจุนไว้
ธรณ์ธวัล,"ธรณ์ (แผ่นดิน, ผู้ทรงไว้) + ธวัล (บริสุทธิ์, ขาวสะอาด) = ผู้ทรงไว้ซึ่งความบริสุทธิ์ หรือ แผ่นดินอันบริสุทธิ์ผุดผ่อง"
ธรณัส,ผู้ค้ำจุน
ธรณินทร์,ธรณี (แผ่นดิน) + อินทร์ (ผู้เป็นใหญ่) = ผู้เป็นใหญ่แห่งแผ่นดิน หรือ ราชาแห่งแผ่นดิน
ธรดล,"ธร (ผู้ทรงไว้, ค้ำจุน) + ดล (พื้น, แผ่นดิน) = ผู้ค้ำจุนพื้นแผ่นดิน หรือ ผู้ทรงไว้ซึ่งแผ่นดิน"
ธรดา,"ธร (ผู้ทรงไว้, แผ่นดิน) + ดา (ผู้ให้, ให้) = ผู้ให้การค้ำจุน หรือ ผู้ที่ทรงไว้ซึ่งการให้"
ธรเดช,"ธร (ผู้ทรงไว้, แผ่นดิน) + เดช (อำนาจ, ความรุ่งเรือง) = ผู้ทรงไว้ซึ่งอำนาจและความรุ่งเรือง หรือ ผู้มีเดชานุภาพดุจแผ่นดิน"
ธรธนันท์,ผู้ค้ำจุน ผู้มีทรัพย์และคุณค่า และผู้มีความสุขยินดี
ธรธนินท์,ผู้ค้ำจุน ผู้มั่งคั่งด้วยทรัพย์ และผู้มั่งคั่ง
ธรธรรม,ผู้ตั้งมั่นในธรรมและผู้ค้ำจุน
ธรนันท์,ผู้ค้ำจุนและผู้มีความสุขยินดี
ธรนัส,ผู้ค้ำจุนและผู้มีจิตใจ
ธรนา,"ธร (ผู้ทรงไว้, ค้ำจุน) + นา (ผู้ชี้นำ, นำไป - จากรากศัพท์ นี) = ผู้ทรงไว้ซึ่งการชี้นำ หรือ ผู้ชี้นำการค้ำจุน"
ธรนินทร์,ผู้ค้ำจุน
ธรนิศ,ผู้ค้ำจุน
ธรภัทร,ผู้ค้ำจุนและผู้ดีงามเป็นมงคล
ธรภัทรา,"ธร (ผู้ทรงไว้, แผ่นดิน) + ภัทรา (ดีงาม, เจริญ, เป็นมงคล) = ผู้ทรงไว้ซึ่งความดีงามและความเจริญรุ่งเรือง"
ธรภา,"ธร (ผู้ทรงไว้, แผ่นดิน) + ภา (แสงสว่าง, รัศมี, ความรุ่งเรือง) = ผู้ทรงไว้ซึ่งความรุ่งเรือง หรือ ผู้มีแสงสว่างดุจแผ่นดิน"
ธรภาณุ,"ธร (ผู้ทรงไว้, แผ่นดิน) + ภาณุ (แสงสว่าง, พระอาทิตย์) = ผู้ทรงไว้ซึ่งแสงสว่าง หรือ ผู้เป็นดุจพระอาทิตย์ที่ค้ำจุนแผ่นดิน"
ธรมณี,"ธร (ผู้ทรงไว้, แผ่นดิน) + มณี (แก้ว, อัญมณี) = ผู้ทรงไว้ซึ่งแก้วอันมีค่า หรือ แผ่นดินอันเป็นดุจแก้วมณี"
ธรเมธา,"ธร (ผู้ทรงไว้, แผ่นดิน) + เมธา (ปัญญา, ความรู้) = ผู้ทรงไว้ซึ่งปัญญาความรู้ หรือ ผู้มีปัญญาดุจแผ่นดิน"
ธรรพ,"ธรรพ (การบำรุง, การเลี้ยงดู - ส. ธรฺว) = ผู้บำรุง ผู้เลี้ยงดู"
ธรรม์,ธรรมะหรือความถูกต้องดีงาม
ธรรมขันธ์,ผู้ตั้งมั่นในธรรม ผู้ค้ำจุน และองค์ประกอบแห่งชีวิต
ธรรมคุณ,ผู้ตั้งมั่นในธรรม ผู้ค้ำจุน และผู้เปี่ยมคุณธรรม
ธรรมจารี,ผู้ตั้งมั่นในธรรม ผู้ค้ำจุน และผู้ประพฤติตามแบบแผนดีงาม
ธรรมณัฐ,ผู้ตั้งมั่นในธรรม ผู้ค้ำจุน และนักปราชญ์ผู้มีปัญญา
ธรรมธัช,ผู้ตั้งมั่นในธรรม ผู้ค้ำจุน และผู้เป็นธงแห่งเกียรติ
ธรรม์นลัท,"ธรรม์ (คุณความดี, ความถูกต้อง) + นลัท (เครื่องหอม, สิ่งดีงาม) = ผู้มีคุณความดีอันหอมหวน หรือ ผู้ทรงไว้ซึ่งความถูกต้องดีงามดุจเครื่องหอม"
ธรรมนันท์,ผู้ตั้งมั่นในธรรม ผู้ค้ำจุน และผู้มีความสุขยินดี
ธรรมนัส,ผู้ตั้งมั่นในธรรม ผู้ค้ำจุน และผู้มีจิตใจ
ธรรมภณ,ผู้ตั้งมั่นในธรรม ผู้ค้ำจุน และผู้มีวาจาดี
ธรรมมโนวานิช,ผู้ตั้งมั่นในธรรม ผู้ค้ำจุน และผู้ใหม่ สดใส และก้าวหน้า
ธรรมโม,ธรรมะอันเป็นเครื่องนำชีวิต
ธรรมรักษ์,"ธรรม (บาลี-สันสกฤต: ความดี, ความถูกต้อง, กฎเกณฑ์) + รักษ์ (สันสกฤต: การรักษา, การคุ้มครอง) = ผู้รักษาธรรม, ผู้คุ้มครองความดีงาม"
ธรรมรัฐ,ผู้ตั้งมั่นในธรรม ผู้ค้ำจุน และผู้เกี่ยวข้องกับบ้านเมือง
ธรรมิก,ผู้ตั้งมั่นในธรรม ผู้ประพฤติธรรม และผู้ค้ำจุน
ธรรศ,ผู้มีทัศนะอันลึกซึ้งและผู้ค้ำจุน
ธรรศธนัญ,ผู้มีทัศนะอันลึกซึ้ง ผู้ค้ำจุน และผู้มีทรัพย์และคุณค่า
ธรรศธรณ์,ผู้มีทัศนะอันลึกซึ้ง ผู้ค้ำจุน และผู้ค้ำจุนไว้
ธรรศธรรม,ผู้ตั้งมั่นในธรรม ผู้มีทัศนะอันลึกซึ้ง และผู้ค้ำจุน
ธรรศยชญ์,ผู้มีทัศนะอันลึกซึ้ง ผู้ค้ำจุน และผู้บูชาและมีเกียรติ
ธรรัตน์,"ธร (ผู้ทรงไว้, แผ่นดิน) + รัตน์ (แก้ว, ของมีค่า) = ผู้ทรงไว้ซึ่งแก้วอันมีค่า หรือ แผ่นดินอันเป็นดุจแก้วรัตนะ"
ธรรัตนา,"ธร (ผู้ทรงไว้, แผ่นดิน) + รัตนา (แก้ว, ของมีค่า (รูปสตรี)) = ผู้ทรงไว้ซึ่งแก้วอันมีค่า (ที่เป็นหญิง) หรือ แผ่นดินอันเป็นดุจแก้วรัตนา"
ธรรินี,"ธร (ผู้ทรงไว้, ค้ำจุน) + อินี (ปัจจัยสตรี) = ผู้หญิงผู้ทรงไว้ซึ่งความดีงาม หรือ ผู้ค้ำจุน (ที่เป็นหญิง)"
ธรเรศ,"ธร (ผู้ทรงไว้, แผ่นดิน) + เรศ (ผู้เป็นใหญ่, เจ้า) = ผู้เป็นใหญ่แห่งแผ่นดิน หรือ ผู้ทรงไว้ซึ่งความเป็นใหญ่"
ธรลักษณา,"ธร (ผู้ทรงไว้, แผ่นดิน) + ลักษณา (ลักษณะ, คุณสมบัติ) = ผู้ทรงไว้ซึ่งลักษณะอันดีงาม, ผู้มีคุณสมบัติแห่งความมั่นคงดุจแผ่นดิน"
ธรลินา,"ธร (ผู้ทรงไว้, แผ่นดิน) + ลินา (ผู้ที่รวมเข้าด้วยกันอย่างงดงาม, ความงามอันอ่อนโยน) = ผู้ทรงไว้ซึ่งความงดงามอันอ่อนโยน, ผู้รวมสิ่งดีงามไว้ดุจแผ่นดิน"
ธรวร,"ธร (ผู้ทรงไว้, แผ่นดิน) + วร (ประเสริฐ, เลิศ) = ผู้ทรงไว้ซึ่งความประเสริฐ, ผู้ประเสริฐแห่งแผ่นดิน"
ธรวรา,"ธร (ผู้ทรงไว้, แผ่นดิน) + วรา (ประเสริฐ, เลิศ - สำหรับหญิง) = สตรีผู้ทรงไว้ซึ่งความประเสริฐ, ผู้ประเสริฐแห่งแผ่นดิน"
ธรวรินทร์,ผู้ค้ำจุน ผู้เป็นใหญ่และประเสริฐ และผู้ประเสริฐดุจสายน้ำ
ธรวัฒ,"ธร (ผู้ทรงไว้, แผ่นดิน) + วัฒ (ความเจริญ, ความงอกงาม) = ผู้ทรงไว้ซึ่งความเจริญ, ผู้ทำให้แผ่นดินเจริญรุ่งเรือง"
ธรวินา,"ธร (ผู้ทรงไว้, แผ่นดิน) + วินา (พิณ) = ผู้ทรงไว้ซึ่งพิณ (ผู้มีเสียงไพเราะ, ผู้สร้างความรื่นรมย์), พิณแห่งแผ่นดิน"
ธรวุฒิ,"ธร (ผู้ทรงไว้, แผ่นดิน) + วุฒิ (ความเจริญ, ความงอกงาม) = ผู้ทรงไว้ซึ่งความเจริญ, ผู้ทำให้แผ่นดินมีความเจริญงอกงาม"
ธรศร,"ธร (ผู้ทรงไว้, แผ่นดิน) + ศร (ลูกศร) = ผู้ทรงไว้ซึ่งลูกศร (ผู้ปกป้อง, ผู้มีจุดมุ่งหมาย), ลูกศรแห่งแผ่นดิน"
ธรัช,ผู้ค้ำจุนความรุ่งเรือง
ธรา,ผู้ค้ำจุนและผู้มั่นคงดุจแผ่นดิน
ธราดล,"ธรา (แผ่นดิน, โลก) + ดล (แผ่นดิน, บันดาล) = แผ่นดินโลก, ผู้บันดาลให้เกิดแผ่นดิน"
ธราธรรม,ผู้ตั้งมั่นในธรรม ผู้ค้ำจุน และผู้มั่นคงดุจแผ่นดิน
ธราธิป,ผู้ค้ำจุนและผู้มั่นคงดุจแผ่นดิน
ธรานนท์,ผู้ค้ำจุน ผู้มั่นคงดุจแผ่นดิน และผู้มีความสุขยินดี
ธราลิณ,
ธราวุธ,ผู้ค้ำจุน ผู้มั่นคงดุจแผ่นดิน และผู้มีพลังป้องกัน
ธรินทร์ธร,ผู้ค้ำจุนและผู้เป็นใหญ่
ธรุวา,
ธฤษณุ,ผู้ทรงอานุภาพในการคุ้มครอง
ธวัช,ผู้เป็นธงชัยแห่งเกียรติ
ธวัชธรรม,ผู้ตั้งมั่นในธรรม ผู้ค้ำจุน และผู้เป็นธงชัยแห่งเกียรติ
ธวัชร์,ผู้เป็นธงชัยแห่งเกียรติและผู้แข็งแกร่งดุจเพชร
ธวัล,ผู้ขาวผ่องบริสุทธิ์
ธวัลกร,ผู้ขาวผ่องบริสุทธิ์และผู้สร้างสรรค์
ธัชกร,"ธัช (ธง, ผู้นำ) + กร (ผู้กระทำ, ผู้สร้าง) = ผู้สร้างธง (ผู้สร้างสัญลักษณ์), ผู้เป็นผู้นำ"
ธัชกานต์,"ธัช (ธง, ผู้นำ) + กานต์ (เป็นที่รัก, น่ารัก) = ธงอันเป็นที่รัก, ผู้นำที่เป็นที่รักและน่าเคารพ"
ธัชคุณ,"ธัช (ธง, ผู้นำ) + คุณ (ความดี, คุณธรรม) = ธงแห่งความดี, ผู้นำแห่งคุณธรรม"
ธัชชญา,ผู้มีความรู้และเกียรติเป็นธงชัย
ธัชญา,ผู้เป็นธงแห่งเกียรติและผู้มีความรู้
ธัชดล,"ธัช (ธง, ผู้นำ) + ดล (แผ่นดิน, บันดาล) = ธงแห่งแผ่นดิน, ผู้สร้างชื่อเสียงให้แผ่นดิน"
ธัชดา,"ธัช (ธง, ผู้นำ) + ดา (ผู้ให้) = ผู้ให้ธง (ผู้ชูธง), ผู้เป็นผู้นำ"
ธัชเดช,"ธัช (ธง, ผู้นำ) + เดช (อำนาจ, อานุภาพ) = ธงแห่งอำนาจ, ผู้นำผู้มีอานุภาพ"
ธัชธร,ผู้ค้ำจุนและผู้เป็นธงแห่งเกียรติ
ธัชธรรม,ผู้ตั้งมั่นในธรรม ผู้ค้ำจุน และผู้เป็นธงแห่งเกียรติ
ธัชธรรม์,"ธัช (ธง, ผู้นำ) + ธรรม์ (ธรรม, ความดี) = ธงแห่งธรรมะ, ผู้นำแห่งความดีงาม"
ธัชพล,"ธัช (ธง, ผู้นำ) + พล (กำลัง, กองทัพ) = ธงแห่งกำลัง, ผู้นำผู้มีพลังอันยิ่งใหญ่"
ธัชภัทรา,"ธัช (ธง, ผู้นำ) + ภัทรา (ดีงาม, เจริญ - สำหรับหญิง) = สตรีผู้เป็นธงแห่งความดีงาม, ผู้นำหญิงผู้เจริญ"
ธัชภา,"ธัช (ธง, ผู้นำ) + ภา (แสงสว่าง, ความรุ่งเรือง) = ธงแห่งแสงสว่าง, ผู้นำแห่งความรุ่งเรือง"
ธัชภาณุ,"ธัช (ธง, เครื่องหมาย, ยอด) + ภาณุ (พระอาทิตย์, แสงสว่าง) = ผู้เป็นยอดแห่งแสงสว่าง, ผู้รุ่งโรจน์ดุจพระอาทิตย์"
ธัชมณี,"ธัช (ธง, เครื่องหมาย, ยอด) + มณี (แก้ว, เพชรพลอย) = ผู้เป็นยอดแห่งแก้วมณี, ผู้มีค่าสูงส่ง"
ธัชเมธา,"ธัช (ธง, เครื่องหมาย, ยอด) + เมธา (ปัญญา, ความรู้) = ผู้เป็นยอดแห่งปัญญา, ผู้มีปัญญาเลิศ"
ธัชรพ,"ธัช (ธง, เครื่องหมาย, ยอด) + รพ (เสียง, ก้อง) = ผู้มีเกียรติยศก้องกังวาน, ผู้เป็นยอดแห่งเสียง"
ธัชรัตน์,"ธัช (ธง, เครื่องหมาย, ยอด) + รัตน์ (แก้ว, เพชรพลอย, ของมีค่า) = ผู้เป็นยอดแห่งรัตนะ, ผู้มีค่าประดุจแก้ว"
ธัชรัตนา,"ธัช (ธง, เครื่องหมาย, ยอด) + รัตนา (แก้ว, เพชรพลอย, ของมีค่า) = สตรีผู้เป็นยอดแห่งรัตนะ, สตรีผู้มีค่าประดุจแก้ว"
ธัชรา,"ธัช (ธง, เครื่องหมาย, ยอด) + รา (ทอง, ทรัพย์สมบัติ) = ผู้เป็นยอดแห่งทองคำ, ผู้มั่งคั่งและสูงส่ง"
ธัชรินี,"ธัช (ธง, เครื่องหมาย, ยอด) + รินี (สตรี) = สตรีผู้เป็นยอด, สตรีผู้เป็นธงชัย"
ธัชเรศ,"ธัช (ธง, เครื่องหมาย, ยอด) + เรศ (ผู้เป็นใหญ่, พระเจ้าแผ่นดิน) = ผู้เป็นยอดแห่งผู้เป็นใหญ่, ผู้มีอำนาจยิ่งใหญ่"
ธัชลักษณา,"ธัช (ธง, เครื่องหมาย, ยอด) + ลักษณา (ลักษณะ, เครื่องหมาย, ความดีงาม) = ผู้มีลักษณะอันเป็นยอด, ผู้มีคุณงามความดีเด่น"
ธัชลินา,"ธัช (ธง, เครื่องหมาย, ยอด) + ลินา (ผู้น่ารัก, หญิงงาม) = สตรีผู้เป็นยอดแห่งความน่ารัก, สตรีผู้งดงามเลิศ"
ธัชวร,"ธัช (ธง, เครื่องหมาย, ยอด) + วร (ประเสริฐ, เลิศ, ดีเยี่ยม) = ผู้เป็นยอดแห่งความประเสริฐ, ผู้ดีเลิศ"
ธัชวรา,"ธัช (ธง, เครื่องหมาย, ยอด) + วรา (ประเสริฐ, เลิศ, ดีเยี่ยม) = สตรีผู้เป็นยอดแห่งความประเสริฐ, สตรีผู้ดีเลิศ"
ธัชวัฒ,"ธัช (ธง, เครื่องหมาย, ยอด) + วัฒ (ความเจริญ, ความงอกงาม) = ผู้เป็นยอดแห่งความเจริญ, ผู้มีความเจริญรุ่งเรือง"
ธัชวินา,"ธัช (ธง, เครื่องหมาย, ยอด) + วินา (พิณ) = ผู้เป็นยอดแห่งพิณ, ผู้มีเสน่ห์ไพเราะดุจพิณ"
ธัชวุฒิ,"ธัช (ธง, เครื่องหมาย, ยอด) + วุฒิ (ความเจริญ, ความงอกงาม, ความสำเร็จ) = ผู้เป็นยอดแห่งความเจริญ, ผู้มีความสำเร็จเป็นเลิศ"
ธัญ,
ธัญกมล,ผู้มีสิริมงคลและอุดมสมบูรณ์และผู้มีใจงดงาม
ธัญกร,ผู้มีสิริมงคลและอุดมสมบูรณ์และผู้สร้างสรรค์
ธัญจิรา,ผู้มีสิริมงคลและอุดมสมบูรณ์และผู้ยั่งยืนยาวนาน
ธัญชญา,"ธัญ (ดี, รุ่งเรือง, เป็นสิริมงคล) + ชญา (ความรู้, ปัญญา) = ผู้มีปัญญาและความรู้ดีอันเป็นสิริมงคล"
ธัญญชล,ผู้มีสิริมงคลและอุดมสมบูรณ์และผู้เย็นใสดุจสายน้ำ
ธัญญธร,ผู้ค้ำจุนและผู้มีสิริมงคลและอุดมสมบูรณ์
ธัญญ์นรี,ผู้มีสิริมงคลและอุดมสมบูรณ์ ผู้เป็นมนุษย์ผู้มีคุณค่า และหญิงผู้สง่างาม
ธัญญ์นลิน,
ธัญญ์นิธิ,ผู้มีสิริมงคลและอุดมสมบูรณ์และผู้เป็นขุมทรัพย์
ธัญญ์ภูริ,"ธัญญ์ (ดี, รุ่งเรือง, เป็นสิริมงคล) + ภูริ (ปัญญา, แผ่นดิน) = ผู้มีปัญญาอันกว้างขวางและเจริญรุ่งเรือง"
ธัญญ์รภัสร์,ผู้มีสิริมงคลและอุดมสมบูรณ์ ผู้เปล่งแสงสว่าง และผู้มีรัศมีสว่าง
ธัญญลักษณ์,ผู้มีสิริมงคลและอุดมสมบูรณ์และผู้มีลักษณะงดงาม
ธัญญ์ลิน,
ธัญญ์วาริณทธ์,
ธัญญ์วารินท์,
ธัญญ์วารินทธ์,
ธัญญา,"ธัญญา (ดี, รุ่งเรือง, มีโชค, เป็นสิริมงคล) = ผู้เป็นสิริมงคล, ผู้เจริญรุ่งเรือง"
ธัญญานภัส,"ธัญญา (บาลี: ธญฺญา, สันสกฤต: ธานฺยา หมายถึง โชค, ความอุดมสมบูรณ์, ความมั่งคั่ง) + นภัส (บาลี-สันสกฤต: นภสฺ หมายถึง ท้องฟ้า, สวรรค์) = ผู้มีโชคและอุดมสมบูรณ์ดุจท้องฟ้า"
ธัญญานันท์,"ธัญญา (ความเจริญ, ความโชคดี) + อนันท์ (ไม่มีที่สิ้นสุด) = ผู้มีความเจริญและความโชคดีที่ไม่มีที่สิ้นสุด"
ธัญญาริน,
ธัญญาลักษณ์,"ธัญญา (ความเจริญ, ความโชคดี) + ลักษณ์ (ลักษณะ, เครื่องหมาย, โชค) = ผู้มีลักษณะแห่งความเจริญและโชคดี"
ธัญญาวรัญญา,"ธัญญา (ความเจริญ, ความโชคดี) + วร (ประเสริฐ) + ญา (ความรู้, ปัญญา) = ผู้มีความเจริญด้วยปัญญาอันประเสริฐ"
ธัญธร,ผู้ค้ำจุนและผู้มีสิริมงคลและอุดมสมบูรณ์
ธัญธรณ์,ผู้ค้ำจุน ผู้ค้ำจุนไว้ และผู้มีสิริมงคลและอุดมสมบูรณ์
ธัญนภัทร์,ผู้มีสิริมงคลและอุดมสมบูรณ์ ผู้สูงส่งและดีงาม และผู้สูงส่งดั่งฟ้า
ธัญนภัส,"ธัญ (โชคดี, มีโชค, เป็นมงคล, ข้าวเปลือก) + นภัส (ท้องฟ้า, อากาศ) = ผู้มีโชคดุจท้องฟ้าอันกว้างใหญ่, ผู้มีโชคอันเป็นมงคล"
ธัญนันทณ์,ผู้มีสิริมงคลและความสุขยินดี
ธัญนันทน์,ผู้มีสิริมงคลและอุดมสมบูรณ์และผู้มีความสุขยินดี
ธัญบูรณ์,ผู้มีสิริมงคลและอุดมสมบูรณ์และผู้บริบูรณ์
ธัญภัคณันท์,ผู้มีสิริมงคลและอุดมสมบูรณ์และผู้มีโชค
ธัญภัทรา,"ธัญ (โชคดี, เป็นมงคล) + ภัทรา (ดีงาม, ประเสริฐ) = ผู้มีความมงคลอันประเสริฐ, ผู้มีโชคดีและดีงาม"
ธัญมน,ผู้มีสิริมงคลและอุดมสมบูรณ์
ธัญมล,ผู้มีสิริมงคลและอุดมสมบูรณ์
ธัญลักษณ์,"ธัญ (ความเจริญ, ความโชคดี) + ลักษณ์ (ลักษณะ, เครื่องหมาย, โชค) = ผู้มีลักษณะแห่งความเจริญและโชคดี"
ธัญลักษมณ์,ผู้มีสิริมงคลและอุดมสมบูรณ์และผู้มีลักษณะดีงาม
ธัญวณัฐ,ผู้มีสิริมงคลและอุดมสมบูรณ์ นักปราชญ์ผู้มีปัญญา และผู้มีวรรณะและปัญญา
ธัญวณัฐ,ผู้มีสิริมงคลและอุดมสมบูรณ์ นักปราชญ์ผู้มีปัญญา และผู้มีวรรณะและปัญญา
ธัญวรรณา,"ธัญ (ความเจริญ, ความโชคดี) + วรรณา (ผิวพรรณ, ความงาม) = ผู้มีความเจริญและมีผิวพรรณงดงาม"
ธัญวรศิริ,ผู้มีสิริมงคลและอุดมสมบูรณ์ ผู้มีสิริมงคล และผู้มีสิริมงคลอันประเสริฐ
ธัญวรัญญา,"ธัญ (โชคดี, มั่งมี) + วรัญญา (ความรู้ที่ประเสริฐ) = ผู้มีความรู้ที่ประเสริฐและมีโชคดีมั่งมี"
ธัญวริน,"ธัญ (ความเจริญ, ความโชคดี) + วริน (ผู้ประเสริฐยิ่ง) = ผู้มีความเจริญอันประเสริฐยิ่ง"
ธัญวรินทร์,ผู้มีสิริมงคลและอุดมสมบูรณ์ ผู้เป็นใหญ่และประเสริฐ และผู้ประเสริฐดุจสายน้ำ
ธัญวิช,ผู้มีสิริมงคลและอุดมสมบูรณ์
ธัญวิน,"ธัญ (ความเจริญ, ความโชคดี) + วิน (ผู้ได้รับ, ผู้มี) = ผู้ได้รับความเจริญและความโชคดี"
ธัญวิสิษฏ์,ผู้มีสิริมงคลและอุดมสมบูรณ์และผู้ยอดเยี่ยมพิเศษ
ธัญศรา,ผู้มีสิริมงคลและอุดมสมบูรณ์และผู้เป็นดั่งศรแห่งความมุ่งมั่น
ธัญศิรา,"ธัญ (ความเจริญ, ความโชคดี) + ศิรา (ยอด, เลิศ) = ผู้เป็นยอดแห่งความเจริญ"
ธัญสิทธิ์,ผู้มีสิริมงคลและอุดมสมบูรณ์และผู้มีความสำเร็จและสิทธิอันชอบ
ธัญสิริ,ผู้มีสิริมงคลและอุดมสมบูรณ์และผู้มีสิริมงคล
ธัญอนันต์,"ธัญ (ความเจริญ, ความโชคดี) + อนันต์ (ไม่มีที่สิ้นสุด) = ผู้มีความเจริญและความโชคดีที่ไม่มีที่สิ้นสุด"
ธัญอริน,"ธัญ (ความเจริญ, ความโชคดี) + อริน (ผู้มีความงามอันยิ่งใหญ่) = ผู้มีความเจริญและความงามอันยิ่งใหญ่"
ธัญอินทร์,ผู้มีสิริมงคลและอุดมสมบูรณ์และผู้เป็นใหญ่
ธันต์นลิน,ผู้มั่นคงงดงามดุจดอกบัว
ธันต์นลินต์,ผู้มั่นคงงดงามดุจดอกบัว
ธานันท์,ผู้เปี่ยมสุขในถิ่นฐาน ผู้มีถิ่นฐานมั่นคง และผู้มีความสุขยินดี
ธานินทร์,ผู้เป็นใหญ่ในถิ่นฐานและผู้มีถิ่นฐานมั่นคง
ธาม,รัศมีหรือความงามอันสว่างไสว
ธามธร,ผู้มีธรรมะ การค้ำจุน และรัศมีงาม
ธามน,ผู้มีรัศมีงดงามในใจ
ธามิศ,ผู้เป็นใหญ่แห่งความสว่างงาม
ธาร,ผู้เป็นสายน้ำแห่งความชุ่มเย็น
ธารกร,ผู้เป็นสายน้ำแห่งความชุ่มเย็นและผู้สร้างสรรค์
ธารณ์,ผู้ค้ำจุนหรือรองรับไว้
ธารณา,ผู้เป็นสายน้ำแห่งความชุ่มเย็น
ธารธร,ธาร (สายน้ำ) + ธร (ผู้ทรงไว้) = ผู้ทรงไว้ซึ่งสายน้ำ (ผู้ที่นำความสดชื่นร่มเย็นมาให้)
ธารวัท,"ธาร (สายน้ำ) + วัท (การพูด, การกล่าว) = ผู้มีถ้อยคำอันไพเราะดุจสายน้ำ"
ธารัช,ธาร (สายน้ำ) + ช (เกิดจาก) = ผู้เกิดจากสายน้ำ (ผู้บริสุทธิ์สดชื่น)
ธารา,"ธารา (สายน้ำ, ลำธาร) = สายน้ำที่ไหลริน (สื่อถึงความสดชื่น, การหลั่งไหลของสิ่งดีงาม)"
ธาราธิน,"ธารา (สายน้ำ) + ธิน (ปัญญา, ความมั่นคง) = ผู้มีสายน้ำแห่งปัญญา (ความรู้อันไหลริน)"
ธารารัตน์,"ธารา (สายน้ำ) + รัตน์ (แก้ว, ของมีค่า, อัญมณี) = สายน้ำอันมีค่าดุจอัญมณี"
ธาราริน,"ธารา (สายน้ำ) + ริน (ค่อยๆ ไหลออก, ไหลกระฉูด) = สายน้ำที่ไหลริน (สื่อถึงความต่อเนื่อง, ความอ่อนโยน)"
ธาราวร,"ธารา (สายน้ำ) + วร (ดี, ประเสริฐ, เลิศ) = สายน้ำอันประเสริฐ"
ธาราวรรณ,"ธารา (สายน้ำ) + วรรณ (ผิวพรรณ, ความงาม) = ผู้มีผิวพรรณงดงามดุจสายน้ำ (บริสุทธิ์สดใส)"
ธาราวรรษ,ผู้ใสดุจสายน้ำ ผู้เป็นสายน้ำแห่งความชุ่มเย็น และผู้ประเสริฐ
ธาราวรศิริ,"ธารา (สายน้ำ) + วร (ประเสริฐ, เลิศ) + ศิริ (ความงาม, มิ่งขวัญ) = สายน้ำอันประเสริฐที่นำมาซึ่งความงามและเป็นมิ่งขวัญ"
ธาราวิน,"ธารา (สายน้ำ) + วิน (ความสำเร็จ, ชัยชนะ, ปัญญา) = สายน้ำแห่งความสำเร็จและปัญญา / ผู้มีปัญญาดุจสายน้ำ"
ธาราอริน,"ธารา (สายน้ำ) + อร (งาม) + อิน (ผู้เป็นใหญ่, พระอินทร์) = สายน้ำที่งดงามของผู้เป็นใหญ่"
ธาราอิน,"ธารา (สายน้ำ) + อิน (ผู้เป็นใหญ่, พระอินทร์) = สายน้ำของผู้เป็นใหญ่ / สายน้ำของพระอินทร์"
ธาริก,ผู้เป็นสายน้ำแห่งความชุ่มเย็นและผู้เป็นดุจดาวน้อยหรือผู้ค้ำจุน
ธาริณ,"ธาร (ทรงไว้, ค้ำจุน) + อิณ (ผู้มี, ผู้ทรง) = ผู้ทรงไว้ซึ่งการค้ำจุน / ผู้ค้ำจุน"
ธาริณท์,"ธาร (ทรงไว้, ค้ำจุน) + อินทร์ (ผู้เป็นใหญ่, พระอินทร์) = ผู้ทรงไว้ซึ่งความเป็นใหญ่ / ผู้ค้ำจุนผู้เป็นใหญ่"
ธาริณา,ผู้เป็นสายน้ำแห่งความชุ่มเย็นและผู้ค้ำจุนและนำพา
ธาริน,"ธาร (ทรงไว้, ค้ำจุน) + อิน (ผู้มี, ผู้ทรง) = ผู้ทรงไว้ซึ่งการค้ำจุน / ผู้ค้ำจุน"
ธารินท์,"ธาร (ทรงไว้, ค้ำจุน) + อินทร์ (ผู้เป็นใหญ่, พระอินทร์) = ผู้ทรงไว้ซึ่งความเป็นใหญ่ / ผู้ค้ำจุนผู้เป็นใหญ่"
ธารินทร์,"ธาร (ทรงไว้, ค้ำจุน) + อินทร์ (ผู้เป็นใหญ่, พระอินทร์) = ผู้ทรงไว้ซึ่งความเป็นใหญ่ / ผู้ค้ำจุนผู้เป็นใหญ่"
ธารินวิน,"ธาริน (ผู้ทรงไว้ซึ่งการค้ำจุน) + วิน (ความสำเร็จ, ชัยชนะ) = ผู้ค้ำจุนความสำเร็จ / ผู้ค้ำจุนชัยชนะ"
ธารี,"ธารี (ผู้ทรงไว้, ผู้รับไว้, ผู้ค้ำจุน) = ผู้ทรงไว้ / ผู้ค้ำจุน"
ธารีธา,"ธารี (ผู้ทรงไว้, ผู้ค้ำจุน) + ธา (ผู้ให้, ผู้ทรงไว้, ผู้สร้างสรรค์) = ผู้ทรงไว้ซึ่งการค้ำจุนและผู้ให้ / ผู้สร้างสรรค์การค้ำจุน"
ธารีรา,"ธารี (ผู้ทรงไว้, ผู้ค้ำจุน) + รา (ทอง, รัศมี, ความรุ่งเรือง) = ผู้ทรงไว้ซึ่งความรุ่งเรือง / ผู้ค้ำจุนความรุ่งเรือง"
ธาวัท,"ธาว (บริสุทธิ์, สะอาด) + วัต (ผู้มี, ผู้ทรง) = ผู้มีความบริสุทธิ์ / ผู้สะอาด"
ธาวัน,ผู้เปี่ยมด้วยธรรมะ
ธาวาริน,"ธาวา (ความบริสุทธิ์, ความสะอาด) + ริน (ผู้เป็นใหญ่, ผู้ยิ่งใหญ่ – จากรากศัพท์ อินทร์/รินทร์) = ผู้บริสุทธิ์ผู้เป็นใหญ่"
ธาวิน,"ธาวิน (ผู้บริสุทธิ์, ผู้สะอาด, ผู้เป็นเลิศ, ผู้ชนะ) = ผู้บริสุทธิ์, ผู้สะอาด, ผู้เป็นเลิศ, ผู้ชนะ"
ธาวินท์,"ธาว (บริสุทธิ์, สะอาด) + อินทร์ (ผู้เป็นใหญ่, พระอินทร์) = ผู้บริสุทธิ์ผู้เป็นใหญ่ / ผู้สะอาดผู้เป็นใหญ่"
ธาวินธร,"ธาวิน (ผู้บริสุทธิ์, ผู้เป็นเลิศ, ผู้ชนะ) + ธร (ผู้ทรงไว้, ผู้ค้ำจุน) = ผู้ทรงไว้ซึ่งความบริสุทธิ์และความเป็นเลิศ / ผู้ค้ำจุนผู้เป็นเลิศ"
ธาวินธา,"ธาวิน (ผู้บริสุทธิ์, ผู้เป็นเลิศ, ผู้ชนะ) + ธา (ผู้ให้, ผู้ทรงไว้, ผู้สร้างสรรค์) = ผู้ทรงไว้ซึ่งความบริสุทธิ์และความเป็นเลิศ / ผู้สร้างสรรค์ความบริสุทธิ์และความเป็นเลิศ"
ธาวินธิน,"ธาวิน (ผู้บริสุทธิ์, ผู้ขยัน) + ธิน (ปัญญา, ความเพียร) = ผู้บริสุทธิ์และมีปัญญา, ผู้ขยันและมีความเพียร"
ธาวินภัทร,"ธาวิน (ผู้บริสุทธิ์, ผู้ขยัน) + ภัทร (เจริญ, ดีงาม) = ผู้บริสุทธิ์และเจริญ, ผู้ขยันและดีงาม"
ธาวินา,"ธาวิน (ผู้บริสุทธิ์, ผู้ขยัน) + -า (ปัจจัยเพศหญิง) = หญิงผู้บริสุทธิ์, หญิงผู้ขยัน"
ธำมรงค์,ผู้เปี่ยมด้วยธรรมะ
ธำมรงค์,ผู้เปี่ยมด้วยธรรมะ
ธำรง,ผู้ดำรงรักษาไว้
ธำรงค์,ผู้ดำรงรักษาไว้
ธิติ,"ธิติ (ปัญญา, ความเพียร) = ปัญญา, ความเพียร"
ธิติภัค,"ธิติ (ปัญญา, ความเพียร) + ภัค (โชคลาภ, ความเจริญ) = ผู้มีปัญญาและโชคลาภ, ผู้มีปัญญาอันเจริญ"
ธิติยา,"ธิติ (ปัญญา, ความเพียร) + -ยา (ปัจจัยเพศหญิง) = หญิงผู้มีปัญญา, หญิงผู้มีความเพียร"
ธินันดา,"ธิน (ปัญญา, ความเพียร) + นันดา (ความยินดี, ความสุข) = ผู้มีปัญญาและความยินดี, ผู้มีความเพียรและมีความสุข"
ธินันท์,ผู้มีธรรมะและความสุขยินดี
ธิบวดี,"ธิบ (ผู้เป็นใหญ่, หัวหน้า) + วดี (ผู้มี, ปัจจัยเพศหญิง) = หญิงผู้เป็นใหญ่, หญิงผู้เป็นหัวหน้า"
ธิพาภรณ์,"ธิพา (ผู้เป็นใหญ่, หัวหน้า) + ภรณ์ (เครื่องประดับ) = เครื่องประดับของผู้เป็นใหญ่"
ธิมล,ผู้มีธรรมะและความละมุน
ธิรินทร์ญา,ผู้มีปัญญาและความเป็นใหญ่มั่นคง
ธิวาลักษณ์,ผู้มีฐานะแห่งความดี ความละมุน และลักษณะงดงาม
ธิโวนา,ผู้มีธรรมะและความอ่อนโยนสง่างาม
ธิษณ์,ผู้เปี่ยมด้วยฐานะแห่งความดี
ธิษณา,ผู้มีฐานะแห่งความดีและความอ่อนโยนสง่างาม
ธีญา,"ธี (ปัญญา, ความคิด) + ญา (ความรู้, ปัญญา) = ผู้มีปัญญาและความรู้"
ธีธัช,ผู้เป็นธงแห่งเกียรติและผู้มีปัญญา
ธีธิน,ผู้มีธรรมะและปัญญามั่นคง
ธีมานันท์,"ธีมาน (ผู้มีปัญญา) + นันท์ (ความยินดี, ความสุข) = ผู้มีปัญญาและความสุข, ผู้มีปัญญาอันเป็นที่ยินดี"
ธีมารัตน์,"ธีมา (ผู้มีปัญญา) + รัตน์ (แก้ว, ของมีค่า) = แก้วอันมีปัญญา, ผู้มีปัญญาอันล้ำค่า"
ธีมาวิวัฒน์,"ธีมา (ผู้มีปัญญา) + วิวัฒน์ (ความเจริญ) = ผู้มีปัญญาอันเจริญ, ผู้มีปัญญาที่ก้าวหน้า"
ธีร์,"ธีร์ (ปราชญ์, ผู้มีปัญญา) = ปราชญ์, ผู้มีปัญญา"
ธีรกูล,"ธีร (ปราชญ์, ผู้มีปัญญา) + กูล (ตระกูล) = ตระกูลของปราชญ์, เชื้อสายของปราชญ์"
ธีรเจต,ปราชญ์ผู้กล้าหาญและผู้มีปัญญา
ธีรเจตต์,ปราชญ์ผู้กล้าหาญและผู้มีปัญญา
ธีร์ช,"ธีร์ (ปราชญ์, ผู้มีปัญญา) + ช (เกิด, เกิดจาก) = ผู้เกิดมาเป็นปราชญ์, ผู้เกิดมามีปัญญา"
ธีรญา,ปราชญ์ผู้กล้าหาญ ผู้มีปัญญา และผู้มีความรู้
ธีรณัฐ,"ธีร (ปราชญ์, ผู้มีปัญญา) + ณัฐ (นักปราชญ์) = ปราชญ์ผู้เป็นนักปราชญ์"
ธีรดล,ปราชญ์ผู้กล้าหาญ ผู้มีปัญญา และผู้บันดาลให้เกิดผล
ธีรดา,"ธีร (ปราชญ์, ผู้มีปัญญา) + ดา (ผู้มี, ความ) = ผู้มีปัญญา, ความเป็นปราชญ์"
ธีร์ธนดล,ผู้มีทรัพย์และคุณค่า ปราชญ์ผู้กล้าหาญ และผู้มีปัญญามั่นคง
ธีร์ธร,"ธีร์ (ปราชญ์, ผู้มีปัญญา) + ธร (ผู้ทรงไว้, ผู้ค้ำจุน) = ผู้ทรงไว้ซึ่งปัญญา, ผู้ค้ำจุนปัญญา"
ธีรธรรม,"ธีร (ผู้ฉลาด, นักปราชญ์) + ธรรม (คุณความดี, ความถูกต้อง, หลักปฏิบัติ) = ผู้ฉลาดในธรรม, ผู้ยึดมั่นในความดีงามด้วยปัญญา"
ธีร์ธวัช,ผู้เป็นธงชัยแห่งเกียรติ ปราชญ์ผู้กล้าหาญ และผู้มีปัญญามั่นคง
ธีรธิน,"ธีร (ผู้ฉลาด, นักปราชญ์) + ธิน (ปัญญา, ความคิด, ความรุ่งเรือง) = นักปราชญ์ผู้มีปัญญาอันเฉลียวฉลาด, ผู้มีความคิดอันลึกซึ้ง"
ธีร์นนท์,"ธีร์ (นักปราชญ์, ผู้ฉลาด) + นนท์ (ความยินดี, ความสุข) = นักปราชญ์ผู้มีความสุขและความยินดี"
ธีรนภ,"ธีร (ผู้ฉลาด, นักปราชญ์) + นภ (ท้องฟ้า) = นักปราชญ์ผู้มีความรู้กว้างขวางดุจท้องฟ้า, ผู้สูงส่งด้วยปัญญา"
ธีรนันท์,"ธีร (ผู้ฉลาด, นักปราชญ์) + นันท์ (ความยินดี, ความสุข) = นักปราชญ์ผู้มีความสุขและเป็นที่ยินดี"
ธีรนาฎ,ปราชญ์ผู้กล้าหาญและผู้มีปัญญา
ธีรบูรณ์,"ธีร (ผู้ฉลาด, นักปราชญ์) + บูรณ์ (เต็มเปี่ยม, สมบูรณ์) = นักปราชญ์ผู้มีปัญญาอันสมบูรณ์พร้อม"
ธีรพล,"ธีร (ผู้ฉลาด, นักปราชญ์) + พล (กำลัง, อำนาจ) = นักปราชญ์ผู้ทรงพลังด้วยปัญญา, ผู้มีกำลังและความสามารถ"
ธีรภณ,"ธีร (ผู้ฉลาด, นักปราชญ์) + ภณ (กล่าว, พูด) = นักปราชญ์ผู้มีวาทศิลป์, ผู้กล่าวถ้อยคำอย่างชาญฉลาด"
ธีรภวิน,"ธีร (ผู้ฉลาด, นักปราชญ์) + ภวิน (ความเจริญ, ผู้มีสิริ) = นักปราชญ์ผู้มีความเจริญรุ่งเรือง"
ธีรภัทร,"ธีร (ผู้ฉลาด, นักปราชญ์) + ภัทร (ดีงาม, เจริญ, มงคล) = นักปราชญ์ผู้ดีงามและเป็นมงคล, ผู้เจริญด้วยปัญญา"
ธีรภัทร์,"ธีร (ผู้ฉลาด, นักปราชญ์) + ภัทร์ (ดีงาม, เจริญ, มงคล) = นักปราชญ์ผู้ดีงามและเป็นมงคล, ผู้มีปัญญาอันเป็นสิริมงคล"
ธีรภา,"ธีร (ผู้ฉลาด, นักปราชญ์) + ภา (แสงสว่าง, ความรุ่งเรือง) = นักปราชญ์ผู้รุ่งเรืองด้วยปัญญา, ผู้มีแสงสว่างแห่งความรู้"
ธีรมนต์,ปราชญ์ผู้กล้าหาญและผู้มีปัญญา
ธีรรพ,"ธีร (ผู้ฉลาด, นักปราชญ์) + รพ (เสียง, ชื่อเสียง) = นักปราชญ์ผู้มีชื่อเสียงเลื่องลือ, ผู้มีปัญญาอันโด่งดัง"
ธีรรัตน์,"ธีร (ผู้ฉลาด, นักปราชญ์) + รัตน์ (แก้ว, ของมีค่า, ประเสริฐ) = นักปราชญ์ผู้เป็นดุจแก้วอันประเสริฐ, ผู้มีปัญญาอันล้ำค่า"
ธีรรัตนา,"ธีร (ผู้ฉลาด, นักปราชญ์) + รัตนา (แก้ว, ของมีค่า, ประเสริฐ) = นักปราชญ์ผู้เป็นดุจแก้วอันประเสริฐ, ผู้มีปัญญาอันล้ำค่า"
ธีรรินี,"ธีร (ผู้ฉลาด, นักปราชญ์) + รินี (ผู้รุ่งเรือง, ผู้มีคุณค่า) = นักปราชญ์ผู้รุ่งเรืองและมีคุณค่า, ผู้มีปัญญาอันงดงาม"
ธีรเรศ,"ธีร (ผู้ฉลาด, นักปราชญ์) + เรศ (เจ้า, ผู้เป็นใหญ่) = นักปราชญ์ผู้ยิ่งใหญ่, ผู้เป็นประมุขแห่งปัญญา"
ธีรโรจน์,ปราชญ์ผู้กล้าหาญ ผู้มีปัญญา และผู้รุ่งเรืองสว่างไสว
ธีรวร,"ธีร (ผู้ฉลาด, นักปราชญ์) + วร (ประเสริฐ, เลิศ) = นักปราชญ์ผู้ประเสริฐและดีเลิศ, ผู้มีปัญญาอันยอดเยี่ยม"
ธีรวรา,"ธีร (ผู้ฉลาด, นักปราชญ์) + วรา (ประเสริฐ, เลิศ) = นักปราชญ์ผู้ประเสริฐและดีเลิศ, ผู้มีปัญญาอันยอดเยี่ยม"
ธีร์วรา,"ธีร์ (ผู้ทรงปัญญา, ผู้ฉลาด) + วรา (ประเสริฐ, ยอดเยี่ยม, เลิศ (รูปสตรี)) = ผู้มีปัญญาอันประเสริฐและยอดเยี่ยม"
ธีรวรินทร์,ปราชญ์ผู้กล้าหาญ ผู้มีปัญญา และผู้เป็นใหญ่และประเสริฐ
ธีรวัชร,ปราชญ์ผู้กล้าหาญและผู้มีปัญญา
ธีรวัชร์,"ธีร (นักปราชญ์, ผู้ฉลาด) + วัชร์ (เพชร, สายฟ้า) = นักปราชญ์ผู้แข็งแกร่งดุจเพชร, ผู้ฉลาดหลักแหลมดุจเพชร"
ธีรวัฒน์,"ธีร (นักปราชญ์, ผู้ฉลาด) + วัฒน์ (ความเจริญ) = นักปราชญ์ผู้มีความเจริญรุ่งเรือง, ผู้ฉลาดและก้าวหน้า"
ธีรวิชญ์,"ธีร (นักปราชญ์, ผู้ฉลาด) + วิชญ์ (ผู้รู้, ปราชญ์) = นักปราชญ์ผู้เปี่ยมด้วยความรู้, ผู้ทรงปัญญาอันยิ่งใหญ่"
ธีรวิณ,"ธีร (นักปราชญ์, ผู้ฉลาด) + วิณ (ได้มา, สำเร็จ) = นักปราชญ์ผู้ได้มาซึ่งความรู้, ผู้ประสบความสำเร็จด้วยปัญญา"
ธีรวินท์,ปราชญ์ผู้กล้าหาญและผู้มีปัญญา
ธีรวุฒิ,"ธีร (นักปราชญ์, ผู้ฉลาด) + วุฒิ (ความเจริญ, ความรู้) = นักปราชญ์ผู้มีความเจริญและความรู้, ผู้มีปัญญาอันรุ่งเรือง"
ธีรศร,"ธีร (นักปราชญ์, ผู้ฉลาด) + ศร (ลูกศร, ความแหลมคม) = นักปราชญ์ผู้มีปัญญาเฉียบคมดุจลูกศร"
ธีรศักดิ์,"ธีร (นักปราชญ์, ผู้ฉลาด) + ศักดิ์ (อำนาจ, เกียรติ) = นักปราชญ์ผู้มีอำนาจและเกียรติ, ผู้มีปัญญาและศักดิ์ศรี"
ธีรศิลป์,"ธีร (นักปราชญ์, ผู้ฉลาด) + ศิลป์ (ศิลปะ, ฝีมือ) = นักปราชญ์ผู้มีศิลปะ, ผู้มีปัญญาและมีฝีมือ"
ธีรสิทธิ์,"ธีร (นักปราชญ์, ผู้ฉลาด) + สิทธิ์ (ความสำเร็จ, อำนาจ) = นักปราชญ์ผู้มีความสำเร็จ, ผู้มีปัญญาและอำนาจในการบรรลุผล"
ธีรสุชา,"ธีร (นักปราชญ์, ผู้ฉลาด) + สุชา (ผู้มีกำเนิดดี) = นักปราชญ์ผู้มีกำเนิดดี, ผู้มีปัญญาและชาติกำเนิดอันดีงาม"
ธีร์สุตา,"ธีร์ (นักปราชญ์, ผู้ฉลาด) + สุตา (ผู้มีความรู้จากการฟัง) = นักปราชญ์ผู้มีความรู้จากการฟัง, ผู้มีปัญญาที่ได้รับการสั่งสม"
ธีระ,ปราชญ์ผู้กล้าหาญและผู้มีปัญญา
ธีระวัฒชัย,"ธีระ (นักปราชญ์, ผู้ฉลาด) + วัฒน์ (ความเจริญ) + ชัย (ชัยชนะ) = นักปราชญ์ผู้มีความเจริญรุ่งเรืองและมีชัยชนะ"
ธีรักษ์,ปราชญ์ผู้กล้าหาญ ผู้มีปัญญา และผู้ปกป้องรักษา
ธีรัช,ปราชญ์ผู้กล้าหาญ ผู้มีปัญญา และผู้รุ่งเรืองด้วยอำนาจ
ธีรัชญ์,ปราชญ์ผู้กล้าหาญ ผู้มีปัญญา และผู้รุ่งเรืองด้วยอำนาจ
ธีรา,ปราชญ์ผู้กล้าหาญและผู้มีปัญญา
ธีราทิพย์,"ธีรา (นักปราชญ์, ผู้ฉลาด) + ทิพย์ (ดีเลิศ, วิเศษ) = นักปราชญ์ผู้เลอเลิศ, ผู้มีปัญญาอันเป็นทิพย์"
ธีรานันท์,"ธีรา (นักปราชญ์, ผู้ฉลาด) + นันท์ (ความสุข, ความยินดี) = นักปราชญ์ผู้มีความสุขและความยินดี, ผู้มีปัญญาและมีความรื่นเริง"
ธีรานุช,"ธีรา (นักปราชญ์, ผู้ฉลาด) + นุช (หญิงสาว, นางงาม) = นักปราชญ์หญิง, หญิงสาวผู้ฉลาดและงดงาม"
ธีราพงศ์,"ธีรา (นักปราชญ์, ผู้ฉลาด) + พงศ์ (เชื้อสาย, ตระกูล) = ผู้มีเชื้อสายแห่งนักปราชญ์, ผู้มีปัญญาอันเป็นวงศ์ตระกูล"
ธีราพัทธ์,"ธีรา (นักปราชญ์, ผู้ฉลาด) + พัทธ์ (ผูกพัน, เกี่ยวข้อง) = ผู้ผูกพันกับความรู้, ผู้เกี่ยวข้องกับปัญญา"
ธีริทธ์,ปราชญ์ผู้กล้าหาญและผู้มีปัญญา
ธีริน,"ธีริน (ผู้มีปัญญา, ผู้ฉลาด) = ผู้เป็นใหญ่ด้วยปัญญา, ผู้ประกอบด้วยความฉลาด"
ธีริศร์,ปราชญ์ผู้กล้าหาญและผู้มีปัญญา
ธีริศรา,ปราชญ์ผู้กล้าหาญ ผู้มีปัญญา และผู้เป็นดั่งศรแห่งความมุ่งมั่น
ธุระจริง,ผู้เปี่ยมด้วยการดำเนินชีวิต
ธุวธรรม,ผู้ตั้งมั่นในธรรม ผู้ค้ำจุน และผู้มั่นคงถาวร
ธุวนนท์,ผู้มั่นคงถาวรและผู้มีความสุขยินดี
ธุวนิช,ผู้มั่นคงถาวรและผู้มีคุณเฉพาะตน
ธุวนิษฐ์,ผู้มั่นคงถาวรและผู้มั่นคงในความดี
ธุวรัญ,ผู้มั่นคงถาวรและผู้ประเสริฐ
ธุววิช,ผู้มั่นคงถาวร
ธุวานนท์,ผู้มั่นคงถาวรและผู้มีความสุขยินดี
ธุวานัณท์,ผู้มั่นคงถาวร
ธุวานันท์,"ธุวา (มั่นคง, ถาวร) + นันท์ (ความสุข, ความยินดี) = ผู้มีความสุขและความยินดีอันมั่นคง, ผู้มีความสุขถาวร"
เธคญา,ผู้มีความรู้และความอ่อนโยนสง่างาม
นกจอมทอง,
นคมน,"นค (บาลี-สันสกฤต: ภูเขา, ต้นไม้ สื่อถึงความมั่นคง สูงส่ง) + มน (บาลี-สันสกฤต: ใจ, จิตใจ) (คำสมาส) = ผู้มีจิตใจมั่นคงดุจภูเขา, ผู้มีจิตใจสูงส่ง"
นครวินท์,ผู้มีชัยชนะและความสุขยินดี
นครินทร์,"นคร (บาลี-สันสกฤต: เมือง) + อินทร์ (บาลี-สันสกฤต: ผู้เป็นใหญ่, พระเจ้าแผ่นดิน) (คำสนธิ) = ผู้เป็นใหญ่ในเมือง, ผู้ปกครองเมือง"
นฏกร,"นฏ (บาลี-สันสกฤต: นักฟ้อนรำ, นักแสดง) + กร (บาลี-สันสกฤต: ผู้ทำ, ผู้สร้าง) (คำสมาส) = ผู้สร้างการฟ้อนรำ, นักแสดง"
นทจร,ผู้มีการดำเนินชีวิตและความมั่นคงสูงส่ง
นทณัฐ,ผู้มีปัญญานักปราชญ์และปัญญา
นธกร,"นธ (บาลี-สันสกฤต: ที่พึ่ง, ผู้เป็นที่พึ่ง) + กร (บาลี-สันสกฤต: ผู้ทำ, ผู้สร้าง) (คำสมาส) = ผู้สร้างที่พึ่ง, ผู้เป็นที่พึ่งพิง"
นธิน,ผู้เปี่ยมด้วยธรรมะ
นนท์,ผู้มีความสุขยินดี
นนท์นภัสร์,ผู้มีความสุขยินดี ผู้สว่างไสวดั่งฟ้า และผู้สูงส่งดั่งฟ้า
นนทนันท์,ผู้เปี่ยมด้วยความสุขยินดี
นนท์ปวิฎษ์,ผู้มีการคุ้มครองและความสุขยินดี
นนท์ปวิธ,"นนท์ (บาลี-สันสกฤต: ความยินดี, ความสุข) + ปวิธ (สันสกฤต: สร้าง, ทำ, ก่อให้เกิด) (คำสมาส) = ผู้สร้างความยินดี, ผู้ก่อให้เกิดความสุข"
นนท์รวิศ,ผู้มีความสุขยินดี
นนทรี,ผู้เปี่ยมด้วยความมั่นคง
นนทวร,ผู้มีความสุขยินดีและผู้ประเสริฐ
นนทวรรษ,"นนท (บาลี-สันสกฤต: ความยินดี, ความสุข) + วรรษ (บาลี-สันสกฤต: ฝน, การโปรยปราย) (คำสมาส) = ฝนแห่งความยินดี, การโปรยปรายความสุข"
นนทวัช,ผู้เปี่ยมด้วยความนุ่มนวล
นนทวัชร์,ผู้มีความสุขยินดีและผู้แข็งแกร่งดุจเพชร
นนทัช,ผู้เปี่ยมด้วยการสัมผัสความสำเร็จ
นนทิกร,ผู้มีความสุขยินดีและผู้สร้างสรรค์
นนทิญา,ผู้มีความสุขยินดีและผู้มีความรู้
นนทิภร,ผู้มีความสุขยินดีและผู้ค้ำจุน
นนทิภัค,ผู้มีความสุขยินดีและผู้มีโชค
นนทิวรรธน์,ผู้มีทรัพย์และคุณค่า ผู้มีความสุขยินดี และผู้ประเสริฐ
นนทิเวท,ผู้มีความสุขยินดีและผู้มีความรู้
นนธวัช,ผู้เปี่ยมด้วยธรรมะ
นนน,ผู้เปี่ยมด้วยความนุ่มนวล
นนวริล,ผู้มีความละมุนและความประเสริฐ
นภจร,ผู้สูงส่งดั่งฟ้า
นภธร,ผู้ค้ำจุนและผู้สูงส่งดั่งฟ้า
นภธาร,ผู้เป็นสายน้ำแห่งความชุ่มเย็นและผู้สูงส่งดั่งฟ้า
นภนต์,ผู้สูงส่งดั่งฟ้า
นภมินทร์,ผู้สูงส่งดั่งฟ้า
นภวินท์,"นภ (บาลี-สันสกฤต: ท้องฟ้า, อากาศ) + วินท์ (สันสกฤต: ผู้ได้, ผู้สำเร็จ, ได้รับ) (คำสมาส) = ผู้ได้รับท้องฟ้า, ผู้เป็นใหญ่ในท้องฟ้า (ความหมายเชิงกวี)"
นภษร,ผู้สูงส่งและงดงามดั่งฟ้า
นภัค,ผู้สูงส่งดั่งฟ้าและผู้มีโชค
นภัครินทร์,ผู้สูงส่งดั่งฟ้า ผู้มีโชค และผู้เป็นใหญ่
นภัทร,ผู้สูงส่งและดีงาม ผู้สูงส่งดั่งฟ้า และผู้ดีงามเป็นมงคล
นภัศญา,ผู้สูงส่งดั่งฟ้าและผู้มีความรู้
นภัส,"นภ (ท้องฟ้า, สวรรค์) + -ัส (ผู้มี, เกี่ยวกับ) = ผู้สูงส่งดุจท้องฟ้า, ผู้มีรัศมีแห่งสวรรค์"
นภัสญาลักษณ์,"นภัส (บาลี-สันสกฤต: ท้องฟ้า) + ญา (บาลี: ความรู้, ปัญญา) + ลักษณ์ (บาลี-สันสกฤต: ลักษณะ, เครื่องหมาย) (คำสมาส) = ผู้มีลักษณะแห่งปัญญาอันกว้างไกลดุจท้องฟ้า"
นภัสญาวรัญญา,"นภัส (บาลี-สันสกฤต: ท้องฟ้า) + ญา (บาลี: ความรู้, ปัญญา) + วร (บาลี-สันสกฤต: ประเสริฐ) + อัญญา (บาลี: ความรู้ยิ่ง, ปัญญา) (คำสมาส) = ผู้มีปัญญาอันประเสริฐและกว้างไกลดุจท้องฟ้า"
นภัสธนันท์,ผู้มีทรัพย์และคุณค่า ผู้มีความสุขยินดี และผู้สว่างไสวดั่งฟ้า
นภัสรานันท์,ผู้มีความสุขยินดี ผู้สว่างไสวดั่งฟ้า และผู้สูงส่งดั่งฟ้า
นภัสริน,"นภัส (บาลี-สันสกฤต: ท้องฟ้า) + ริน (สันสกฤต: ผู้เป็นใหญ่, มาจาก อินทร์) (คำสมาส) = ผู้เป็นใหญ่ในท้องฟ้า, ผู้สูงส่งดุจท้องฟ้า"
นภัสวรรณ,"นภัส (บาลี-สันสกฤต: ท้องฟ้า) + วรรณ (บาลี-สันสกฤต: สี, ผิวพรรณ, ความงาม) (คำสมาส) = ผู้มีผิวพรรณ/สีสันดุจท้องฟ้า, ความงามแห่งท้องฟ้า"
นภัสสร,"นภัส (บาลี-สันสกฤต: ท้องฟ้า) + สร (บาลี-สันสกฤต: บ่อ, สระ, แก่นสาร, สิ่งประเสริฐ) (คำสมาส) = บ่อ/สระแห่งท้องฟ้า, สิ่งประเสริฐจากท้องฟ้า"
นภาดา,"นภา (บาลี-สันสกฤต: ท้องฟ้า) + ดา (สันสกฤต: ผู้ให้) (คำสมาส) = ผู้ที่ฟ้าประทานมา, ผู้ที่ท้องฟ้าให้มา"
นภาพร,"นภา (บาลี-สันสกฤต: ท้องฟ้า) + พร (บาลี-สันสกฤต: พร, สิ่งประเสริฐ) (คำสมาส) = พรแห่งท้องฟ้า, ของขวัญอันประเสริฐจากท้องฟ้า"
นภาวรรณ,"นภา (บาลี-สันสกฤต: ท้องฟ้า) + วรรณ (บาลี-สันสกฤต: สี, ผิวพรรณ, ความงาม) (คำสมาส) = ผู้มีผิวพรรณ/สีสันดุจท้องฟ้า, ความงามแห่งท้องฟ้า"
นภิน,ผู้สูงส่งดั่งฟ้า
นภิน,ผู้สูงส่งดั่งฟ้า
นภิศ,ผู้เป็นใหญ่และสูงส่งดั่งฟ้า
นมิ,
นโมโชค,ผู้นอบน้อมและมีโชคดี
นรกมล,ผู้มีใจงามในหมู่คน
นรงค์,ผู้เป็นมนุษย์ผู้มีคุณค่า
นรณัษฐ์,ผู้เป็นมนุษย์ผู้เปี่ยมปัญญา
นรธิน,"นร (บาลี-สันสกฤต: คน, มนุษย์) + ธิน (สันสกฤต: มีความเพียร, ฉลาด, รอบรู้) (คำสมาส) = มนุษย์ผู้มีความเพียร, มนุษย์ผู้ฉลาด"
นรธิป,"นร (บาลี-สันสกฤต: คน, มนุษย์) + ธิป (บาลี-สันสกฤต: ผู้เป็นใหญ่, ผู้ปกครอง) (คำสมาส) = ผู้เป็นใหญ่ในหมู่คน, ผู้ปกครองมนุษย์"
นรธีร์,ปราชญ์ผู้กล้าหาญ ผู้มีปัญญามั่นคง และผู้มีปัญญา
นรภัทร,"นร (บาลี-สันสกฤต: คน, มนุษย์) + ภัทร (บาลี-สันสกฤต: เจริญ, ดีงาม, เป็นมงคล) (คำสมาส) = มนุษย์ผู้เจริญ, มนุษย์ผู้ดีงาม"
นรภัทร์,ผู้เป็นมนุษย์ผู้มีคุณค่าและผู้ดีงามเป็นมงคล
นรมน,"นร (บาลี-สันสกฤต: คน, มนุษย์) + มน (บาลี-สันสกฤต: ใจ, จิตใจ) (คำสมาส) = จิตใจของมนุษย์, ผู้มีจิตใจดีงาม"
นรวร,"นร (คน, มนุษย์ - บาลี/สันสกฤต) + วร (ประเสริฐ, เลิศ - บาลี/สันสกฤต) = คนผู้ประเสริฐ, ผู้ยอดเยี่ยมในหมู่ชน"
นรวรรธน์,ผู้มีทรัพย์และคุณค่า ผู้เป็นมนุษย์ผู้มีคุณค่า และผู้ประเสริฐ
นรวรา,ผู้เป็นมนุษย์ผู้มีคุณค่าและผู้ประเสริฐ
นรวิณ,ผู้มีชัยชนะในหมู่คน
นรวิณธร,"นร (คน, มนุษย์ - บาลี/สันสกฤต) + วินท (ผู้ได้มา, ผู้มี - บาลี/สันสกฤต) + ธร (ผู้ทรงไว้ - บาลี/สันสกฤต) = คนผู้ทรงไว้ซึ่งสิ่งที่ได้มา, ผู้มีสิ่งอันประเสริฐ (หรือความสำเร็จ)"
นรสรณ์,ผู้เป็นมนุษย์ผู้มีคุณค่าและผู้เป็นที่พึ่งและความระลึก
นรัน,ผู้เป็นมนุษย์ผู้มีคุณค่า
นราธร,ผู้ค้ำจุน ผู้สง่างามในหมู่คน และผู้เป็นมนุษย์ผู้มีคุณค่า
นราธิป,ผู้นำหรือผู้เป็นใหญ่ในหมู่คน ผู้สง่างามในหมู่คน และผู้เป็นมนุษย์ผู้มีคุณค่า
นราวร,ผู้สง่างามในหมู่คน ผู้เป็นมนุษย์ผู้มีคุณค่า และผู้ประเสริฐ
นราวรรณ,ผู้สง่างามในหมู่คน ผู้เป็นมนุษย์ผู้มีคุณค่า และผู้มีวรรณะงดงาม
นราวิช,ผู้สง่างามในหมู่คนและผู้เป็นมนุษย์ผู้มีคุณค่า
นราวิชญ์,"นรา (มนุษย์, ชน) + วิชญ์ (ความรู้, ปัญญา) = มนุษย์ผู้ทรงปัญญา / ผู้มีความรู้ในหมู่ชน"
นราวุธ,ผู้สง่างามในหมู่คน ผู้เป็นมนุษย์ผู้มีคุณค่า และผู้มีพลังป้องกัน
นราอร,ผู้สง่างามในหมู่คนและผู้เป็นมนุษย์ผู้มีคุณค่า
นริฎฐ์,ผู้ประเสริฐในหมู่คน
นริฏฐ์,ผู้ประเสริฐในหมู่คน
นริณธร,ผู้ค้ำจุนและผู้เป็นมนุษย์ผู้มีคุณค่า
นริน,"นร (คน, มนุษย์ - บาลี/สันสกฤต) + อินทร์ (ผู้เป็นใหญ่ - บาลี/สันสกฤต) (ย่อรูปจาก นรินทร์) = ผู้เป็นใหญ่ในหมู่คน, จอมคน"
นรินท์,"นร (คน, มนุษย์ - บาลี/สันสกฤต) + อินทร์ (ผู้เป็นใหญ่ - บาลี/สันสกฤต) (ย่อรูปจาก นรินทร์) = ผู้เป็นใหญ่ในหมู่คน, จอมคน"
นรินทร,ผู้เป็นใหญ่ในหมู่คนและผู้เป็นมนุษย์ผู้มีคุณค่า
นรินทร์,"นร (คน, มนุษย์ - บาลี/สันสกฤต) + อินทร์ (ผู้เป็นใหญ่ - บาลี/สันสกฤต) (สนธิ) = ผู้เป็นใหญ่ในหมู่คน, จอมคน"
นรินทร์ณัฏฐ,ผู้เป็นใหญ่ในหมู่คน ผู้เป็นมนุษย์ผู้มีคุณค่า และนักปราชญ์ผู้มีปัญญา
นรินทร์ณัฐ,ผู้เป็นใหญ่ในหมู่คน ผู้เป็นมนุษย์ผู้มีคุณค่า และนักปราชญ์ผู้มีปัญญา
นรินทร์ธัช,ผู้เป็นธงแห่งเกียรติ ผู้เป็นใหญ่ในหมู่คน และผู้เป็นมนุษย์ผู้มีคุณค่า
นรินทร์ภัค,ผู้เป็นใหญ่ในหมู่คน ผู้เป็นมนุษย์ผู้มีคุณค่า และผู้มีโชค
นรินทร์ภัทร์,ผู้เป็นใหญ่ในหมู่คน ผู้เป็นมนุษย์ผู้มีคุณค่า และผู้ดีงามเป็นมงคล
นรินทร์สิรี,ผู้เป็นใหญ่ในหมู่คน ผู้เป็นมนุษย์ผู้มีคุณค่า และผู้เป็นใหญ่
นรินทรา,"นร (คน, มนุษย์ - บาลี/สันสกฤต) + อินทรา (ผู้เป็นใหญ่, เจ้า - บาลี/สันสกฤต) (สนธิ) = ผู้เป็นใหญ่ในหมู่คน, จอมคน (เน้นความเป็นใหญ่ยิ่ง)"
นรินธร,"นร (คน, มนุษย์ - บาลี/สันสกฤต) + อินทร์ (ผู้เป็นใหญ่ - บาลี/สันสกฤต) + ธร (ผู้ทรงไว้ - บาลี/สันสกฤต) (สนธิและสมาส) = ผู้เป็นใหญ่ในหมู่คน, ผู้ทรงไว้ซึ่งความเป็นใหญ่ของปวงชน"
นรินภัทร,"นร (คน, มนุษย์ - บาลี/สันสกฤต) + อินทร์ (ผู้เป็นใหญ่ - บาลี/สันสกฤต) + ภัทร (ดี, งาม, เจริญ - บาลี/สันสกฤต) (สนธิและสมาส) = ผู้เป็นใหญ่ที่ดีงาม, จอมคนผู้เป็นสิริมงคล"
นริลญา,ผู้มีความรู้ ความละมุน และความอ่อนโยนสง่างาม
นริศ,ผู้เป็นมนุษย์ผู้มีคุณค่า
นริศร,"นร (คน, มนุษย์ - บาลี/สันสกฤต) + อิศร (ผู้เป็นใหญ่, ผู้เป็นเจ้า - บาลี/สันสกฤต) (สนธิ) = ผู้เป็นใหญ่ในหมู่คน, ผู้เป็นเจ้าเหนือคนทั้งปวง"
นริศร์ธร,ผู้ค้ำจุนและผู้เป็นมนุษย์ผู้มีคุณค่า
นริศรา,ผู้เป็นมนุษย์ผู้มีคุณค่าและผู้เป็นดั่งศรแห่งความมุ่งมั่น
นริษรา,ผู้เป็นมนุษย์ผู้มีคุณค่า
นริสรา,ผู้เป็นมนุษย์ผู้มีคุณค่า
นรี,ผู้เป็นมนุษย์ผู้มีคุณค่าและหญิงผู้สง่างาม
นโรดม,ผู้เปี่ยมด้วยความนุ่มนวล
นฤท,ผู้เปี่ยมด้วยความนุ่มนวล
นฤทัย,"นฤทัย (ใจ, จิตใจ - บาลี/สันสกฤต ตามพจนานุกรมราชบัณฑิตยสถาน) = ผู้มีจิตใจบริสุทธิ์และงดงาม, ใจอันประเสริฐ"
นฤธร,ผู้ค้ำจุนและผู้เป็นบุรุษผู้มั่นคง
นฤนนท์,ผู้มีความสุขยินดีและผู้เป็นบุรุษผู้มั่นคง
นฤบดินทร์,"นฤบดี (พระราชา, จอมคน - มาจาก นร+บดี บาลี/สันสกฤต) + อินทร์ (ผู้เป็นใหญ่ - บาลี/สันสกฤต) (สนธิและสมาส) = จอมราชา, ผู้เป็นใหญ่เหนือปวงชน"
นฤมล,"นฤ (ปราศจาก, ไม่มี - บาลี/สันสกฤต) + มล (มลทิน, ความสกปรก - บาลี/สันสกฤต) (สนธิ) = ผู้ปราศจากมลทิน, บริสุทธิ์ผุดผ่อง"
นฤวร,ผู้เป็นบุรุษผู้มั่นคงและผู้ประเสริฐ
นลชลกร,"นล (ดอกบัว - บาลี/สันสกฤต) + ชล (น้ำ - บาลี/สันสกฤต) + กร (ผู้สร้าง, ผู้กระทำ - บาลี/สันสกฤต) (สมาส) = ผู้สร้างดอกบัวในน้ำ, ผู้มีมือสร้างความงดงามดุจดอกบัวในน้ำ"
นลัท,ผู้เปี่ยมด้วยความละมุน
นลัทธ์,"นลัทธ์ (นลตฺถ: ส. ชะมดเช็ด, เครื่องหอมชนิดหนึ่ง) = เครื่องหอม, ผู้มีกลิ่นหอมชวนรื่นรมย์"
นลิน,ผู้บริสุทธิ์งดงามดุจดอกบัวและดอกบัวอันบริสุทธิ์
นลินกมล,ผู้บริสุทธิ์งดงามดุจดอกบัว ดอกบัวอันบริสุทธิ์ และผู้มีใจงดงาม
นลินญา,ผู้บริสุทธิ์งดงามดุจดอกบัว ดอกบัวอันบริสุทธิ์ และผู้มีความรู้
นลินทิรา,ผู้บริสุทธิ์งดงามดุจดอกบัวและดอกบัวอันบริสุทธิ์
นลินภัส,ผู้สว่างไสวดั่งฟ้า ผู้สูงส่งดั่งฟ้า และผู้บริสุทธิ์งดงามดุจดอกบัว
นลินลฎา,ผู้บริสุทธิ์งดงามดุจดอกบัวและดอกบัวอันบริสุทธิ์
นลิลอร,หญิงงามดุจดอกบัว
นลิศรา,ผู้มีความละมุน ความมุ่งมั่น และความอ่อนโยนสง่างาม
นวกร,ผู้ใหม่ สดใส และก้าวหน้าและผู้สร้างสรรค์
นวต,
นวธร,"นว (ใหม่ / เก้า - บาลี/สันสกฤต) + ธร (ผู้ทรงไว้ - บาลี/สันสกฤต) (สมาส) = ผู้ทรงไว้ซึ่งความใหม่ (ความทันสมัย, ความสดใหม่), ผู้ทรงไว้ซึ่งสิ่งอันเป็นมงคล (เลข ๙)"
นวน,ผู้เปี่ยมด้วยความนุ่มนวล
นวนจันทร์,ผู้มีแสงจันทร์และความมั่นคง
นวนิษฐ์,ผู้ใหม่ สดใส และก้าวหน้าและผู้มั่นคงในความดี
นวพร,"นว (ใหม่ / เก้า - บาลี/สันสกฤต) + พร (ความประเสริฐ, สิ่งที่ขอ - บาลี/สันสกฤต) (สมาส) = พรใหม่, พรอันประเสริฐ (อันเป็นมงคล), พรทั้งเก้าประการ"
นวภร,ผู้ใหม่ สดใส และก้าวหน้าและผู้ค้ำจุน
นวภัสร์,ผู้ใหม่ สดใส และก้าวหน้าและผู้เปล่งแสงสว่าง
นวมลล์,ผู้ใหม่และผ่องใส
นวมินทร์,ผู้เปี่ยมด้วยความมั่นคง
นวรัตน์,"นว (เก้า - บาลี/สันสกฤต) + รัตน์ (แก้ว, ของมีค่า - บาลี/สันสกฤต) (สมาส) = แก้วเก้าประการ (อันเป็นสิริมงคล), ผู้ทรงไว้ซึ่งสิ่งมีค่าทั้งเก้า"
นวลจันทร์,"นวล (งามผุดผ่อง, สีขาวผ่อง - ไทยแท้) + จันทร์ (ดวงจันทร์ - บาลี/สันสกฤต) (คำประสม) = ผู้มีผิวผ่องดุจดวงจันทร์, ผู้มีความงามผุดผ่องเหมือนแสงจันทร์"
นวลนารา,ผู้ผุดผ่องอ่อนละมุนและผู้ใหม่ สดใส และก้าวหน้า
นวลลออ,ผู้ผุดผ่องอ่อนละมุนและผู้ใหม่ สดใส และก้าวหน้า
นวลละออง,ผู้ผุดผ่องอ่อนละมุนและผู้ใหม่ สดใส และก้าวหน้า
นวลลักษณ์,ผู้ผุดผ่องอ่อนละมุน ผู้ใหม่ สดใส และก้าวหน้า และผู้มีลักษณะงดงาม
นวลวรรณ,ผู้ผุดผ่องอ่อนละมุน ผู้ใหม่ สดใส และก้าวหน้า และผู้มีวรรณะงดงาม
นวลอนันต์,ผู้ไม่มีที่สิ้นสุด ผู้ผุดผ่องอ่อนละมุน และผู้ใหม่ สดใส และก้าวหน้า
นวลอร,ผู้ผุดผ่องอ่อนละมุนและผู้ใหม่ สดใส และก้าวหน้า
นววินท์,"นว (ใหม่ / เก้า - บาลี/สันสกฤต) + วินท์ (ผู้ได้, ผู้มี, การได้ - บาลี/สันสกฤต) (สมาส) = ผู้ได้มาซึ่งสิ่งใหม่, ผู้มีความสำเร็จใหม่ๆ, ผู้ได้มาซึ่งสิ่งอันเป็นมงคล (เลข ๙)"
นวะ,"นวะ (ใหม่, เก้า - บาลี/สันสกฤต) = ความใหม่, สิ่งใหม่, จำนวนเก้า (อันเป็นมงคล)"
นวัช,ผู้ใหม่และแข็งแกร่งดุจเพชร
นวัชวรมน์,"นว (รากศัพท์บาลี-สันสกฤต นว = ใหม่, อ่อนเยาว์, บริสุทธิ์) + วร (รากศัพท์บาลี-สันสกฤต วร = ประเสริฐ, ดีเลิศ) + มน์ (จากรากศัพท์บาลี-สันสกฤต มนสฺ = ใจ, จิตใจ) = จิตใจที่บริสุทธิ์และประเสริฐ, ใจที่งดงามเสมอ"
นวัธ,ผู้ใหม่และมั่นคง
นวันธร,ผู้ค้ำจุนและผู้ใหม่ สดใส และก้าวหน้า
นวัส,ผู้สดใหม่และรุ่งเรือง
นวิท,ผู้เปี่ยมด้วยความรู้
นวิน,ผู้เปี่ยมด้วยชัยชนะ
นวินดา,"นวิน (รากศัพท์บาลี-สันสกฤต นวิน = ใหม่, สดชื่น, วัยรุ่น) + ดา (คำต่อท้ายเพื่อความสละสลวย หรือจากรากศัพท์ ทา = ผู้ให้) = ผู้มีความสดใสสดชื่นเสมอ, หญิงสาวผู้สดใหม่"
นวิษฐ์,"นวิษฐ์ (ใหม่ที่สุด, สดใสที่สุด, ผู้ริเริ่มสิ่งใหม่) = ผู้ริเริ่มสิ่งใหม่ๆ / ผู้ที่สดใสอยู่เสมอ"
นักรบ,"นัก (คำนำหน้าภาษาไทย = ผู้กระทำ, ผู้ชำนาญ) + รบ (คำกริยาภาษาไทย = การต่อสู้) = ผู้ที่ทำการรบ, ผู้ต่อสู้"
นัจกร,ผู้เกิดมาเพื่อสร้างสรรค์
นัชญภัค,ผู้เกิดมาเพื่อความดีและผู้มีโชค
นัชปัณม์,ผู้เปี่ยมด้วยฐานะแห่งความดี
นัฐกิจ,ผู้มีการงานและความฉลาดว่องไว
นัฐธิฌา,ผู้มีปัญญาลึกซึ้งและความอ่อนโยนสง่างาม
นัฐพงษ์,ผู้เปี่ยมด้วยวงศ์ตระกูล
นัฐมล,ผู้เปี่ยมด้วยความละมุน
นัทฏิมา,ผู้มีความรู้และสง่างาม
นัทธ์ชวัล,ผู้มีความว่องไว ความละมุน และความรู้
นัทธ์ธนัน,ผู้มีทรัพย์และคุณค่าและผู้เปี่ยมความรู้
นัทธมน,"นัทธ (รากศัพท์บาลี-สันสกฤต นัทธ = ผูกพัน, มั่นคง, ยึดมั่น) + มน (จากรากศัพท์บาลี-สันสกฤต มนสฺ = ใจ, จิตใจ) = จิตใจที่มั่นคง, ใจที่ผูกพันยึดมั่น"
นัทธวัชร์,ผู้เป็นธงชัยแห่งเกียรติ ผู้แข็งแกร่งดุจเพชร และผู้เปี่ยมความรู้
นัทธิ์,ผู้ผูกพันด้วยความรู้
นัธมล,ผู้ผูกพันกับใจอันงดงาม
นันต์ชวัล,ผู้มีความว่องไวและความละมุน
นันทญา,ผู้มีความสุขยินดีและผู้มีความรู้
นันท์ธร,ผู้ค้ำจุนและผู้มีความสุขยินดี
นันทนภัส,ผู้มีความสุขยินดี ผู้สว่างไสวดั่งฟ้า และผู้สูงส่งดั่งฟ้า
นันท์นภัส,"นันท์ (รากศัพท์บาลี-สันสกฤต นันทิ/นันท = ความสุข, ความยินดี, ความรื่นเริง) + นภัส (รากศัพท์บาลี-สันสกฤต นภสฺ = ท้องฟ้า) = ความสุขแห่งท้องฟ้า, ความรื่นเริงเบิกบานดุจท้องฟ้าอันกว้างใหญ่"
นันท์นภัสร์,ผู้มีความสุขยินดี ผู้สว่างไสวดั่งฟ้า และผู้สูงส่งดั่งฟ้า
นันท์นภิศ,ผู้มีความสุขยินดีและผู้สูงส่งดั่งฟ้า
นันท์นรินทร์,ผู้มีความสุขยินดี ผู้เป็นใหญ่ในหมู่คน และผู้เป็นมนุษย์ผู้มีคุณค่า
นันท์นรี,ผู้มีความสุขยินดี ผู้เป็นมนุษย์ผู้มีคุณค่า และหญิงผู้สง่างาม
นันท์นลิน,"นันท์ (รากศัพท์บาลี-สันสกฤต นันทิ/นันท = ความสุข, ความยินดี, ความรื่นเริง) + นลิน (รากศัพท์บาลี-สันสกฤต นลิน = ดอกบัว) = ดอกบัวแห่งความสุข, ความรื่นเริงดุจดอกบัว"
นันทนัช,ผู้มีความสุขยินดีและผู้เกิดมาเพื่อความดี
นันทนัท,ผู้มีความสุขยินดีและผู้เปี่ยมความรู้
นันทนา,"นันทน์ (ความยินดี, ความสุข) + -นา (การทำให้, ผู้ที่ทำให้) = ผู้ที่นำความยินดีมาให้, ความเพลิดเพลิน"
นันทพงศ์,"นันท (รากศัพท์บาลี-สันสกฤต นันทิ/นันท = ความสุข, ความยินดี) + พงศ์ (รากศัพท์บาลี-สันสกฤต วํส = เชื้อสาย, วงศ์ตระกูล) = วงศ์ตระกูลแห่งความสุข, ผู้สืบเชื้อสายแห่งความรื่นเริง"
นันท์มนัส,ผู้มีความสุขยินดีและผู้มีจิตใจ
นันทวงษ์,ผู้เปี่ยมด้วยวงศ์ตระกูล
นันทวัฒน์,"นันท (รากศัพท์บาลี-สันสกฤต นันทิ/นันท = ความสุข, ความยินดี) + วัฒน์ (รากศัพท์บาลี-สันสกฤต วฑฺฒน = ความเจริญ, ความงอกงาม) = ความสุขความเจริญ, ผู้มีความสุขและเจริญรุ่งเรือง"
นันทวิช,ผู้มีคุณสองประการและความรู้
นันทศักดิ์,"นันท (รากศัพท์บาลี-สันสกฤต นันทิ/นันท = ความสุข, ความยินดี) + ศักดิ์ (รากศัพท์บาลี-สันสกฤต ศกฺติ = อำนาจ, เกียรติยศ, ความสามารถ) = ผู้มีอำนาจและเกียรติแห่งความสุข, ศักดิ์ศรีที่เปี่ยมด้วยความยินดี"
นันทะ,ผู้เปี่ยมด้วยความนุ่มนวล
นันทิช,ผู้เปี่ยมด้วยความนุ่มนวล
นันทิชา,"นันทิ (รากศัพท์บาลี-สันสกฤต นันทิ = ความสุข, ความยินดี) + ชา (รากศัพท์บาลี-สันสกฤต ชา/ชนฺ = เกิด, ให้กำเนิด) = ผู้เกิดมาพร้อมความสุข, ผู้ให้กำเนิดความสุข"
นันทิญา,ผู้มีความสุขยินดีและผู้มีความรู้
นันทิน,"นันทิน (รากศัพท์บาลี-สันสกฤต นันทินฺ = ผู้มีความสุข, ผู้รื่นเริงยินดี) = ผู้มีความสุข, ผู้รื่นเริงยินดี"
นันทิภร,ผู้มีความสุขยินดีและผู้ค้ำจุน
นันทิมา,ผู้มีความนุ่มนวลและความอ่อนโยนสง่างาม
นันทิวร,ผู้มีความสุขยินดีและผู้ประเสริฐ
นันทิวรรธน์,ผู้มีทรัพย์และคุณค่า ผู้มีความสุขยินดี และผู้ประเสริฐ
นันทิวา,ผู้มีความนุ่มนวลและความอ่อนโยนสง่างาม
นันทิศ,"นันทิ (รากศัพท์บาลี-สันสกฤต นันทิ = ความสุข, ความยินดี) + อิศ (รากศัพท์บาลี-สันสกฤต อีศ = ผู้เป็นใหญ่, เจ้า, ผู้ปกครอง) = เจ้าแห่งความสุข, ผู้เป็นใหญ่ในความยินดี"
นันธกร,ผู้ผูกพันด้วยความสุขและผู้สร้างสรรค์
นันธกันต์,ผู้เปี่ยมด้วยการคุ้มครอง
นันธ์ชวัล,ผู้มีความว่องไวและความละมุน
นันธนิษฐ์,ผู้มั่งคั่ง ผู้มีทรัพย์และคุณค่า และผู้ผูกพันด้วยความสุข
นับเงิน,ผู้รู้จักนับและรักษาทรัพย์
นาคคง,พญานาค ผู้ยิ่งใหญ่และคุ้มครอง
นาคคำ,พญานาค ผู้ยิ่งใหญ่และคุ้มครอง
นาคเงิน,พญานาค ผู้ยิ่งใหญ่และคุ้มครอง
นาคดิลก,พญานาค ผู้ยิ่งใหญ่และคุ้มครอง
นาคนิรันดร์,พญานาค ผู้ยิ่งใหญ่และคุ้มครอง
นาคะธัช,ผู้เป็นธงแห่งเกียรติและพญานาค ผู้ยิ่งใหญ่และคุ้มครอง
นาคิณ,"นาคิณ (จากรากศัพท์สันสกฤต นาคินี หรือบาลี นาคินี = นาคตัวเมีย, พญานาคเพศหญิง) = พญานาคเพศหญิง, ผู้มีความสง่างามดุจพญานาค"
นาคิน,"นาคิน (จากรากศัพท์สันสกฤต นาคินฺ = ผู้เป็นนาค, ผู้มีนาค) = ผู้เป็นนาค, ผู้มีอำนาจสง่างามดุจพญานาค"
นาโค,พญานาค ผู้ยิ่งใหญ่และคุ้มครอง
นาโค,พญานาค ผู้ยิ่งใหญ่และคุ้มครอง
นาฏนารี,ผู้มีศิลปะงดงามและหญิงผู้สง่างาม
นาธาร,ผู้มีธรรมะและความมั่นคงสูงส่ง
นาธิน,ผู้เปี่ยมด้วยธรรมะ
นาธิป,ผู้มีธรรมะและความเป็นใหญ่
นานนท์,ผู้เปี่ยมด้วยความสุขยินดี
นามนคร,ผู้มีความมั่นคงดุจเมืองใหญ่และผู้มีชื่อเสียงดีงาม
นามิ,"นามิ (จากรากศัพท์บาลี-สันสกฤต นามี = มีชื่อเสียง, เป็นที่รู้จัก) = ผู้มีชื่อเสียง, ผู้เป็นที่รู้จัก"
นารอบคำ,ผู้เปี่ยมด้วยทองคำ
นารา,"นารา (จากรากศัพท์สันสกฤต นารี = หญิงงาม หรือมักตีความหมายในบริบทชื่อว่า แสงสว่าง, รัศมี) = หญิงงามผู้เปรียบดังแสงสว่าง, รัศมีอันสดใส"
นาราธร,ผู้มีธรรมะ การค้ำจุน และความมั่นคงสูงส่ง
นาราธา,"นารา (แสงสว่าง, รัศมี) + ธา (รากศัพท์บาลี-สันสกฤต ธา = ทรงไว้, ผู้ถือ, ผู้ให้) = ผู้ทรงไว้ซึ่งแสงสว่าง, ผู้มอบแสงสว่าง"
นาราวิน,"นารา (แสงสว่าง, รัศมี) + วิน (รากศัพท์บาลี-สันสกฤต วินฺ = ผู้มี, ผู้ครอง, ผู้ครอบครอง) = ผู้มีแสงสว่าง, ผู้มีรัศมี"
นาริฐา,ผู้มีความตั้งมั่นและความอ่อนโยนสง่างาม
นาริณ,ผู้เปี่ยมด้วยฐานะแห่งความดี
นาริณธิน,"นาริณ (จากรากศัพท์บาลี-สันสกฤต นารี = หญิง, หญิงงาม) + ธิน (จากรากศัพท์บาลี-สันสกฤต ธัญ = เป็นมงคล, มีความสุข, โชคดี) = หญิงงามผู้มีความสุขและเป็นมงคล, หญิงผู้มีสิริมงคล"
นาริน,ผู้เปี่ยมด้วยความอ่อนละมุนดุจสายน้ำ
นารินทร์,"นารี (หญิง, สตรี) + อินทร์ (ผู้เป็นใหญ่, ผู้เป็นยอด) = หญิงผู้เป็นใหญ่, หญิงผู้เป็นยอด"
นารินธา,ผู้มีธรรมะ ความอ่อนละมุนดุจสายน้ำ และความอ่อนโยนสง่างาม
นารินธา,ผู้มีธรรมะ ความอ่อนละมุนดุจสายน้ำ และความอ่อนโยนสง่างาม
นารินา,"นารี (หญิง, สตรี) + นา (คำเสริมให้ไพเราะ) = หญิงผู้มีความงามน่ารัก, หญิงผู้มีเสน่ห์"
นารีนาถ,"นารี (หญิง, สตรี) + นาถ (ที่พึ่ง, ผู้เป็นที่พึ่ง) = หญิงผู้เป็นที่พึ่ง, หญิงผู้เป็นเจ้า"
นารีรัตน์,"นารี (หญิง, สตรี) + รัตน์ (แก้ว, สิ่งมีค่า, ของดีเลิศ) = หญิงผู้เป็นแก้วอันประเสริฐ, หญิงผู้เป็นของมีค่า"
นารีริน,ผู้มีความอ่อนละมุนดุจสายน้ำและความสง่างาม
นารีวรรณ,"นารี (หญิง, สตรี) + วรรณ (ผิวพรรณ, ความงาม, วรรณะ) = หญิงผู้มีผิวพรรณงดงาม, หญิงผู้มีวรรณะดี"
นาไร,ผู้มีความนุ่มนวลและความมั่นคงสูงส่ง
นาวัท,"นาว (เรือ) + ท (คำเสริม, ผู้ให้, ผู้เกี่ยวข้อง) = ผู้เกี่ยวข้องกับเรือ, ผู้มีเรือ"
นาวัทธร,"นาว (เรือ) + ธร (ผู้ทรงไว้, ผู้ถือไว้) = ผู้ทรงเรือ, ผู้มีเรือ, ผู้รับผิดชอบเรือ"
นาวา,"นาวา (เรือ) = เรือ (สื่อถึงความมั่นคง, การเดินทาง, ความก้าวหน้า)"
นาวาธิน,"นาวา (เรือ) + ธิ (ปัญญา, ความคิด) + น (คำเสริม) = ผู้มีปัญญาเกี่ยวกับเรือ, ผู้มีความคิดเกี่ยวกับเรือ"
นาวารักษ์,ผู้นำพาชีวิตดุจเรือและผู้ปกป้องรักษา
นาวาริน,"นาวา (เรือ) + ริน (น้ำ, ซึ่งอาจมาจากวารี) = เรือที่ลอยอยู่ในน้ำ, เรือในแม่น้ำ"
นาวารี,ผู้เปี่ยมด้วยความนุ่มนวล
นาวิก,"นาว (เรือ) + อิก (ปัจจัยบอกผู้กระทำ) = คนเรือ, ผู้เดินทางด้วยเรือ, นายเรือ"
นาวิณ,"นาว (เรือ) + วิน (ผู้ชนะ, การได้มา) = ผู้มีชัยในการเดินเรือ, ผู้ได้มาซึ่งเรือ"
นาวิธร,ผู้ค้ำจุนหนทางแห่งเรือชีวิต
นาวิน,"นาว (เรือ) + อิน (ปัจจัยบอกผู้กระทำ) = คนเรือ, ผู้เดินทางด้วยเรือ, กัปตันเรือ"
นาวินท์,"นาว (เรือ) + วินท์ (ผู้ได้มา, ผู้แสวงหา) = ผู้ได้มาซึ่งเรือ, ผู้แสวงหาความรู้หรือสิ่งที่เกี่ยวข้องกับเรือ"
นาวินทร์,"นาวิน (นายเรือ, ผู้เดินเรือ) + อินทร์ (ผู้เป็นใหญ่, ผู้ยอดเยี่ยม) = ผู้เป็นใหญ่แห่งการเดินเรือ"
นาวินธร,"นาวิน (คนเรือ, ผู้เดินทางด้วยเรือ) + ธร (ผู้ทรงไว้, ผู้ถือไว้) = ผู้ทรงซึ่งความเป็นคนเรือ, ผู้มีความสามารถในการเดินเรือ"
นาวินธา,"นาวิน (คนเรือ, ผู้เดินทางด้วยเรือ) + ธา (ผู้ทรงไว้, ผู้สร้าง) = ผู้สร้างสรรค์การเดินทางด้วยเรือ, ผู้ก่อให้เกิดความสำเร็จในการเดินเรือ"
นาวินธิน,"นาวิน (คนเรือ, ผู้เดินทางด้วยเรือ) + ธิ (ปัญญา, ความคิด) + น (คำเสริม) = ผู้มีปัญญาในการเดินเรือ, ผู้มีความคิดเฉียบแหลมในการเดินทางด้วยเรือ"
นาวินภัทร,"นาวิน (คนเรือ, ผู้เดินทางด้วยเรือ) + ภัทร (ดี, เจริญ, เป็นมงคล) = คนเรือผู้ดีงาม, ผู้เดินทางด้วยเรืออันเป็นมงคล"
นาวินวัท,"นาวิน (คนเรือ, ผู้เดินทางด้วยเรือ) + วัฒน์ (ความเจริญ, การเพิ่มพูน) = คนเรือผู้มีความเจริญ, ผู้เดินทางด้วยเรือที่มีความก้าวหน้า"
นาวินา,"นาวินา (ผู้เดินทางเรือ, ผู้เป็นนาวิกหญิง) = ผู้เดินทางเรือ, ผู้เป็นนาวิกหญิง"
นาวินาอิน,"นาวินา (ผู้เดินทางเรือ, ผู้เป็นนาวิกหญิง) + อิน (ผู้เป็นใหญ่, พระเจ้าอินทร์) = ผู้เดินทางเรือผู้เป็นใหญ่, ผู้มีอำนาจในการเดินทาง"
นาวิล,ผู้เปี่ยมด้วยความละมุน
นาหอคำ,ผู้มีถิ่นฐานงดงามดุจหอทอง
นำโชค,ผู้เปี่ยมด้วยความนุ่มนวล
นิ,ผู้เปี่ยมด้วยความนุ่มนวล
นิกม์,ผู้เปี่ยมด้วยใจงาม
นิกร,หมู่ชนหรือกลุ่มคนและผู้สร้างสรรค์
นิกษา,"นิกษา (การตรวจสอบ, การพิเคราะห์อย่างถี่ถ้วน) = การตรวจสอบ, การพิเคราะห์อย่างถี่ถ้วน"
นิจจรา,ผู้มีการดำเนินชีวิตและความอ่อนโยนสง่างาม
นิจจารีย์,ผู้มั่นคงเป็นนิตย์และผู้ประพฤติตามแบบแผนดีงาม
นิจฉรา,ผู้มั่นคงดุจดวงดาว
นิจประกิจ,ผู้มีการงานและความฉลาดว่องไว
นิจวรา,ผู้มั่นคงเป็นนิตย์และผู้ประเสริฐ
นิจวรีย์,ผู้มั่นคงเป็นนิตย์และผู้ประเสริฐ
นิช,ผู้เปี่ยมด้วยความนุ่มนวล
นิชคุณ,ผู้มีคุณเฉพาะตนและผู้เปี่ยมคุณธรรม
นิชวิชญ์,ผู้มีคุณเฉพาะตนและนักปราชญ์ผู้รู้
นิฏฐา,ผู้มีความตั้งมั่นและความอ่อนโยนสง่างาม
นิติกฤตย์,"นิติ (กฎหมาย, แบบแผน) + กฤตย์ (การกระทำ, กิจ) = ผู้มีการกระทำที่ถูกต้องตามกฎหมาย, ผู้มีกิจอันเป็นแบบแผน"
นิติธร,"นิติ (กฎหมาย, แบบแผน) + ธร (ผู้ทรงไว้, ผู้ถือไว้) = ผู้ทรงไว้ซึ่งกฎหมาย, ผู้ยึดมั่นในแบบแผน"
นิติพงษ์,"นิติ (กฎหมาย, แบบแผน) + พงษ์ (ตระกูล, เชื้อสาย) = ตระกูลผู้ยึดมั่นในกฎหมาย, ผู้สืบเชื้อสายแห่งแบบแผนอันดีงาม"
นิติพร,"นิติ (กฎหมาย, แบบแผน) + พร (ประเสริฐ, คำอวยพร) = กฎหมายอันประเสริฐ, แบบแผนอันเป็นมงคล, ผู้ได้รับพรจากกฎหมาย"
นิติภัทร,"นิติ (กฎหมาย, แบบแผน) + ภัทร (ดี, งาม, เจริญ) = กฎหมายอันดีงาม, แบบแผนอันเจริญ, ผู้ประพฤติตามกฎหมายอันเป็นมงคล"
นิทธนต์,ผู้เปี่ยมด้วยทรัพย์
นิทธันต์,ผู้เปี่ยมด้วยธรรมะ
นิธาน,"นิธาน (การตั้งไว้, การเก็บไว้, ขุมทรัพย์) = การตั้งไว้, การเก็บไว้, ขุมทรัพย์"
นิธิ,ผู้เป็นขุมทรัพย์
นิธิกร,ผู้เป็นขุมทรัพย์และผู้สร้างสรรค์
นิธิกรณ์,ผู้เป็นขุมทรัพย์และผู้สร้างสรรค์
นิธิชญา,ผู้เป็นขุมทรัพย์และผู้มีความรู้
นิธิชวดล,ผู้มีความว่องไว ความละมุน และขุมทรัพย์
นิธิเดช,"นิธิ (ขุมทรัพย์) + เดช (อำนาจ, ความรุ่งเรือง) = ขุมทรัพย์แห่งอำนาจ, ผู้มีอำนาจอันเป็นขุมทรัพย์"
นิธิธร,ผู้ค้ำจุนและผู้เป็นขุมทรัพย์
นิธินัณธโรจน์,ผู้เป็นขุมทรัพย์แห่งความสุขและความรุ่งเรือง
นิธินันณ์,
นิธินันท์,"นิธิ (ขุมทรัพย์) + นันท์ (ความยินดี, ความสุข) = ขุมทรัพย์แห่งความยินดี, ผู้มีความสุขเป็นขุมทรัพย์"
นิธิพร,"นิธิ (ขุมทรัพย์) + พร (ประเสริฐ, คำอวยพร) = ขุมทรัพย์อันประเสริฐ, ผู้มีพรเป็นขุมทรัพย์"
นิธิภณ,ผู้เป็นขุมทรัพย์และผู้มีวาจาดี
นิธิภัค,ผู้เป็นขุมทรัพย์และผู้มีโชค
นิธิภัทร์,ผู้เป็นขุมทรัพย์และผู้ดีงามเป็นมงคล
นิธิมา,ผู้เป็นขุมทรัพย์
นิธิรุจน์,ผู้เป็นขุมทรัพย์
นิธิรุจน์,ผู้เป็นขุมทรัพย์
นิธิวัษธารา,ผู้มีธรรมะ ขุมทรัพย์ และความอ่อนโยนสง่างาม
นิธิวารินทร์,ผู้เป็นขุมทรัพย์และผู้เป็นใหญ่
นิธิวินท์,"นิธิ (ขุมทรัพย์) + วินท์ (ผู้ได้มา, ผู้พบ) = ผู้ได้มาซึ่งขุมทรัพย์, ผู้พบขุมทรัพย์"
นิธิศ,"นิธิ (ขุมทรัพย์) + อิส (ผู้เป็นใหญ่, เจ้า) = เจ้าแห่งขุมทรัพย์, ผู้เป็นใหญ่เหนือขุมทรัพย์"
นิธิสรณ์,ผู้เป็นขุมทรัพย์และผู้เป็นที่พึ่งและความระลึก
นิธิอำไพ,ผู้เป็นขุมทรัพย์
นิธูร,"นิธูร (มั่นคง, ทนทาน, ผู้รับภาระ) = มั่นคง, ทนทาน, ผู้รับภาระ"
นิภัทร์,ผู้มีความดีงามเป็นมงคลและความมั่นคง
นิภาพร,"นิภา (แสงสว่าง, รัศมี) + พร (ประเสริฐ, คำอวยพร) = แสงสว่างอันประเสริฐ, รัศมีแห่งความดีงาม"
นิภารัตน์,"นิภา (แสงสว่าง, รัศมี) + รัตน์ (แก้ว, ของมีค่า) = แสงสว่างอันเป็นแก้วมีค่า, รัศมีแห่งสิ่งประเสริฐ"
นิ่มนวล,"นิ่ม (อ่อนโยน, ไม่แข็งกระด้าง) + นวล (ผิวผ่อง, ละมุนละไม) = ผู้มีความอ่อนโยนและละมุนละไม"
นิมมาน,ผู้เปี่ยมด้วยความนุ่มนวล
นิมิง,ผู้เปี่ยมด้วยความนุ่มนวล
นิรฉรา,ผู้ไร้มลทินดุจดวงดาว
นิรฉรา,ผู้ไร้มลทินดุจดวงดาว
นิรชร,"นิร (ปราศจาก, ไม่มี) + ชร (ความแก่, ความเสื่อมโทรม) = ผู้ปราศจากความแก่, ผู้ไม่เสื่อมโทรม, ผู้เป็นอมตะ"
นิรภร,ผู้มีการค้ำจุนและความมั่นคงสูงส่ง
นิรภัฏ,ผู้ไร้ภัยและมั่นคง
นิรมน,ผู้เปี่ยมด้วยความนุ่มนวล
นิรมล,ผู้บริสุทธิ์ผ่องใส
นิรวิทธ์,ผู้รู้แจ้งและปลอดจากสิ่งมัวหมอง
นิรัช,"นิร- (ปราศจาก, ไม่มี) + อช (ความเกิด) = ผู้ปราศจากความเกิด, ผู้ไม่เกิด (สื่อถึงความบริสุทธิ์และอมตะ)"
นิรัชญา,"นิร- (ปราศจาก) + รช (ธุลี, มลทิน, กิเลส) + ญา (ความรู้, ปัญญา) = ปัญญาอันบริสุทธิ์, ผู้มีปัญญาไร้มลทิน"
นิรัฐ,ผู้เปี่ยมด้วยหลักแห่งบ้านเมือง
นิรัฐ,ผู้เปี่ยมด้วยหลักแห่งบ้านเมือง
นิรัณน์,ผู้ยั่งยืนไม่สิ้นสุด
นิรัน,ผู้ยั่งยืนไม่สิ้นสุด
นิรัน,ผู้ยั่งยืนไม่สิ้นสุด
นิรันด์ขจร,ผู้มีชื่อเสียงยั่งยืนเลื่องลือ
นิรันดร์,"นิร- (ไม่มี) + อันตร (ช่องว่าง, ชั่วคราว) = ไม่มีช่องว่าง, ตลอดไป, ไม่สิ้นสุด"
นิรันธน์,ผู้ยั่งยืนไม่สิ้นสุด
นิรามิทร์,ผู้เปี่ยมด้วยความมั่นคง
นิรินธน์,"นิร- (ปราศจาก) + อินธน์ (เชื้อเพลิง, ความเร่าร้อน, กิเลส) = ผู้ปราศจากเชื้อเพลิง (แห่งกิเลส), ผู้สงบเยือกเย็น"
นิรุไท,ผู้เปี่ยมด้วยความนุ่มนวล
นิโรธ,ผู้ดับทุกข์หรือสงบระงับ
นิลเขต,ผู้เข้มงามดุจนิล
นิลจันทร์,ผู้เข้มงามดุจนิล
นิลเปรม,ผู้เข้มงามดุจนิล
นิลารักษ์,ผู้เข้มงามดุจนิลและผู้ปกป้องรักษา
นิลาวรรณ,ผู้เข้มงามดุจนิล ผู้มีวรรณะงดงาม และผู้ประเสริฐ
นิลาวรรณ,ผู้เข้มงามดุจนิล ผู้มีวรรณะงดงาม และผู้ประเสริฐ
นิเลาะ,ผู้เปี่ยมด้วยความละมุน
นิโลบล,ผู้เปี่ยมด้วยความละมุน
นิวงษา,ผู้มีความนุ่มนวลและความอ่อนโยนสง่างาม
นิวรินทร์,ผู้ใหม่และสดใส ผู้เป็นใหญ่และประเสริฐ และผู้ประเสริฐดุจสายน้ำ
นิวิฐ,ผู้เปี่ยมด้วยความนุ่มนวล
นิเวช,ผู้เปี่ยมด้วยความนุ่มนวล
นิษฐ์,ผู้เปี่ยมด้วยความนุ่มนวล
นิษฐกรณ์,ผู้มั่นคงในความดีและผู้สร้างสรรค์
นิษฐนนท์,ผู้มีความสุขยินดีและผู้มั่นคงในความดี
นิษฐ์สิริ,ผู้มั่นคงในความดีและผู้มีสิริมงคล
นิษฐา,ผู้มีความตั้งมั่นและความอ่อนโยนสง่างาม
นิษณา,ผู้มีฐานะแห่งความดีและความอ่อนโยนสง่างาม
นิอร,ผู้มีความนุ่มนวลและความมั่นคงสูงส่ง
นีรนาท,"นีร (น้ำ) + นาท (เสียงกึกก้อง) = เสียงน้ำไหลก้อง, เสียงที่ดังเหมือนน้ำ"
นีรภัทร,"นีร (น้ำ) + ภัทร (ดี, งาม, เจริญ, เป็นมงคล) = น้ำอันเป็นมงคล, น้ำที่ดีงาม"
นีรินทร์,"นีร (น้ำ) + อินทร์ (ผู้เป็นใหญ่) = ผู้เป็นใหญ่แห่งน้ำ, น้ำอันสูงส่ง"
นีออน,"เป็นชื่อธาตุสมัยใหม่จากภาษาต่างประเทศ (กรีก: neos = ใหม่) หมายถึง แสงสว่างอันสดใส, ความใหม่ที่เปล่งประกาย"
นุจรีย์,
นุจลิน,ผู้เปี่ยมด้วยความละมุน
นุชนาฏ,"นุช (หญิงสาว, สาวน้อย) + นาฏ (นางรำ, หญิงงาม) = หญิงสาวผู้ร่ายรำ, หญิงสาวผู้งดงาม"
นุชนารถ,"นุช (หญิงสาว, สาวน้อย) + นารถ (ที่พึ่ง, ผู้เป็นใหญ่) = หญิงสาวผู้เป็นที่พึ่ง, หญิงสาวผู้เป็นใหญ่"
นุชรี,"นุช (หญิงสาว, สาวน้อย) + รี (จาก รุจี = ความรุ่งเรือง, ความงาม หรือ ศรี = ความงดงาม, สิริมงคล) = หญิงสาวผู้มีความงดงามรุ่งเรือง"
โนรา,"มาจาก มโนราห์ (มโน + หร = เป็นที่จับใจ, สวยงาม) หมายถึง ผู้มีจิตใจงดงาม, น่ารัก, สวยงาม"
โนริน,"นร (คน, มนุษย์) + อินทร์ (ผู้เป็นใหญ่) = ผู้เป็นใหญ่ในหมู่คน, ผู้นำที่ยิ่งใหญ่ (เป็นการลดรูปหรือผันเสียงมาจาก 'นรินทร์')"
โนลิน,"เป็นชื่อสมัยใหม่ที่ไม่มีรากศัพท์บาลี-สันสกฤตโดยตรงในการแยกคำสมาส/สนธิ แต่มักมีความหมายแฝงถึง ผู้มีสติปัญญา, ผู้มีความรู้"
โนวา,"เป็นคำยืมจากภาษาละติน (nova = ใหม่) หมายถึง ดาวดวงใหม่ที่ส่องสว่าง, สิ่งใหม่ที่รุ่งโรจน์"
โนวิน,"โน (จาก โนวา = ใหม่) + วิน (ผู้ชนะ, ผู้ได้) = ผู้ชนะคนใหม่, ผู้มีความสำเร็จใหม่ๆ"
โนอาห์,"ชื่อภาษาฮีบรู มีความหมายว่า 'การพักผ่อน', 'ความปลอบโยน' หรือ 'ผู้ปลอบประโลม' (ไม่สามารถแยกรากศัพท์แบบบาลี-สันสกฤตได้)"
ไนท์,คำทับศัพท์หมายถึงกลางคืนหรืออัศวินตามบริบทภาษาอังกฤษ
บงกช,ดอกบัว ผู้บริสุทธิ์งดงาม
บงกชกร,ดอกบัว ผู้บริสุทธิ์งดงามและผู้สร้างสรรค์
บงกชนุช,ดอกบัว ผู้บริสุทธิ์งดงามและหญิงผู้อ่อนเยาว์น่ารัก
บงกชพร,ดอกบัว ผู้บริสุทธิ์งดงามและผู้ได้รับพร
บงกชเพชร,ดอกบัว ผู้บริสุทธิ์งดงามและผู้แข็งแกร่งล้ำค่า
บงกชภัค,ดอกบัว ผู้บริสุทธิ์งดงามและผู้มีโชค
บงกชมาศ,ดอกบัว ผู้บริสุทธิ์งดงามและผู้ล้ำค่าดุจทอง
บงกชรัตน์,ดอกบัว ผู้บริสุทธิ์งดงามและผู้ล้ำค่าดุจแก้ว
บงกชรัศมิ์,ดอกบัว ผู้บริสุทธิ์งดงามและผู้มีรัศมี
บงกชลักษณ์,ดอกบัว ผู้บริสุทธิ์งดงาม ผู้เย็นใสดุจสายน้ำ และผู้มีลักษณะงดงาม
บงกร,ผู้มีมืออันงดงามและผู้สร้างสรรค์
บดินทร์,"บดี (ผู้เป็นใหญ่, เจ้าของ) + อินทร์ (ผู้เป็นใหญ่, พระเจ้าแผ่นดิน) = ผู้เป็นใหญ่ในแผ่นดิน, พระเจ้าแผ่นดิน"
บดี,ผู้นำผู้ทรงคุณค่า
บดีศร,ผู้มีความเป็นผู้นำ ความมุ่งมั่น และความมั่นคงสูงส่ง
บรมวุฒิ,ผู้สูงสุดและประเสริฐและผู้มีความเจริญและคุณวุฒิ
บรมัตถ์,ผู้สูงสุดและประเสริฐและผู้เข้าถึงประโยชน์อันสูงสุด
บรรจงประสิทธิ์,ผู้ประณีตตั้งใจ ผู้มีความสำเร็จและสิทธิอันชอบ และผู้ทำให้สำเร็จ
บรรจงปรุ,ผู้เปี่ยมด้วยความเต็มพร้อม
บรรจบ,ผู้สมบูรณ์พร้อมและพบพานสิ่งดี
บรรเจิด,ผู้รุ่งเรืองโดดเด่น
บรรณกร,ผู้เกี่ยวข้องกับหนังสือและความรู้และผู้สร้างสรรค์
บรรณนนท์,ผู้มีความสุขยินดีและผู้เกี่ยวข้องกับหนังสือและความรู้
บรรณพัชร์,ผู้เกี่ยวข้องกับหนังสือและความรู้
บรรณพิชญ์,ผู้เกี่ยวข้องกับหนังสือและความรู้
บรรณพิทย์,ผู้เกี่ยวข้องกับหนังสือและความรู้
บรรณรต,"บรรณ (หนังสือ) + รต (ยินดี, รื่นรมย์) = ผู้ยินดีในหนังสือ, ผู้รื่นรมย์ในความรู้"
บรรณรัตน์,ผู้เกี่ยวข้องกับหนังสือและความรู้และผู้ล้ำค่าดุจแก้ว
บรรณวัชร,ผู้เกี่ยวข้องกับหนังสือและความรู้
บรรณวัฒน์,ผู้เกี่ยวข้องกับหนังสือและความรู้
บรรณวิชญ์,"บรรณ (หนังสือ) + วิชญ์ (ผู้รู้, นักปราชญ์) = นักปราชญ์ผู้เชี่ยวชาญด้านหนังสือ, ผู้คงแก่เรียน"
บรรณวิทิต,ผู้เกี่ยวข้องกับหนังสือและความรู้
บรรณสรณ์,ผู้เกี่ยวข้องกับหนังสือและความรู้และผู้เป็นที่พึ่งและความระลึก
บรรณสิทธิ์,ผู้เกี่ยวข้องกับหนังสือและความรู้และผู้มีความสำเร็จและสิทธิอันชอบ
บรรพกร,ผู้มีความเต็มพร้อมและความมั่นคงสูงส่ง
บรรพต,ผู้มั่นคงสูงส่งดุจภูเขา
บรรพธี,ผู้มีธรรมะและปัญญามั่นคง
บรรยงก์,ผู้เปี่ยมด้วยความเต็มพร้อม
บรรยงภรณ์,ผู้ค้ำจุนและผู้เป็นเครื่องประดับ
บรรลือเกียรติ์,ผู้มีชื่อเสียงเลื่องลือและผู้มีเกียรติยศ
บรรลือชัย,ผู้มีความเต็มพร้อม ความละมุน และชัยชนะ
บรรลือศักดิ์,ผู้มีชื่อเสียงเลื่องลือและผู้มีอำนาจและเกียรติ
บรรหาร,ผู้มีวาจานำทางและบริหารจัดการได้ดี
บราวน์,"เป็นคำยืมจากภาษาอังกฤษ (Brown) หมายถึง สีน้ำตาล (สำหรับชื่อบุคคล มักสื่อถึงความเป็นธรรมชาติ, ความมั่นคง)"
บริค,คำทับศัพท์จากภาษาอังกฤษ 'brick' (อิฐ) ไม่มีรากศัพท์บาลี-สันสกฤตตามหลักนิรุกติศาสตร์ไทย
บริณต,ผู้น้อมลงด้วยความอ่อนน้อม
บริณัย,ผู้มีวินัยและความอ่อนน้อม
บริธาน,ผู้เป็นหลักในการจัดการและค้ำจุน
บริบูรณ์,ผู้เต็มเปี่ยมสมบูรณ์ ผู้รายล้อมด้วยความดี และผู้บริบูรณ์
บริพันธ์,ผู้ผูกพันรายล้อมด้วยความดี
บริรักษ์,ผู้ปกป้องรักษาอย่างดี
บริวัตร,ผู้ประพฤติปฏิบัติดี
บริษัทมณฑล,ผู้มีฐานะแห่งความดีและความละมุน
บรีฟ,"คำทับศัพท์จากภาษาอังกฤษ 'brief' (โดยย่อ, สั้นๆ) ไม่มีรากศัพท์บาลี-สันสกฤตตามหลักนิรุกติศาสตร์ไทย"
บรูค,คำทับศัพท์จากภาษาอังกฤษ 'brook' (ลำธารเล็กๆ) ไม่มีรากศัพท์บาลี-สันสกฤตตามหลักนิรุกติศาสตร์ไทย
บรูโน่,คำทับศัพท์จากภาษาเยอรมัน 'Bruno' (มาจาก 'brun' หมายถึง สีน้ำตาล) ไม่มีรากศัพท์บาลี-สันสกฤตตามหลักนิรุกติศาสตร์ไทย
บลิ้ง,"คำทับศัพท์จากภาษาอังกฤษ 'bling' (ความแวววาว, เครื่องประดับหรูหรา) หรือ 'blink' (แสงวาบ, การกะพริบ) ไม่มีรากศัพท์บาลี-สันสกฤตตามหลักนิรุกติศาสตร์ไทย"
บลิงค์,"คำทับศัพท์จากภาษาอังกฤษ 'blink' (การกะพริบ, แสงวาบสั้นๆ) ไม่มีรากศัพท์บาลี-สันสกฤตตามหลักนิรุกติศาสตร์ไทย"
บลิซ,คำทับศัพท์จากภาษาอังกฤษ 'bliss' (ความสุขสำราญอย่างยิ่ง) ไม่มีรากศัพท์บาลี-สันสกฤตตามหลักนิรุกติศาสตร์ไทย
บลู,คำทับศัพท์จากภาษาอังกฤษ 'blue' (สีน้ำเงิน) ไม่มีรากศัพท์บาลี-สันสกฤตตามหลักนิรุกติศาสตร์ไทย
บวร,ผู้ประเสริฐเลิศล้ำและผู้ประเสริฐ
บวรกฤษฎิ์,ผู้ประเสริฐเลิศล้ำและผู้ประเสริฐ
บวรกานต์,ผู้ประเสริฐเลิศล้ำและผู้ประเสริฐ
บวรกิตติ์,ผู้ประเสริฐเลิศล้ำ ผู้ประเสริฐ และผู้มีชื่อเสียงดีงาม
บวรเกียรติ์,ผู้ประเสริฐเลิศล้ำ ผู้ประเสริฐ และผู้มีเกียรติยศ
บวรชนก,ผู้ประเสริฐเลิศล้ำและผู้ประเสริฐ
บวรชัช,ผู้ประเสริฐเลิศล้ำและผู้ประเสริฐ
บวรชัย,"บวร (ประเสริฐ, เลิศ, ดีเยี่ยม) + ชัย (ความชนะ, ชัยชนะ) = ชัยชนะอันประเสริฐ หรือ ผู้มีชัยชนะที่ยอดเยี่ยม"
บวรเดช,ผู้ประเสริฐเลิศล้ำ ผู้ประเสริฐ และผู้มีอำนาจบารมี
บวรทัต,ผู้ประเสริฐเลิศล้ำ ผู้ประเสริฐ และผู้ได้รับการประทาน
บวรนันท์,"บวร (ประเสริฐ, เลิศ, ดีเยี่ยม) + นันท์ (ความยินดี, ความสุข) = ความยินดีอันประเสริฐ หรือ ผู้มีความสุขยอดเยี่ยม"
บวรนิตย์,ผู้ประเสริฐเลิศล้ำและผู้ประเสริฐ
บวรพจน์,ผู้ประเสริฐเลิศล้ำ ผู้ประเสริฐ และผู้มีถ้อยคำ
บวรพรรณ,ผู้ประเสริฐเลิศล้ำ ผู้ประเสริฐ และผู้มีพรรณงดงาม
บวรพล,ผู้ประเสริฐเลิศล้ำ ผู้ประเสริฐ และผู้มีกำลัง
บวรพัฒน์,ผู้ประเสริฐเลิศล้ำ ผู้ประเสริฐ และผู้เจริญก้าวหน้า
บวรภพ,ผู้ประเสริฐเลิศล้ำ ผู้ประเสริฐ และผู้มีโลกหรือภพอันดี
บวรภัค,ผู้ประเสริฐเลิศล้ำ ผู้มีโชค และผู้ประเสริฐ
บวรภัทร,ผู้ประเสริฐเลิศล้ำ ผู้ดีงามเป็นมงคล และผู้ประเสริฐ
บวรยุทธ,ผู้ประเสริฐเลิศล้ำ ผู้ประเสริฐ และผู้กล้าหาญในการรบ
บวรรัช,ผู้ประเสริฐเลิศล้ำ ผู้ประเสริฐ และผู้รุ่งเรืองด้วยอำนาจ
บวรรัตน์,ผู้ประเสริฐเลิศล้ำ ผู้ประเสริฐ และผู้ล้ำค่าดุจแก้ว
บวรลักษณ์,"บวร (ประเสริฐ, เลิศ, ดีเยี่ยม) + ลักษณ์ (ลักษณะ, เครื่องหมาย, สิ่งแสดง, ความสวยงาม) = ลักษณะอันประเสริฐ หรือ ผู้มีลักษณะดีงามยอดเยี่ยม"
บวรวงศ์,"บวร (ประเสริฐ, เลิศ, ดีเยี่ยม) + วงศ์ (ตระกูล, เชื้อสาย) = ตระกูลอันประเสริฐ หรือ ผู้สืบเชื้อสายอันยอดเยี่ยม"
บวรวัจน์,ผู้ประเสริฐเลิศล้ำ ผู้ประเสริฐ และผู้มีวาจางดงาม
บวรวัฒน์,"บวร (ประเสริฐ, เลิศ, ดีเยี่ยม) + วัฒน์ (ความเจริญ, ความงอกงาม) = ความเจริญอันประเสริฐ หรือ ผู้มีความเจริญยอดเยี่ยม"
บวรวิช,ผู้ประเสริฐเลิศล้ำและผู้ประเสริฐ
บวรวิชญ์,"บวร (ประเสริฐ, ยอดเยี่ยม) + วิชญ์ (ความรู้, ปัญญา) = ผู้มีความรู้ที่ประเสริฐยิ่ง"
บวรวิทย์,ผู้ประเสริฐเลิศล้ำ ผู้ประเสริฐ และผู้มีความรู้
บวรศักดิ์,ผู้ประเสริฐเลิศล้ำ ผู้ประเสริฐ และผู้มีอำนาจและเกียรติ
บวรศักย์,ผู้ประเสริฐเลิศล้ำ ผู้ประเสริฐ และผู้มีความสามารถ
บวรสิทธิ์,ผู้ประเสริฐเลิศล้ำ ผู้มีความสำเร็จและสิทธิอันชอบ และผู้ประเสริฐ
บวรอาภา,ผู้ประเสริฐเลิศล้ำ ผู้ประเสริฐ และผู้มีแสงสว่าง
บอล,คำทับศัพท์ หมายถึงลูกบอลหรือกีฬา
บอล,คำทับศัพท์ หมายถึงลูกบอลหรือกีฬา
บังคล,ผู้เปี่ยมด้วยความละมุน
บั้งเงิน,สิ่งประดับหรือส่วนแบ่งเงิน สื่อถึงคุณค่าที่งดงาม
บังอร,หญิงงามอ่อนหวานเป็นที่รัก
บังอรสิริ,หญิงงามอ่อนหวานและผู้มีสิริมงคล
บัญจรัตน์,ผู้มีห้าประการอันครบถ้วนและผู้ล้ำค่าดุจแก้ว
บัญชร,ผู้มีหลักปัญญาและความมั่นคงสูงส่ง
บัญญพนต์,ผู้เปี่ยมด้วยหลักปัญญา
บัญญรัฐ,ผู้บัญญัติหรือผู้มีหลักความรู้และผู้เกี่ยวข้องกับบ้านเมือง
บัญญวัต,ผู้มีหลักบัญญัติและการปฏิบัติ
บัญญวัติ,ผู้มีข้อบัญญัติและแบบแผน
บัญญวิต,ผู้รู้หลักบัญญัติ
บัญฑิตา,ผู้มีหลักปัญญาและความอ่อนโยนสง่างาม
บัญพนต์,ผู้เปี่ยมด้วยหลักปัญญา
บัณฑร,ผู้ขาวผ่องบริสุทธิ์
บัณฑรนาค,ผู้ขาวผ่องบริสุทธิ์และผู้ยิ่งใหญ่และคุ้มครอง
บัณฑรวรรณ,ผู้ขาวผ่องบริสุทธิ์ ผู้มีวรรณะงดงาม และผู้ประเสริฐ
บัณฑิต,ผู้มีปัญญาและความรู้
บัณฑิตย์,ผู้มีปัญญาและความรู้
บัณฑิตา,หญิงผู้เป็นบัณฑิตและมีปัญญาและผู้มีปัญญาและความรู้
บัณฑุ,ผู้เปี่ยมด้วยฐานะแห่งความดี
บัณฑุนาค,ผู้ขาวผ่องนวลใสและผู้ยิ่งใหญ่และคุ้มครอง
บัณฑูร,ผู้มีฐานะแห่งความดีและความมั่นคงสูงส่ง
บัณณรส,ผู้มีรสแห่งถ้อยคำและหนังสือ
บัณดล,ผู้บันดาลด้วยปัญญา
บัณทัต,ผู้ได้รับปัญญา
บัณพร,ผู้ได้รับพรแห่งปัญญา
บันดล,ผู้บันดาลให้เกิดผลดี
บัลยงก์,"บัลยงก์ (คำบาลี-สันสกฤต ปัลลังก์ = พระแท่น, ที่นั่งสูงศักดิ์) = พระแท่นที่นั่งอันสูงศักดิ์ หรือ ผู้มีที่นั่งอันสูงส่งและเป็นที่เคารพ"
บัลลพ,"บัลลพ (คำบาลี-สันสกฤต บัลลภ = ที่รัก, คนรัก, สามี) = ที่รัก, คนรัก หรือ ผู้เป็นที่รัก"
บัวกลิ่น,ผู้บริสุทธิ์งดงามดุจดอกบัวและผู้มีเสน่ห์หอมละมุน
บัวงาม,ผู้บริสุทธิ์งดงามดุจดอกบัวและผู้มีความงดงาม
บัวจันทร์,ผู้บริสุทธิ์งดงามดุจดอกบัวและผู้เย็นงามดุจจันทร์
บัวจันทร์,ผู้บริสุทธิ์งดงามดุจดอกบัวและผู้เย็นงามดุจจันทร์
บัวเจริญ,ผู้บริสุทธิ์งดงามดุจดอกบัวและผู้เจริญรุ่งเรือง
บัวชิด,ผู้บริสุทธิ์งดงามดุจดอกบัว
บัวณัฐ,ผู้บริสุทธิ์งดงามดุจดอกบัวและนักปราชญ์ผู้มีปัญญา
บัวทิพย์,ผู้บริสุทธิ์งดงามดุจดอกบัวและผู้เป็นทิพย์และประณีต
บัวนาค,ผู้บริสุทธิ์งดงามดุจดอกบัวและผู้ยิ่งใหญ่และคุ้มครอง
บัวนาค,ผู้บริสุทธิ์งดงามดุจดอกบัวและผู้ยิ่งใหญ่และคุ้มครอง
บัวบงกช,"บัว (ดอกบัว) + บงกช (มาจาก ปงฺกช = ดอกบัว, เกิดในโคลน) = ดอกบัว (เป็นคำซ้อนที่เน้นความงามและความไพเราะของดอกบัว)"
บัวบูชา,ผู้บริสุทธิ์งดงามดุจดอกบัวและผู้ควรแก่การบูชา
บัวรัศมิ์,ผู้บริสุทธิ์งดงามดุจดอกบัว ผู้มีรัศมีสว่าง และผู้ประเสริฐ
บัวลักษณ์,ผู้บริสุทธิ์งดงามดุจดอกบัวและผู้มีลักษณะงดงาม
บัวลา,ผู้บริสุทธิ์งดงามดุจดอกบัว
บัวลำ,ผู้บริสุทธิ์งดงามดุจดอกบัว
บัวลุม,ผู้บริสุทธิ์งดงามดุจดอกบัว
บาจรีย์,ผู้เปี่ยมด้วยการดำเนินชีวิต
บาจิกา,ผู้มีความบริบูรณ์และความอ่อนโยนสง่างาม
บาจิกาพร,ผู้ได้รับพรอันงดงาม
บารมี,ผู้มีบุญบารมีและคุณธรรมสูงและผู้มั่งมี
บำเพ็ญ,ผู้มุ่งทำความดีให้สมบูรณ์
บิณฑ์,ผู้ได้รับสิ่งดีด้วยศรัทธา
บินมามะ,ผู้เปี่ยมด้วยความบริบูรณ์
บิว,คำทับศัพท์ รอการตรวจสอบความหมายเฉพาะ
บุญเกตุ,ผู้มีบุญกุศลและผู้เป็นยอดหรือเครื่องหมายมงคล
บุญเกิด,ผู้มีบุญกุศลและผู้เกิดมาพร้อมความดี
บุญเกียรติ,ผู้มีบุญกุศลและผู้มีเกียรติยศ
บุญเกื้อ,ผู้มีบุญกุศลและผู้เกื้อกูล
บุญเขต,ผู้มีบุญกุศลและผู้มีขอบเขตมั่นคง
บุญงาม,ผู้มีบุญกุศลและผู้มีความงดงาม
บุญจง,ผู้มีบุญกุศล
บุญจรัส,ผู้มีบุญกุศลและผู้สว่างไสว
บุญจิตร,ผู้มีบุญกุศลและผู้มีจิตใจงดงาม
บุญชญา,ผู้มีบุญกุศลและผู้มีความรู้
บุญชนะ,ผู้มีบุญกุศล ผู้มีชัยชนะ และผู้เป็นคนดีในหมู่ชน
บุญชนิต,ผู้มีบุญกุศล ผู้เกิดมาอย่างดี และผู้เป็นคนดีในหมู่ชน
บุญชม,ผู้มีบุญกุศล
บุญช่วย,ผู้มีบุญกุศลและผู้เกื้อกูลช่วยเหลือ
บุญชัย,ผู้มีบุญกุศลและผู้มีชัยชนะ
บุญชาญ,ผู้มีบุญกุศลและผู้ชำนาญ
บุญญเกียรติ,ผู้เปี่ยมบุญกุศล ผู้มีบุญกุศล และผู้มีเกียรติยศ
บุญญปัญญ์,ผู้เปี่ยมบุญกุศล ผู้มีบุญกุศล และผู้มีปัญญา
บุญญรัตน์,ผู้เปี่ยมบุญกุศล ผู้มีบุญกุศล และผู้ล้ำค่าดุจแก้ว
บุญญฤทธิ์,ผู้เปี่ยมบุญกุศล ผู้มีบุญกุศล และผู้มีฤทธิ์อำนาจ
บุญญา,ผู้เปี่ยมบุญกุศลและผู้มีบุญกุศล
บุญญาณัฐ,ผู้เปี่ยมบุญกุศล ผู้มีบุญกุศล และนักปราชญ์ผู้มีปัญญา
บุญญาดา,ผู้เปี่ยมบุญกุศล ผู้มีบุญกุศล และผู้ได้รับสิ่งดีงาม
บุญญานนท์,ผู้เปี่ยมบุญกุศล ผู้มีบุญกุศล และผู้มีความสุขยินดี
บุญญานุช,ผู้เปี่ยมบุญกุศล ผู้มีบุญกุศล และหญิงผู้อ่อนเยาว์
บุญญาพร,ผู้เปี่ยมบุญกุศล ผู้มีบุญกุศล และผู้ได้รับพร
บุญญาภา,"บุญญา (บุญ, คุณความดี) + ภา (แสงสว่าง, ความรุ่งเรือง, ความงาม) = แสงแห่งบุญ, รัศมีแห่งความดี หรือ ผู้มีความรุ่งเรืองด้วยบุญบารมี"
บุญญารัศมิ์,ผู้เปี่ยมบุญกุศล ผู้มีบุญกุศล และผู้มีรัศมีสว่าง
บุญญิสา,ผู้เปี่ยมบุญกุศลและผู้มีบุญกุศล
บุญฑริกา,ผู้มีบุญกุศล
บุญณิศา,ผู้มีบุญกุศล
บุญทรง,ผู้มีบุญกุศล
บุญทรัพย์,ผู้มีบุญกุศลและผู้มั่งมีทรัพย์
บุญทริกา,ผู้มีบุญกุศลและดอกบัวขาวผู้บริสุทธิ์
บุญทวี,ผู้มีบุญกุศลและผู้เพิ่มพูนทวี
บุญทิพา,ผู้มีบุญกุศลและผู้สว่างดุจกลางวัน
บุญทิวา,ผู้มีบุญกุศลและผู้สว่างดุจกลางวัน
บุญธร,ผู้มีบุญกุศลและผู้ค้ำจุน
บุญธรรม,ผู้มีบุญกุศล ผู้ค้ำจุน และผู้ตั้งมั่นในธรรม
บุญธัช,ผู้มีบุญกุศลและผู้เป็นธงแห่งเกียรติ
บุญนิตย์,ผู้มีบุญกุศลและผู้มั่นคงเป็นนิตย์
บุญนิธิ,ผู้มีบุญกุศลและผู้เป็นขุมทรัพย์
บุญนิศา,ผู้มีบุญกุศล
บุญนิสา,ผู้มีบุญกุศล
บุญนุช,ผู้มีบุญกุศลและหญิงผู้อ่อนเยาว์
บุญพัฒน์,ผู้มีบุญกุศลและผู้เจริญก้าวหน้า
บุญพิทักษ์,ผู้มีบุญกุศลและผู้ปกป้องรักษา
บุญพิพัฒน์,ผู้มีบุญกุศล ผู้เจริญก้าวหน้า และผู้เจริญงอกงาม
บุญมา,ผู้มีบุญกุศลและผู้มาถึงพร้อมความดี
บุญมี,ผู้มีบุญกุศลและผู้มั่งมี
บุญยง,ผู้มีบุญกุศลและผู้ยืนยง
บุญยรัตน์,ผู้มีบุญกุศลและผู้ล้ำค่าดุจแก้ว
บุญยวีย์,ผู้มีบุญกุศล
บุญยืน,ผู้มีบุญกุศลและผู้มั่นคงยืนยาว
บุญรอด,ผู้มีบุญกุศลและผู้แคล้วคลาดปลอดภัย
บุญรัตน์,ผู้มีบุญกุศลและผู้ล้ำค่าดุจแก้ว
บุญเรือน,ผู้มีบุญกุศลและผู้มีบ้านเรือนมั่นคง
บุญฤทธิ์,ผู้มีบุญกุศลและผู้มีฤทธิ์อำนาจ
บุญเลิศ,"บุญ (คุณความดี, ผลแห่งความดี) + เลิศ (ยอดเยี่ยม, ประเสริฐ) = บุญอันยอดเยี่ยม หรือ ผู้มีบุญอันประเสริฐ"
บุญวัศ,ผู้มีบุญกุศลและผู้มีอำนาจ
บุญศิริ,ผู้มีบุญกุศลและผู้มีสิริมงคล
บุญส่ง,ผู้มีบุญกุศลและผู้ส่งเสริม
บุญสิตา,ผู้มีบุญกุศล
บุญสิทธิ์,ผู้มีบุญกุศล ผู้มีความสำเร็จและสิทธิอันชอบ และผู้มีความสำเร็จ
บุญสิริ,ผู้มีบุญกุศลและผู้มีสิริมงคล
บุญเสริม,ผู้มีบุญกุศลและผู้เพิ่มพูนส่งเสริม
บุญหลาย,ผู้มีบุญกุศลและผู้มีมากมาย
บุญเหลือ,ผู้มีบุญกุศลและผู้มีเหลือเฟือ
บุณฑรีก์,ดอกบัวขาว ผู้บริสุทธิ์งดงาม
บุณณดา,ผู้ให้บุญหรือผู้เกิดจากบุญ
บุณทริก,ผู้เปี่ยมบุญกุศลและดอกบัวขาวผู้บริสุทธิ์
บุณพกร,ผู้เปี่ยมบุญกุศล
บุณพจน์,ผู้เปี่ยมบุญกุศลและผู้มีถ้อยคำดี
บุณมี,ผู้เปี่ยมบุญกุศลและผู้มั่งมี
บุณย์,ผู้เปี่ยมบุญกุศลและบุญกุศลอันงดงาม
บุณยกร,ผู้เปี่ยมบุญกุศล
บุณยกฤต,ผู้เปี่ยมบุญกุศลและผู้กระทำสำเร็จ
บุณยจิตต์,ผู้เปี่ยมบุญกุศลและผู้มีจิตใจดี
บุณยชน,ผู้เปี่ยมบุญกุศลและผู้เป็นคนดีในหมู่ชน
บุณยชา,ผู้เปี่ยมบุญกุศล
บุณย์ญานุช,ผู้เปี่ยมบุญกุศล บุญกุศลอันงดงาม และหญิงผู้อ่อนเยาว์
บุณยเณจฉ์,ผู้เปี่ยมบุญกุศล
บุณยธร,ผู้เปี่ยมบุญกุศลและผู้ค้ำจุน
บุณยนุช,ผู้เปี่ยมบุญกุศลและหญิงผู้อ่อนเยาว์
บุณยพร,ผู้เปี่ยมบุญกุศลและผู้ได้รับพร
บุณยพัต,ผู้เปี่ยมบุญกุศลและผู้เกี่ยวพันกับความดี
บุณยภู,"บุณย (บุญ, คุณความดี) + ภู (ผู้เป็นใหญ่, แหล่งรวม, แผ่นดิน) = แหล่งรวมแห่งบุญ, ผู้เป็นใหญ่ด้วยบุญ หรือ ผู้มีบุญเป็นที่พึ่งพา"
บุณยวีร์,"บุณย (ปุญฺญ: บุญ, ความดี, ความเจริญ) + วีร์ (วีร: ผู้กล้าหาญ, ผู้เป็นเลิศ) = ผู้กล้าหาญผู้มีบุญ, ผู้เป็นเลิศด้วยความดีงาม"
บุณยอร,ผู้เปี่ยมบุญกุศลและผู้มีความงามอ่อนหวาน
บุณยากร,ผู้เปี่ยมบุญกุศล
บุณยานุช,ผู้เปี่ยมบุญกุศลและหญิงผู้อ่อนเยาว์
บุณยาพร,ผู้เปี่ยมบุญกุศลและผู้ได้รับพร
บุณิกา,หญิงผู้เปี่ยมบุญกุศล
บุตรดี,บุตรผู้มีความดีงาม
บุนนาค,ต้นบุนนาค ดอกไม้หอมงามและผู้ยิ่งใหญ่และคุ้มครอง
บุปผา,ดอกไม้ ผู้สดใสงดงาม
บุปผาสวรรค์,ดอกไม้ ผู้สดใสงดงามและผู้ประเสริฐ
บุพกร,"บุพ (ปุพฺพ: ก่อน, หน้า, เบื้องต้น) + กร (กรฺ: ผู้ทำ, ผู้สร้าง, ผู้กระทำ) = ผู้สร้างสรรค์ในเบื้องต้น, ผู้ริเริ่มกระทำ"
บุรกฤดิ,ผู้สร้างความเจริญแก่เมือง
บุรเกียรติ,ผู้เปี่ยมด้วยเมืองอันรุ่งเรือง
บุรชัย,ผู้มีเมืองอันรุ่งเรืองและชัยชนะ
บุรณพร,ผู้มีฐานะแห่งความดี ความกล้าหาญ และความมั่นคงสูงส่ง
บุรณะ,ผู้มีฐานะแห่งความดีและความกล้าหาญ
บุรธัช,ผู้เปี่ยมด้วยธรรมะ
บุรนนท์,ผู้มีเมืองอันรุ่งเรืองและความสุขยินดี
บุรบุษย์,ผู้เปี่ยมด้วยเมืองอันรุ่งเรือง
บุรพทิศ,ผู้เปี่ยมด้วยเมืองอันรุ่งเรือง
บุรพร,ผู้มีเมืองอันรุ่งเรืองและความมั่นคงสูงส่ง
บุรพล,ผู้มีเมืองอันรุ่งเรือง ความละมุน และกำลัง
บุรพัฒน์,ผู้เปี่ยมด้วยความเจริญ
บุรวิช,ผู้มีเมืองอันรุ่งเรืองและความรู้
บุรเศรษฐ์,ผู้มีเมืองอันรุ่งเรืองและความมุ่งมั่น
บุรัสกร,ผู้สร้างเมืองหรือผู้ให้แสงแก่เมือง
บุรินทร์,ผู้เป็นใหญ่แห่งเมือง
บุรินทร์พัฒน์,ผู้มีความเจริญ ความอ่อนละมุนดุจสายน้ำ และความเป็นใหญ่
บุรินทร์ภัทร,ผู้มีเมืองอันรุ่งเรือง ความดีงามเป็นมงคล และความอ่อนละมุนดุจสายน้ำ
บุรินทร์ยศ,ผู้มีเมืองอันรุ่งเรือง ความอ่อนละมุนดุจสายน้ำ และความเป็นใหญ่
บุรินทร์รัตน์,ผู้มีเมืองอันรุ่งเรือง ความอ่อนละมุนดุจสายน้ำ และความเป็นใหญ่
บุรินทร์ลักษณ์,ผู้มีฐานะแห่งความดี ความละมุน และความอ่อนละมุนดุจสายน้ำ
บุรินทร์วัชร์,ผู้มีเมืองอันรุ่งเรือง ความอ่อนละมุนดุจสายน้ำ และความเป็นใหญ่
บุรินทร์วิชญ์,ผู้มีปัญญา ความอ่อนละมุนดุจสายน้ำ และความเป็นใหญ่
บุรินทร์ศักย์,ผู้มีเมืองอันรุ่งเรือง ความอ่อนละมุนดุจสายน้ำ และความเป็นใหญ่
บุรินทร์สิทธิ์,ผู้มีความสำเร็จและสิทธิอันชอบและผู้มีความสำเร็จ
บุริมทิศ,ทิศตะวันออกหรือทิศเบื้องหน้า
บุริศร์,ผู้เป็นใหญ่แห่งเมือง
บุรี,เมืองหรือถิ่นฐานอันมั่นคง
บุลกร,ผู้มีความละมุนและความมั่นคงสูงส่ง
บุลกิต,ผู้มีความละมุนและความฉลาดว่องไว
บุลพร,ผู้มีความละมุนและความมั่นคงสูงส่ง
บุลพศ,ผู้เปี่ยมด้วยความละมุน
บุลพิชญ์,ผู้มีปัญญาและความละมุน
บุลภร,ผู้มีความละมุน การค้ำจุน และความมั่นคงสูงส่ง
บุลภรณ์,ผู้มีฐานะแห่งความดี ความละมุน และความกล้าหาญ
บุลภัทร,ผู้มีความละมุน ความดีงามเป็นมงคล และความมั่นคง
บุลลา,ผู้มีความละมุนและความอ่อนโยนสง่างาม
บุลวัชร,ผู้มีความละมุน เพชร และความมั่นคงสูงส่ง
บุศบก,บุษบก เรือนยอดงดงามอันประณีต
บุศรา,ผู้มีความมุ่งมั่นและความอ่อนโยนสง่างาม
บุษกร,ผู้สร้างดอกไม้หรือแสงงาม
บุษกล,ผู้มีดอกไม้และความละมุน
บุษบง,ดอกไม้ ผู้สดใสงดงาม
บุษบรรณ,ดอกไม้ ผู้สดใสงดงาม
บุษบัณ,ผู้เปี่ยมด้วยฐานะแห่งความดี
บุษบัน,ดอกไม้ผู้สดใสงดงาม
บุษบา,ดอกไม้ ผู้สดใสงดงาม
บุษบาคม,ฤดูแห่งดอกไม้หรือช่วงเวลาอันงดงาม
บุษบาบัณ,ผู้เปี่ยมด้วยฐานะแห่งความดี
บุษปภัทร,ดอกไม้ ผู้สดใสงดงามและผู้ดีงามเป็นมงคล
บุษปรัชต์,ดอกไม้ ผู้สดใสงดงาม
บุษปวัน,วันแห่งดอกไม้หรือสวนดอกไม้อันงดงาม
บุษย์,ดอกไม้หรือสิ่งงดงาม
บุษยมาส,เดือนอันงดงามและเป็นมงคล
บุษยา,ผู้มีดอกไม้และความอ่อนโยนสง่างาม
บุษราคัม,ผู้มีรัศมีงดงามดุจดอกไม้และอัญมณีสีเหลืองอันล้ำค่า
บุหงา,ดอกไม้หอมหรือบุปผา
บุหรง,ผู้เปี่ยมด้วยดอกไม้หอม
บุหลัน,ดวงจันทร์ ผู้เย็นงาม
บูชิต,ผู้เปี่ยมด้วยความบูชา
บูรณ์,ผู้บริบูรณ์สมบูรณ์และผู้สมบูรณ์ครบถ้วน
บูรณ์ชัย,ผู้บริบูรณ์สมบูรณ์ ผู้สมบูรณ์ครบถ้วน และผู้มีชัยชนะ
บูรณ์ไชย,ผู้บริบูรณ์สมบูรณ์ ผู้สมบูรณ์ครบถ้วน และผู้มีชัยชนะ
บูรณ์พิพัฒน์,ผู้บริบูรณ์สมบูรณ์ ผู้สมบูรณ์ครบถ้วน และผู้เจริญก้าวหน้า
บูรณ์พิภพ,ผู้บริบูรณ์สมบูรณ์และผู้สมบูรณ์ครบถ้วน
บูรณ์พิสิฐ,ผู้บริบูรณ์สมบูรณ์และผู้สมบูรณ์ครบถ้วน
บูรณมาส,ผู้สมบูรณ์ครบถ้วนและผู้มาถึงพร้อมความดี
บูรณมี,ผู้สมบูรณ์ครบถ้วนและผู้มั่งมี
บูรณ์รวิศร์,ผู้บริบูรณ์สมบูรณ์ ผู้สมบูรณ์ครบถ้วน และผู้เป็นใหญ่ดุจดวงอาทิตย์
บูรณ์วริทธิ์,ผู้บริบูรณ์สมบูรณ์ ผู้สมบูรณ์ครบถ้วน และผู้สำเร็จอันประเสริฐ
บูรณ์วิรัช,ผู้บริบูรณ์สมบูรณ์ ผู้สมบูรณ์ครบถ้วน และผู้รุ่งเรืองปราศจากมลทิน
บูรณ์วิวัฒน์,ผู้บริบูรณ์สมบูรณ์ ผู้สมบูรณ์ครบถ้วน และผู้เจริญพัฒนา
บูรณ์วิสิษฐ์,ผู้บริบูรณ์สมบูรณ์ ผู้สมบูรณ์ครบถ้วน และผู้ยอดเยี่ยมพิเศษ
บูรณิน,ผู้สมบูรณ์ครบถ้วน
บูรณิมา,ผู้สมบูรณ์ครบถ้วนและผู้มาถึงพร้อมความดี
บูรณี,ผู้สมบูรณ์ครบถ้วน
บูรพา,ทิศตะวันออกหรือเบื้องหน้าอันรุ่งเรือง
บูละ,ผู้มีความบูชาและความละมุน
เบญจมภร,ผู้มีห้าประการอันครบถ้วนและผู้ค้ำจุน
เบญจรักษ์,ผู้มีห้าประการอันครบถ้วน ผู้ปกป้องรักษา และผู้เป็นที่รัก
เบญจรักษ์,ผู้มีห้าประการอันครบถ้วน ผู้ปกป้องรักษา และผู้เป็นที่รัก
เบญจวรรณ,
เบญจวรรณ์,ผู้มีห้าประการอันครบถ้วน ผู้มีวรรณะงดงาม และผู้ประเสริฐ
เบญจา,"เบญจ (ปญฺจ: ห้า) + อา (คำท้ายที่ทำให้ชื่อไพเราะ) = ผู้มีคุณลักษณะห้าประการอันดีงาม, ผู้มีค่าห้าประการ (มักใช้ในชื่อสตรี)"
เบญชญา,ผู้มีความรู้ครบถ้วนห้าประการ
เบญอิบรอน,ผู้เปี่ยมด้วยความเป็นสิริมงคลเฉพาะตน
เบ็บ,ผู้เปี่ยมด้วยความเป็นสิริมงคลเฉพาะตน
เบรน,"เป็นชื่อที่มาจากภาษาต่างประเทศ ไม่สามารถวิเคราะห์รากศัพท์บาลี-สันสกฤต หรือหาความหมายในพจนานุกรมฉบับราชบัณฑิตยสถานได้ ชื่อ 'Brian' ในภาษาไอริชมีความหมายว่า 'สูงส่ง, เข้มแข็ง'"
เบรนดอน,เป็นชื่อที่มาจากภาษาต่างประเทศ ไม่สามารถวิเคราะห์รากศัพท์บาลี-สันสกฤต หรือหาความหมายในพจนานุกรมฉบับราชบัณฑิตยสถานได้ ชื่อ 'Brandon' ในภาษาอังกฤษมีความหมายว่า 'เนินเขาที่ปกคลุมด้วยไม้กวาด'
เบล,เป็นชื่อที่มาจากภาษาต่างประเทศ ไม่สามารถวิเคราะห์รากศัพท์บาลี-สันสกฤต หรือหาความหมายในพจนานุกรมฉบับราชบัณฑิตยสถานได้ ชื่อ 'Belle' ในภาษาฝรั่งเศสมีความหมายว่า 'สวยงาม'
เบลน,"เป็นชื่อที่มาจากภาษาต่างประเทศ ไม่สามารถวิเคราะห์รากศัพท์บาลี-สันสกฤต หรือหาความหมายในพจนานุกรมฉบับราชบัณฑิตยสถานได้ ชื่อ 'Blaine' ในภาษาไอริช-สกอตแลนด์มีความหมายว่า 'ผอม, เหลือง' หรือ 'มุม'"
เบลม,เป็นชื่อที่มาจากภาษาต่างประเทศ ไม่สามารถวิเคราะห์รากศัพท์บาลี-สันสกฤต หรือหาความหมายในพจนานุกรมฉบับราชบัณฑิตยสถานได้ หากมาจาก 'Blame' ในภาษาอังกฤษจะหมายถึง 'การตำหนิ' ซึ่งไม่เป็นมงคล
เบลล์,เป็นชื่อที่มาจากภาษาต่างประเทศ ไม่สามารถวิเคราะห์รากศัพท์บาลี-สันสกฤต หรือหาความหมายในพจนานุกรมฉบับราชบัณฑิตยสถานได้ ชื่อ 'Belle' ในภาษาฝรั่งเศสมีความหมายว่า 'สวยงาม' หรือ 'Bell' ในภาษาอังกฤษหมายถึง 'ระฆัง'
เบิร์ก,เป็นชื่อที่มาจากภาษาต่างประเทศ ไม่สามารถวิเคราะห์รากศัพท์บาลี-สันสกฤต หรือหาความหมายในพจนานุกรมฉบับราชบัณฑิตยสถานได้ ชื่อ 'Burk/Berg' ในภาษาเยอรมันมีความหมายว่า 'ภูเขา' หรือ 'ป้อมปราการ'
เบิร์น,เป็นชื่อที่มาจากภาษาต่างประเทศ ไม่สามารถวิเคราะห์รากศัพท์บาลี-สันสกฤต หรือหาความหมายในพจนานุกรมฉบับราชบัณฑิตยสถานได้ ชื่อ 'Byrne' ในภาษาไอริชมีความหมายว่า 'ลูกหลานของนักรบ' หรือ 'Bern' จากภาษาเยอรมันหมายถึง 'หมี'
ใบตอง,เป็นคำไทยแท้ ไม่ใช่รากศัพท์บาลี-สันสกฤตหรือคำสมาส/สนธิ หมายถึง ใบของต้นกล้วย (หรือพืชอื่นๆ) ซึ่งมักสื่อถึงความร่มเย็น ความอุดมสมบูรณ์ และความเป็นธรรมชาติ
ใบบัว,ผู้บริสุทธิ์งดงามดุจดอกบัวและใบแห่งดอกบัว สื่อถึงความบริสุทธิ์
ใบปอ,ผู้เรียบง่าย งอกงาม และเป็นประโยชน์
ใบไหม,"ใบ (ไทย: ใบไม้) + ไหม (ไทย: เส้นใยไหม, ความละเอียดอ่อนและงดงาม) (คำผสม) = ผู้ละเอียดอ่อนงดงามดุจเส้นไหม"
ปกรณ์ชัย,"ปกรณ์ (ปกรณฺ: ตำรา, คัมภีร์, เครื่องมือ) + ชัย (ชย: ความชนะ, ชัยชนะ) = ผู้มีตำราแห่งชัยชนะ, ผู้มีเครื่องมือที่นำมาซึ่งชัยชนะ"
ปคุณ,ผู้มีคุณความดี
ปคุณา,ผู้มีคุณความดี
ปคุนา,ผู้มีคุณความดี
ปงศ์ปณต,"ปงศ์ (พงฺส: เชื้อสาย, วงศ์ตระกูล) + ปณต (ปณตฺ: นอบน้อม, เคารพ) = ผู้มีเชื้อสายที่นอบน้อม, ผู้เป็นวงศ์ตระกูลแห่งความเคารพ"
ปฎก,"ปฎก (ปฏก: ตะกร้า, กระบุง, ภาชนะสาน) = ผู้เป็นภาชนะสำหรับรวบรวมสิ่งดีงามหรือความอุดมสมบูรณ์"
ปฏษฏิ์,ไม่พบรากศัพท์บาลี-สันสกฤต หรือความหมายในพจนานุกรมฉบับราชบัณฑิตยสถาน คาดว่าเป็นการสะกดที่ไม่เป็นไปตามหลัก หรือเป็นคำเฉพาะที่ไม่ได้ใช้โดยทั่วไป
ปฏิคม,"ปฏิ (ปติ: อุปสรรค, หมายถึง ตอบ, ทวน, เฉพาะ) + คม (คมฺ: ไป, ถึง, มา) = ผู้ต้อนรับแขก, ผู้รับรอง (ผู้ที่เข้ามาต้อนรับหรือให้บริการ)"
ปฏิญญา,"ปฏิ (ปติ: อุปสรรค, หมายถึง ตอบ, ทวน, เฉพาะ) + ญา (ญา: ความรู้, รู้) = การให้คำมั่นสัญญา, การรับรองด้วยความรู้"
ปฏิญาณ,ผู้มีคำมั่นสัญญาอันแน่วแน่
ปฏิพน,"ปฏิ (ปติ: อุปสรรค, หมายถึง ตอบ, กลับ) + พน (มาจาก พนฺธ: การผูกพัน, การตอบแทน) = ผู้ตอบแทนความดี, ผู้มีความผูกพันในการตอบสนอง"
ปฏิรูป,ผู้เปลี่ยนแปลงไปสู่รูปแบบที่ดี
ปฏิเวท,ผู้รู้แจ้งด้วยประสบการณ์และผู้มีความรู้
ปฏิษฏิ์,ผู้เปี่ยมด้วยการตั้งมั่น
ปฐพี,แผ่นดิน ผู้มั่นคงและกว้างใหญ่
ปฐมฌาน,ผู้เป็นเบื้องต้นอันดีและผู้มีสมาธิและปัญญาลึกซึ้ง
ปฐมวิชญ์,"ปฐม (แรก, ที่หนึ่ง) + วิชญ์ (ผู้รู้, ความรู้) = ผู้มีความรู้เป็นเลิศเป็นอันดับแรก"
ปฐมา,ผู้เป็นเบื้องต้นอันดีและผู้มาถึงพร้อมความดี
ปฐวิกรณ์,ผู้สร้างสรรค์บนแผ่นดิน
ปณณธิช,ผู้มีความรู้จากหนังสือและปัญญา
ปณณวิชญ์,นักปราชญ์แห่งหนังสือ
ปณิตา,"ปณิตา (ผู้ได้รับการยกย่อง, ผู้ฉลาด, ผู้ประณีต) = ผู้ได้รับการยกย่อง ผู้ฉลาดปราดเปรื่อง และมีความประณีตงดงาม"
ปณิธิ,"ปณิธิ (การตั้งใจ, การตั้งความปรารถนา, การอธิษฐาน) = ผู้มีความตั้งใจอันแน่วแน่และมีปณิธานสูงส่ง"
ปณิศา,"ปณิ (ปัญญา, ความประเสริฐ) + อิสา (เจ้า, ผู้เป็นใหญ่) = เจ้าแห่งปัญญา, ผู้เป็นใหญ่ด้วยความรู้"
ปธานิน,"ปธาน (ความเพียร, ความพยายาม) + อิน (ผู้มี) = ผู้มีความเพียรพยายาม, ผู้เป็นใหญ่ด้วยความเพียร"
ปธานินท์,ผู้ตั้งมั่นและเพียรพยายาม
ปนัดดา,"ปนัดดา (เหลน, ผู้สืบทอด) = ผู้เป็นที่สืบทอด, ทายาท"
ปพน,"ปพน (สะอาด, บริสุทธิ์) = ผู้มีความสะอาดบริสุทธิ์"
ปพนธนัย,"ปพน (สะอาด, บริสุทธิ์) + ธนัย (ผู้มีทรัพย์) = ผู้บริสุทธิ์และมีทรัพย์, ผู้มีทรัพย์อันบริสุทธิ์"
ปพนธีร์,"ปพน (สะอาด, บริสุทธิ์) + ธีร์ (ผู้ฉลาด, ผู้มีปัญญา) = ผู้บริสุทธิ์และฉลาด, นักปราชญ์ผู้บริสุทธิ์"
ปภังกร,"ปภา (แสงสว่าง, ความรุ่งเรือง) + กร (ผู้สร้าง, ผู้กระทำ) = ผู้สร้างแสงสว่าง, ผู้ทำให้เกิดความรุ่งเรือง"
ปภาณ,"ปภาณ (ผู้พูด, ผู้กล่าว) = ผู้มีความสามารถในการกล่าววาจาอันไพเราะ"
ปภาวิน,"ปภา (แสงสว่าง, ความรุ่งเรือง) + วิน (ผู้มี) = ผู้มีแสงสว่าง, ผู้มีความรุ่งเรือง"
ปภินวิช,"ปภิน (การแยกแยะ, แตกฉาน) + วิช (ความรู้, ผู้รู้) = ผู้มีความรู้แตกฉาน, ผู้สามารถแยกแยะความรู้ได้"
ปรณ,ผู้มุ่งไปข้างหน้า
ปรมภัค,ผู้สูงสุดและประเสริฐยิ่งและผู้มีโชค
ปรมะ,"ปรมะ (ยอดเยี่ยม, สูงสุด, เลิศ) = ผู้เป็นเลิศ, ผู้สูงสุด"
ปรมะกร,ผู้สูงสุดและประเสริฐยิ่ง
ปรมะภัค,ผู้สูงสุดและประเสริฐยิ่งและผู้มีโชค
ปรมะเวท,ผู้สูงสุดและประเสริฐยิ่งและผู้มีความรู้
ปรมัตถ์,"ปรม (สูงสุด, ยอดเยี่ยม) + อัตถ์ (ประโยชน์, ความจริง) = ผู้มีประโยชน์สูงสุด, ผู้เข้าถึงความจริงอันเป็นที่สุด"
ปรมินทร์,ผู้สูงสุดและประเสริฐยิ่งและผู้เป็นใหญ่สูงสุด
ปรรณ,ผู้มีฐานะแห่งความดีและความกล้าหาญ
ปรรณกร,ผู้มีฐานะแห่งความดี ความกล้าหาญ และความมั่นคงสูงส่ง
ปรรณภัค,ใบไม้หรือหนังสือแห่งความรู้และผู้มีโชค
ปรรณรัก,ใบไม้หรือหนังสือแห่งความรู้และผู้เป็นที่รัก
ปรรณวัชร,ใบไม้หรือหนังสือแห่งความรู้และผู้แข็งแกร่งดุจเพชร
ปรรณวิสิฐ,ผู้มีฐานะแห่งความดีและความกล้าหาญ
ปรรนิกร์,ผู้เปี่ยมด้วยความยอดเยี่ยม
ปรวรรษ,ผู้เกี่ยวกับฝนหรือปีอันอุดมและผู้ประเสริฐ
ปรวัน,ผู้เปี่ยมด้วยความยอดเยี่ยม
ประกรณ์,เครื่องประกอบหรือผู้จัดทำอย่างสมบูรณ์
ประกรณ์,เครื่องประกอบหรือผู้จัดทำอย่างสมบูรณ์
ประกอบ,"ประ (ยิ่ง, วิเศษ) + กอบ (กระทำ, สร้าง) = ผู้สร้างสรรค์, ผู้จัดทำสิ่งต่างๆ ด้วยความสามารถ"
ประครอง,ผู้เปี่ยมด้วยความยอดเยี่ยม
ประครอง,ผู้เปี่ยมด้วยความยอดเยี่ยม
ประคอง,ผู้ค้ำจุนและดูแลอย่างอ่อนโยน
ประคัลภ์,ผู้มีความยอดเยี่ยมและความละมุน
ประคำนอก,ผู้เปี่ยมด้วยทองคำ
ประคุณ,ผู้มีคุณงามความดี
ประจงจัด,ผู้จัดทำอย่างประณีตตั้งใจ
ประจงจัด,ผู้จัดทำอย่างประณีตตั้งใจ
ประจวบ,ผู้มาพบพานกันโดยเหมาะสม
ประเจตน์,ผู้มีความตั้งใจชัดเจน
ประเชิญ,ผู้เชื้อเชิญด้วยไมตรี
ประณต,ผู้นอบน้อม
ประณพ,"ประ (ยิ่ง, วิเศษ) + ณพ (การนอบน้อม, เสียงโอมอันเป็นมงคล) = ผู้มีความนอบน้อมอันประเสริฐ, ผู้เป็นมงคล"
ประณม,ผู้ไหว้นอบน้อม
ประณิธิ,ผู้ตั้งความปรารถนาดีไว้มั่น
ประไณย,"ประ (ยิ่ง, วิเศษ) + ไณย (ควรแก่การนำ, ควรแก่การชี้แนะ) = ผู้ที่พึงได้รับการชี้แนะสั่งสอน, ผู้ควรแก่การนำไปสู่สิ่งที่ดี"
ประดิษฐ์,ผู้สร้างสรรค์
ประดิษฐา,ผู้สร้างสรรค์และผู้ตั้งมั่นและสร้างสรรค์
ประทวน,ผู้เปี่ยมด้วยความยอดเยี่ยม
ประทักษ์,ผู้รักษาและคุ้มครอง
ประธาน,ผู้นำหรือผู้เป็นใหญ่
ประนอม,ผู้ประสานให้อ่อนโยนกลมกลืน
ประไพ,ผู้สวยงามผ่องใส
ประภวิษณุ์,"ประภว (กำเนิด, อำนาจ, ความเจริญ) + อิษณุ์ (ปัจจัยแสดงอำนาจ) = ผู้มีอำนาจยิ่งใหญ่, ผู้บังเกิดความเจริญรุ่งเรือง"
ประมณฑ์,"ประ- (ยิ่ง, เลิศ) + มณฑ์ (การประดับ, ความสวยงาม) = ผู้ประเสริฐเลิศล้ำ, ความงดงามอันประเสริฐ"
ประมนัส,ผู้มีใจเบิกบาน
ประวัณ,ผู้เปี่ยมด้วยฐานะแห่งความดี
ประวันวิทย์,"ประ- (ยิ่ง, เลิศ) + วัน (วรรณะ, ความดีงาม, ความงาม) + วิทย์ (ความรู้) = ผู้มีความรู้ดีเลิศ, ผู้มีความรู้เป็นเลิศในทุกด้าน"
ประวาลปัทม์,ดอกบัวสีปะการังอันงดงาม
ประวิชญา,ผู้มีความรู้แจ้ง
ประวีณ,"ประ- (ยิ่ง, เลิศ) + วีณ (เชี่ยวชาญ, ชำนาญ, ฉลาด) = ผู้ฉลาดเฉลียว, ผู้เชี่ยวชาญชำนาญเป็นเลิศ"
ประวีร์,"ประ- (ยิ่ง, เลิศ) + วีร์ (กล้าหาญ, วีรบุรุษ) = ผู้กล้าหาญอย่างยิ่ง, วีรบุรุษผู้ประเสริฐ"
ประสพ,ผู้ประสบความสำเร็จ
ประสิทธิ์,ผู้ทำให้สำเร็จ ผู้มีความสำเร็จและสิทธิอันชอบ และผู้มีความสำเร็จ
ปรัก,ผู้เปี่ยมด้วยความยอดเยี่ยม
ปรัชญ์ชัย,"ปรัชญ์ (ปัญญาความรู้) + ชัย (ความชนะ) = ผู้มีชัยชนะด้วยปัญญา, ปัญญาอันนำมาซึ่งชัยชนะ"
ปรัชญ์ธนัช,นักปราชญ์ผู้มีปัญญาและผู้มีทรัพย์
ปรัชญ์พงศ์,"ปรัชญ์ (ปัญญาความรู้) + พงศ์ (เชื้อสาย, ตระกูล) = ผู้มีเชื้อสายแห่งปัญญา, ตระกูลผู้มีปัญญา"
ปรัชญา,"ปรัชญา (ปัญญาความรู้, ความรู้รอบ) = ปัญญาความรู้, ความรู้รอบ, การรู้แจ้ง"
ปรัชญาธรรศ,ผู้มีปัญญาและหลักคิด ผู้มีความรู้ และผู้ค้ำจุน
ปรัชญานันท์,ผู้มีปัญญาและหลักคิดและผู้มีความรู้
ปรัญ,"ปรัญ (ปัญญา, ความรู้) = ผู้มีปัญญา, ผู้มีความรู้ (ย่อมาจาก ปรัชญา หรือ ปรัญญุ)"
ปรัญวิชญ์,ผู้มีปัญญา ความรู้ และนักปราชญ์
ปรัตถ์,"ปร (อื่น) + อัตถ์ (ประโยชน์) = ประโยชน์เพื่อผู้อื่น, เพื่อประโยชน์ของผู้อื่น"
ปรัธนา,ผู้มีทรัพย์และความอ่อนโยนสง่างาม
ปราญชล,ผู้ฉลาดและเย็นใสดุจน้ำ
ปราณจักร,พลังชีวิตอันหมุนเคลื่อนไป
ปราณชัย,"ปราณ (ลมหายใจ, ชีวิต) + ชัย (ความชนะ) = ผู้มีชัยชนะแห่งชีวิต, ชัยชนะของลมหายใจแห่งชีวิตอันยืนยาว"
ปราณต์,ผู้มีพลังชีวิต
ปราณนต์,"ปราณ (ลมหายใจ, ชีวิต) + อนนต์ (ไม่มีที่สิ้นสุด, ยืนยาว) = ผู้มีลมหายใจอันเป็นนิรันดร์, ผู้มีชีวิตยืนยาว"
ปราณี,"ปราณี (ผู้มีชีวิต, ผู้มีความเมตตากรุณา) = ผู้มีชีวิต, ผู้มีความเมตตากรุณา"
ปราณีต,"ปราณีต (ละเอียดอ่อน, งดงาม, ยอดเยี่ยม) = งดงามละเอียดอ่อน, ยอดเยี่ยม, เลิศล้ำ"
ปรานต์,"ปรานต์ (ที่สุด, ที่สุดยอด, ที่ดีที่สุด) = ที่สุด, ที่สุดยอด, ผู้เป็นเลิศ"
ปริชญ์,ผู้เปี่ยมด้วยปัญญา
ปริชญา,ผู้มีความรู้รอบและผู้มีความรู้
ปริชวัน,ผู้เปี่ยมด้วยความว่องไว
ปริญ,"ปริญ (ความรู้รอบ, ความรู้แจ้ง) = ผู้มีความรู้รอบ, ผู้รู้แจ้ง (ย่อมาจาก ปริญญา)"
ปริญญา,"ปริญญา (ความรู้รอบ, การกำหนดรู้) = ความรู้รอบ, การกำหนดรู้, การสอบไล่วิชาชั้นสูง"
ปริญญาวรรธน์,ผู้มีความรู้รอบ ผู้มีทรัพย์ และผู้เจริญงอกงาม
ปริญญาวัชร,ผู้มีความรู้รอบและผู้แข็งแกร่งดุจเพชร
ปริญญาวัชร์,ผู้มีความรู้รอบและผู้แข็งแกร่งดุจเพชร
ปริณ,"ปริณ (สมบูรณ์, เป็นเลิศ, รอบรู้) = ผู้สมบูรณ์, ผู้เป็นเลิศ, ผู้มีความรู้รอบ"
ปริณญา,ผู้มีความรู้และความอ่อนโยนสง่างาม
ปริณวิชญ์,"ปริณ (สมบูรณ์, เป็นเลิศ) + วิชญ์ (ผู้รู้, ฉลาด) = ผู้มีความรู้สมบูรณ์, ผู้ฉลาดรอบรู้เป็นเลิศ"
ปริณวินท์,"ปริณ (สมบูรณ์, เป็นเลิศ) + วินท์ (ได้มา, การได้) = ผู้ได้มาซึ่งความสมบูรณ์, ผู้บรรลุความสมบูรณ์"
ปริณาห์,ผู้เปี่ยมด้วยฐานะแห่งความดี
ปริตรต์,"ปริตร (มาจาก บาลี: ปริตฺต หมายถึง การคุ้มครอง, การป้องกัน) = ผู้คุ้มครอง, ผู้ปกป้อง"
ปริเตนัง,ผู้เปี่ยมด้วยความรอบรู้
ปริทร,ผู้มีความรอบรู้ ความมั่นคง และความมั่นคงสูงส่ง
ปรินทร,ผู้มีความรอบรู้ ความอ่อนละมุนดุจสายน้ำ และความมั่นคง
ปรินทร์,ผู้มีความรอบรู้ ความอ่อนละมุนดุจสายน้ำ และความเป็นใหญ่
ปริภัทร์,ผู้มีความรอบรู้ ความดีงามเป็นมงคล และความมั่นคง
ปริม,ผู้เป็นที่รักและเต็มเปี่ยม
ปริมล,ผู้มีความรอบรู้และความละมุน
ปริเยศ,ผู้เป็นที่รักและเป็นใหญ่
ปริวัชร,ผู้แข็งแกร่งล้ำค่ารอบด้าน
ปริษา,ผู้มีความรอบรู้และความอ่อนโยนสง่างาม
ปรีชา,"ปรี (สันสกฤต: ปฺร หมายถึง ยิ่ง, เหนือกว่า) + ชา (จาก สันสกฤต: ชฺญา, บาลี: ญา หมายถึง รู้, ปัญญา) = ปัญญาความสามารถอันยิ่ง, ความฉลาดรอบรู้"
ปรีย์นันท์,ผู้เป็นที่รักและน่าพอใจ ผู้เป็นที่รัก และผู้เป็นที่เคารพ
ปรียปราณ,ผู้เป็นที่รัก
ปรีย์วรา,ผู้เป็นที่รักและน่าพอใจ ผู้เป็นที่รัก และผู้เป็นที่เคารพ
ปรียาภรณ์,"ปรียา (บาลี-สันสกฤต: ปฺริย หมายถึง ที่รัก, เป็นที่พอใจ) + ภรณ์ (สันสกฤต: ภรณ หมายถึง เครื่องประดับ) = เครื่องประดับอันเป็นที่รัก, ผู้เป็นดุจเครื่องประดับอันเป็นที่รัก"
ปรุฬห์,"ปรุฬห์ (บาลี: ปรุฬฺห หมายถึง เจริญแล้ว, งอกงามแล้ว) = ผู้เจริญเติบโต, ผู้มีแต่ความงอกงาม"
ปรุฬห์ไชย,ผู้ยิ่งใหญ่และมีชัยชนะ
ปรุฬห์ธิป,ผู้ยิ่งใหญ่และเป็นใหญ่
ปรุฬห์วัชร,ผู้ยิ่งใหญ่แข็งแกร่งดุจเพชร
ปรุฬห์วิชญ์,นักปราชญ์ผู้ยิ่งใหญ่
ปรุฬห์ศิลป์,ผู้ยิ่งใหญ่ในศิลปะ
ปฤษฎี,"ปฤษฺฐ (สันสกฤต: ปฤษฺฐ หมายถึง หลัง, ผิวหน้า, ยอด, ส่วนบนสุด) = ผู้มีความโดดเด่น, ผู้เป็นเลิศ (ในความหมาย 'ยอด')"
ปฤษนี,"ปฤษฺนิ (สันสกฤต: ปฤษฺนิ หมายถึง มีด่าง, หลากสี, มีรัศมี) = ผู้มีความหลากหลายงดงาม, ผู้มีรัศมีอันเจิดจ้า"
ปลัญช์ณกรณ์,ผู้มีฐานะแห่งความดี ความละมุน และความกล้าหาญ
ปลัญช์ธนกฤต,ผู้มีความโดดเด่นล้ำค่า ผู้สร้างทรัพย์สำเร็จ และทรัพย์
ปวร,ผู้ประเสริฐยิ่งและผู้ประเสริฐ
ปวรชญา,ผู้ประเสริฐยิ่ง ผู้มีความรู้ และผู้ประเสริฐ
ปวรปรัชญ์,ผู้ประเสริฐยิ่ง นักปราชญ์ผู้มีปัญญา และผู้ประเสริฐ
ปวรรุจ,ผู้ประเสริฐยิ่งและผู้ประเสริฐ
ปวรวรรณ,ผู้ประเสริฐยิ่ง ผู้มีวรรณะงดงาม และผู้ประเสริฐ
ปวรวิช,ผู้ประเสริฐยิ่งและผู้ประเสริฐ
ปวรสิทธิ์,ผู้ประเสริฐยิ่ง ผู้มีความสำเร็จและสิทธิอันชอบ และผู้มีความสำเร็จ
ปวรา,ผู้ประเสริฐยิ่งและผู้ประเสริฐ
ปวริศ,ผู้ประเสริฐยิ่ง ผู้เป็นใหญ่และประเสริฐ และผู้ประเสริฐ
ปวริศร,ผู้ประเสริฐยิ่ง ผู้เป็นใหญ่และประเสริฐ และผู้ประเสริฐ
ปวริศร์,ผู้ประเสริฐยิ่ง ผู้เป็นใหญ่และประเสริฐ และผู้ประเสริฐ
ปวเรศ,ผู้มีความเป็นใหญ่ประเสริฐและความเป็นใหญ่
ปวัน,ผู้มีความบริสุทธิ์ดุจสายลมและวันอันเป็นมงคล
ปวิช,"ป (บาลี-สันสกฤต: ปฺร หมายถึง ยิ่ง, บริสุทธิ์) + วิช (จาก บาลี-สันสกฤต: วิชฺญ หมายถึง ผู้รู้, ฉลาด) = ผู้รู้แจ้ง, ผู้มีความรู้ที่ลึกซึ้ง"
ปวิชญา,"ป (บาลี-สันสกฤต: ปฺร หมายถึง ยิ่ง, บริสุทธิ์) + วิชญา (จาก บาลี-สันสกฤต: วิชฺญา หมายถึง ความรู้แจ้ง, ปัญญา) = ผู้มีปัญญาอันบริสุทธิ์, ผู้รู้แจ้งในสรรพวิชา"
ปวิธ,ผู้มีแนวทางอันประเสริฐ แนวทางปัญญา และการค้ำจุน
ปวินท์,ผู้มีชัยชนะอันประเสริฐและผู้มีชัยชนะ
ปวินท์ธนาธร,ผู้มีชัยชนะอันประเสริฐ ผู้ค้ำจุน และผู้มีทรัพย์
ปวินทร,ผู้เป็นใหญ่ด้วยชัยชนะและผู้มีชัยชนะ
ปวิมล,ผู้บริสุทธิ์ประเสริฐและผู้บริสุทธิ์ผ่องใส
ปวีณ์,"ปวีณ์ (สันสกฤต: ปฺรวีณ หมายถึง ฉลาด, เชี่ยวชาญ, ชำนาญ) = ผู้ฉลาดเฉลียว, ผู้เชี่ยวชาญชำนาญ"
ปวีณพงศ์,"ปวีณ (สันสกฤต: ปฺรวีณ หมายถึง ฉลาด, เชี่ยวชาญ) + พงศ์ (บาลี-สันสกฤต: วงฺส/วํศ หมายถึง ตระกูล, เชื้อสาย) = ผู้สืบเชื้อสายอันฉลาดเฉลียว, ตระกูลผู้มีความเชี่ยวชาญ"
ปวีณวรรณ,"ปวีณ (สันสกฤต: ปฺรวีณ หมายถึง ฉลาด, เชี่ยวชาญ) + วรรณ (บาลี-สันสกฤต: วณฺณ/วรฺณ หมายถึง ผิวพรรณ, คุณลักษณะ) = ผู้มีคุณลักษณะอันโดดเด่นและฉลาดเฉลียว"
ปวีณศักดิ์,"ปวีณ (สันสกฤต: ปฺรวีณ หมายถึง ฉลาด, เชี่ยวชาญ) + ศักดิ์ (สันสกฤต: ศกฺติ หมายถึง อำนาจ, เกียรติ) = ผู้ทรงอำนาจและเกียรติด้วยความฉลาด, ผู้มีความสามารถอันเชี่ยวชาญ"
ปวีร์,"ปวีร์ (สันสกฤต: ปฺรวีร หมายถึง วีรบุรุษ, ผู้กล้าหาญ, ผู้ยอดเยี่ยม) = วีรบุรุษผู้กล้าหาญ, ผู้ยอดเยี่ยม"
ปษิญา,ผู้มีปัญญาแหลมคม ความรู้ และความอ่อนโยนสง่างาม
ปองคุณ,ผู้มีความมุ่งหวังและคุณธรรม
ปองจอมทอง,
ปองธรรม,ผู้มุ่งหวัง ผู้ค้ำจุน และผู้ตั้งมั่นในธรรม
ป้องปิ่น,ผู้ปกป้องคุ้มครองและเครื่องประดับศีรษะ ผู้เป็นยอดแห่งความงาม
ป้องปิ่น,ผู้ปกป้องคุ้มครองและเครื่องประดับศีรษะ ผู้เป็นยอดแห่งความงาม
ปองรัก,"ปอง (คำไทย: มุ่งหวัง, ตั้งใจ) + รัก (คำไทย: ความรัก) = ผู้มุ่งหวังในความรัก, ผู้เป็นที่รักและปรารถนา"
ป้อมหิน,ผู้มีความมั่นคงคุ้มครองและความแข็งแกร่ง
ปะลาวัน,ผู้มีพลังแห่งวันใหม่และวันอันเป็นมงคล
ปักนอก,ผู้เปี่ยมด้วยความตั้งมั่น
ปักษธร,ผู้มีปีกหรือฝ่ายอันคุ้มครองและผู้ค้ำจุน
ปักษิน,ผู้มีปีกหรือฝ่ายอันคุ้มครองและนก ผู้มีอิสระและสูงส่ง
ปัจจรี,ผู้มีความเหมาะสมแห่งกาลและความสง่างาม
ปัจฉิมนันท์,ผู้มีความสุขสงบในปลายทางและความสุขยินดี
ปัญกร,ผู้มีปัญญา ผู้สร้างสรรค์ และความมั่นคงสูงส่ง
ปัญจ,ห้า ผู้ครบถ้วนในคุณงาม
ปัญจน,ห้า ผู้ครบถ้วนในคุณงาม
ปัญจนัท,ห้า ผู้ครบถ้วนในคุณงาม
ปัญจมา,ห้า ผู้ครบถ้วนในคุณงามและผู้มาถึงพร้อมความดี
ปัญจวิชญ์,ห้า ผู้ครบถ้วนในคุณงามและนักปราชญ์ผู้รู้
ปัญจวิโรจน์,ห้า ผู้ครบถ้วนในคุณงามและผู้รุ่งเรืองสว่างไสว
ปัญญ์,ผู้มีปัญญา
ปัญญภัทร,ผู้ดีงามเป็นมงคล
ปัญญา,ผู้มีปัญญา
ปัญญาวุธ,ผู้มีปัญญา
ปัญณวิชร์,
ปัญนิษา,ผู้มีปัญญา ความสงบเย็น และความอ่อนโยนสง่างาม
ปัญนิษา,ผู้มีปัญญา ความสงบเย็น และความอ่อนโยนสง่างาม
ปัฐน์,ผู้เปี่ยมด้วยความมั่นคงแห่งแผ่นดิน
ปัฐวิกรณ์,ผู้สร้างสรรค์บนแผ่นดิน
ปัณฑ์ณัฐ,บัณฑิตผู้มีปัญญาและนักปราชญ์ผู้มีปัญญา
ปัณฑ์ธร,บัณฑิตผู้มีปัญญาและผู้ค้ำจุน
ปัณณ์,"ปัณณ์ (บาลี: ปณฺณ หมายถึง ใบไม้, หนังสือ, ปัญญา, ผู้มีปัญญา) = ผู้มีปัญญา, ผู้รู้แจ้ง"
ปัณณณรงค์,"ปัณณ (บาลี: ปณฺณ หมายถึง ผู้มีปัญญา) + ณรงค์ (สันสกฤต: รณ หมายถึง การรบ, สงคราม) = นักปราชญ์ผู้กล้าหาญในการต่อสู้, ผู้ใช้ปัญญาเพื่อชัยชนะ"
ปัณณธร,"ปัณณ (บาลี: ปณฺณ หมายถึง ผู้มีปัญญา) + ธร (สันสกฤต: ธร หมายถึง ผู้ทรงไว้, ผู้รับไว้) = ผู้ทรงไว้ซึ่งปัญญา, ผู้รักษาความรู้"
ปัณณธัช,ใบไม้หรือหนังสือแห่งความรู้และผู้เป็นธงแห่งเกียรติ
ปัณณ์ธาวิน,ใบไม้หรือหนังสือแห่งความรู้ ผู้มีชัยชนะ และผู้ดำรงอยู่และมีชัย
ปัณณ์ธิภัช,ใบไม้หรือหนังสือแห่งความรู้และผู้มีปัญญาและโชค
ปัณณรีย์,ใบไม้หรือหนังสือแห่งความรู้และผู้เป็นที่เคารพ
ปัณณวรรธ,ใบไม้หรือหนังสือแห่งความรู้ ผู้เจริญงอกงาม และผู้ประเสริฐ
ปัณณวัชร,ใบไม้หรือหนังสือแห่งความรู้และผู้แข็งแกร่งดุจเพชร
ปัณณวัชร์,ใบไม้หรือหนังสือแห่งความรู้และผู้แข็งแกร่งดุจเพชร
ปัณณวิชญ์,"ปัณณ (บาลี: ปณฺณ หมายถึง ผู้มีปัญญา) + วิชญ์ (บาลี-สันสกฤต: วิชฺญ หมายถึง ผู้รู้, ผู้ฉลาด) = ผู้มีปัญญาและความรู้, ผู้รู้แจ้งซึ่งความฉลาด"
ปัณณวิชย์,ใบไม้หรือหนังสือแห่งความรู้
ปัณณิภัชร์,ใบไม้หรือหนังสือแห่งความรู้และผู้ดีงามดุจเพชร
ปัณภัค,ผู้มีโชค
ปัณรส,ผู้มีรสเสน่ห์
ปัทม์,ดอกบัว ผู้บริสุทธิ์งดงามและดอกบัวผู้บริสุทธิ์
ปัทมนันท์,ผู้มีดอกบัวบริสุทธิ์และความสุขยินดี
ปัทมวรรณ,ผู้มีวรรณะงดงามและผู้ประเสริฐ
ปัทมา,"ปัทมา (บาลี-สันสกฤต: ปทฺม + อา หมายถึง ดอกบัว) = ดอกบัว, หญิงงามบริสุทธิ์ดุจดอกบัว"
ปานเทพ,"ปาน (เพียงดัง, เสมือน) + เทพ (เทวดา, ผู้ศักดิ์สิทธิ์) = เสมือนเทพ, ดุจเทวดาผู้ประเสริฐ"
ปิญะณัฐ,นักปราชญ์ผู้เป็นที่รัก
ปิ่นกระจัน,เครื่องประดับงามดุจจันทร์เสี้ยว
ปิ่นใจ,เครื่องประดับศีรษะ ผู้เป็นยอดแห่งความงาม
ปินญา,ผู้มีปัญญา
ปิ่นนมัส,ผู้เป็นยอดแห่งการนอบน้อม
ปิ่นมนัส,เครื่องประดับศีรษะ ผู้เป็นยอดแห่งความงาม
ปิยธิดา,"ปิย (ที่รัก, เป็นที่รัก) + ธิดา (ลูกสาว) = ลูกสาวอันเป็นที่รัก, หญิงผู้เป็นที่รักยิ่ง"
ปิยะณัฐ,"ปิยะ (ที่รัก, เป็นที่รัก) + ณัฐ (นักปราชญ์) = นักปราชญ์ผู้เป็นที่รัก, ผู้มีความรู้เป็นที่รักของคนทั่วไป"
ปิลันธนา,เครื่องประดับอันงดงาม
ปีติภัทร,"ปีติ (ความอิ่มใจ, ความปลาบปลื้ม) + ภัทร (เจริญ, งาม, ดี, เป็นมงคล) = ผู้มีความปลาบปลื้มอันเป็นมงคล, ความสุขใจที่ดีงามเจริญ"
ปุณณดา,"ปุณณ (เต็ม, บริบูรณ์, ครบถ้วน) + ดา (ผู้หญิง) = หญิงผู้บริบูรณ์ด้วยคุณความดี, หญิงผู้ครบถ้วนสมบูรณ์"
ปุณณภพ,"ปุณณ (เต็ม, บริบูรณ์, ครบถ้วน) + ภพ (โลก, การมีอยู่, การเกิด) = ผู้มีความบริบูรณ์ในภพชาติ, ผู้มีความสมบูรณ์แห่งชีวิต"
ปุณยวีร์,"ปุณย (บุญ, คุณความดี) + วีร์ (กล้าหาญ, วีรบุรุษ, ผู้ประเสริฐ) = ผู้มีความดีงามและความกล้าหาญ, วีรบุรุษผู้มีบุญญาธิการ"
ปุริม,"ปุริม (เบื้องหน้า, ก่อน, แรก, เป็นเลิศ) = ผู้เป็นเบื้องหน้า, ผู้มาก่อนและเป็นเลิศด้วยคุณสมบัติ"
ปูรณ์,"ปูรณ์ (เต็ม, บริบูรณ์, สมบูรณ์) = ผู้ที่เต็มเปี่ยมบริบูรณ์, ผู้ที่สมบูรณ์พร้อม"
โปษัณ,"โปษัณ (การบำรุง, การเลี้ยงดู, การยังให้เจริญ) = ผู้บำรุงเลี้ยงให้เจริญ, ผู้ส่งเสริมให้งอกงาม"
ผงธร,ผู้มีความละเอียดอ่อน การค้ำจุน และความมั่นคงสูงส่ง
ผงธรรม,ผู้มีความละเอียดอ่อน การค้ำจุน และธรรมะ
ผงวร,ผู้มีความละเอียดอ่อน ความประเสริฐ และความมั่นคงสูงส่ง
ผงวิชญ์,ผู้มีความละเอียดอ่อน นักปราชญ์ และความรู้
ผงอนันต์,ผู้มีความละเอียดอ่อนและความไม่สิ้นสุด
ผชล,ผู้มีสายน้ำแห่งความเจริญและสายน้ำ
ผชลนันท์,ผู้มีสายน้ำแห่งความเจริญ ความสุขยินดี และสายน้ำ
ผชลภัทร,ผู้มีสายน้ำแห่งความเจริญ ความดีงามเป็นมงคล และสายน้ำ
ผชลวรา,ผู้มีสายน้ำแห่งความเจริญ ความประเสริฐ และสายน้ำ
ผไท,ผู้เป็นไทและมีอิสรภาพ
ผไทโชค,ผู้เป็นไทและมีอิสรภาพ
ผไทธรรม,ผู้เป็นไทและมีอิสรภาพ ผู้ค้ำจุน และผู้ตั้งมั่นในธรรม
ผไทธรา,ผู้เป็นไทและมีอิสรภาพและผู้ค้ำจุน
ผไทธวัช,ผู้เป็นไทและมีอิสรภาพ
ผไทนนท์,ผู้เป็นไทและมีอิสรภาพและผู้มีความสุขยินดี
ผไทนันท์,ผู้เป็นไทและมีอิสรภาพ
ผไทนับ,ผู้มีอิสรภาพและความรอบคอบ
ผไทนา,ผู้เป็นไทและมีอิสรภาพ
ผไทนารถ,ผู้เป็นไทและมีอิสรภาพ
ผไทนำ,ผู้เป็นไทและมีอิสรภาพ
ผไทมิน,ผู้มีอิสรภาพและความเป็นใหญ่
ผไทระริน,ผู้เป็นไทและมีอิสรภาพ
ผไทรัก,ผู้เป็นไทและมีอิสรภาพและผู้เป็นที่รัก
ผไทรัช,ผู้เป็นไทและมีอิสรภาพ
ผไทริน,ผู้เป็นไทและมีอิสรภาพ
ผไทรินทร์,ผู้เป็นไทและมีอิสรภาพ
ผไทรุจ,ผู้เป็นไทและมีอิสรภาพ
ผไทรุจา,ผู้เป็นไทและมีอิสรภาพ
ผไทรุจินนท์,ผู้เป็นไทและมีอิสรภาพและผู้มีความสุขยินดี
ผไทรุจิรา,ผู้เป็นไทและมีอิสรภาพ
ผไทโรจน์,ผู้เป็นไทและมีอิสรภาพ
ผไทล้วน,ผู้เป็นไทและมีอิสรภาพและผู้บริสุทธิ์ตรงแท้
ผไทลักษณ์,ผู้เป็นไทและมีอิสรภาพและผู้มีลักษณะงดงาม
ผไทวร,ผู้เป็นไทและมีอิสรภาพและผู้ประเสริฐ
ผไทวรินทร์,ผู้เป็นไทและมีอิสรภาพ ผู้ประเสริฐ และผู้เป็นใหญ่และประเสริฐ
ผไทวิชญ์,ผู้เป็นไทและมีอิสรภาพและนักปราชญ์ผู้รู้
ผไทวิน,ผู้เป็นไทและมีอิสรภาพและผู้มีชัยชนะ
ผไทวิมล,ผู้เป็นไทและมีอิสรภาพและผู้บริสุทธิ์ผ่องใส
ผไทวิโรจน์,ผู้เป็นไทและมีอิสรภาพและผู้รุ่งเรืองสว่างไสว
ผไทไว,ผู้เป็นไทและมีอิสรภาพและผู้ว่องไว
ผไทหลัก,ผู้เป็นไทและมีอิสรภาพและผู้เป็นหลักมั่นคง
ผไทหิรัญ,ผู้เป็นไทและมีอิสรภาพและผู้ล้ำค่าดุจเงินทอง
ผไทใหม่,ผู้เป็นไทและมีอิสรภาพและผู้สดใหม่
ผไทอดิเรก,ผู้เป็นไทและมีอิสรภาพและผู้ยิ่งใหญ่เป็นพิเศษ
ผไทอนันต์,ผู้เป็นไทและมีอิสรภาพและผู้ไม่มีที่สิ้นสุด
ผไทอภินันท์,ผู้เป็นไทและมีอิสรภาพและผู้มีความยินดียิ่ง
ผไทอรรถ,ผู้เป็นไทและมีอิสรภาพ ผู้มีความงามอ่อนหวาน และผู้มีสาระและความหมาย
ผไทอรุณ,ผู้เป็นไทและมีอิสรภาพ ผู้มีความงามอ่อนหวาน และผู้รุ่งเรืองดุจแสงอรุณ
ผไทอัคร,ผู้เป็นไทและมีอิสรภาพและผู้ยอดเยี่ยม
ผไทอานนท์,ผู้เป็นไทและมีอิสรภาพและผู้มีความสุขยินดี
ผไทอำนาจ,ผู้เป็นไทและมีอิสรภาพและผู้มีอำนาจบารมี
ผไทอำไพ,ผู้เป็นไทและมีอิสรภาพและผู้สว่างงดงาม
ผไทอิทธิ,ผู้เป็นไทและมีอิสรภาพและผู้มีอำนาจฤทธิ์
ผไทอิสรา,ผู้เป็นไทและมีอิสรภาพและผู้เป็นอิสระ
ผไทโอ,ผู้มีอิสรภาพและความกว้างใหญ่
ผไทโอดม,ผู้เป็นไทและมีอิสรภาพและผู้สมบูรณ์อุดม
ผไทโอฬาร,ผู้เป็นไทและมีอิสรภาพและผู้ยิ่งใหญ่กว้างขวาง
ผไทัช,ผู้มีอิสรภาพและการสัมผัสความสำเร็จ
ผไทัน,ผู้เปี่ยมด้วยอิสรภาพ
ผไทิช,ผู้มีอิสรภาพและการเกิดใหม่อันดี
ผบวร,ผู้มีความประเสริฐและความมั่นคงสูงส่ง
ผบวรนันท์,ผู้มีความประเสริฐและความสุขยินดี
ผบวรภัทร,ผู้มีความประเสริฐ ความดีงามเป็นมงคล และความมั่นคงสูงส่ง
ผบวรวรา,ผู้มีความประเสริฐและความอ่อนโยนสง่างาม
ผปฐม,ผู้เปี่ยมด้วยการเริ่มต้นอันดี
ผปฐมนันท์,ผู้มีการเริ่มต้นอันดีและความสุขยินดี
ผปฐมภัทร,ผู้มีการเริ่มต้นอันดี ความดีงามเป็นมงคล และความมั่นคงสูงส่ง
ผปฐมวรา,ผู้มีการเริ่มต้นอันดี ความประเสริฐ และความอ่อนโยนสง่างาม
ผปริญญา,ผู้มีความรู้รอบ ความรู้ และความอ่อนโยนสง่างาม
ผปริญญานันท์,ผู้มีความรู้รอบ ความสุขยินดี และความรู้
ผปริญญาวรา,ผู้มีความรู้รอบ ความประเสริฐ และความรู้
ผปัญญา,ผู้มีปัญญา ความรู้ และความอ่อนโยนสง่างาม
ผปัญญานันท์,ผู้มีปัญญา ความสุขยินดี และความรู้
ผปัญญาวรา,ผู้มีปัญญา ความประเสริฐ และความรู้
ผศิน,ผู้เปี่ยมด้วยศีลและความสงบ
ผศินกร,ผู้มีศีลและความสงบ ผู้สร้างสรรค์ และความมั่นคงสูงส่ง
ผศินโชค,ผู้มีศีลและความสงบและโชคลาภ
ผศินธรรม,ผู้ทรงศีลหรือผู้มีความสงบงาม ผู้ค้ำจุน และผู้ตั้งมั่นในธรรม
ผศินวร,ผู้ทรงศีลหรือผู้มีความสงบงามและผู้ประเสริฐ
ผศินอนันต์,ผู้ทรงศีลหรือผู้มีความสงบงามและผู้ไม่มีที่สิ้นสุด
ผศินอรรถ,ผู้ทรงศีลหรือผู้มีความสงบงาม ผู้มีความงามอ่อนหวาน และผู้มีสาระและความหมาย
ผศินอานนท์,ผู้ทรงศีลหรือผู้มีความสงบงามและผู้มีความสุขยินดี
ผศิริ,ผู้มีสิริมงคล
ผศิรินันท์,ผู้มีสิริมงคล
ผศิริภัทร,ผู้มีสิริมงคลและผู้ดีงามเป็นมงคล
ผศิริวรา,ผู้มีสิริมงคลและผู้ประเสริฐ
ผีริน,ผู้มีความไหลรินลึกล้ำและความละมุนดุจสายน้ำ
ผีรินทร์,ผู้มีความไหลรินลึกล้ำ ความเป็นใหญ่ และความละมุนดุจสายน้ำ
ผีรี,ผู้มีความสง่างามลึกล้ำและความสง่างาม
ผู้,บุคคลหรือผู้กระทำ
ผู้โชค,ผู้มีผู้มีคุณลักษณะมงคลและโชคลาภ
ผู้ธรรม,บุคคลผู้มีคุณลักษณะตามนาม ผู้ค้ำจุน และผู้ตั้งมั่นในธรรม
ผู้วร,บุคคลผู้มีคุณลักษณะตามนามและผู้ประเสริฐ
ผู้วิชญ์,บุคคลผู้มีคุณลักษณะตามนามและนักปราชญ์ผู้รู้
ผู้วิโรจน์,บุคคลผู้มีคุณลักษณะตามนามและผู้รุ่งเรืองสว่างไสว
ผู้อานนท์,บุคคลผู้มีคุณลักษณะตามนามและผู้มีความสุขยินดี
ผู้เอก,ผู้เป็นเอกหรือยอดเยี่ยม
พงค์ภัค,ผู้สืบวงศ์ตระกูลอันดีและผู้มีโชค
พงศกร,"พงศ์ (วงศ์ตระกูล, เชื้อสาย) + กร (ผู้สร้าง, ผู้ทำ) = ผู้สร้างวงศ์ตระกูล, ผู้ทำนุบำรุงวงศ์ตระกูลให้เจริญรุ่งเรือง"
พงศ์กร,"พงศ์ (วงศ์ตระกูล, เชื้อสาย) + กร (ผู้สร้าง, ผู้ทำ) = ผู้สร้างวงศ์ตระกูล, ผู้ทำนุบำรุงวงศ์ตระกูลให้เจริญรุ่งเรือง"
พงศ์กานต์,"พงศ์ (วงศ์ตระกูล, เชื้อสาย) + กานต์ (เป็นที่รัก, น่ารัก, สวยงาม) = ผู้เป็นที่รักแห่งวงศ์ตระกูล, วงศ์ตระกูลอันน่ารัก"
พงศ์คุณ,"พงศ์ (วงศ์ตระกูล, เชื้อสาย) + คุณ (ความดี, คุณงามความดี, ประโยชน์) = ผู้มีคุณงามความดีแห่งวงศ์ตระกูล, ผู้สร้างคุณูปการแก่วงศ์ตระกูล"
พงศ์ดล,"พงศ์ (วงศ์ตระกูล, เชื้อสาย) + ดล (บันดาล, ทำให้เกิด) = ผู้บันดาลให้วงศ์ตระกูลเจริญ, ผู้ดลบันดาลสิ่งดีงามแก่วงศ์ตระกูล"
พงศ์ดา,"พงศ์ (วงศ์ตระกูล, เชื้อสาย) + ดา (ผู้หญิง) = หญิงแห่งวงศ์ตระกูล, หญิงผู้เป็นศรีสง่าแก่วงศ์ตระกูล"
พงศ์เดช,"พงศ์ (วงศ์ตระกูล, เชื้อสาย) + เดช (อำนาจ, ตบะ, ความรุ่งเรือง) = ผู้มีอำนาจแห่งวงศ์ตระกูล, ผู้เป็นความรุ่งเรืองและเกียรติยศของวงศ์ตระกูล"
พงศ์พลิน,"พงศ์ (วงศ์ตระกูล, เชื้อสาย) + พลิน (มีกำลัง, มีพลัง) = ผู้มีกำลังแห่งวงศ์ตระกูล, ผู้มีพลังในการจรรโลงวงศ์ตระกูลให้มั่นคง"
พงศ์ภรณ์,"พงศ์ (วงศ์ตระกูล, เชื้อสาย) + ภรณ์ (การค้ำจุน, การเลี้ยงดู, เครื่องประดับ) = ผู้ค้ำจุนวงศ์ตระกูล, ผู้เป็นเครื่องประดับอันงดงามแห่งวงศ์ตระกูล"
พงศ์ภัค,"พงศ์ (เชื้อสาย, ตระกูล, วงศ์) + ภัค (โชคดี, มีโชค, สิริมงคล, ความเจริญ) = ผู้มีเชื้อสายแห่งโชคลาภและความเจริญ / วงศ์ตระกูลอันเป็นมงคล"
พงศ์ภัทรา,"พงศ์ (เชื้อสาย, ตระกูล, วงศ์) + ภัทรา (เจริญ, งาม, ดี, ประเสริฐ, เป็นมงคล) = ผู้มีเชื้อสายที่เจริญงดงามและเป็นมงคลยิ่ง / วงศ์ตระกูลอันประเสริฐ"
พงศ์ภา,"พงศ์ (เชื้อสาย, ตระกูล, วงศ์) + ภา (แสงสว่าง, รัศมี, ความรุ่งเรือง) = ผู้มีเชื้อสายแห่งแสงสว่างและความรุ่งเรือง / วงศ์ตระกูลที่รุ่งโรจน์"
พงศ์ภาณุ,"พงศ์ (เชื้อสาย, ตระกูล, วงศ์) + ภาณุ (พระอาทิตย์, แสงสว่าง, ผู้รุ่งเรือง) = ผู้มีเชื้อสายที่รุ่งเรืองดุจพระอาทิตย์ / วงศ์ตระกูลที่เจิดจรัส"
พงศ์มณี,"พงศ์ (เชื้อสาย, ตระกูล, วงศ์) + มณี (แก้ว, เพชรพลอย, รัตนะ) = ผู้เป็นดุจแก้วมณีแห่งวงศ์ตระกูล / วงศ์ตระกูลอันล้ำค่า"
พงศ์เมธา,"พงศ์ (เชื้อสาย, ตระกูล, วงศ์) + เมธา (ปัญญา, ความรู้, ความฉลาด) = ผู้มีเชื้อสายแห่งปัญญาความรู้ / วงศ์ตระกูลที่เปี่ยมด้วยปัญญา"
พงศ์รพ,"พงศ์ (เชื้อสาย, ตระกูล, วงศ์) + รพ (เสียง; ในบริบทชื่อมงคล มักหมายถึง มีชื่อเสียง, เกียรติยศ) = ผู้มีเชื้อสายแห่งชื่อเสียงและเกียรติยศ / วงศ์ตระกูลที่มีชื่อเสียง"
พงศ์รัตน์,"พงศ์ (เชื้อสาย, ตระกูล, วงศ์) + รัตน์ (แก้ว, เพชรพลอย, ของมีค่า, ประเสริฐ) = ผู้เป็นดุจแก้วรัตนะแห่งวงศ์ตระกูล / วงศ์ตระกูลอันล้ำค่า"
พงศ์รัตนา,"พงศ์ (เชื้อสาย, ตระกูล, วงศ์) + รัตนา (แก้ว, เพชรพลอย, ของมีค่า, ประเสริฐ รูปสตรี) = ผู้เป็นดุจแก้วรัตนาแห่งวงศ์ตระกูล / วงศ์ตระกูลอันทรงคุณค่า"
พงศ์รินี,"พงศ์ (เชื้อสาย, ตระกูล, วงศ์) + รินี (ผู้เป็นใหญ่, ผู้นำ, หญิงผู้เลิศ; อาจมาจากรากศัพท์ที่เกี่ยวกับผู้นำ หรือความงดงาม) = ผู้มีเชื้อสายแห่งผู้นำที่ยิ่งใหญ่ / วงศ์ตระกูลอันทรงเกียรติ"
พงศ์เรศ,"พงศ์ (เชื้อสาย, ตระกูล, วงศ์) + เรศ (เจ้า, ผู้เป็นใหญ่, ผู้มีอำนาจ) = ผู้มีเชื้อสายแห่งผู้เป็นใหญ่และผู้ทรงอำนาจ / วงศ์ตระกูลที่รุ่งเรืองยิ่ง"
พงศ์ลักษณา,"พงศ์ (เชื้อสาย, ตระกูล, วงศ์) + ลักษณา (ลักษณะ, คุณสมบัติ, สิริมงคล, ความงาม) = ผู้มีเชื้อสายที่งดงามและมีลักษณะเป็นสิริมงคล / วงศ์ตระกูลที่เพียบพร้อมด้วยคุณลักษณะอันดี"
พงศ์ลินา,"พงศ์ (เชื้อสาย, ตระกูล, วงศ์) + ลินา (อ่อนโยน, สวยงาม, น่ารัก; อาจมาจากรากศัพท์ที่สื่อถึงความอ่อนโยนหรือความงาม) = ผู้มีเชื้อสายที่อ่อนโยนและงดงาม / วงศ์ตระกูลที่น่ารักและอ่อนหวาน"
พงศ์วร,"พงศ์ (เชื้อสาย, ตระกูล, วงศ์) + วร (ประเสริฐ, เลิศ, ดีเยี่ยม, พร) = ผู้มีเชื้อสายอันประเสริฐเลิศล้ำ / วงศ์ตระกูลที่ยิ่งใหญ่"
พงศ์วรา,"พงศ์ (เชื้อสาย, ตระกูล, วงศ์) + วรา (ประเสริฐ, เลิศ, ดีเยี่ยม รูปสตรี) = ผู้มีเชื้อสายอันประเสริฐและเลิศล้ำ / วงศ์ตระกูลที่ทรงเกียรติ"
พงศ์วัฒ,"พงศ์ (เชื้อสาย, ตระกูล, วงศ์) + วัฒ (ความเจริญ, ความงอกงาม, ความรุ่งเรือง) = ผู้มีเชื้อสายแห่งความเจริญรุ่งเรือง / วงศ์ตระกูลที่เจริญก้าวหน้า"
พงศ์วินา,"พงศ์ (เชื้อสาย, ตระกูล, วงศ์) + วินา (วิเศษ, งดงาม, น่ารัก; อาจมาจากรากศัพท์ที่สื่อถึงความสวยงามหรือความดีงาม) = ผู้มีเชื้อสายที่วิเศษและงดงาม / วงศ์ตระกูลที่เปี่ยมด้วยความงามอันล้ำเลิศ"
พงศ์วุฒิ,"พงศ์ (เชื้อสาย, ตระกูล, วงศ์) + วุฒิ (ความเจริญ, ความงอกงาม, ความรู้, ปัญญา) = ผู้มีเชื้อสายแห่งความเจริญรุ่งเรืองและปัญญา / วงศ์ตระกูลที่เจริญด้วยความรู้"
พงษ์กร,ผู้สืบวงศ์ตระกูลอันดี
พงษ์ทร,ผู้สืบวงศ์ตระกูลอันดี
พงษธร,ผู้สืบวงศ์ตระกูลอันดีและผู้ค้ำจุน
พงษธร,ผู้สืบวงศ์ตระกูลอันดีและผู้ค้ำจุน
พงษธัช,ผู้สืบวงศ์ตระกูลอันดีและผู้เป็นธงแห่งเกียรติ
พงษ์นรินทร์,ผู้สืบวงศ์ตระกูลอันดี
พงษ์นรินทร์,ผู้สืบวงศ์ตระกูลอันดี
พงษ์นาวิน,ผู้สืบวงศ์ตระกูลอันดี ผู้มีชัยชนะ และผู้ชำนาญทางเรือหรือผู้นำพา
พงษ์นิรันดร์,ผู้สืบวงศ์ตระกูลอันดีและผู้ยั่งยืนไม่สิ้นสุด
พงษ์เพชร,ผู้สืบวงศ์ตระกูลอันดี เพชร ผู้แข็งแกร่งและล้ำค่า และผู้แข็งแกร่งล้ำค่า
พงษ์เพชร,ผู้สืบวงศ์ตระกูลอันดี เพชร ผู้แข็งแกร่งและล้ำค่า และผู้แข็งแกร่งล้ำค่า
พงษภัทร,ผู้สืบวงศ์ตระกูลอันดีและผู้ดีงามเป็นมงคล
พงษ์วรานนท์,ผู้สืบวงศ์ตระกูลอันดี ผู้มีความสุขยินดี และผู้ประเสริฐ
พงษ์วริษฐ์,ผู้สืบวงศ์ตระกูลอันดีและผู้ประเสริฐ
พจน์ชัย,"พจน์ (คำพูด, ถ้อยคำ, คำกล่าว) + ชัย (ความชนะ, ชัยชนะ) = ผู้มีคำพูดนำมาซึ่งชัยชนะ / ผู้มีชัยด้วยถ้อยคำ"
พจน์พงศ์,"พจน์ (คำพูด, ถ้อยคำ, วาทศิลป์) + พงศ์ (ตระกูล, เชื้อสาย, วงศ์) = ผู้มีตระกูลแห่งถ้อยคำอันดีงาม, ผู้มีวาทศิลป์อันสืบทอด"
พชร,"พชร (เพชร, สายฟ้า, วัชระ) = เพชร, ผู้แข็งแกร่งและมีคุณค่าดุจเพชร"
พชรกร,เพชร ผู้แข็งแกร่งและล้ำค่า
พชรชัย,"พชร (เพชร, สายฟ้า) + ชัย (ความชนะ, ชัยชนะ) = ชัยชนะอันแข็งแกร่งดุจเพชร, ผู้มีชัยชนะที่มั่นคงดุจเพชร"
พชรณัฐ,"พชร (วชฺร: ส. เพชร, สายฟ้า) + ณัฐ (ณฏฺฐ: ป. นักปราชญ์, ผู้คงแก่เรียน) (สมาส) = นักปราชญ์ผู้รุ่งโรจน์และแข็งแกร่งดุจเพชร"
พชรณัฐ์,เพชร ผู้แข็งแกร่งและล้ำค่าและนักปราชญ์ผู้มีปัญญา
พชรณัฐ์,เพชร ผู้แข็งแกร่งและล้ำค่าและนักปราชญ์ผู้มีปัญญา
พชรณัท,เพชร ผู้แข็งแกร่งและล้ำค่า
พชรธร,เพชร ผู้แข็งแกร่งและล้ำค่าและผู้ค้ำจุน
พชรธิป,เพชร ผู้แข็งแกร่งและล้ำค่าและผู้เป็นใหญ่
พชรนนท์,"พชร (เพชร, แสงสว่าง) + นนท์ (ความยินดี, ความสุข) = ผู้มีความสุขและเป็นที่ยินดีดุจเพชร"
พชรพงศ์,"พชร (เพชร, สายฟ้า) + พงศ์ (ตระกูล, เชื้อสาย) = ตระกูลที่แข็งแกร่งดุจเพชร, ผู้สืบเชื้อสายที่รุ่งเรืองและมั่นคง"
พชรภัทร,"พชร (เพชร, สายฟ้า) + ภัทร (เจริญ, ดีงาม, ประเสริฐ) = เพชรที่ประเสริฐ, ผู้ดีงามและแข็งแกร่งดุจเพชร"
พชรมน,เพชร ผู้แข็งแกร่งและล้ำค่า
พชรมน,เพชร ผู้แข็งแกร่งและล้ำค่า
พชรมนต์,เพชร ผู้แข็งแกร่งและล้ำค่าและผู้มีถ้อยคำศักดิ์สิทธิ์
พชรวร,เพชร ผู้แข็งแกร่งและล้ำค่าและผู้ประเสริฐ
พชรวัฒน์,"พชร (เพชร, สายฟ้า) + วัฒน์ (ความเจริญ, ความงอกงาม) = ความเจริญที่แข็งแกร่งดุจเพชร, ผู้เจริญรุ่งเรืองและมั่นคงดุจเพชร"
พชรวิชญ์,"พชร (เพชร, ความแข็งแกร่ง) + วิชญ์ (ความรู้, ปัญญา) = ผู้มีความรู้เฉียบคมดุจเพชร"
พชรศักดิ์,"พชร (เพชร, สายฟ้า) + ศักดิ์ (อำนาจ, เกียรติ, ความสามารถ) = ผู้มีศักดิ์ศรีและอำนาจแข็งแกร่งดุจเพชร, อำนาจที่รุ่งเรืองและมั่นคงดุจเพชร"
พชระ,เพชร ผู้แข็งแกร่งและล้ำค่า
พชรินทร์,"พชร (เพชร, ความแข็งแกร่ง) + อินทร์ (ผู้เป็นใหญ่, ผู้ยอดเยี่ยม) = ผู้เป็นใหญ่ดุจเพชร"
พชิรา,"พชิรา (มาจาก วชิระ: เพชร, สายฟ้า + ปัจจัยบอกเพศหญิง) = ผู้เป็นดุจเพชร, ผู้มีคุณค่าและแข็งแกร่งดุจเพชร (สำหรับเพศหญิง)"
พณาน,"พณ (พะ-นะ, อาจมาจาก พาณิชย์: การค้า, ความร่ำรวย) + อาน (ปัจจัยเสริมเสียง/แสดงความเป็น) = ผู้มีความมั่งคั่งร่ำรวย, ผู้มีความเจริญทางการค้า"
พธรนันท์,ผู้มีการค้ำจุนอันกล้าแกร่ง ความสุขยินดี และการค้ำจุน
พนธกร,"พนธ (ความผูกพัน, การยึดเหนี่ยว) + กร (ผู้กระทำ, ผู้สร้าง) = ผู้สร้างความผูกพัน, ผู้ประสานความสัมพันธ์"
พนธิตร,"พนธ (ความผูกพัน, มิตรภาพ) + อิตร (ปัจจัยบอกลักษณะ/ผู้เป็น) = ผู้สร้างความผูกพัน, ผู้เป็นมิตร, ผู้เป็นที่รัก"
พนิดา,"พนิดา (ผู้หญิง, สตรี, หญิงอันเป็นที่รัก) = ผู้หญิง, สตรี, หญิงอันเป็นที่รัก"
พบธรรม,ผู้ค้ำจุน ผู้ตั้งมั่นในธรรม และผู้พบทางแห่งธรรม
พยุงศักดิ์,"พยุง (ประคอง, ค้ำจุน, อุดหนุน) + ศักดิ์ (อำนาจ, เกียรติ, ความสามารถ) = ผู้ค้ำจุนอำนาจและเกียรติ, ผู้บำรุงส่งเสริมศักดิ์ศรี"
พรชัย,"พร (คำอวยพร, สิ่งประเสริฐ) + ชัย (ความชนะ, ชัยชนะ) = พรอันนำมาซึ่งชัยชนะ, ชัยชนะอันเป็นสิริมงคล"
พรณภัส,"พร (สิ่งประเสริฐ, พร) + ณภัส (รัศมี, แสงสว่าง) = แสงสว่างอันประเสริฐ, รัศมีแห่งความดีงามและพร"
พรทิพย์,"พร (สิ่งประเสริฐ, พร) + ทิพย์ (เป็นของเทวดา, ดีเลิศ) = พรจากสวรรค์, สิ่งประเสริฐที่เป็นของทิพย์"
พรธิดา,"พร (สิ่งประเสริฐ, พร) + ธิดา (ลูกสาว) = ลูกสาวอันประเสริฐ, ลูกสาวที่เป็นพร"
พรนภา,"พร (สิ่งประเสริฐ, พร) + นภา (ท้องฟ้า) = พรจากท้องฟ้า, สิ่งประเสริฐที่มาจากฟากฟ้า"
พรปวีณ์,"พร (สิ่งประเสริฐ, พร) + ปวีณ์ (ผู้ฉลาด, ผู้เชี่ยวชาญ, มีปัญญา) = พรแห่งปัญญา, ผู้มีความรู้ความสามารถอันประเสริฐ"
พรพิชชา,"พร (สิ่งประเสริฐ, ของดี) + พิชชา (ความรู้แจ้ง, ปัญญา) = พรแห่งความรู้แจ้ง, ความรู้ที่ประเสริฐ"
พรพิพัฒน์,"พร (สิ่งประเสริฐ, ของดี) + พิพัฒน์ (ความเจริญ, ความรุ่งเรือง) = พรแห่งความเจริญรุ่งเรือง"
พรภวิษย์,"พร (สิ่งประเสริฐ, ของดี) + ภวิษย์ (อนาคต, สิ่งที่จะมีจะเกิด) = พรแห่งอนาคต, สิ่งประเสริฐที่จะเกิดขึ้นในอนาคต"
พรภัทร,"พร (สิ่งประเสริฐ, ของดี) + ภัทร (ดีงาม, เจริญ) = พรที่ประเสริฐและดีงาม"
พรรณวดี,"พรรณ (ผิว, สี, ความงาม) + วดี (สตรี, หญิงผู้มี) = หญิงผู้มีผิวพรรณงดงาม"
พรรณวรรณ,"พรรณ (ผิว, สี, ความงาม) + วรรณ (ผิว, สี, ความงาม) = มีผิวพรรณและวรรณะงดงาม"
พรวลัย,"พร (สิ่งประเสริฐ, ของดี) + วลัย (กำไล, วงแหวน) = กำไลอันประเสริฐ, สิ่งที่ล้อมรอบอันเป็นสิริมงคล"
พรศ,"พร (สิ่งประเสริฐ, ของดี) + ศ (อักษรย่อที่มักหมายถึง ศิริ = มงคล, ความดีงาม) = พรแห่งความเป็นสิริมงคล"
พรสวรรค์,"พร (สิ่งประเสริฐ, ของดี) + สวรรค์ (โลกของเทพเจ้า, ความสุขสบาย) = พรจากสวรรค์, สิ่งประเสริฐที่เทวดาประทานให้"
พรสุชา,"พร (สิ่งประเสริฐ, ของดี) + สุชา (เกิดมาดี, มีกำเนิดดี) = พรของผู้มีกำเนิดดี, สิ่งประเสริฐจากผู้มีกำเนิดดี"
พรหมพิริยะ,"พรหม (ผู้ประเสริฐ, เทพเจ้า) + พิริยะ (ความเพียร, ความกล้าหาญ) = พรหมผู้มีความเพียร, ความเพียรอันประเสริฐดุจพรหม"
พรอำไพ,"พร (สิ่งประเสริฐ, ของดี) + อำไพ (งาม, สว่าง, รุ่งเรือง) = พรอันงดงามรุ่งเรือง, สิ่งประเสริฐที่สว่างไสว"
พระจันทร์ฉาย,"พระจันทร์ (ดวงเดือน) + ฉาย (ส่องแสง) = พระจันทร์ที่ส่องแสงเจิดจ้า, แสงจันทร์อันงดงาม"
พริมา,"พริ (เป็นคำเลียนเสียงหรือคำไทยที่ให้ความหมายว่า น่ารัก, งดงาม - ไม่มีรากศัพท์บาลี/สันสกฤตโดยตรง) + มา (ผู้มา) = ผู้มาพร้อมความน่ารักงดงาม"
พฤกษ์,พฤกษ์ (ต้นไม้) = ต้นไม้
พฤฒิพงศ์,"พฤฒิ (ความเจริญ, ความเติบโต) + พงศ์ (เชื้อสาย, ตระกูล) = เชื้อสายที่เจริญรุ่งเรือง"
พฤฒิศักดิ์,"พฤฒิ (ความเจริญ, ความเติบโต) + ศักดิ์ (อำนาจ, เกียรติ) = ผู้มีความเจริญด้วยอำนาจและเกียรติ"
พลกร,"พล (กำลัง, แรง) + กร (ผู้กระทำ, ผู้สร้าง) = ผู้สร้างกำลัง, ผู้กระทำด้วยกำลัง"
พลกฤต,"พล (กำลัง, แรง) + กฤต (อันกระทำแล้ว, สร้างแล้ว, สำเร็จแล้ว) = ผู้มีกำลังที่ได้กระทำสำเร็จแล้ว, ผู้สร้างความสำเร็จด้วยกำลัง"
พลกานต์,ผู้มีกำลังและอำนาจและผู้เป็นที่รัก
พลคุณ,ผู้มีกำลังและอำนาจและผู้เปี่ยมคุณธรรม
พลดล,ผู้มีกำลังและอำนาจและผู้บันดาลให้เกิดผล
พลดา,ผู้มีกำลังและอำนาจและผู้ได้รับสิ่งดีงาม
พลเดช,ผู้มีกำลังและอำนาจและผู้มีอำนาจบารมี
พลทัต,ผู้มีกำลังและอำนาจและผู้ได้รับการประทาน
พลภัทรา,ผู้มีกำลังและอำนาจ ผู้ดีงามเป็นมงคล และหญิงผู้ดีงามเป็นมงคล
พลภา,ผู้มีกำลังและอำนาจและผู้มีรัศมี
พลภาณุ,ผู้มีกำลังและอำนาจ ผู้มีรัศมี และดวงอาทิตย์ผู้สว่างไสว
พลมณี,ผู้มีกำลังและอำนาจและแก้วมณีอันล้ำค่า
พลเมธา,ผู้มีกำลังและอำนาจและปัญญาความฉลาด
พลรพ,ผู้มีกำลังในการต่อสู้
พลรัตน์,ผู้มีกำลังและอำนาจและผู้ล้ำค่าดุจแก้ว
พลรัตนา,ผู้มีกำลังและอำนาจและแก้วรัตนะอันล้ำค่า
พลรินี,ผู้มีกำลังและอำนาจและผู้ไหลรินอ่อนโยน
พลเรศ,ผู้มีกำลังและอำนาจและผู้เป็นใหญ่
พลลักษณา,ผู้มีกำลังและอำนาจและผู้มีลักษณะงดงาม
พลลินา,ผู้มีกำลังและอำนาจและผู้ละมุนงดงาม
พลวร,ผู้มีกำลังและอำนาจและผู้ประเสริฐ
พลวรา,ผู้มีกำลังและอำนาจและผู้ประเสริฐ
พลวัฒ,ผู้มีกำลังและอำนาจและผู้เจริญงอกงาม
พลวินา,ผู้มีกำลังและอำนาจ
พลวุฒิ,ผู้มีกำลังและอำนาจและผู้มีความเจริญและคุณวุฒิ
พลศรุต,ผู้มีกำลังและอำนาจและผู้มีชื่อเสียงและความรู้ที่สดับมา
พลัฎฐ์,ผู้เปี่ยมด้วยพลังอำนาจ
พลิน,ผู้มีพลังอำนาจและความละมุน
พลิศร,ผู้มีพลังอำนาจ ความละมุน และความมั่นคงสูงส่ง
พศธน,ผู้มีอำนาจและความรุ่งเรืองและผู้มีทรัพย์
พศธร,ผู้มีอำนาจและความรุ่งเรืองและผู้ค้ำจุน
พศวัต,ผู้มีอำนาจและความรุ่งเรือง
พศวีร์,ผู้มีอำนาจและความรุ่งเรืองและผู้กล้าหาญ
พศิ,ผู้เปี่ยมด้วยอำนาจรุ่งเรือง
พศิน,ผู้มีอำนาจและความงดงาม
พสธร,ผู้มีการค้ำจุนและความมั่นคงสูงส่ง
พสิณ,
พสิษฐ์,ผู้เปี่ยมด้วยความยอดเยี่ยม
พสุธร,แผ่นดินหรือทรัพย์อันอุดมและผู้ค้ำจุน
พัชณี,ผู้เปี่ยมด้วยเพชรล้ำค่า
พัชรินทร์,เพชร ผู้แข็งแกร่งล้ำค่า เพชรหรือสิ่งล้ำค่า และผู้เป็นใหญ่
พัชรีย์,เพชร ผู้แข็งแกร่งล้ำค่าและเพชรหรือสิ่งล้ำค่า
พัฒนพงศ์,ผู้เจริญก้าวหน้า
พัฒนศักดิ์,ผู้เจริญก้าวหน้า
พีโชบล,ผู้เปี่ยมด้วยความรุ่งเรือง
พีร,ผู้กล้าหาญ
พีร์,ผู้กล้าหาญ
พีรกร,ผู้กล้าหาญและผู้สร้างสรรค์
พีรกันต์,ผู้กล้าหาญและผู้เป็นที่รัก
พีรญา,ผู้กล้าหาญและผู้มีความรู้
พีรณัช,ผู้กล้าหาญและผู้กล้าหาญในการต่อสู้
พีรณัฐ,ผู้กล้าหาญ ผู้กล้าหาญในการต่อสู้ และนักปราชญ์ผู้มีปัญญา
พีรธร,ผู้กล้าหาญและผู้ค้ำจุน
พีรธรรม,ผู้กล้าหาญและผู้ค้ำจุน
พีรธัช,ผู้กล้าหาญและผู้เป็นธงแห่งเกียรติ
พีรนนท์,ผู้กล้าหาญและผู้มีความสุขยินดี
พีรบูรณ์,ผู้กล้าหาญและผู้กล้าหาญในการต่อสู้
พีรวัศ,ผู้กล้าหาญ
พีรวัส,ผู้กล้าหาญ
พีรวิชญ์,ผู้กล้าหาญ ดวงอาทิตย์ ผู้รุ่งเรือง และนักปราชญ์ผู้รู้
พีรศิษฐ์,ผู้กล้าหาญ
พีระ,ผู้กล้าหาญ
พีระดิษฐ์,ผู้กล้าหาญ
พีรัช,ผู้กล้าหาญและผู้รุ่งเรืองด้วยอำนาจ
เพชร,ผู้แข็งแกร่งและล้ำค่าดุจเพชร
เพชรคง,ผู้แข็งแกร่งและล้ำค่าดุจเพชร
เพชรเจ๊ก,ผู้เปี่ยมด้วยความแข็งแกร่งล้ำค่า
เพชรชรินทร์,ผู้แข็งแกร่งและล้ำค่าดุจเพชร ผู้เป็นใหญ่ และผู้ไหลรินอ่อนโยน
เพชรไท,เพชรแห่งความเป็นไท
เพชรวรรธน์,ผู้แข็งแกร่งและล้ำค่าดุจเพชร ผู้ประเสริฐ และผู้มีทรัพย์
เพชรวิชญ์,ผู้แข็งแกร่งและล้ำค่าดุจเพชร ดวงอาทิตย์ ผู้รุ่งเรือง และนักปราชญ์ผู้รู้
เพชรอรุณ,ผู้แข็งแกร่งและล้ำค่าดุจเพชร ผู้รุ่งเรืองดุจแสงอรุณ และผู้มีความงามอ่อนหวาน
เพชรอินทร์,ผู้แข็งแกร่งและล้ำค่าดุจเพชรและผู้เป็นใหญ่
เพียงธาร,ผู้เรียบงามดุจสายน้ำ ผู้ยืนยงมั่นคง และสายน้ำอันเย็นใส
แพงคำ,ผู้เป็นที่รักและมีคุณค่าและผู้มีคุณค่าดุจทองคำ
แพงเจริญ,ผู้เป็นที่รักและมีคุณค่าและผู้เจริญรุ่งเรือง
แพงเจริญ,ผู้เป็นที่รักและมีคุณค่าและผู้เจริญรุ่งเรือง
ไพเราะ,ผู้มีความไพเราะน่าฟัง
ฟชล,ผู้มีสายน้ำแห่งฟ้าและสายน้ำ
ฟชลธิภัทร,ผู้มีสายน้ำแห่งฟ้า ความดีงามเป็นมงคล และสายน้ำ
ฟชลธิศ,ผู้มีสายน้ำแห่งฟ้า ทิศทางแห่งปัญญา และสายน้ำ
ฟชลธิสิทธิ์,ผู้มีสายน้ำแห่งฟ้า ความสำเร็จ และสายน้ำ
ฟชลนันท์,ผู้มีสายน้ำแห่งฟ้า ความสุขยินดี และสายน้ำ
ฟชลภัทร,ผู้มีสายน้ำแห่งฟ้า ความดีงามเป็นมงคล และสายน้ำ
ฟชลวรา,ผู้มีสายน้ำแห่งฟ้า ความประเสริฐ และสายน้ำ
ฟบวร,ผู้มีความประเสริฐสูงส่ง ความประเสริฐ และความมั่นคงสูงส่ง
ฟบวรนันท์,ผู้มีความประเสริฐสูงส่ง ความสุขยินดี และความประเสริฐ
ฟบวรภัทร,ผู้มีความประเสริฐสูงส่ง ความประเสริฐ และความดีงามเป็นมงคล
ฟบวรวรา,ผู้มีความประเสริฐสูงส่ง ความประเสริฐ และความอ่อนโยนสง่างาม
ฟปฐมคุณ,ผู้มีจุดเริ่มต้นอันสว่างและคุณธรรม
ฟปฐมธีร์,ผู้มีจุดเริ่มต้นอันสว่างและการค้ำจุน
ฟปริญญาคุณ,ผู้มีความรู้สว่างไสว คุณธรรม และความรู้
ฟปริญญาธีร์,ผู้มีความรู้สว่างไสว ความรู้ และการค้ำจุน
ฟปัญญา,ผู้มีปัญญา ความรู้ และความอ่อนโยนสง่างาม
ฟปัญญานันท์,ผู้มีปัญญา ความสุขยินดี และความรู้
ฟปัญญาวรา,ผู้มีปัญญา ความประเสริฐ และความรู้
ฟศิริ,ผู้เปี่ยมด้วยสิริมงคลสว่างไสว
ฟศิรินันท์,ผู้มีสิริมงคลสว่างไสว ความสุขยินดี และความละมุนดุจสายน้ำ
ฟศิริภัทร,ผู้มีสิริมงคลสว่างไสว ความดีงามเป็นมงคล และความมั่นคงสูงส่ง
ฟศิริวรา,ผู้มีสิริมงคลสว่างไสว ความประเสริฐ และความอ่อนโยนสง่างาม
ฟี,ผู้สดใสและเปี่ยมพลังชีวิต
ฟีโน่,ผู้โดดเด่น สดใส และมีเสน่ห์เฉพาะตัว
ฟีรญา,ผู้มีความสดใส ความรู้ และความอ่อนโยนสง่างาม
ฟีริน,ชื่อที่สร้างขึ้นมาเพื่อให้มีเสียงไพเราะ ไม่ได้มีรากศัพท์บาลี-สันสกฤตโดยตรง และไม่ได้มีความหมายเฉพาะเจาะจงในภาษาใดภาษาหนึ่งเป็นหลัก อาจสื่อถึงความอ่อนหวานและน่ารักตามการรับรู้ของผู้ตั้งชื่อ (ไม่สามารถแยกรากศัพท์แบบบาลี-สันสกฤตได้)
ฟู,เจริญขึ้น พองขึ้น หรือเพิ่มพูน
ฟูจิ,ชื่อภูเขาฟูจิ สื่อถึงความสูงสง่า
ฟูจิซัง,ภูเขาฟูจิอันสูงสง่า
ฟูฟู,เพิ่มพูนงอกงาม
แฟชั่น,รูปแบบการแต่งกายหรือความนิยมร่วมสมัย
ภคกร,ผู้มีโชคและความรุ่งเรืองและผู้สร้างสรรค์
ภคณัท,ผู้มีโชคและความรุ่งเรือง
ภคนันท์,ผู้มีโชคและความรุ่งเรืองและผู้มีความสุขยินดี
ภคภัทร,ผู้มีโชคและความรุ่งเรืองและผู้ดีงามเป็นมงคล
ภคมน,ผู้มีโชคและความรุ่งเรือง ใจหรือความนึกคิด และผู้มีจิตใจ
ภครัช,ผู้มีโชคและความรุ่งเรืองและผู้รุ่งเรืองด้วยอำนาจ
ภควร,ผู้มีโชคและความรุ่งเรืองและผู้ประเสริฐ
ภควรรณ,ผู้มีโชคและความรุ่งเรือง ผู้กล้าหาญในการต่อสู้ และผู้ประเสริฐ
ภควรรณ,ผู้มีโชคและความรุ่งเรือง ผู้กล้าหาญในการต่อสู้ และผู้ประเสริฐ
ภควรรษ,ผู้มีโชคและความรุ่งเรือง ผู้ประเสริฐ และปีหรือฝนอันอุดม
ภคอธิเชษฐ์,ผู้มีโชคและความรุ่งเรือง ผู้มีปัญญา และผู้ประเสริฐยิ่ง
ภคิน,ผู้มีโชคและความรุ่งเรือง
ภณ,ผู้มีวาจาดี
ภณณัฏฐ์,ผู้มีวาจาดีและนักปราชญ์ผู้มีปัญญา
ภณณัฐ,ผู้มีวาจาดีและนักปราชญ์ผู้มีปัญญา
ภณภัค,ผู้มีโชคและความสุขและผู้มีวาจาดี
ภมร,ผึ้งหรือแมลงภู่ ผู้มีเสน่ห์ในธรรมชาติ
ภมิน,
ภรณ์ณภัส,
ภรณมน,ผู้ค้ำจุน ใจหรือความนึกคิด และผู้กล้าหาญในการต่อสู้
ภรภัค,ผู้มีโชคและความสุขและผู้ค้ำจุน
ภรภัทร,ผู้ค้ำจุนและผู้ดีงามเป็นมงคล
ภริม,ผู้ค้ำจุน
ภวณัฐ,ผู้มีภพชีวิตอันดีและนักปราชญ์ผู้มีปัญญา
ภวดล,ผู้มีภพชีวิตอันดีและผู้บันดาลให้เกิดผล
ภวรัญ,ผู้มีภพชีวิตอันดีและผู้ประเสริฐ
ภวัฐ,ผู้มีภพชีวิตอันดี
ภวันท์,ผู้มีภพชีวิตอันดีและผู้มีความเป็นอยู่เจริญ
ภวินท์,ผู้มีภพชีวิตอันดีและผู้เป็นใหญ่ในภพชีวิต
ภวินท์ธารา,ผู้มีภพชีวิตอันดี ผู้เป็นใหญ่ในภพชีวิต และสายน้ำอันเย็นใส
ภวิล,ผู้มีภพชีวิตอันดี
ภวิศ,ผู้มีภพชีวิตอันดีและผู้เป็นใหญ่ในความเจริญ
ภัค,ผู้มีโชคและความสุข
ภัคจิรา,ผู้มีโชคและความสุขและผู้ยั่งยืนยาวนาน
ภัคจิรา,ผู้มีโชคและความสุขและผู้ยั่งยืนยาวนาน
ภัคชัญญา,ผู้มีโชคและความสุขและผู้มีความรู้
ภัคญา,ผู้มีโชคและความสุขและผู้มีความรู้
ภัคณัท,ผู้มีโชคและความสุข
ภัคณิช,ผู้มีโชคและความสุข
ภัคณิราษ์,ผู้มีโชคและความสุขและประชาชน
ภัคนนท์,ผู้มีโชคและความสุขและผู้มีความสุขยินดี
ภัคนันท์,ผู้มีโชคและความสุขและผู้มีความสุขยินดี
ภัคนิจ,ผู้มีโชคและความสุข
ภัคภร,ผู้มีโชคและความสุขและผู้ค้ำจุน
ภัคภัทร,ผู้มีโชคและความสุขและผู้ดีงามเป็นมงคล
ภัครจิรา,ผู้มีโชคและความสุขและผู้ยั่งยืนยาวนาน
ภัครจิรา,ผู้มีโชคและความสุขและผู้ยั่งยืนยาวนาน
ภัควรินทร์,ผู้มีโชคและความสุข ผู้เป็นใหญ่ และผู้ไหลรินอ่อนโยน
ภัควลัญชญ์,ผู้มีโชคและความสุขและผู้มีเครื่องหมายแห่งปัญญา
ภัคอร,ผู้มีโชคและความสุขและผู้มีความงามอ่อนหวาน
ภัชฏา,
ภัชตธันวินต์,ผู้มีการแบ่งปันความดี ชัยชนะแห่งทรัพย์ และการค้ำจุน
ภัทธิรา,ผู้ผูกพันกับความดีและผู้มีปัญญา
ภัทร,ผู้ดีงามเป็นมงคล
ภัทร์,ผู้ดีงามเป็นมงคล
ภัทรกมล,ผู้ดีงามเป็นมงคล ความผ่องใส และผู้มีใจงดงาม
ภัทรกร,ผู้ดีงามเป็นมงคลและผู้สร้างสรรค์
ภัทรกันต์,ผู้ดีงามเป็นมงคลและผู้เป็นที่รัก
ภัทรจาริน,ผู้ดีงามเป็นมงคล ผู้ไหลรินอ่อนโยน และผู้ประพฤติดีงาม
ภัทรจิร,ผู้ดีงามเป็นมงคล
ภัทรจิร,ผู้ดีงามเป็นมงคล
ภัทรโชค,ผู้ดีงามเป็นมงคลและผู้มีโชคดี
ภัทรญา,ผู้ดีงามเป็นมงคลและผู้มีความรู้
ภัทรฐิรนรินทร์,ผู้ดีงาม มั่นคง และเป็นใหญ่ในหมู่คน
ภัทรดร,ผู้ดีงามเป็นมงคลและผู้ค้ำจุน
ภัทรดรา,ผู้ดีงามเป็นมงคลและผู้ค้ำจุน
ภัทรดิฐ,ผู้ดีงามเป็นมงคลและผู้มีความเห็นมั่นคง
ภัทรธนานันท์,ผู้ดีงามเป็นมงคล ผู้มีความสุขยินดี และผู้มีทรัพย์
ภัทรธนานันท์,ผู้ดีงามเป็นมงคล ผู้มีความสุขยินดี และผู้มีทรัพย์
ภัทรธร,ผู้ดีงามเป็นมงคลและผู้ค้ำจุน
ภัทรนรินทร์,ผู้ดีงามเป็นมงคล ผู้เป็นใหญ่ และผู้ไหลรินอ่อนโยน
ภัทร์นรินทร์,ผู้ดีงามเป็นมงคล ผู้เป็นใหญ่ และผู้ไหลรินอ่อนโยน
ภัทรนันท์,ผู้ดีงามเป็นมงคลและผู้มีความสุขยินดี
ภัทร์นิธิ,ผู้ดีงามเป็นมงคลและผู้มีปัญญา
ภัทรนิษฐ์,ผู้ดีงามเป็นมงคลและผู้มั่นคงในความดี
ภัทรภณ,ผู้มีวาจาดีและผู้ดีงามเป็นมงคล
ภัทรภร,ผู้ค้ำจุนและผู้ดีงามเป็นมงคล
ภัทรมน,ผู้ดีงามเป็นมงคล ใจหรือความนึกคิด และผู้มีจิตใจ
ภัทรวรรณ,ผู้ดีงามเป็นมงคล ผู้กล้าหาญในการต่อสู้ และผู้ประเสริฐ
ภัทรวรรณ,ผู้ดีงามเป็นมงคล ผู้กล้าหาญในการต่อสู้ และผู้ประเสริฐ
ภัทรวรรธ,ผู้ดีงามเป็นมงคลและผู้ประเสริฐ
ภัทรวรรธน์,ผู้ดีงามเป็นมงคล ผู้ประเสริฐ และผู้มีทรัพย์
ภัทรวรินทร์,ผู้ดีงามเป็นมงคล ผู้เป็นใหญ่ และผู้ไหลรินอ่อนโยน
ภัทรเวช,ผู้ดีงามเป็นมงคลและผู้มีความรู้ด้านการรักษา
ภัทรเวท,ผู้ดีงามเป็นมงคลและผู้มีความรู้
ภัทรอร,ผู้ดีงามเป็นมงคลและผู้มีความงามอ่อนหวาน
ภัทรเอก,ผู้ดีงามเป็นมงคลและผู้เป็นหนึ่ง
ภัทรเอนก,ผู้ดีงามเป็นมงคลและผู้มากมายหลายประการ
ภัทรา,ผู้ดีงามเป็นมงคลและหญิงผู้ดีงามเป็นมงคล
ภัทราคนิษฐ์,ผู้ดีงามเป็นมงคล หญิงผู้ดีงามเป็นมงคล และผู้มั่นคงในความดี
ภัทราธร,ผู้ดีงามเป็นมงคล หญิงผู้ดีงามเป็นมงคล และผู้ค้ำจุน
ภัทราวุธ,ผู้ดีงามเป็นมงคล หญิงผู้ดีงามเป็นมงคล และผู้มีพลังป้องกัน
ภัทริน,ผู้ดีงามเป็นมงคลและผู้ไหลรินอ่อนโยน
ภัทรินทร์,ผู้ดีงามเป็นมงคล ผู้เป็นใหญ่ และผู้ไหลรินอ่อนโยน
ภัธรวีรัญญ์,ผู้มีความดีงาม การค้ำจุน และปัญญากล้าหาญ
ภันทิลา,ผู้มีความผูกพัน ความมั่นคงดุจศิลา และความอ่อนโยนสง่างาม
ภัสร์มน,ผู้มีแสงสว่าง ใจหรือความนึกคิด และผู้มีจิตใจ
ภัสร์วรา,ผู้มีแสงสว่างและผู้ประเสริฐ
ภัสร์สรณ์,ผู้มีแสงสว่าง ผู้กล้าหาญในการต่อสู้ และผู้เป็นที่พึ่งและความระลึก
ภิญญลักษณ์,ผู้มีความรู้ยิ่งและผู้มีลักษณะงดงาม
ภินฬ,
ภิมณ,
ภิรญา,ผู้มีความรู้
ภิรมณ,ผู้รื่นรมย์น่ายินดี
ภิรมน,ผู้มีใจรื่นรมย์
ภิรัญญา,ผู้ล้ำค่าดุจเงินทองและผู้มีความรู้
ภิริลักษณ์,ผู้มีลักษณะงดงามและน่ายินดี
ภิเษก,ผู้ได้รับการอภิเษกหรือยกย่อง
ไภร,
มกรธัช,มังกรหรือสัตว์มงคล ผู้เป็นธงแห่งเกียรติ และผู้สร้างสรรค์
มณฑล,บริเวณหรือเขตอันเป็นระเบียบ
มณฑ์ศิริ,เครื่องประดับหรือความงาม ผู้มีสิริมงคล และเครื่องประดับ
มณิ,
มณิณทระ,แก้วมณีอันเป็นใหญ่
มณินทร,แก้วมณีอันล้ำค่า
มณิวร,แก้วมณีอันล้ำค่าและผู้ประเสริฐ
มณิวรา,แก้วมณีอันล้ำค่าและผู้ประเสริฐ
มณิสร,แก้วมณีอันล้ำค่า
มณิสรา,แก้วมณีอันล้ำค่าและผู้มีความไหลลื่นงดงาม
มณิอร,แก้วมณีอันล้ำค่าและผู้มีความงามอ่อนหวาน
มโณ,จิตใจ
มทนะ,ความรักหรือเสน่หา
มทนา,ความรักหรือความเมตตา
มทิรา,ความสดชื่นหรือความรื่นรมย์
มธุมนัส,จิตใจอันดีงาม ใจหรือความนึกคิด และความหวานละมุน
มธุมิศร์,ความหวานละมุน
มธุรณัท,ความหวานละมุน ความไพเราะอ่อนหวาน และผู้กล้าหาญในการต่อสู้
มธุรวร,ความหวานละมุน ความไพเราะอ่อนหวาน และผู้ประเสริฐ
มธุรวันต์,ความหวานละมุนและความไพเราะอ่อนหวาน
มธุรส,ความหวานละมุนและความไพเราะอ่อนหวาน
มธุรา,ความหวานละมุนและความไพเราะอ่อนหวาน
มธุริน,ความหวานละมุน ความไพเราะอ่อนหวาน และผู้ไหลรินอ่อนโยน
มธุริมา,ความหวานละมุนและความไพเราะอ่อนหวาน
มนต์ไชย,ถ้อยคำศักดิ์สิทธิ์ ใจหรือความนึกคิด และผู้มีจิตใจ
มนต์ณัฏ,ถ้อยคำศักดิ์สิทธิ์ ใจหรือความนึกคิด และนักปราชญ์ผู้มีปัญญา
มนต์ณัฐ,ถ้อยคำศักดิ์สิทธิ์ ใจหรือความนึกคิด และนักปราชญ์ผู้มีปัญญา
มนต์ธนัท,ถ้อยคำศักดิ์สิทธิ์ ใจหรือความนึกคิด และผู้มีทรัพย์
มนต์ธร,ถ้อยคำศักดิ์สิทธิ์ ใจหรือความนึกคิด และผู้ค้ำจุน
มนต์ธัช,ถ้อยคำศักดิ์สิทธิ์ ใจหรือความนึกคิด และผู้มีจิตใจ
มนต์สิทธิ์,ถ้อยคำศักดิ์สิทธิ์ ใจหรือความนึกคิด และผู้มีปัญญา
มนต์สิริ,ถ้อยคำศักดิ์สิทธิ์ ใจหรือความนึกคิด และผู้มีจิตใจ
มนทอง,ผู้มีใจล้ำค่าดุจทอง
มนทิรา,ใจหรือความนึกคิดและผู้มีจิตใจ
มนธกัญ,ผู้มีจิตใจ คุณค่า และการค้ำจุน
มนนัทธ์,ใจหรือความนึกคิดและผู้มีจิตใจ
มนนัทธ์ธร,ใจหรือความนึกคิด ผู้ค้ำจุน และผู้มีจิตใจ
มนภร,ผู้ค้ำจุน ใจหรือความนึกคิด และผู้มีจิตใจ
มนภัทร,ผู้ดีงามเป็นมงคล ใจหรือความนึกคิด และผู้มีจิตใจ
มนวรรธ,ใจหรือความนึกคิด ผู้ประเสริฐ และผู้มีจิตใจ
มนวรรธน,ใจหรือความนึกคิด ผู้ประเสริฐ และผู้มีทรัพย์
มนวรรธน์,ใจหรือความนึกคิด ผู้ประเสริฐ และผู้มีทรัพย์
มนัส,จิตใจอันดีงาม ใจหรือความนึกคิด และผู้มีจิตใจ
มนาหวาน,"มนา (มนสฺ: ส. ใจ, ความคิด) + หวาน (ไทย: มีรสหวาน, อ่อนหวาน, น่ารัก) (คำผสม) = ผู้มีจิตใจอ่อนหวานน่ารักและงดงาม"
มโน,จิตใจ
มโนณัท,จิตใจ
มโนธรรม,จิตใจและผู้ค้ำจุน
มโนภัทร,ผู้ดีงามเป็นมงคลและจิตใจ
มโนรักษ์,จิตใจ ผู้เป็นที่รัก และผู้ปกป้องรักษา
มโนวัศ,จิตใจ
มรก,ผู้เปี่ยมด้วยความมั่นคงลึกล้ำ
มรรษกร,ผู้มีความมั่นคงลึกล้ำ ผู้สร้างสรรค์ และความมั่นคงสูงส่ง
มฤคินทร์,กวางหรือสัตว์งามสง่า
มฤธ์,ผู้มีความลึกซึ้งและการค้ำจุน
มลทิวา,ความผ่องใส
มลธน,ความผ่องใสและผู้มีทรัพย์
มลธิรา,ความผ่องใสและผู้มีปัญญา
มลิน,ความผ่องใสและผู้ละมุนงดงาม
มหวรรณ,ผู้มีวรรณะยิ่งใหญ่
มหิดล,แผ่นดินหรือความยิ่งใหญ่ ผู้เป็นพลังแห่งแผ่นดิน และผู้บันดาลให้เกิดผล
มหิทธิกร,แผ่นดินหรือความยิ่งใหญ่ ผู้มีปัญญา และผู้สร้างสรรค์
มหิทธิกร,แผ่นดินหรือความยิ่งใหญ่ ผู้มีปัญญา และผู้สร้างสรรค์
มหิธร,แผ่นดินหรือความยิ่งใหญ่และผู้ค้ำจุน
มหิธรณ์,แผ่นดินหรือความยิ่งใหญ่ ผู้กล้าหาญในการต่อสู้ และผู้ค้ำจุน
มะนาวหวาน,มะนาวรสหวาน สื่อถึงความสดชื่นละมุน
มะนิก,ผู้เปี่ยมด้วยความอ่อนโยน
มะนิก,ผู้เปี่ยมด้วยความอ่อนโยน
มะลิ,ดอกมะลิ ผู้บริสุทธิ์หอมงาม
มะลิแต,ผู้มีความอ่อนโยนและความละมุน
มะลิทอง,ดอกมะลิ ผู้บริสุทธิ์หอมงาม
มะลิทอง,ดอกมะลิ ผู้บริสุทธิ์หอมงาม
มะลิใหม่,ดอกมะลิ ผู้บริสุทธิ์หอมงาม
มะหมัด,ผู้เปี่ยมด้วยความอ่อนโยน
มะหะจิ,ผู้เปี่ยมด้วยความอ่อนโยน
มัญชรี,ผู้มีปัญญาอ่อนช้อยและความสง่างาม
มัญชิษฐา,ผู้มีปัญญาอ่อนช้อยและความอ่อนโยนสง่างาม
มัณฑน์,เครื่องประดับอันงดงาม
มัณฑนภัทร,ผู้ดีงามเป็นมงคล
มัณฑนา,เครื่องประดับหรือการตกแต่งงดงาม
มัธนา,ผู้มีความอ่อนหวาน ทรัพย์ และการค้ำจุน
มัธวา,ผู้มีความอ่อนหวาน การค้ำจุน และความกว้างไกล
มัธวามินทรา,ผู้เป็นใหญ่ด้วยความหวานละมุน
มันทนา,ผู้มีความมั่นคง ความอ่อนโยน และความอ่อนโยนสง่างาม
มานะ,ความเพียรและความตั้งใจ
มามะแตหะ,ผู้มีไมตรีอบอุ่นและจิตใจหนักแน่น
มามิ,ผู้มีความอ่อนหวานและเสน่ห์ละมุน
มาร์ค,ชื่อทับศัพท์ รอการตรวจสอบความหมายเฉพาะ
มาริษา,ผู้มีความงามละมุน ความงามสง่า และความอ่อนโยนสง่างาม
มาวิน,ผู้มุ่งสู่ชัยชนะ
มิน,
มินาริณทร์,ผู้มีความเป็นใหญ่และความอ่อนโยน
มินารินทร์,ผู้เป็นใหญ่และผู้ไหลรินอ่อนโยน
มิรันญา,ผู้มีความสงบงาม ความรู้ และความอ่อนโยนสง่างาม
มิรา,ผู้สงบงามและน่าชื่นชม
มิราน,ผู้มีความสงบงามอันมั่นคง
มิราริณทร์,ผู้เปี่ยมด้วยความสงบงาม
มิรารินทร์,ผู้เป็นใหญ่และผู้ไหลรินอ่อนโยน
มิรารีย์,ผู้สง่างามและน่าเคารพ
มิราลักษณ์,"มิรา (สันสกฤต: มหาสมุทร, ผู้เจริญรุ่งเรือง) + ลักษณ์ (ลักษณะ, เครื่องหมาย, ความดี, ความงาม) = ผู้มีลักษณะงดงามดุจมหาสมุทร, ผู้มีลักษณะแห่งความเจริญรุ่งเรือง"
มิราลิน,ชื่อที่ได้รับอิทธิพลจากภาษาต่างประเทศ (อาจมาจาก Mira ที่แปลว่า 'มหัศจรรย์' ผสมกับส่วนท้ายที่ให้ความรู้สึกอ่อนหวาน) มักสื่อถึงความงดงามและพิเศษ (ไม่สามารถแยกรากศัพท์แบบบาลี-สันสกฤตได้)
มิราวร,ผู้มีความสงบงาม ความประเสริฐ และความมั่นคงสูงส่ง
มิริน,ไม่ปรากฏรากศัพท์บาลี-สันสกฤตโดยตรงในพจนานุกรมราชบัณฑิตยสถาน มักเป็นชื่อที่เลือกใช้เพราะเสียงไพเราะ หรือได้รับอิทธิพลจากภาษาต่างประเทศ (เช่น จากสันสกฤต Mira หมายถึง มหาสมุทร หรือผู้เจริญรุ่งเรือง) จึงมักสื่อความหมายถึงความงาม ความสงบ หรือความยิ่งใหญ่ดุจมหาสมุทร
มิเรน,ไม่ปรากฏรากศัพท์บาลี-สันสกฤตโดยตรงในพจนานุกรมราชบัณฑิตยสถาน มักเป็นชื่อที่เลือกใช้เพราะเสียงไพเราะ หรือได้รับอิทธิพลจากภาษาต่างประเทศ ซึ่งมักถูกสื่อความหมายถึงความงาม หรือความสงบ
มิ้ว,ผู้มีเสน่ห์น่ารักละมุน
มิ้วลักษณ์,ผู้มีความน่ารักละมุนและลักษณะงดงาม
มิ้ววร,"มิ้ว (ชื่อเฉพาะที่นิยมใช้เพื่อให้เกิดความรู้สึกน่ารักหรือไพเราะ, ไม่พบรากศัพท์บาลี-สันสกฤตที่ชัดเจนในพจนานุกรมราชบัณฑิตยสถาน) + วร (วร: ประเสริฐ, เลิศ, ยอดเยี่ยม) = ผู้มีความประเสริฐและโดดเด่นในแบบฉบับของตน"
มุจรินทร์,ผู้เป็นใหญ่และผู้ไหลรินอ่อนโยน
มุนินทร์,ผู้เป็นใหญ่ในหมู่นักปราชญ์และนักปราชญ์ผู้สงบ
มุนินทร์ธร,ผู้เป็นใหญ่ในหมู่นักปราชญ์ นักปราชญ์ผู้สงบ และผู้ค้ำจุน
มุนินทร์ธรณ์,ผู้เป็นใหญ่ในหมู่นักปราชญ์ นักปราชญ์ผู้สงบ และผู้กล้าหาญในการต่อสู้
มุนินทร์วัชร,ผู้เป็นใหญ่ในหมู่นักปราชญ์และนักปราชญ์ผู้สงบ
มุนินทรา,นักปราชญ์ผู้สงบ
มุรธา,ยอดศีรษะหรือส่วนสูงสุด
มูลนาม,ผู้มีรากฐาน ความอ่อนโยน และชื่อเสียง
มูและ,ผู้เปี่ยมด้วยความอุดม
เมธาวัชรินทร์,ปัญญาความฉลาด ผู้เป็นใหญ่ และผู้ไหลรินอ่อนโยน
โมรา,ผู้มีความมั่นคงลึกล้ำและความอ่อนโยนสง่างาม
ไมน,
ไมนณ,
ไมล์,หน่วยวัดระยะทาง หรือชื่อทับศัพท์
ยงธนัท,ผู้ยืนยงมั่นคง ผู้มีทรัพย์ และผู้ยืนยง
ยงธนา,ผู้ยืนยงมั่นคง ผู้มีทรัพย์ และผู้ยืนยง
ยงยศ,ผู้ยืนยงมั่นคง ผู้มีเกียรติยศ และผู้ยืนยง
ยงรณัฐ,ผู้ยืนยงมั่นคง ผู้กล้าหาญในการต่อสู้ และนักปราชญ์ผู้มีปัญญา
ยชญ์,ผู้มีเกียรติจากการบูชา
ยชญ์ชวัล,ผู้มีเกียรติจากการบูชาและผู้รุ่งเรืองเปล่งประกาย
ยชญ์ชวินทร์,ผู้มีเกียรติจากการบูชาและผู้เป็นใหญ่และว่องไว
ยชญ์ธนญ,ผู้มีเกียรติจากการบูชาและผู้มีทรัพย์
ยชญ์ศิริ,ผู้มีเกียรติจากการบูชาและผู้มีสิริมงคล
ยชญ์อนันต์,ผู้มีเกียรติจากการบูชาและผู้ไม่มีที่สิ้นสุด
ยศไกร,ผู้มีเกียรติยศ ผู้ยิ่งใหญ่ และผู้สร้างสรรค์
ยศไกร,ผู้มีเกียรติยศ ผู้ยิ่งใหญ่ และผู้สร้างสรรค์
ยศธน,ผู้มีเกียรติยศและผู้มีทรัพย์
ยศธนะ,ผู้มีเกียรติยศและผู้มีทรัพย์
ยศธร,ผู้มีเกียรติยศและผู้ค้ำจุน
ยศยง,ผู้ยืนยงมั่นคง ผู้มีเกียรติยศ และผู้ยืนยง
ยศยชญ์,ผู้มีเกียรติจากการบูชาและผู้มีเกียรติยศ
ยศรินทร์,ผู้มีเกียรติยศ ผู้เป็นใหญ่ และผู้ไหลรินอ่อนโยน
ยสินทร,ผู้มีเกียรติยศอันทรงค่าและความมั่นคงสูงส่ง
ยี,ผู้มีเสน่ห์อ่อนหวานเฉพาะตน
รขิน,
รงค์,ผู้เปี่ยมด้วยสีสันและพลัง
รจณา,ผู้สร้างสรรค์ถ้อยคำ
รจนา,ผู้เรียบเรียงหรือสร้างสรรค์ถ้อยคำ
รชฏ,ผู้เปี่ยมด้วยความรุ่งโรจน์
รชต,ผู้เปี่ยมด้วยความรุ่งโรจน์
รชิน,
รฐา,ผู้มีความมั่นคงแห่งรัฐ
รณกร,ผู้กล้าหาญในการต่อสู้และผู้สร้างสรรค์
รณกร,ผู้กล้าหาญในการต่อสู้และผู้สร้างสรรค์
รณนภ,ผู้กล้าหาญในการต่อสู้
รณรงค์,ผู้กล้าหาญในการต่อสู้และสีสันหรือการรบ
รณรงค์,ผู้กล้าหาญในการต่อสู้และสีสันหรือการรบ
รนน,
รบ,การต่อสู้ สื่อถึงความกล้าหาญ
รปิน,
รมณ,
รมน,ผู้มีใจรื่นรมย์
รมิญา,ผู้มีความรื่นรมย์ ความรู้ และความอ่อนโยนสง่างาม
รวรัญ,ผู้มีความประเสริฐรุ่งเรือง ความประเสริฐ และปัญญาอันประเสริฐ
รวิชญ์,ดวงอาทิตย์ ผู้รุ่งเรืองและนักปราชญ์ผู้รู้
รวิชญา,ดวงอาทิตย์ ผู้รุ่งเรืองและผู้มีความรู้
รวิรา,ผู้รุ่งเรืองดุจดวงอาทิตย์
รวิวร,ดวงอาทิตย์ ผู้รุ่งเรืองและผู้ประเสริฐ
รวิวรรธน์,ดวงอาทิตย์ ผู้รุ่งเรือง ผู้ประเสริฐ และผู้มีทรัพย์
รวิวาน,ผู้มีดวงอาทิตย์และความกว้างไกล
รวิสรา,ดวงอาทิตย์ ผู้รุ่งเรืองและผู้มีความไหลลื่นงดงาม
รหณ,
รหาญ,ผู้กล้าหาญ
รอดไฝ,ผู้แคล้วคลาดและมีจุดเด่นเป็นสิริมงคล
รอดริน,ผู้แคล้วคลาดและอ่อนละมุน
รอบคอบ,ผู้มีความระมัดระวังและพิจารณาถี่ถ้วน
รอบคอบ,ผู้มีความระมัดระวังและพิจารณาถี่ถ้วน
รอฮัน,ผู้มีเมตตาและจิตใจกว้างขวาง
รอฮานา,ผู้มีเมตตา อ่อนโยน และงดงาม
ระวิภัทร,ผู้มีแสงอาทิตย์ ความดีงามเป็นมงคล และความมั่นคงสูงส่ง
ระวิวรรณ์,ผู้กล้าหาญในการต่อสู้ ผู้ประเสริฐ และผู้มีวรรณะงดงาม
ระวิวรรณ์,ผู้กล้าหาญในการต่อสู้ ผู้ประเสริฐ และผู้มีวรรณะงดงาม
รัก,ผู้เป็นที่รัก
รัก,ผู้เป็นที่รัก
รักใคร่,ความรักและความผูกพันเอ็นดู
รักษ์ธนนวินต์,ผู้ปกป้องทรัพย์และชัยชนะใหม่
รักษา,ผู้เป็นที่รักและผู้คุ้มครองดูแล
รักษาธิกรณ์,ผู้กล้าหาญในการต่อสู้ ผู้เป็นที่รัก และผู้คุ้มครองดูแล
รักษาวงษ์,ผู้เป็นที่รัก ผู้คุ้มครองดูแล และผู้สืบวงศ์ตระกูล
รักษิณา,ผู้เป็นที่รัก
รัชฏะ,ผู้รุ่งเรืองด้วยอำนาจ
รัชฏะ,ผู้รุ่งเรืองด้วยอำนาจ
รัชฏาวรรณ,ผู้กล้าหาญในการต่อสู้ ผู้รุ่งเรืองด้วยอำนาจ และผู้ประเสริฐ
รัชฏาวรรณ,ผู้กล้าหาญในการต่อสู้ ผู้รุ่งเรืองด้วยอำนาจ และผู้ประเสริฐ
รัชธิวรรษ์,ผู้รุ่งเรืองด้วยอำนาจ ผู้ประเสริฐ และปีหรือฝนอันอุดม
รัชธิวรรษ์,ผู้รุ่งเรืองด้วยอำนาจ ผู้ประเสริฐ และปีหรือฝนอันอุดม
รัชโนวรรณ,ผู้กล้าหาญในการต่อสู้ ผู้รุ่งเรืองด้วยอำนาจ และผู้ประเสริฐ
รัชวงษ์,ผู้รุ่งเรืองด้วยอำนาจและผู้สืบวงศ์ตระกูล
รัชวิชญ์,ผู้รุ่งเรืองด้วยอำนาจและนักปราชญ์ผู้รู้
รัชอินทร์,ผู้รุ่งเรืองด้วยอำนาจและผู้เป็นใหญ่
รัญญ์สิรินทร์,
รัญนิลิน,ผู้ละมุนงดงามและผู้มีดอกบัวงาม
รัญลภัส,ผู้มีความรื่นรมย์ แสงแห่งโชคลาภ และแสงสว่าง
รัฐ,ผู้เกี่ยวข้องกับบ้านเมือง
รัฐกร,ผู้เกี่ยวข้องกับบ้านเมืองและผู้สร้างสรรค์
รัฐนันท์,ผู้เกี่ยวข้องกับบ้านเมืองและผู้มีความสุขยินดี
รัฐผไท,ผู้เกี่ยวข้องกับบ้านเมือง
รัฐผไท,ผู้เกี่ยวข้องกับบ้านเมือง
รัฐภัทร์,ผู้ดีงามเป็นมงคลและผู้เกี่ยวข้องกับบ้านเมือง
รัฐราษฎร์,ผู้เกี่ยวข้องกับบ้านเมืองและผู้เกี่ยวข้องกับประชาชน
รัฐรุจน์,ผู้เกี่ยวข้องกับบ้านเมืองและผู้รุ่งเรือง
รัฐรุจน์,ผู้เกี่ยวข้องกับบ้านเมืองและผู้รุ่งเรือง
รัฐโรจน์,ผู้เกี่ยวข้องกับบ้านเมืองและผู้รุ่งเรืองสว่างไสว
ราญรอน,ผู้เปี่ยมด้วยความองอาจ
รามนัฏ,ใจหรือความนึกคิด ผู้สง่างาม และผู้มีจิตใจ
รามนัฏ,ใจหรือความนึกคิด ผู้สง่างาม และผู้มีจิตใจ
รามิล,ผู้เปี่ยมด้วยความสง่างาม
รามิลา,ผู้มีความสง่างามและความอ่อนโยนสง่างาม
ราวินิช,ผู้มีคุณเฉพาะตนและผู้พิจารณารอบคอบ
ราวินิช,ผู้มีคุณเฉพาะตนและผู้พิจารณารอบคอบ
ริซิน,ผู้เปี่ยมด้วยความอ่อนละมุน
ริญญะภัสร์,ผู้มีความรู้และแสงสว่าง
ริฏฐิ์,"ริฏฐิ์ (บาลี-สันสกฤต: ความสำเร็จ, ความเจริญ, ฤทธิ์) = ความสำเร็จ, ความเจริญ, ความศักดิ์สิทธิ์"
ริณา,ผู้มีความอ่อนละมุนและความอ่อนโยนสง่างาม
ริน,ผู้ไหลรินอ่อนโยน
รินทระ,ผู้เป็นใหญ่ดุจสายน้ำ
รินทระ,ผู้เป็นใหญ่ดุจสายน้ำ
รินทิรา,ผู้ไหลรินอ่อนโยน
รินไท,ผู้เป็นไทและอ่อนละมุนดุจสายน้ำ
รินนา,ผู้ไหลรินอ่อนโยน
รินลภัศ,
รินลภัส,
รินลภัสร์,
รินลักษณ์,ผู้ไหลรินอ่อนโยนและผู้มีลักษณะงดงาม
รินวร,ผู้ไหลรินอ่อนโยนและผู้ประเสริฐ
ริเลน,ไม่ปรากฏรากศัพท์บาลี-สันสกฤตโดยตรงในพจนานุกรมราชบัณฑิตยสถาน มักเป็นชื่อที่ได้รับอิทธิพลจากภาษาต่างประเทศ หรือเลือกใช้เพราะเสียงไพเราะ
ริวัน,ผู้มีความอ่อนละมุนและวันอันเป็นมงคล
ริออน,ชื่อนี้เป็นชื่อที่มาจากภาษาต่างประเทศ ไม่สามารถแยกรากศัพท์ตามหลักภาษาบาลี-สันสกฤตได้โดยตรง
ริอา,ผู้มีความอ่อนละมุนและความอ่อนโยนสง่างาม
รุจกร,ผู้รุ่งเรืองและผู้สร้างสรรค์
รุจธร,ผู้รุ่งเรืองและผู้ค้ำจุน
รุจธร,ผู้รุ่งเรืองและผู้ค้ำจุน
รุจรวิศร์,ดวงอาทิตย์ ผู้รุ่งเรืองและผู้รุ่งเรือง
รุจิชญานันท์,ผู้รุ่งเรืองงดงาม ผู้รุ่งเรือง และผู้มีความสุขยินดี
รุจิรา,ผู้รุ่งเรืองงดงาม ผู้รุ่งเรือง และผู้ยั่งยืนยาวนาน
รุณใจ,ผู้มีใจรุ่งเรืองอ่อนโยน
รุฮาญา,ผู้มีความรุ่งเรือง ความรู้ และความอ่อนโยนสง่างาม
เรไร,แมลงเสียงไพเราะในธรรมชาติ
โรจกร,ผู้สร้างสรรค์
โรจนดิษฐ์,ผู้รุ่งเรืองสว่างไสว
โรจน์ธนารันต์,ผู้รุ่งเรืองสว่างไสวและผู้มีทรัพย์
โรจนะ,ผู้รุ่งเรืองสว่างไสว
ไรซัส,ชื่อนี้ไม่มีรากศัพท์มาจากภาษาบาลีหรือสันสกฤตตามหลักนิรุกติศาสตร์ไทย แต่เป็นชื่อที่ได้รับอิทธิพลจากภาษาต่างประเทศหรือเป็นการตั้งชื่อตามเสียงที่ไพเราะในยุคปัจจุบัน จึงไม่สามารถแยกรากศัพท์ตามหลักคำสมาส/สนธิได้
ไรซิล,ชื่อนี้ไม่มีรากศัพท์มาจากภาษาบาลีหรือสันสกฤตตามหลักนิรุกติศาสตร์ไทย แต่เป็นชื่อที่ได้รับอิทธิพลจากภาษาต่างประเทศหรือเป็นการตั้งชื่อตามเสียงที่ไพเราะในยุคปัจจุบัน จึงไม่สามารถแยกรากศัพท์ตามหลักคำสมาส/สนธิได้
ไรลอน,ชื่อนี้ไม่มีรากศัพท์มาจากภาษาบาลีหรือสันสกฤตตามหลักนิรุกติศาสตร์ไทย แต่เป็นชื่อที่ได้รับอิทธิพลจากภาษาต่างประเทศหรือเป็นการตั้งชื่อตามเสียงที่ไพเราะในยุคปัจจุบัน จึงไม่สามารถแยกรากศัพท์ตามหลักคำสมาส/สนธิได้
ไรเวน,ชื่อภาษาอังกฤษ หมายถึง 'อีกา' หรือ 'นกเรเวน' ซึ่งมักสื่อถึงความลึกลับ ปัญญา หรือพลัง (ไม่สามารถแยกรากศัพท์แบบบาลี-สันสกฤตได้)
ไรออน,ชื่อนี้ไม่มีรากศัพท์มาจากภาษาบาลีหรือสันสกฤตตามหลักนิรุกติศาสตร์ไทย แต่เป็นชื่อที่ได้รับอิทธิพลจากภาษาต่างประเทศหรือเป็นการตั้งชื่อตามเสียงที่ไพเราะในยุคปัจจุบัน จึงไม่สามารถแยกรากศัพท์ตามหลักคำสมาส/สนธิได้
ไรอัน,"ชื่อภาษาไอริช มีความหมายว่า 'กษัตริย์น้อย', 'ผู้สูงศักดิ์', 'ผู้มีเกียรติ' (ไม่สามารถแยกรากศัพท์แบบบาลี-สันสกฤตได้)"
ลกนก,
ลกมล,
ลจอมทอง,
ลฎาณัช,ผู้เปี่ยมด้วยความอ่อนช้อย
ลดวง,
ลทอง,
ลทองคำ,
ลนิ,
ลภัสญาลักษณ์,"ลภัส (ผู้ได้มาซึ่งโชคลาภ, ผู้มี) + ญา (ความรู้, ปัญญา) + ลักษณ์ (ลักษณะ, คุณสมบัติ) = ผู้มีลักษณะแห่งโชคลาภและปัญญา"
ลภัสญาวรัญญา,ผู้มีแสงแห่งโชคลาภและปัญญาอันประเสริฐ
ลลิล,ผู้มีความงามอ่อนช้อย
ลลิษา,หญิงผู้งดงามอ่อนช้อย
ล้วน,ผู้บริสุทธิ์ตรงแท้
ลหิ,
ล้อม,ผู้เปี่ยมด้วยการคุ้มครองโอบล้อม
ลอออร,หญิงงามละเอียดละออ
ละไม,ผู้ละมุนอ่อนโยน
ละไม,ผู้ละมุนอ่อนโยน
ละออ,ผู้ละเอียดงดงาม
ละออง,ผู้ละเอียดงดงามและผู้ละเอียดอ่อนบริสุทธิ์
ลักษมัณ,ผู้มีลักษณะดีงามและมั่นคง
ลักษมัณ,ผู้มีลักษณะดีงามและมั่นคง
ลักษวุธ,ผู้มีลักษณะงดงามและผู้มีพลังป้องกัน
ลักษวุธ,ผู้มีลักษณะงดงามและผู้มีพลังป้องกัน
ลัญฉกร,ผู้สร้างเครื่องหมายแห่งความดี
ลัญฉกร,ผู้สร้างเครื่องหมายแห่งความดี
ลัลนลิณ,ผู้มีความงามอ่อนช้อยดุจดอกบัว
ลานนา,ดินแดนล้านนาอันงดงาม
ลานอก,ผู้เปี่ยมด้วยพื้นที่กว้าง
ลาวัณณ์สิริ,ผู้มีความงามและสิริมงคล
ลาวา,หินหลอมเหลวจากภูเขาไฟ สื่อถึงพลังธรรมชาติ
ลาวา,หินหลอมเหลวจากภูเขาไฟ สื่อถึงพลังธรรมชาติ
ลำไพ,ผู้สว่างผ่องใส
ลิกค์,ผู้มีความเฉียบไวและความละมุน
ลิกค์,ผู้มีความเฉียบไวและความละมุน
ลิน,ผู้ละมุนงดงาม
ลินทร์ฬุฬา,ผู้มีความละมุนและความอ่อนโยนสง่างาม
ลินน์นฐา,ผู้มีความละมุนและความอ่อนโยนสง่างาม
ลินนา,ผู้ละมุนงดงาม
ลินลักษณ์,ผู้มีลักษณะงดงามและผู้ละมุนงดงาม
ลินวร,ผู้ละมุนงดงามและผู้ประเสริฐ
ลินิน,ผู้ละมุนงดงามและผ้าลินิน สื่อถึงความเรียบหรูบริสุทธิ์
ลินิน,ผู้ละมุนงดงามและผ้าลินิน สื่อถึงความเรียบหรูบริสุทธิ์
ลิบลับ,ไกลมากจนแทบมองไม่เห็น
ลิลณัฎ,ผู้มีลีลางดงามและความละมุน
ลิลัญภัชต์,ผู้มีการแบ่งปันความดีและความละมุน
ลุนลา,ผู้มีความงอกงามและความอ่อนโยนสง่างาม
ลูคัส,ชื่อนี้เป็นชื่อที่มาจากภาษาต่างประเทศ ไม่สามารถแยกรากศัพท์ตามหลักภาษาบาลี-สันสกฤตได้โดยตรง
ลูรา,ไม่ปรากฏรากศัพท์บาลี-สันสกฤตโดยตรงในพจนานุกรมราชบัณฑิตยสถาน มักเป็นชื่อที่ได้รับอิทธิพลจากภาษาต่างประเทศ หรือเลือกใช้เพราะเสียงไพเราะ
ลูริส,ชื่อนี้เป็นชื่อที่มาจากภาษาต่างประเทศ ไม่สามารถแยกรากศัพท์ตามหลักภาษาบาลี-สันสกฤตได้โดยตรง
ลูเรน,ผู้เปี่ยมด้วยความนุ่มนวล
ลูวิน,ชื่อนี้เป็นชื่อที่มาจากภาษาต่างประเทศ ไม่สามารถแยกรากศัพท์ตามหลักภาษาบาลี-สันสกฤตได้โดยตรง
ลูเวอร์,ชื่อนี้ไม่มีรากศัพท์มาจากภาษาบาลีหรือสันสกฤตตามหลักนิรุกติศาสตร์ไทย แต่เป็นชื่อที่ได้รับอิทธิพลจากภาษาต่างประเทศหรือเป็นการตั้งชื่อตามเสียงที่ไพเราะในยุคปัจจุบัน จึงไม่สามารถแยกรากศัพท์ตามหลักคำสมาส/สนธิได้
เลโน่,ผู้เปี่ยมด้วยความเปิดกว้าง
เลมินญาน์,
เลาะนะ,ผู้เปี่ยมด้วยความเปิดกว้าง
เลาะหามะ,ผู้เปี่ยมด้วยความอ่อนโยน
โลวะลุน,ผู้เปี่ยมด้วยความงอกงาม
โลหะวณิชย์,ผู้ค้าหรือผู้เชี่ยวชาญด้านโลหะ
ไลลา,กลางคืนอันงดงาม
ไลออน,สิงโต ผู้กล้าหาญ
วงค์มลฑล,วงศ์ตระกูลแห่งมณฑลอันมั่นคง
วงค์ษารัฐ,วงศ์ตระกูลแห่งรัฐ
วงค์หนองแล้ง,ผู้เปี่ยมด้วยวงศ์ตระกูล
วงค์หนองแล้ง,ผู้เปี่ยมด้วยวงศ์ตระกูล
วงษ์ไกร,ผู้สืบวงศ์ตระกูล ผู้ยิ่งใหญ่ และผู้สร้างสรรค์
วงษ์คงคำ,วงศ์ตระกูลมั่นคงดุจทองคำ
วงษ์คงคำ,วงศ์ตระกูลมั่นคงดุจทองคำ
วงษ์เจริญ,ผู้สืบวงศ์ตระกูลและผู้เจริญรุ่งเรือง
วงษ์วานิชขจร,วงศ์ตระกูลพ่อค้าที่เลื่องลือ
วงษ์อุระ,ผู้เปี่ยมด้วยวงศ์ตระกูล
วงษาไชย,ผู้สืบสายตระกูล
วชิร,เพชรหรือสายฟ้า ผู้แข็งแกร่ง
วชิรญาณ์,"วชิร (เพชร, แสงสว่าง) + ญาณ์ (ความรู้, ปัญญาหยั่งรู้) = ผู้มีปัญญาหยั่งรู้อันเฉียบคมดุจเพชร"
วชิรธร,เพชรหรือสายฟ้า ผู้แข็งแกร่งและผู้ค้ำจุน
วชิรภณ,ผู้มีวาจาดีและเพชรหรือสายฟ้า ผู้แข็งแกร่ง
วชิรภณ,ผู้มีวาจาดีและเพชรหรือสายฟ้า ผู้แข็งแกร่ง
วชิรวิชญ์,ดวงอาทิตย์ ผู้รุ่งเรือง เพชรหรือสายฟ้า ผู้แข็งแกร่ง และนักปราชญ์ผู้รู้
วชิรวิชญ์,ดวงอาทิตย์ ผู้รุ่งเรือง เพชรหรือสายฟ้า ผู้แข็งแกร่ง และนักปราชญ์ผู้รู้
วชิราวุธ,เพชรหรือสายฟ้า ผู้แข็งแกร่งและผู้มีพลังป้องกัน
วฐา,ผู้มีฐานะมั่นคงและความอ่อนโยนสง่างาม
วณัฎนันท์,ผู้มีความยินดีในศิลปะงดงาม
วธัญญา,ผู้มีสิริมงคลและปัญญา
วนิ,
วมิ,
วรกร,ผู้ประเสริฐและผู้สร้างสรรค์
วรกร,ผู้ประเสริฐและผู้สร้างสรรค์
วรกัญญา,ผู้ประเสริฐ ผู้มีความรู้ และหญิงผู้ดีงาม
วรกัญญา,ผู้ประเสริฐ ผู้มีความรู้ และหญิงผู้ดีงาม
วรจันทร์,ผู้ประเสริฐและผู้เย็นงามดุจจันทร์
วรจิร,ผู้ประเสริฐ
วรชญา,"วร (ประเสริฐ, ดีเลิศ) + ชญา (ความรู้, ปัญญา) = ผู้มีปัญญาอันประเสริฐ, ผู้มีความรู้อันดีเลิศ"
วรเชษฐ์,ผู้ประเสริฐและผู้ประเสริฐเป็นใหญ่
วรญาลักษณ์,ผู้มีลักษณะงดงาม ผู้ประเสริฐ และผู้มีความรู้
วรญาวรัญญา,วรญา (ความรู้ที่ประเสริฐ) + วรัญญา (ความรู้ที่ประเสริฐ) = ผู้มีความรู้ความเข้าใจอันประเสริฐยิ่ง
วรณัฐ,ผู้กล้าหาญในการต่อสู้ ผู้ประเสริฐ และนักปราชญ์ผู้มีปัญญา
วรณัน,ผู้กล้าหาญในการต่อสู้และผู้ประเสริฐ
วรดร,ผู้ประเสริฐและผู้ค้ำจุน
วรทอง,ผู้ประเสริฐ
วรธน,ผู้ประเสริฐและผู้มีทรัพย์
วรธนัท,ผู้ประเสริฐและผู้มีทรัพย์
วรนภัส,"วร (ประเสริฐ, เลิศ, ยอดเยี่ยม) + นภัส (ท้องฟ้า, อากาศ) = ผู้มีความประเสริฐดุจท้องฟ้า, ผู้ประเสริฐอันกว้างใหญ่"
วรนันท์,ผู้ประเสริฐและผู้มีความสุขยินดี
วรปรัชญ์,ผู้รุ่งเรืองด้วยอำนาจ ผู้ประเสริฐ และนักปราชญ์ผู้มีปัญญา
วรปรัชญ์,ผู้รุ่งเรืองด้วยอำนาจ ผู้ประเสริฐ และนักปราชญ์ผู้มีปัญญา
วรภัทรา,"วร (ประเสริฐ, ดีเลิศ) + ภัทรา (ดี, งาม, เจริญ, เป็นมงคล) = ผู้ประเสริฐและดีงาม, ผู้เจริญรุ่งเรืองและเป็นมงคล"
วรรณกนก,ผู้กล้าหาญในการต่อสู้ ผู้ประเสริฐ และผู้มีวรรณะงดงาม
วรรณกร,ผู้กล้าหาญในการต่อสู้ ผู้ประเสริฐ และผู้มีวรรณะงดงาม
วรรณจงคำ,ผู้มีวรรณะงดงามและถ้อยคำล้ำค่า
วรรณทอง,ผู้กล้าหาญในการต่อสู้ ผู้ประเสริฐ และผู้มีวรรณะงดงาม
วรรณทอง,ผู้กล้าหาญในการต่อสู้ ผู้ประเสริฐ และผู้มีวรรณะงดงาม
วรรณรักษ์,ผู้กล้าหาญในการต่อสู้ ผู้เป็นที่รัก และผู้ปกป้องรักษา
วรรณวรงค์,ผู้มีวรรณะประเสริฐและสีสันงดงาม
วรรณวิไล,ผู้กล้าหาญในการต่อสู้ ผู้ประเสริฐ และผู้มีวรรณะงดงาม
วรรณวิไล,ผู้กล้าหาญในการต่อสู้ ผู้ประเสริฐ และผู้มีวรรณะงดงาม
วรรณะ,ผู้กล้าหาญในการต่อสู้ ผู้ประเสริฐ และผู้มีวรรณะงดงาม
วรรณะ,ผู้กล้าหาญในการต่อสู้ ผู้ประเสริฐ และผู้มีวรรณะงดงาม
วรรณิษา,ผู้กล้าหาญในการต่อสู้ ผู้ประเสริฐ และผู้มีวรรณะงดงาม
วรรษนันท์,ผู้ประเสริฐ ปีหรือฝนอันอุดม และผู้มีความสุขยินดี
วรรษภณ,ผู้มีวาจาดี ผู้ประเสริฐ และปีหรือฝนอันอุดม
วรรษภณ,ผู้มีวาจาดี ผู้ประเสริฐ และปีหรือฝนอันอุดม
วรรษมน,ใจหรือความนึกคิด ผู้ประเสริฐ และปีหรือฝนอันอุดม
วรรา,ผู้ประเสริฐ
วรลักษณ์,ผู้ประเสริฐและผู้มีลักษณะงดงาม
วรวรรณ,ผู้ประเสริฐและผู้มีวรรณะงดงาม
วรวรรธน์,ผู้ประเสริฐ ผู้เจริญงอกงาม และผู้มีทรัพย์
วรวรัญญา,"วร (บาลี-สันสกฤต: วร หมายถึง ประเสริฐ, เลิศ, ดีเยี่ยม) + วรัญญา (บาลี-สันสกฤต: วรญฺญา มาจาก วร + ญา หมายถึง ผู้รู้แจ้ง, ผู้รู้สิ่งที่ประเสริฐ) = ผู้ประเสริฐและเป็นผู้รู้แจ้ง (หรือ ผู้ประเสริฐยิ่งด้วยปัญญาอันล้ำเลิศ)"
วรวลัญช์,ผู้ประเสริฐและผู้มีเครื่องหมายแห่งความดี
วรวิชญ์,ผู้ประเสริฐ ผู้มีความรู้ และนักปราชญ์ผู้รู้
วรอนันต์,ผู้ประเสริฐ ผู้ไม่มีที่สิ้นสุด และผู้มีความสุขยินดี
วระภัทร,ผู้ประเสริฐและผู้ดีงามเป็นมงคล
วรัญญ์,ผู้มีปัญญาอันประเสริฐ ผู้ประเสริฐและรู้แจ้ง และผู้ประเสริฐ
วรัญญา,ผู้มีปัญญาอันประเสริฐ ผู้ประเสริฐและรู้แจ้ง และผู้ประเสริฐ
วรัญญานันท์,ผู้มีปัญญาอันประเสริฐ ผู้ประเสริฐและรู้แจ้ง และผู้ประเสริฐ
วรัณญา,ผู้ประเสริฐ
วรัท,ผู้ประเสริฐ
วรันท์,ผู้ประเสริฐ
วราธร,ผู้ประเสริฐและผู้ค้ำจุน
วรารินทร์,ผู้ประเสริฐ ผู้เป็นใหญ่ และผู้ไหลรินอ่อนโยน
วราวงษ์,ผู้ประเสริฐและผู้สืบวงศ์ตระกูล
วราวุธ,ผู้ประเสริฐและผู้มีพลังป้องกัน
วริญญา,ผู้ประเสริฐ
วริทธิ์,"วร (วร: ป., ส. ประเสริฐ, ดีเลิศ, ยอดเยี่ยม) + ฤทธิ์ (อิทฺธิ: ป., ริทฺธิ: ส. ความสำเร็จ, อำนาจ, อานุภาพ) (สมาส) = ผู้มีอานุภาพและอำนาจอันประเสริฐ"
วริน,ผู้ประเสริฐดุจสายน้ำ ผู้ประเสริฐ และผู้ไหลรินอ่อนโยน
วรินญา,ผู้ประเสริฐดุจสายน้ำ ผู้ประเสริฐ และผู้ไหลรินอ่อนโยน
วรินทธิ์ธร,ผู้ประเสริฐดุจสายน้ำ ผู้ประเสริฐ และผู้ค้ำจุน
วรินทร,ผู้เป็นใหญ่และประเสริฐ ผู้ประเสริฐดุจสายน้ำ และผู้ประเสริฐ
วรินทร์,ผู้เป็นใหญ่และประเสริฐ ผู้ประเสริฐดุจสายน้ำ และผู้ประเสริฐ
วรินทร์ธร,ผู้เป็นใหญ่และประเสริฐ ผู้ประเสริฐดุจสายน้ำ และผู้ประเสริฐ
วรินทร์ลภัส,ผู้เป็นใหญ่และประเสริฐ ผู้ประเสริฐดุจสายน้ำ และผู้ประเสริฐ
วรินทรา,
วรินธา,ผู้ประเสริฐดุจสายน้ำ ผู้ประเสริฐ และผู้ดำรงไว้
วริศรา,ผู้ประเสริฐและลูกศร ผู้มุ่งมั่นตรงเป้า
วริษฐา,ผู้ประเสริฐและผู้ตั้งมั่น
วริษฐา,ผู้ประเสริฐและผู้ตั้งมั่น
วริษา,ผู้ประเสริฐ
วรุจจ์พงษ์,ผู้ประเสริฐและผู้สืบวงศ์ตระกูล
วลิษา,ผู้มีความงามอ่อนช้อย ความละมุน และความอ่อนโยนสง่างาม
ว่องธนวณิช,พ่อค้าที่คล่องแคล่วและมั่งคั่ง
ว่องวรานนท์,ผู้คล่องแคล่ว ประเสริฐ และเปี่ยมสุข
วัจน์คมกริช,ผู้มีวาจาเฉียบคมดุจกริช
วัชร,เพชรหรือสายฟ้า ผู้แข็งแกร่งและผู้แข็งแกร่งดุจเพชร
วัชรกรณ์,เพชรหรือสายฟ้า ผู้แข็งแกร่ง ผู้แข็งแกร่งดุจเพชร และผู้กระทำสิ่งดีงาม
วัชรนนท์,เพชรหรือสายฟ้า ผู้แข็งแกร่ง ผู้แข็งแกร่งดุจเพชร และผู้มีความสุขยินดี
วัชรภัทร,เพชรหรือสายฟ้า ผู้แข็งแกร่ง ผู้แข็งแกร่งดุจเพชร และผู้ดีงามเป็นมงคล
วัชรวรงค์,ผู้ประเสริฐ เพชรหรือสายฟ้า ผู้แข็งแกร่ง และผู้แข็งแกร่งดุจเพชร
วัชรินทร์,เพชรหรือสายฟ้า ผู้แข็งแกร่ง ผู้แข็งแกร่งดุจเพชร และผู้เป็นใหญ่
วัชรินทร์พงษ์,เพชรหรือสายฟ้า ผู้แข็งแกร่ง ผู้แข็งแกร่งดุจเพชร และผู้สืบวงศ์ตระกูล
วัชโรบล,ผู้แข็งแกร่งดุจเพชร
วัณณวรวรรณ์,ผู้มีวรรณะงดงามอันประเสริฐ
วัน,วันอันเป็นมงคล
วันทนา,ผู้ได้รับการไหว้เคารพ วันอันเป็นมงคล และผู้เป็นพื้นฐานแห่งชีวิต
วันลา,วันแห่งการพักหรือการจากลา
วัลลักษณ์,ผู้มีลักษณะงดงามเป็นที่รักและผู้มีลักษณะงดงาม
วัลลา,ผู้เป็นที่รัก
วาณิชญา,ผู้ชำนาญการค้า
วานิชย์หานนท์,การค้าและความเจริญทางทรัพย์ ผู้ชำนาญการค้า และผู้มีความสุขยินดี
วารอน,"วาร (วัน, คราว, ช่วงเวลา) + อน (จาก อานนท์ - ความยินดี, ความสุข) = ผู้มีวันเวลาอันเปี่ยมสุข, ผู้มีความยินดีในทุกวาระ"
วาริน,"วาริน (สันสกฤต: น้ำ) = น้ำ (หมายถึงความบริสุทธิ์, ความชุ่มชื้น, ความอุดมสมบูรณ์)"
วาหลวง,ผู้มีความกว้างขวางและความกว้างไกล
วิชชญา,ผู้มีความรู้แจ้งและผู้มีความรู้
วิชญนันท์,ผู้มีความรู้และผู้มีความสุขยินดี
วิเชฏฐพงษ์,ผู้วิเศษและประเสริฐและผู้สืบวงศ์ตระกูล
วิเชฐพงษ์,ผู้สืบวงศ์ตระกูล
วิเชษฐ์,ผู้วิเศษและประเสริฐ
วิญญา,ผู้มีความรู้แจ้ง ความรู้ และความอ่อนโยนสง่างาม
วิทวัส,ผู้ฉลาดรอบรู้
วิทวิน,ผู้เปี่ยมด้วยความรู้แจ้ง
วิธวินท์,ผู้มีวิธีและความรู้
วิน,ผู้เปี่ยมด้วยความรู้แจ้ง
วินท์นภัทร,ผู้ดีงามเป็นมงคล ผู้สูงส่งและดีงาม และผู้สูงส่งดั่งฟ้า
วินทร์,
วินลักษณ์,ผู้มีลักษณะงดงาม
วินลักษณา,ผู้มีลักษณะงดงาม
วินิทร,ผู้มีความรู้แจ้งและความมั่นคงสูงส่ง
วิระษร,ผู้มีความรู้แจ้งและความมั่นคงสูงส่ง
วิรัชต์ธนัญญา,ผู้รุ่งเรืองปราศจากมลทินและมั่งคั่งด้วยปัญญา
วิรัญญา,ผู้มีความรื่นรมย์ ความรู้ และปัญญารื่นรมย์
วิริญจ์,ผู้เปี่ยมด้วยความอ่อนละมุน
วิริญา,ผู้มีความอ่อนละมุน ความรู้ และความอ่อนโยนสง่างาม
วิลนันต์,ผู้มีความสุขยินดี
วิลาวรรณ์,ผู้ประเสริฐและผู้มีวรรณะงดงาม
วิไล,ผู้งดงาม
วิไลลักษณ์,ผู้งดงามและผู้มีลักษณะงดงาม
วิวรรธน์,ผู้ประเสริฐ ผู้เจริญงอกงาม และผู้มีทรัพย์
วิสิฏฐ,ผู้ยอดเยี่ยมพิเศษ
วิฬาร์ริณ,ผู้เปี่ยมด้วยความอ่อนละมุน
เวณิชา,ผู้มีความละเมียดละไมและความอ่อนโยนสง่างาม
เวณิษา,ผู้มีความละเมียดละไมและความอ่อนโยนสง่างาม
เวโรจน์,ผู้รุ่งเรืองสว่างไสว
ศรธร,ลูกศร ผู้มุ่งมั่นตรงเป้าและผู้ค้ำจุน
ศรเรศ,ลูกศร ผู้มุ่งมั่นตรงเป้า
ศรลักษณ์,ลูกศร ผู้มุ่งมั่นตรงเป้าและผู้มีลักษณะงดงาม
ศรัญญญา,ผู้เป็นที่พึ่งและรู้แจ้งและลูกศร ผู้มุ่งมั่นตรงเป้า
ศรัญญา,ผู้มีปัญญาและเป็นที่พึ่ง ผู้เป็นที่พึ่งและรู้แจ้ง และลูกศร ผู้มุ่งมั่นตรงเป้า
ศรัณ,ผู้เป็นที่พึ่งและลูกศร ผู้มุ่งมั่นตรงเป้า
ศรุญญ์,
ศิขริน,ยอดเขา ผู้สูงส่งมั่นคงและผู้ไหลรินอ่อนโยน
ศิร,ศีรษะหรือยอด สื่อถึงความสูงส่ง
ศิระวิชญ์,ผู้มีความรู้ ผู้เป็นยอดหรือศีรษะอันสูงส่ง และนักปราชญ์ผู้รู้
ศิริกร,ผู้มีสิริมงคล ผู้เป็นยอดหรือศีรษะอันสูงส่ง และผู้สร้างสรรค์
ศิริโชค,ผู้มีสิริมงคลและผู้เป็นยอดหรือศีรษะอันสูงส่ง
ศิริธำรงค์,ผู้มีสิริมงคล ผู้เป็นยอดหรือศีรษะอันสูงส่ง และผู้ดำรงรักษาไว้
ศิรินญา,"สิริ (สิริมงคล, ความรุ่งเรือง, เกียรติ) + ญา (จาก ญาณ = ความรู้, ปัญญา) = ผู้มีความรู้และปัญญาอันเป็นสิริมงคล, ผู้มีปัญญารุ่งเรือง"
ศิรินญาลักษณ์,"ศิริน (สิริมงคล, ความสง่างาม) + ญา (ความรู้, ปัญญา) + ลักษณ์ (ลักษณะ, คุณสมบัติ) = ผู้มีลักษณะแห่งสิริมงคล ความสง่างาม และปัญญา"
ศิรินญาวรัญญา,"ศิริน (สิริมงคล, ความสง่างาม) + ญา (ความรู้, ปัญญา) + วรัญญา (ความรู้ที่ประเสริฐ) = ผู้มีความรู้ความปัญญาอันประเสริฐและมีความสง่างามเป็นสิริมงคล"
ศิริลักษณ์,ผู้มีสิริมงคล ผู้เป็นยอดหรือศีรษะอันสูงส่ง และผู้มีลักษณะงดงาม
ศิริอนันตหิรัญ,ผู้มีสิริมงคล ผู้เป็นยอดหรือศีรษะอันสูงส่ง และผู้ล้ำค่าดุจเงินทอง
ศิริอรันตหิรัญ,ผู้มีความรื่นรมย์และความงามอ่อนหวาน
ศิลป์ศร,ลูกศร ผู้มุ่งมั่นตรงเป้าและผู้มีศิลปะ
ศิวอิทธิ์,ผู้เป็นมงคลและผู้มีฤทธิ์อำนาจ
ศิวะฤทธิ์,ผู้เป็นมงคลและผู้มีฤทธิ์อำนาจ
ษกมล,ผู้มีพลังเฉพาะตนและดวงใจงดงาม
ษกมล,ผู้มีพลังเฉพาะตนและดวงใจงดงาม
ษกมลนันท์,ผู้มีความสุขยินดีและผู้ผ่องใส
ษกมลภัทร,ผู้ดีงามเป็นมงคลและผู้ผ่องใส
ษกมลวรา,ผู้ประเสริฐและผู้ผ่องใส
ษจิรา,ผู้มีพลังเฉพาะตนและความอ่อนโยนสง่างาม
ษจิรานันท์,ผู้มีความสุขยินดีและผู้ยั่งยืนยาวนาน
ษจิรานันท์,ผู้มีความสุขยินดีและผู้ยั่งยืนยาวนาน
ษจิราวรา,ผู้ประเสริฐและผู้ยั่งยืนยาวนาน
ษชล,ผู้มีพลังเฉพาะตนและสายน้ำ
ษชลภัทร,ผู้ดีงามเป็นมงคลและผู้เย็นใสดุจสายน้ำ
ษชลภัทร,ผู้ดีงามเป็นมงคลและผู้เย็นใสดุจสายน้ำ
ษชลวรา,ผู้ประเสริฐและผู้เย็นใสดุจสายน้ำ
ษชิน,
ษฐา,ผู้มีพลังเฉพาะตนและความอ่อนโยนสง่างาม
ษฐาจันทร์,ผู้ตั้งมั่นและผู้เย็นงามดุจจันทร์
ษฐาธร,ผู้ตั้งมั่นและผู้ค้ำจุน
ษฐาธร,ผู้ตั้งมั่นและผู้ค้ำจุน
ษฐานันท์,ผู้ตั้งมั่น ผู้มีฐานมั่นคง และผู้มีความสุขยินดี
ษฐามินทร์,ผู้ตั้งมั่นและผู้เป็นใหญ่
ษฐาลักษณ์,ผู้ตั้งมั่นและผู้มีลักษณะงดงาม
ษฐาลักษณ์,ผู้ตั้งมั่นและผู้มีลักษณะงดงาม
ษฐาลิน,ผู้ตั้งมั่นและผู้ละมุนงดงาม
ษฐาลิน,ผู้ตั้งมั่นและผู้ละมุนงดงาม
ษฐาวร,ผู้ประเสริฐ ผู้มั่นคงถาวร และผู้ตั้งมั่น
ษฐาวรา,ผู้ประเสริฐ ผู้มั่นคงถาวร และผู้ตั้งมั่น
ษฐาวริน,ผู้ประเสริฐดุจสายน้ำ ผู้ประเสริฐ และผู้มั่นคงถาวร
ษฐาวรินทร์,ผู้เป็นใหญ่และประเสริฐ ผู้ประเสริฐดุจสายน้ำ และผู้ประเสริฐ
ษฐาวริศ,ผู้ประเสริฐ ผู้มั่นคงถาวร และผู้ตั้งมั่น
ษฐาวิชญ์,ผู้มีความรู้ ผู้ตั้งมั่น และนักปราชญ์ผู้รู้
ษฐาวิน,ผู้เปี่ยมด้วยความรู้แจ้ง
ษฐาวิมล,ผู้บริสุทธิ์ผ่องใส ผู้ตั้งมั่น และผู้ผ่องใส
ษฐาวิศ,ผู้เปี่ยมด้วยความรู้แจ้ง
ษฐิร,ผู้มีพลังเฉพาะตนและความมั่นคงสูงส่ง
ษฐี,ผู้เปี่ยมด้วยพลังเฉพาะตน
ษฐี,ผู้เปี่ยมด้วยพลังเฉพาะตน
ษฐีร,ผู้มั่นคงถาวรและผู้มั่งมีหรือเป็นเศรษฐี
ษฐีรกร,ผู้มั่นคงถาวร ผู้สร้างสรรค์ และผู้มั่งมีหรือเป็นเศรษฐี
ษฐีรธร,ผู้มั่นคงถาวร ผู้ค้ำจุน และผู้มั่งมีหรือเป็นเศรษฐี
ษฐีรนนท์,ผู้มั่นคงถาวร ผู้มีความสุขยินดี และผู้มั่งมีหรือเป็นเศรษฐี
ษฐีรนันท์,ผู้มั่นคงถาวร ผู้มีความสุขยินดี และผู้มั่งมีหรือเป็นเศรษฐี
ษฐีรนิศ,ผู้มั่นคงถาวร ผู้มั่งมีหรือเป็นเศรษฐี และผู้เป็นใหญ่
ษฐีรภรณ์,ผู้มั่นคงถาวร ผู้เป็นเครื่องประดับ และผู้มั่งมีหรือเป็นเศรษฐี
ษฐีรภัทร,ผู้มั่นคงถาวร ผู้ดีงามเป็นมงคล และผู้มั่งมีหรือเป็นเศรษฐี
ษฐีรภัทร,ผู้มั่นคงถาวร ผู้ดีงามเป็นมงคล และผู้มั่งมีหรือเป็นเศรษฐี
ษฐีรมา,ผู้มั่นคงถาวร ผู้มั่งมีหรือเป็นเศรษฐี และผู้มาถึงพร้อมความดี
ษฐีรลักษณ์,ผู้มั่นคงถาวร ผู้มีลักษณะงดงาม และผู้มั่งมีหรือเป็นเศรษฐี
ษฐีรวรรณ,ผู้ประเสริฐ ผู้มีวรรณะงดงาม และผู้มั่นคงถาวร
ษฐีรวรินทร์,ผู้เป็นใหญ่และประเสริฐ ผู้ประเสริฐดุจสายน้ำ และผู้ประเสริฐ
ษฐีรวิชญ์,ผู้มีความรู้ ผู้มั่นคงถาวร และนักปราชญ์ผู้รู้
ษฐีรา,ผู้มั่นคงถาวรและผู้มั่งมีหรือเป็นเศรษฐี
ษฐีรา,ผู้มั่นคงถาวรและผู้มั่งมีหรือเป็นเศรษฐี
ษณัฐนันท์,ผู้มีความสุขยินดีและนักปราชญ์ผู้มีปัญญา
ษณัฐนันท์,ผู้มีความสุขยินดีและนักปราชญ์ผู้มีปัญญา
ษณัฐภัทร,ผู้ดีงามเป็นมงคลและนักปราชญ์ผู้มีปัญญา
ษณัฐภัทร,ผู้ดีงามเป็นมงคลและนักปราชญ์ผู้มีปัญญา
ษณัฐวรา,ผู้ประเสริฐและนักปราชญ์ผู้มีปัญญา
ษณัฐวรา,ผู้ประเสริฐและนักปราชญ์ผู้มีปัญญา
ษดล,ผู้มีพลังเฉพาะตนและการบันดาล
ษดลนันท์,ผู้มีความสุขยินดีและผู้บันดาลให้เกิดผล
ษดลภัทร,ผู้ดีงามเป็นมงคลและผู้บันดาลให้เกิดผล
ษดลภัทร,ผู้ดีงามเป็นมงคลและผู้บันดาลให้เกิดผล
ษดลวรา,ผู้ประเสริฐและผู้บันดาลให้เกิดผล
ษทิน,ผู้มีพลังเฉพาะตนและแสงแห่งวัน
ษทิน,ผู้มีพลังเฉพาะตนและแสงแห่งวัน
ษทินนันท์,ผู้มีความสุขยินดีและผู้สว่างดุจวัน
ษทินนันท์,ผู้มีความสุขยินดีและผู้สว่างดุจวัน
ษทินภัทร,ผู้ดีงามเป็นมงคล ผู้สูงส่งและดีงาม และผู้สูงส่งดั่งฟ้า
ษทินวรา,ผู้ประเสริฐและผู้สว่างดุจวัน
ษธนภัทร,ผู้ดีงามเป็นมงคล ผู้มีทรัพย์ และผู้สูงส่งและดีงาม
ษธนภัทร,ผู้ดีงามเป็นมงคล ผู้มีทรัพย์ และผู้สูงส่งและดีงาม
ษธนวรา,ผู้ประเสริฐและผู้มีทรัพย์
ษธนันท์,ผู้มีทรัพย์และผู้มีความสุขยินดี
ษธนันท์,ผู้มีทรัพย์และผู้มีความสุขยินดี
ษธนา,ผู้มีทรัพย์และผู้เป็นพื้นฐานแห่งชีวิต
ษธนา,ผู้มีทรัพย์และผู้เป็นพื้นฐานแห่งชีวิต
ษนันญา,ผู้มีพลังเฉพาะตน ความรู้ และความอ่อนโยนสง่างาม
ษนันทน์,ผู้เปี่ยมด้วยพลังเฉพาะตน
ษนันธร,ผู้ค้ำจุนและผู้มีความสุขยินดี
ษนันวิชญ์,ผู้มีความรู้ ผู้มีความสุขยินดี และนักปราชญ์ผู้รู้
ษนาวา,ผู้นำพาชีวิตดุจเรือและผู้เป็นพื้นฐานแห่งชีวิต
ษนาวานันท์,ผู้มีความสุขยินดี ผู้นำพาชีวิตดุจเรือ และผู้เป็นพื้นฐานแห่งชีวิต
ษนาวานันท์,ผู้มีความสุขยินดี ผู้นำพาชีวิตดุจเรือ และผู้เป็นพื้นฐานแห่งชีวิต
ษนาวาวรา,ผู้ประเสริฐ ผู้นำพาชีวิตดุจเรือ และผู้เป็นพื้นฐานแห่งชีวิต
ษนิภัทร,ผู้มีพลังเฉพาะตน ความดีงามเป็นมงคล และความมั่นคงสูงส่ง
ษนิรินทร์,ผู้เป็นใหญ่และผู้ไหลรินอ่อนโยน
ษนิริล,ผู้เปี่ยมด้วยความอ่อนละมุน
ษนิริล,ผู้เปี่ยมด้วยความอ่อนละมุน
ษบวร,ผู้ประเสริฐและผู้ประเสริฐเลิศล้ำ
ษบวรภัทร,ผู้ประเสริฐ ผู้ดีงามเป็นมงคล และผู้ประเสริฐเลิศล้ำ
ษปัญญา,ผู้มีปัญญา ความรู้ และความอ่อนโยนสง่างาม
ษปัญญานันท์,ผู้มีความสุขยินดีและผู้มีปัญญา
ษปัญญาวรา,ผู้ประเสริฐและผู้มีปัญญา
ษปัญญาวรา,ผู้ประเสริฐและผู้มีปัญญา
ษภัทร,ผู้มีพลังเฉพาะตน ความดีงามเป็นมงคล และความมั่นคงสูงส่ง
ษภัทร,ผู้มีพลังเฉพาะตน ความดีงามเป็นมงคล และความมั่นคงสูงส่ง
ษภัทรนันท์,ผู้ดีงามเป็นมงคลและผู้มีความสุขยินดี
ษภัทรนันท์,ผู้ดีงามเป็นมงคลและผู้มีความสุขยินดี
ษภัทรภัทร,ผู้มีพลังเฉพาะตน ความดีงามเป็นมงคล และความมั่นคงสูงส่ง
ษภัทรภัทร,ผู้มีพลังเฉพาะตน ความดีงามเป็นมงคล และความมั่นคงสูงส่ง
ษภัทรวรา,ผู้ประเสริฐและผู้ดีงามเป็นมงคล
ษมน,
ษมนัส,ผู้มีจิตใจและจิตใจงดงาม
ษมนัส,ผู้มีจิตใจและจิตใจงดงาม
ษมา,ผู้มีความอดทนและให้อภัยและผู้มาถึงพร้อมความดี
ษมาจันทร์,ผู้มีความอดทนและให้อภัย ผู้เย็นงามดุจจันทร์ และผู้มาถึงพร้อมความดี
ษมาธร,ผู้มีความอดทนและให้อภัย ผู้ค้ำจุน และผู้มาถึงพร้อมความดี
ษมานนท์,ผู้มีความอดทนและให้อภัย ผู้มีความสุขยินดี และผู้มาถึงพร้อมความดี
ษมานันท์,ผู้มีความอดทนและให้อภัย ผู้มีความสุขยินดี และผู้มาถึงพร้อมความดี
ษมานันท์,ผู้มีความอดทนและให้อภัย ผู้มีความสุขยินดี และผู้มาถึงพร้อมความดี
ษมามินทร์,ผู้มีความอดทนและให้อภัย ผู้เป็นใหญ่ และผู้มาถึงพร้อมความดี
ษมาริน,ผู้มีความอดทนและให้อภัย ผู้ไหลรินอ่อนโยน และผู้มาถึงพร้อมความดี
ษมาลักษณ์,ผู้มีความอดทนและให้อภัย ผู้มีลักษณะงดงาม และผู้มาถึงพร้อมความดี
ษมาลักษณ์,ผู้มีความอดทนและให้อภัย ผู้มีลักษณะงดงาม และผู้มาถึงพร้อมความดี
ษมาวิชญ์,ผู้มีความรู้ ผู้มีความอดทนและให้อภัย และนักปราชญ์ผู้รู้
ษมาวิมล,ผู้บริสุทธิ์ผ่องใส ผู้มีความอดทนและให้อภัย และผู้ผ่องใส
ษมาอำไพ,ผู้มีความอดทนและให้อภัย ผู้สว่างงดงาม และผู้มาถึงพร้อมความดี
ษรัญญา,ผู้มีปัญญาและเป็นที่พึ่งและผู้เป็นที่พึ่งและรู้แจ้ง
ษรัญธร,ผู้เป็นที่พึ่งและรู้แจ้งและผู้ค้ำจุน
ษรัญนนท์,ผู้เป็นที่พึ่งและรู้แจ้งและผู้มีความสุขยินดี
ษรัญนันท์,ผู้เป็นที่พึ่งและรู้แจ้งและผู้มีความสุขยินดี
ษรัญนันท์,ผู้เป็นที่พึ่งและรู้แจ้งและผู้มีความสุขยินดี
ษรัญภัทร,ผู้เป็นที่พึ่งและรู้แจ้งและผู้ดีงามเป็นมงคล
ษรัญภัสร์,ผู้เป็นที่พึ่งและรู้แจ้ง ผู้มีแก่นสาร และผู้มีแสงสว่าง
ษรัญลักษณ์,ผู้เป็นที่พึ่งและรู้แจ้งและผู้มีลักษณะงดงาม
ษรัญวิชญ์,ผู้มีความรู้ ผู้เป็นที่พึ่งและรู้แจ้ง และนักปราชญ์ผู้รู้
ษรัญวิชญ์,ผู้มีความรู้ ผู้เป็นที่พึ่งและรู้แจ้ง และนักปราชญ์ผู้รู้
ษรัญสิริ,ผู้เป็นที่พึ่งและรู้แจ้ง ผู้มีสิริมงคล และผู้เป็นยอดหรือศีรษะอันสูงส่ง
ษรัณกร,ผู้เป็นที่พึ่งและผู้สร้างสรรค์
ษรัณธร,ผู้เป็นที่พึ่งและผู้ค้ำจุน
ษรัณนนท์,ผู้เป็นที่พึ่งและผู้มีความสุขยินดี
ษรัณนันท์,ผู้เป็นที่พึ่งและผู้มีความสุขยินดี
ษรัณภัทร,ผู้เป็นที่พึ่งและผู้ดีงามเป็นมงคล
ษรัณภัสร์,ผู้เป็นที่พึ่ง ผู้มีแก่นสาร และผู้มีแสงสว่าง
ษรัณลักษณ์,ผู้เป็นที่พึ่งและผู้มีลักษณะงดงาม
ษรัณลักษณ์,ผู้เป็นที่พึ่งและผู้มีลักษณะงดงาม
ษรัณวรรณ,ผู้ประเสริฐ ผู้มีวรรณะงดงาม และผู้เป็นที่พึ่ง
ษรัณวรรณ,ผู้ประเสริฐ ผู้มีวรรณะงดงาม และผู้เป็นที่พึ่ง
ษรัณวิชญ์,ผู้มีความรู้ ผู้เป็นที่พึ่ง และนักปราชญ์ผู้รู้
ษรัณวิชญ์,ผู้มีความรู้ ผู้เป็นที่พึ่ง และนักปราชญ์ผู้รู้
ษวริน,ผู้ประเสริฐดุจสายน้ำ ผู้ประเสริฐ และผู้ไหลรินอ่อนโยน
ษวรินภัทร,ผู้ประเสริฐดุจสายน้ำ ผู้ประเสริฐ และผู้ดีงามเป็นมงคล
ษวรินภัทร,ผู้ประเสริฐดุจสายน้ำ ผู้ประเสริฐ และผู้ดีงามเป็นมงคล
ษวรินวรา,ผู้ประเสริฐดุจสายน้ำ ผู้ประเสริฐ และผู้ไหลรินอ่อนโยน
ษวรินวรา,ผู้ประเสริฐดุจสายน้ำ ผู้ประเสริฐ และผู้ไหลรินอ่อนโยน
ษศิริ,ผู้มีสิริมงคลและผู้เป็นยอดหรือศีรษะอันสูงส่ง
ษศิริ,ผู้มีสิริมงคลและผู้เป็นยอดหรือศีรษะอันสูงส่ง
ษศิรินันท์,ผู้มีสิริมงคล ผู้เป็นยอดหรือศีรษะอันสูงส่ง และผู้มีความสุขยินดี
ษศิรินันท์,ผู้มีสิริมงคล ผู้เป็นยอดหรือศีรษะอันสูงส่ง และผู้มีความสุขยินดี
ษศิริวรา,ผู้ประเสริฐ ผู้มีสิริมงคล และผู้เป็นยอดหรือศีรษะอันสูงส่ง
ษศิริวรา,ผู้ประเสริฐ ผู้มีสิริมงคล และผู้เป็นยอดหรือศีรษะอันสูงส่ง
ษอินทร์,ผู้มีพลังเฉพาะตนและความเป็นใหญ่
ษอินทรนันท์,ผู้มีความสุขยินดีและผู้เป็นใหญ่
ษอินทรนันท์,ผู้มีความสุขยินดีและผู้เป็นใหญ่
ษอินทรภัทร,ผู้ดีงามเป็นมงคลและผู้เป็นใหญ่
ษอินทรภัทร,ผู้ดีงามเป็นมงคลและผู้เป็นใหญ่
ษอินทรวรา,ผู้ประเสริฐและผู้เป็นใหญ่
ษัชรินทร์,ผู้เป็นใหญ่และผู้ไหลรินอ่อนโยน
ษัชลักษณ์,ผู้มีลักษณะงดงามและผู้เย็นใสดุจสายน้ำ
ษัชลักษณ์,ผู้มีลักษณะงดงามและผู้เย็นใสดุจสายน้ำ
ษัชวรรณ,ผู้ประเสริฐและผู้มีวรรณะงดงาม
ษัชวิชญ์,ผู้มีความรู้และนักปราชญ์ผู้รู้
ษาธาธร,ผู้ค้ำจุนและผู้ดำรงไว้
ษาธามินทร์,ผู้ดำรงไว้และผู้เป็นใหญ่
ษาธาลิน,ผู้ดำรงไว้และผู้ละมุนงดงาม
ษาธาวรินทร์,ผู้เป็นใหญ่และประเสริฐ ผู้ประเสริฐดุจสายน้ำ และผู้ประเสริฐ
ษาธินันท์,ผู้มีพลังเฉพาะตน ความสุขยินดี และการค้ำจุน
ษาธิป,ผู้มีพลังเฉพาะตน ความเป็นใหญ่ และการค้ำจุน
ษาธิษฐ์,ผู้มีพลังเฉพาะตนและการค้ำจุน
ษานนท์,ผู้มีพลังเฉพาะตนและความสุขยินดี
ษานิช,ผู้มีพลังเฉพาะตนและคุณค่าเฉพาะตน
ษามา,ผู้มีพลังเฉพาะตน ความงามสง่า และความอ่อนโยนสง่างาม
ษามาธร,ผู้ค้ำจุนและผู้มาถึงพร้อมความดี
ษามานันท์,ผู้มีความสุขยินดีและผู้มาถึงพร้อมความดี
ษามานิศ,ผู้เป็นใหญ่และผู้มาถึงพร้อมความดี
ษามาลิน,ผู้ละมุนงดงามและผู้มาถึงพร้อมความดี
ษามาวรรณ,ผู้ประเสริฐ ผู้มีวรรณะงดงาม และผู้มาถึงพร้อมความดี
ษามาวิชญ์,ผู้มีความรู้ นักปราชญ์ผู้รู้ และผู้มาถึงพร้อมความดี
ษามาวิชญ์,ผู้มีความรู้ นักปราชญ์ผู้รู้ และผู้มาถึงพร้อมความดี
ษามินทร์,ผู้เปี่ยมด้วยความเป็นใหญ่
ษาริน,ผู้มีความอ่อนละมุนและความละมุนดุจสายน้ำ
ษารินกร,ผู้สร้างสรรค์และผู้ไหลรินอ่อนโยน
ษารินทร์,ผู้เป็นใหญ่และผู้ไหลรินอ่อนโยน
ษารินนันท์,ผู้มีความสุขยินดีและผู้ไหลรินอ่อนโยน
ษารินภัทร,ผู้ดีงามเป็นมงคล ผู้สูงส่งและดีงาม และผู้สูงส่งดั่งฟ้า
ษารินภัสร์,ผู้มีแก่นสาร ผู้มีแสงสว่าง และผู้สูงส่งดั่งฟ้า
ษารินมินทร์,ผู้เป็นใหญ่และผู้ไหลรินอ่อนโยน
ษารินมินทร์,ผู้เป็นใหญ่และผู้ไหลรินอ่อนโยน
ษารินลักษณ์,ผู้มีลักษณะงดงามและผู้ไหลรินอ่อนโยน
ษารินลิน,ผู้ไหลรินอ่อนโยนและผู้ละมุนงดงาม
ษารินวรรณ,ผู้ประเสริฐ ผู้มีวรรณะงดงาม และผู้ไหลรินอ่อนโยน
ษารินวรินทร์,ผู้เป็นใหญ่และประเสริฐ ผู้ประเสริฐดุจสายน้ำ และผู้ประเสริฐ
ษารินวิชญ์,ผู้มีความรู้ ผู้ไหลรินอ่อนโยน และนักปราชญ์ผู้รู้
ษารินา,ผู้เป็นพื้นฐานแห่งชีวิตและผู้ไหลรินอ่อนโยน
ษาวรรณ,ผู้ประเสริฐและผู้มีวรรณะงดงาม
ษาวรรณ,ผู้ประเสริฐและผู้มีวรรณะงดงาม
ษิณกร,ผู้มีพลังเฉพาะตน ผู้สร้างสรรค์ และความมั่นคงสูงส่ง
ษิณธร,ผู้มีพลังเฉพาะตน การค้ำจุน และความมั่นคงสูงส่ง
ษิณภรณ์,ผู้มีพลังเฉพาะตน เครื่องประดับ และการค้ำจุน
ษิณภัสร์,ผู้มีแก่นสารและผู้มีแสงสว่าง
ษิณภัสร์,ผู้มีแก่นสารและผู้มีแสงสว่าง
ษิณมินทร์,ผู้เปี่ยมด้วยความเป็นใหญ่
ษิณมินทร์,ผู้เปี่ยมด้วยความเป็นใหญ่
ษิณลักษณ์,ผู้มีพลังเฉพาะตนและลักษณะงดงาม
ษิณลักษณ์,ผู้มีพลังเฉพาะตนและลักษณะงดงาม
ษิณลิน,ผู้เปี่ยมด้วยความละมุน
ษิณวรรณ,ผู้ประเสริฐและผู้มีวรรณะงดงาม
ษิณวรินทร์,ผู้เป็นใหญ่และประเสริฐ ผู้ประเสริฐดุจสายน้ำ และผู้ประเสริฐ
ษิณวิชญ์,ผู้มีความรู้และนักปราชญ์ผู้รู้
ษิณา,ผู้มีพลังเฉพาะตนและความอ่อนโยนสง่างาม
ษิรกร,ผู้เป็นยอดหรือศีรษะอันสูงส่งและผู้สร้างสรรค์
ษิรภัส,ผู้เป็นยอดหรือศีรษะอันสูงส่งและผู้มีแสงสว่าง
ษิรภัสร์,ผู้เป็นยอดหรือศีรษะอันสูงส่ง ผู้มีแก่นสาร และผู้มีแสงสว่าง
ษิรมา,ผู้เป็นยอดหรือศีรษะอันสูงส่งและผู้มาถึงพร้อมความดี
ษิรลักษณ์,ผู้เป็นยอดหรือศีรษะอันสูงส่งและผู้มีลักษณะงดงาม
ษิรลักษณ์,ผู้เป็นยอดหรือศีรษะอันสูงส่งและผู้มีลักษณะงดงาม
ษิรวรรณ,ผู้ประเสริฐ ผู้มีวรรณะงดงาม และผู้เป็นยอดหรือศีรษะอันสูงส่ง
ษิรวิชญ์,ผู้มีความรู้ ผู้เป็นยอดหรือศีรษะอันสูงส่ง และนักปราชญ์ผู้รู้
ษิรวิชญ์,ผู้มีความรู้ ผู้เป็นยอดหรือศีรษะอันสูงส่ง และนักปราชญ์ผู้รู้
ษิรสิริ,ผู้เป็นยอดหรือศีรษะอันสูงส่งและผู้มีสิริมงคล
ษิรสิริ,ผู้เป็นยอดหรือศีรษะอันสูงส่งและผู้มีสิริมงคล
ษิรา,ผู้มีพลังเฉพาะตนและความอ่อนโยนสง่างาม
ษิรานนท์,ผู้เป็นยอดหรือศีรษะอันสูงส่งและผู้มีความสุขยินดี
ษิรามล,ผู้เป็นยอดหรือศีรษะอันสูงส่งและผู้ผ่องใส
ษิราวรรณ,ผู้ประเสริฐ ผู้มีวรรณะงดงาม และผู้เป็นยอดหรือศีรษะอันสูงส่ง
ษิราวัชร์,เพชรหรือสายฟ้า ผู้แข็งแกร่ง ผู้แข็งแกร่งดุจเพชร และผู้เป็นยอดหรือศีรษะอันสูงส่ง
ษิราวัชร์,เพชรหรือสายฟ้า ผู้แข็งแกร่ง ผู้แข็งแกร่งดุจเพชร และผู้เป็นยอดหรือศีรษะอันสูงส่ง
ษิริ,ผู้มีสิริมงคลและผู้เป็นยอดหรือศีรษะอันสูงส่ง
ษิริ,ผู้มีสิริมงคลและผู้เป็นยอดหรือศีรษะอันสูงส่ง
ษิรินทร์,ผู้มีสิริมงคล ผู้เป็นใหญ่และมีสิริมงคล และผู้เป็นยอดหรือศีรษะอันสูงส่ง
ษิรินทร์ธร,ผู้มีสิริมงคล ผู้เป็นใหญ่และมีสิริมงคล และผู้เป็นยอดหรือศีรษะอันสูงส่ง
ษิรินทร์นนท์,ผู้มีสิริมงคล ผู้เป็นใหญ่และมีสิริมงคล และผู้เป็นยอดหรือศีรษะอันสูงส่ง
ษิรินทร์นันท์,ผู้มีสิริมงคล ผู้เป็นใหญ่และมีสิริมงคล และผู้เป็นยอดหรือศีรษะอันสูงส่ง
ษิรินทร์นันท์,ผู้มีสิริมงคล ผู้เป็นใหญ่และมีสิริมงคล และผู้เป็นยอดหรือศีรษะอันสูงส่ง
ษิรินทร์ภัทร,ผู้มีสิริมงคล ผู้เป็นใหญ่และมีสิริมงคล และผู้เป็นยอดหรือศีรษะอันสูงส่ง
ษิรินทร์วรรณ,ผู้ประเสริฐ ผู้มีวรรณะงดงาม และผู้มีสิริมงคล
ษิรินทร์วิชญ์,ผู้มีความรู้ ผู้มีสิริมงคล และผู้เป็นใหญ่และมีสิริมงคล
ษิรินทร์วิชญ์,ผู้มีความรู้ ผู้มีสิริมงคล และผู้เป็นใหญ่และมีสิริมงคล
ษิรินทร์สิริ,ผู้มีสิริมงคล ผู้เป็นใหญ่และมีสิริมงคล และผู้เป็นยอดหรือศีรษะอันสูงส่ง
ษุวารินทร์,ผู้มีความอ่อนละมุน ความเป็นใหญ่ และความละมุนดุจสายน้ำ
สรณ์จันทร์,ผู้เป็นที่พึ่งและความระลึก ผู้มีแก่นสาร และผู้เย็นงามดุจจันทร์
สรรเพชญ,ผู้รู้ทุกสิ่งและผู้มีแก่นสาร
สรรเพชญ์,ผู้รู้ทุกสิ่งและผู้มีแก่นสาร
สรวิชญ์,ผู้มีความรู้ ผู้มีแก่นสาร และนักปราชญ์ผู้รู้
สริมา,ผู้มีแก่นสาร ผู้ไหลรินด้วยความงาม และผู้มาถึงพร้อมความดี
สัญปัญญ์ภัส,ผู้มีปัญญาและแสงสว่างเป็นเครื่องหมาย
สันทัศ,ผู้เปี่ยมด้วยทัศนะสงบงาม
สิชล,ผู้มีความสำเร็จและสายน้ำ
สิฏฐ์วินท์,
สิทธิคุณ,ผู้มีความสำเร็จและสิทธิอันชอบ
สิทธิธณัฐ,ผู้มีความสำเร็จและสิทธิอันชอบและนักปราชญ์ผู้มีปัญญา
สินธู,สายน้ำใหญ่หรือทะเล
สิรภัทร,ผู้เป็นยอดหรือศีรษะอันสูงส่งและผู้ดีงามเป็นมงคล
สิรวิชญ์,ผู้มีความรู้ ผู้เป็นยอดหรือศีรษะอันสูงส่ง และนักปราชญ์ผู้รู้
สิริจรูญ,
สิริชญา,"สิริ (สิริมงคล, ความรุ่งเรือง, เกียรติ) + ชญา (จาก ญาณ = ความรู้, ปัญญา) = ผู้มีความรู้และปัญญาอันเป็นสิริมงคล, ผู้มีปัญญารุ่งเรือง"
สิริญา,ผู้มีสิริมงคลและผู้เป็นยอดหรือศีรษะอันสูงส่ง
สิริญาลักษณ์,"สิริ (สิริมงคล, ความสง่างาม) + ญา (ความรู้, ปัญญา) + ลักษณ์ (ลักษณะ, คุณสมบัติ) = ผู้มีลักษณะแห่งสิริมงคล ความสง่างาม และปัญญา"
สิริญาวรัญญา,"สิริ (สิริมงคล, ความสง่างาม) + ญา (ความรู้, ปัญญา) + วรัญญา (ความรู้ที่ประเสริฐ) = ผู้มีความรู้ความปัญญาอันประเสริฐและมีความสง่างามเป็นสิริมงคล"
สิริณา,ผู้มีสิริมงคลและผู้เป็นยอดหรือศีรษะอันสูงส่ง
สิริธัญ,ผู้มีสิริมงคล ผู้เป็นยอดหรือศีรษะอันสูงส่ง และผู้มีสิริมงคลและอุดมสมบูรณ์
สิรินภัส,ผู้มีสิริมงคล ผู้เป็นยอดหรือศีรษะอันสูงส่ง และผู้มีแสงสว่าง
สิรินัทร,ผู้มีสิริมงคล ผู้เป็นยอดหรือศีรษะอันสูงส่ง และผู้ไหลรินอ่อนโยน
สิริภัทรา,"สิริ (บาลี-สันสกฤต: สิริ หมายถึง ความเป็นมงคล, ความรุ่งเรือง, ความงาม, ความสง่า) + ภัทรา (บาลี-สันสกฤต: ภทฺรา หมายถึง ความดีงาม, ความเจริญ, ความเป็นมงคล) = ผู้มีความงามสง่า เจริญรุ่งเรืองและเป็นมงคลยิ่ง"
สิริมา,ผู้มีสิริมงคล ผู้เป็นยอดหรือศีรษะอันสูงส่ง และผู้มาถึงพร้อมความดี
สิริรักษ์,ผู้มีสิริมงคล ผู้เป็นยอดหรือศีรษะอันสูงส่ง และผู้ปกป้องรักษา
สิริลภัทร,"สิริ (สิริมงคล, โชคดี) + ลภ (การได้มา) + ภัทร (ความเจริญ, สิ่งดีงาม) = ผู้ได้มาซึ่งสิริมงคลและความเจริญ"
สิริลักษณ์,ผู้มีสิริมงคล ผู้เป็นยอดหรือศีรษะอันสูงส่ง และผู้มีลักษณะงดงาม
สิริวรรณ,ผู้ประเสริฐ ผู้มีวรรณะงดงาม และผู้มีสิริมงคล
สิริวรัญญา,ผู้มีปัญญาอันประเสริฐ ผู้ประเสริฐและรู้แจ้ง และผู้ประเสริฐ
สิริษา,ผู้มีสิริมงคลและผู้เป็นยอดหรือศีรษะอันสูงส่ง
สิริอนันต์,ผู้มีสิริมงคล ผู้เป็นยอดหรือศีรษะอันสูงส่ง และผู้ไม่มีที่สิ้นสุด
หณม,
หน่องพงษ์,ผู้สืบวงศ์ตระกูล
หมน,
หมั่นมา,ผู้ขยันหมั่นเพียรและมาถึงความสำเร็จ
หรรษาคุณ,
หรรษาจิรา,
หรรษาญา,
หรรษาธนา,
หรรษาธร,
หรรษาธรรม,
หรรษาธีร์,
หรรษานภัส,
หรรษารวิ,
หรรษารส,
หรรษาริน,
หรรษาลักษณ์,
หรรษาวร,
หรรษาวรรณ,
หรรษาวริศ,
หรรษาวิชญ์,
หรรษาวิน,
หรรษาอร,
หรรษาอรุณ,
หรรษาอารี,
หรรษาอินทร์,
หรรษาอิศร์,
หริกร,
หริคุณ,
หริจิรา,
หริชญา,
หริชล,
หริญา,
หริณกร,
หริณคุณ,
หริณจิรา,
หริณญา,
หริณธนา,
หริณธร,
หริณธรรม,
หริณธีร์,
หริณนภัส,
หริณภัค,
หริณภัทร,
หริณรวิ,
หริณรส,
หริณริน,
หริณลักษณ์,
หริณวร,
หริณวรรณ,
หริณวริศ,
หริณวิชญ์,
หริณวิน,
หริณอร,
หริณอรุณ,
หริณอารี,
หริณอินทร์,
หริณอิศร์,
หริณัฐ,
หริธนา,
หริธร,
หริธรรม,
หริธีร์,
หรินทร์,ผู้เป็นใหญ่และผู้ไหลรินอ่อนโยน
หรินภัส,
หรินันท์,
หริภัค,
หริภัทร,
หริรวิ,
หริรส,
หริรักษ์,
หริริน,
หริวร,
หริวรรณ,
หริวริศ,
หริวิชญ์,
หริวิน,
หริศคุณ,
หริศญา,
หริศธนา,
หริศธร,
หริศธรรม,
หริศธีร์,
หริศรวิ,
หริศรส,
หริศรักษ์,
หริศริน,
หริศรินทร์,
หริศรี,
หริศิลป์,
หริสิริ,
หริอร,
หริอรุณ,
หริอัคร,
หริอารี,
หริอิศร์,
หลงชิณ,ผู้มีเสน่ห์ตรึงใจและชัยชนะ
หลิวปลอด,ผู้มีความพลิ้วไหว ความปลอดภัย และความละมุน
หวานใจ,ผู้มีความกว้างขวาง ดวงใจ และความกว้างไกล
หอมกร,
หอมคุณ,
หอมจิรา,
หอมญา,
หอมณัฐ,
หอมธนา,
หอมธรรม,
หอมธีร์,
หอมนภ,
หอมนภัส,
หอมนรินทร์,
หอมภัค,
หอมภัทร,
หอมรวิ,
หอมรส,
หอมรักษ์,
หอมริน,
หอมรินทร์,
หอมวร,
หอมวรรณ,
หอมวรินทร์,
หอมวริศ,
หอมวิน,
หอมอร,
หอมอรุณ,
หอมอัคร,
หอมอารี,
หอมอิศร์,
หาญคุณ,
หาญจิรา,
หาญชญา,
หาญชล,
หาญณัฐ,
หาญธนา,
หาญธร,
หาญธรรม,
หาญธีร์,
หาญนภ,
หาญนภัส,
หาญนันท์,
หาญภัทร,
หาญรส,
หาญริน,
หาญรินทร์,
หาญลักษณ์,
หาญวร,
หาญวรรณ,
หาญวรินทร์,
หาญวริศ,
หาญวิชญ์,
หาญวิน,
หาญศรี,
หาญศิลป์,
หาญสิริ,
หาญอร,
หาญอรุณ,
หาญอัคร,
หาญอารี,
หาญอินทร์,
หาญอิศร์,
หานนท์,ผู้มีความกล้าหาญและความสุขยินดี
หารหม่อง,ผู้เปี่ยมด้วยความกล้าหาญ
หิน,
หิมจิรา,
หิมณัฐ,
หิมธร,
หิมธรรม,
หิมธีร์,
หิมนภ,
หิมนภัส,
หิมนันท์,
หิมภัค,
หิมรวิ,
หิมรส,
หิมริน,
หิมลักษณ์,
หิมวรรณ,
หิมวรรณกร,
หิมวรรณญา,
หิมวรรณนภ,
หิมวรรณนภัส,
หิมวรรณรส,
หิมวรรณวร,
หิมวรรณวริศ,
หิมวรรณอร,
หิมวรรณอารี,
หิมวรินทร์,
หิมวริศ,
หิมวันกร,
หิมวันคุณ,
หิมวันญา,
หิมวันณัฐ,
หิมวันธนา,
หิมวันธร,
หิมวันนภ,
หิมวันนภัส,
หิมวันภัค,
หิมวันรวิ,
หิมวันรส,
หิมวันวร,
หิมวันวริศ,
หิมวันอร,
หิมวันอิศร์,
หิมวิชญ์,
หิมวิน,
หิมอรุณ,
หิมอัคร,
หิมอารี,
หิมอินทร์,
หิมอิศร์,
หิมาคุณ,
หิมาจิรา,
หิมาญา,
หิมาณัฐ,
หิมาธนา,
หิมาธร,
หิมาธรรม,
หิมาธีร์,
หิมานกร,
หิมานคุณ,
หิมานจิรา,
หิมานญา,
หิมานณัฐ,
หิมานธนา,
หิมานธร,
หิมานธรรม,
หิมานธีร์,
หิมานนภ,
หิมานนภัส,
หิมานภ,
หิมานภัค,
หิมานภัทร,
หิมานภัส,
หิมานรวิ,
หิมานรส,
หิมานริน,
หิมานรินทร์,
หิมานวร,
หิมานวริศ,
หิมานวิน,
หิมานอร,
หิมานอิศร์,
หิมานันท์,
หิมารวิ,
หิมารส,
หิมารักษ์,
หิมาริน,
หิมาวร,
หิมาวรรณ,
หิมาวรินทร์,
หิมาวริศ,
หิมาวิน,
หิมาอร,
หิมาอรุณ,
หิมาอัคร,
หิมาอารี,
หิมาอิศร์,
หิรัญกร,
หิรัญคุณ,
หิรัญชญา,
หิรัญชล,
หิรัญญา,
หิรัญญาธีร์,
หิรัญญาอารี,
หิรัญณัฐ,
หิรัญธนา,
หิรัญธร,
หิรัญธรรม,
หิรัญธีร์,
หิรัญนภ,
หิรัญนภัส,
หิรัญภัค,
หิรัญภัทร,
หิรัญรวิ,
หิรัญรส,
หิรัญรักษ์,
หิรัญริน,
หิรัญรินทร์,
หิรัญวร,
หิรัญวริศ,
หิรัญศรี,
หิรัญศิลป์,
หิรัญสิริ,
หิรัญอร,
หิรัญอรุณ,
หิรัญอัคร,
หิรัญอารี,
หิรัญอิศร์,
หิรัณกร,
หิรัณคุณ,
หิรัณจิรา,
หิรัณญา,
หิรัณธนา,
หิรัณธร,
หิรัณธรรม,
หิรัณธีร์,
หิรัณนภ,
หิรัณนภัส,
หิรัณภัค,
หิรัณภัทร,
หิรัณรส,
หิรัณริน,
หิรัณรินทร์,
หิรัณวร,
หิรัณวริศ,
หิรัณวิชญ์,
หิรัณวิน,
หิรัณอร,
หิรัณอรุณ,
หิรัณอารี,
หิรัณอิศร์,
โหมดนอก,ผู้เปี่ยมด้วยหัวใจ
โห๋ว,ผู้มีพลังเสียงกังวานและโดดเด่น
ใหญ่,ผู้ยิ่งใหญ่
ไหณ,
ฬกมล,ผู้ผ่องใส
ฬกมลนันท์,ผู้มีความสุขยินดีและผู้ผ่องใส
ฬกมลภัทร,ผู้ดีงามเป็นมงคลและผู้ผ่องใส
ฬกมลวรา,ผู้ประเสริฐและผู้ผ่องใส
ฬจิรา,ผู้ยั่งยืนยาวนาน
ฬจิรานันท์,ผู้มีความสุขยินดีและผู้ยั่งยืนยาวนาน
ฬจิราวรา,ผู้ประเสริฐและผู้ยั่งยืนยาวนาน
ฬณัฐ,นักปราชญ์ผู้มีปัญญา
ฬณัฐนันท์,ผู้มีความสุขยินดีและนักปราชญ์ผู้มีปัญญา
ฬณัฐภัทร,ผู้ดีงามเป็นมงคลและนักปราชญ์ผู้มีปัญญา
ฬณัฐวรา,ผู้ประเสริฐและนักปราชญ์ผู้มีปัญญา
ฬดล,ผู้บันดาลให้เกิดผล
ฬดลนันท์,ผู้มีความสุขยินดีและผู้บันดาลให้เกิดผล
ฬดลภัทร,ผู้ดีงามเป็นมงคลและผู้บันดาลให้เกิดผล
ฬดลวรา,ผู้ประเสริฐและผู้บันดาลให้เกิดผล
ฬทิน,ผู้สว่างดุจวัน
ฬทินนันท์,ผู้มีความสุขยินดีและผู้สว่างดุจวัน
ฬทินภัทร,ผู้ดีงามเป็นมงคลและผู้สูงส่งและดีงาม
ฬทินวรา,ผู้ประเสริฐและผู้สว่างดุจวัน
ฬธนภัทร,ผู้ดีงามเป็นมงคลและผู้มีทรัพย์
ฬธนวรา,ผู้ประเสริฐและผู้มีทรัพย์
ฬธนันท์,ผู้มีทรัพย์และผู้มีความสุขยินดี
ฬธนา,ผู้มีทรัพย์และผู้เป็นพื้นฐานแห่งชีวิต
ฬนน,
ฬนา,ผู้มีความโดดเด่นเฉพาะตน ความอ่อนโยน และความอ่อนโยนสง่างาม
ฬนาธร,ผู้ค้ำจุนและผู้เป็นพื้นฐานแห่งชีวิต
ฬนานันท์,ผู้มีความสุขยินดีและผู้เป็นพื้นฐานแห่งชีวิต
ฬนาริน,ผู้เป็นพื้นฐานแห่งชีวิตและผู้ไหลรินอ่อนโยน
ฬนาวรรณ,ผู้ประเสริฐ ผู้มีวรรณะงดงาม และผู้เป็นพื้นฐานแห่งชีวิต
ฬนาวา,ผู้นำพาชีวิตดุจเรือและผู้เป็นพื้นฐานแห่งชีวิต
ฬนาวานันท์,ผู้มีความสุขยินดี ผู้นำพาชีวิตดุจเรือ และผู้เป็นพื้นฐานแห่งชีวิต
ฬนาวาวรา,ผู้ประเสริฐ ผู้นำพาชีวิตดุจเรือ และผู้เป็นพื้นฐานแห่งชีวิต
ฬนาวิชญ์,ผู้มีความรู้ ผู้เป็นพื้นฐานแห่งชีวิต และนักปราชญ์ผู้รู้
ฬภัค,ผู้เปี่ยมด้วยโชคและความสุข
ฬภัทร,ผู้มีความโดดเด่นเฉพาะตน ความดีงามเป็นมงคล และความมั่นคงสูงส่ง
ฬภัทรนันท์,ผู้ดีงามเป็นมงคลและผู้มีความสุขยินดี
ฬภัทรภัทร,ผู้มีความโดดเด่นเฉพาะตน ความดีงามเป็นมงคล และความมั่นคงสูงส่ง
ฬภัทรวรา,ผู้ประเสริฐและผู้ดีงามเป็นมงคล
ฬภัส,ผู้มีความโดดเด่นเฉพาะตนและแสงสว่าง
ฬมนัส,ผู้มีจิตใจและจิตใจงดงาม
ฬรัญ,ผู้เปี่ยมด้วยความรื่นรมย์
ฬรัญญ์,ผู้เปี่ยมด้วยความรื่นรมย์
ฬรัญญา,ผู้มีความรื่นรมย์ ความรู้ และปัญญารื่นรมย์
ฬรัญธร,ผู้มีความรื่นรมย์ การค้ำจุน และความมั่นคงสูงส่ง
ฬรัญนนท์,ผู้มีความรื่นรมย์และความสุขยินดี
ฬรัญนันท์,ผู้มีความรื่นรมย์และความสุขยินดี
ฬรัญภัทร,ผู้มีความรื่นรมย์ ความดีงามเป็นมงคล และความมั่นคงสูงส่ง
ฬรัญภัสร์,ผู้มีแก่นสารและผู้มีแสงสว่าง
ฬรัญลักษณ์,ผู้มีความรื่นรมย์และลักษณะงดงาม
ฬรัญวิชญ์,ผู้มีความรู้และนักปราชญ์ผู้รู้
ฬรัญสิริ,ผู้มีสิริมงคลและผู้เป็นยอดหรือศีรษะอันสูงส่ง
ฬรา,ผู้มีความโดดเด่นเฉพาะตนและความอ่อนโยนสง่างาม
ฬราธร,ผู้มีความโดดเด่นเฉพาะตน การค้ำจุน และความมั่นคงสูงส่ง
ฬรานันท์,ผู้มีความโดดเด่นเฉพาะตนและความสุขยินดี
ฬราริน,ผู้มีความอ่อนละมุนและความละมุนดุจสายน้ำ
ฬราวรรณ,ผู้ประเสริฐและผู้มีวรรณะงดงาม
ฬราวรินทร์,ผู้เป็นใหญ่และประเสริฐ ผู้ประเสริฐดุจสายน้ำ และผู้ประเสริฐ
ฬราวิชญ์,ผู้มีความรู้และนักปราชญ์ผู้รู้
ฬรินทร์,ผู้เป็นใหญ่และผู้ไหลรินอ่อนโยน
ฬรินทรา,ผู้มีความอ่อนละมุน ความละมุนดุจสายน้ำ และความอ่อนโยนสง่างาม
ฬรินธร,ผู้ค้ำจุนและผู้ไหลรินอ่อนโยน
ฬรินนันท์,ผู้มีความสุขยินดีและผู้ไหลรินอ่อนโยน
ฬรินภรณ์,ผู้เป็นเครื่องประดับ ผู้สูงส่งดั่งฟ้า และผู้ไหลรินอ่อนโยน
ฬรินภัทร,ผู้ดีงามเป็นมงคล ผู้สูงส่งและดีงาม และผู้สูงส่งดั่งฟ้า
ฬรินวรรณ,ผู้ประเสริฐ ผู้มีวรรณะงดงาม และผู้ไหลรินอ่อนโยน
ฬรินวิชญ์,ผู้มีความรู้ ผู้ไหลรินอ่อนโยน และนักปราชญ์ผู้รู้
ฬลิล,ผู้มีลีลางดงามและความละมุน
ฬลิลธร,ผู้ค้ำจุนและผู้มีลีลางดงาม
ฬลิลนันท์,ผู้มีความสุขยินดีและผู้มีลีลางดงาม
ฬลิลภรณ์,ผู้เป็นเครื่องประดับและผู้มีลีลางดงาม
ฬลิลภัทร,ผู้ดีงามเป็นมงคลและผู้มีลีลางดงาม
ฬลิลภัสร์,ผู้มีแก่นสาร ผู้มีแสงแห่งโชคลาภ และผู้มีแสงสว่าง
ฬลิลริน,ผู้ไหลรินอ่อนโยนและผู้มีลีลางดงาม
ฬลิลวรรณ,ผู้ประเสริฐ ผู้มีวรรณะงดงาม และผู้มีลีลางดงาม
ฬลิลวิชญ์,ผู้มีความรู้ ผู้มีลีลางดงาม และนักปราชญ์ผู้รู้
ฬลิลา,ผู้มีลีลางดงาม ความละมุน และความอ่อนโยนสง่างาม
ฬวริน,ผู้ประเสริฐดุจสายน้ำ ผู้ประเสริฐ และผู้ไหลรินอ่อนโยน
ฬวรินนันท์,ผู้ประเสริฐดุจสายน้ำ ผู้ประเสริฐ และผู้มีความสุขยินดี
ฬวรินภัทร,ผู้ประเสริฐดุจสายน้ำ ผู้ประเสริฐ และผู้ดีงามเป็นมงคล
ฬวรินวรา,ผู้ประเสริฐดุจสายน้ำ ผู้ประเสริฐ และผู้ไหลรินอ่อนโยน
ฬวัจน์,ผู้มีความโดดเด่นเฉพาะตนและวาจางดงาม
ฬวาริน,ผู้มีความอ่อนละมุน ความละมุนดุจสายน้ำ และความกว้างไกล
ฬวารินทร์,ผู้เป็นใหญ่และผู้ไหลรินอ่อนโยน
ฬวารินทรา,ผู้มีความอ่อนละมุน ความละมุนดุจสายน้ำ และความกว้างไกล
ฬวารินธร,ผู้ค้ำจุนและผู้ไหลรินอ่อนโยน
ฬวารินนันท์,ผู้มีความสุขยินดีและผู้ไหลรินอ่อนโยน
ฬวารินภัทร,ผู้ดีงามเป็นมงคล ผู้สูงส่งและดีงาม และผู้สูงส่งดั่งฟ้า
ฬวารินวรรณ,ผู้ประเสริฐ ผู้มีวรรณะงดงาม และผู้ไหลรินอ่อนโยน
ฬวารินวิชญ์,ผู้มีความรู้ ผู้ไหลรินอ่อนโยน และนักปราชญ์ผู้รู้
ฬอ,ผู้โดดเด่นด้วยเอกลักษณ์และความนุ่มนวล
ฬอธร,ผู้มีความโดดเด่นเฉพาะตน การค้ำจุน และความมั่นคงสูงส่ง
ฬอนันท์,ผู้มีความโดดเด่นเฉพาะตนและความสุขยินดี
ฬอภัทร,ผู้มีความโดดเด่นเฉพาะตน ความดีงามเป็นมงคล และความมั่นคงสูงส่ง
ฬอภัสร์,ผู้มีแสงสว่างและผู้มีแก่นสาร
ฬอรัด,ผู้มีความโดดเด่นเฉพาะตนและความงามอ่อนหวาน
ฬอรา,ผู้มีความโดดเด่นเฉพาะตน ความงามอ่อนหวาน และความอ่อนโยนสง่างาม
ฬอริน,ผู้ไหลรินอ่อนโยน ผู้มีความงามอ่อนหวาน และผู้เป็นใหญ่หรือผู้กล้าต่อศัตรู
ฬอวรรณ,ผู้มีความโดดเด่นเฉพาะตน ความประเสริฐ และวรรณะงดงาม
ฬอวรินทร์,ผู้เป็นใหญ่และประเสริฐ ผู้ประเสริฐดุจสายน้ำ และผู้ไหลรินอ่อนโยน
ฬอวิชญ์,ผู้มีความรู้แจ้ง นักปราชญ์ และความรู้
ฬอินทร์,ผู้มีความโดดเด่นเฉพาะตนและความเป็นใหญ่
ฬอินทรนันท์,ผู้เป็นใหญ่และผู้มีความสุขยินดี
ฬอินทรภัทร,ผู้ดีงามเป็นมงคลและผู้เป็นใหญ่
ฬอินทรวรา,ผู้เป็นใหญ่และผู้ประเสริฐ
ฬามิน,ผู้เปี่ยมด้วยความเป็นใหญ่
ฬามินทร์,ผู้เปี่ยมด้วยความเป็นใหญ่
ฬามินทรา,ผู้มีความเป็นใหญ่และความอ่อนโยนสง่างาม
ฬามินธร,ผู้ค้ำจุนและผู้เป็นใหญ่
ฬามินนันท์,ผู้เป็นใหญ่และผู้มีความสุขยินดี
ฬามินภัทร,ผู้ดีงามเป็นมงคลและผู้เป็นใหญ่
ฬามินวรรณ,ผู้มีวรรณะงดงามและผู้เป็นใหญ่
ฬามินวรรณ์,ผู้มีวรรณะงดงามและผู้เป็นใหญ่
ฬามินวิชญ์,นักปราชญ์ผู้รู้และผู้เป็นใหญ่
ฬามิศ,ผู้เปี่ยมด้วยความโดดเด่นเฉพาะตน
ฬิกรา,ผู้มีความโดดเด่นเฉพาะตน ผู้สร้างสรรค์ และความอ่อนโยนสง่างาม
ฬิกราธร,ผู้ค้ำจุนและผู้สร้างสรรค์
ฬิกรานันท์,ผู้มีความสุขยินดีและผู้สร้างสรรค์
ฬิกราริน,ผู้ไหลรินอ่อนโยนและผู้สร้างสรรค์
ฬิกราวรรณ,ผู้มีวรรณะงดงามและผู้สร้างสรรค์
ฬิกราวรินทร์,ผู้เป็นใหญ่และประเสริฐ ผู้ประเสริฐดุจสายน้ำ และผู้ไหลรินอ่อนโยน
ฬิกราวิชญ์,นักปราชญ์ผู้รู้และผู้สร้างสรรค์
ฬิน,ผู้เปี่ยมด้วยความโดดเด่นเฉพาะตน
ฬินกร,ผู้มีความโดดเด่นเฉพาะตน ผู้สร้างสรรค์ และความมั่นคงสูงส่ง
ฬินท์,ผู้มีความโดดเด่นเฉพาะตนและความสุขยินดี
ฬินทร,ผู้มีความโดดเด่นเฉพาะตนและความมั่นคงสูงส่ง
ฬินทร์,ผู้เปี่ยมด้วยความโดดเด่นเฉพาะตน
ฬินทรา,ผู้มีความโดดเด่นเฉพาะตนและความอ่อนโยนสง่างาม
ฬินธร,ผู้มีความโดดเด่นเฉพาะตน การค้ำจุน และความมั่นคงสูงส่ง
ฬินนันท์,ผู้มีความโดดเด่นเฉพาะตนและความสุขยินดี
ฬินภรณ์,ผู้มีความโดดเด่นเฉพาะตน เครื่องประดับ และการค้ำจุน
ฬินภัทร,ผู้มีความโดดเด่นเฉพาะตน ความดีงามเป็นมงคล และความมั่นคงสูงส่ง
ฬินวรรณ,ผู้มีความโดดเด่นเฉพาะตน ความประเสริฐ และวรรณะงดงาม
ฬินวิชญ์,ผู้มีความรู้แจ้ง นักปราชญ์ และความรู้
ฬินา,ผู้มีความโดดเด่นเฉพาะตน ความอ่อนโยน และความอ่อนโยนสง่างาม
ฬินาริน,ผู้มีความอ่อนละมุน ความละมุนดุจสายน้ำ และความอ่อนโยน
ฬิรา,ผู้มีความโดดเด่นเฉพาะตนและความอ่อนโยนสง่างาม
ฬิราธร,ผู้มีความโดดเด่นเฉพาะตน การค้ำจุน และความมั่นคงสูงส่ง
ฬิรานันท์,ผู้มีความโดดเด่นเฉพาะตนและความสุขยินดี
ฬิราริน,ผู้มีความอ่อนละมุนและความละมุนดุจสายน้ำ
ฬิราวรรณ,ผู้มีความโดดเด่นเฉพาะตน ความประเสริฐ และวรรณะงดงาม
ฬิราวรินทร์,ผู้เป็นใหญ่และประเสริฐ ผู้ประเสริฐดุจสายน้ำ และผู้ไหลรินอ่อนโยน
ฬิราวิชญ์,ผู้มีความรู้แจ้ง นักปราชญ์ และความรู้
ฬิษธร,ผู้มีพลังเฉพาะตน การค้ำจุน และความมั่นคงสูงส่ง
ฬิษนันท์,ผู้มีพลังเฉพาะตนและความสุขยินดี
ฬิษภรณ์,ผู้มีพลังเฉพาะตน เครื่องประดับ และการค้ำจุน
ฬิษภัทร,ผู้มีพลังเฉพาะตน ความดีงามเป็นมงคล และความมั่นคงสูงส่ง
ฬิษภัสร์,ผู้มีพลังเฉพาะตนและแสงสว่าง
ฬิษมา,ผู้มีพลังเฉพาะตน ความงามสง่า และความอ่อนโยนสง่างาม
ฬิษรา,ผู้มีพลังเฉพาะตนและความอ่อนโยนสง่างาม
ฬิษริน,ผู้มีความอ่อนละมุนและความละมุนดุจสายน้ำ
ฬิษวรรณ,ผู้มีพลังเฉพาะตน ความประเสริฐ และวรรณะงดงาม
ฬิษวิชญ์,ผู้มีความรู้แจ้ง นักปราชญ์ และความรู้
ฬิษสิริ,ผู้มีความอ่อนละมุนและสิริมงคล
ฬิษา,ผู้มีพลังเฉพาะตนและความอ่อนโยนสง่างาม
ฬุริน,ผู้มีความอ่อนละมุนและความละมุนดุจสายน้ำ
ฬุลิ,ผู้มีความโดดเด่นเฉพาะตนและความละมุน
ฬุลิธร,ผู้มีความโดดเด่นเฉพาะตน การค้ำจุน และความละมุน
ฬุลินันท์,ผู้มีความสุขยินดีและผู้ละมุนงดงาม
ฬุลิภรณ์,ผู้มีความโดดเด่นเฉพาะตน เครื่องประดับ และการค้ำจุน
ฬุลิภัทร,ผู้มีความโดดเด่นเฉพาะตน ความดีงามเป็นมงคล และความละมุน
ฬุลิภัสร์,ผู้มีแสงสว่างและผู้มีแก่นสาร
ฬุลิริน,ผู้มีความอ่อนละมุน ความละมุนดุจสายน้ำ และความละมุน
ฬุลิวรรณ,ผู้มีความโดดเด่นเฉพาะตน ความประเสริฐ และวรรณะงดงาม
ฬุลิวิชญ์,ผู้มีความรู้แจ้ง นักปราชญ์ และความรู้
ฬุลิสิริ,ผู้มีความอ่อนละมุน สิริมงคล และความละมุน
ไฬม,
อกนก,
อกนิษฐ์,ผู้เปี่ยมด้วยพลังเฉพาะตน
อกมล,ผู้มีหัวใจและดวงใจงดงาม
อกมลนันท์,ผู้มีความสุขยินดีและผู้มีใจงดงาม
อกมลภัทร,ผู้ดีงามเป็นมงคลและผู้มีใจงดงาม
อกมลวรา,ผู้มีใจงดงามและผู้ประเสริฐ
อครมนต์,ผู้มีจิตใจและถ้อยคำศักดิ์สิทธิ์
อคิกร,ผู้มีแสงสว่าง ผู้สร้างสรรค์ และความมั่นคงสูงส่ง
อคิคุณ,ผู้มีแสงสว่างและคุณธรรม
อคิธัช,ผู้มีแสงสว่างและการค้ำจุน
อคิน,ผู้เปี่ยมด้วยแสงสว่าง
อคินทร์,ผู้เปี่ยมด้วยแสงสว่าง
อคิร,ผู้มีแสงสว่างและความมั่นคงสูงส่ง
อคิรญา,ผู้มีแสงสว่าง ความรู้ และความอ่อนโยนสง่างาม
อคิรนา,ผู้มีแสงสว่าง ความอ่อนโยน และความอ่อนโยนสง่างาม
อคิรา,ผู้มีแสงสว่างและความอ่อนโยนสง่างาม
อคิราห์,ผู้เปี่ยมด้วยแสงสว่าง
องอาจ,ผู้กล้าหาญและมีความองอาจ
อจรัส,ผู้มีความรุ่งเรืองและความสว่างไสว
อจรูญ,ผู้เปี่ยมด้วยความรุ่งเรือง
อจรูญนันท์,ผู้มีความสุขยินดีและผู้รุ่งเรืองงดงาม
อจรูญภัทร,ผู้ดีงามเป็นมงคลและผู้รุ่งเรืองงดงาม
อจรูญวรา,ผู้รุ่งเรืองงดงามและผู้ประเสริฐ
อจอมทอง,
อจิร,ผู้รวดเร็วหรือไม่ยืดยาว
อจิรา,ผู้รวดเร็วหรือไม่ยืดยาวและผู้ยั่งยืนยาวนาน
อจิรานันท์,ผู้มีความสุขยินดี ผู้รวดเร็วหรือไม่ยืดยาว และผู้ยั่งยืนยาวนาน
อจิราวรา,ผู้รวดเร็วหรือไม่ยืดยาว ผู้ประเสริฐ และผู้ยั่งยืนยาวนาน
อฉิ,
อชล,ผู้มีความรวดเร็วและสายน้ำ
อชลนันท์,ผู้มีความสุขยินดีและผู้เย็นใสดุจสายน้ำ
อชลภัทร,ผู้ดีงามเป็นมงคลและผู้เย็นใสดุจสายน้ำ
อชลวรา,ผู้เย็นใสดุจสายน้ำและผู้ประเสริฐ
อชิ,ผู้เปี่ยมด้วยความรวดเร็ว
อชิร,ผู้รวดเร็วและว่องไว
อชิรชญา,ผู้รวดเร็วและว่องไวและผู้มีความรู้
อชิรญา,ผู้รวดเร็วและว่องไวและผู้มีความรู้
อชิรญาน์,ผู้รวดเร็วและว่องไวและผู้มีความรู้
อชิรธัญธร,ผู้ค้ำจุนและผู้รวดเร็วและว่องไว
อชิรวัชร,ผู้รวดเร็วและว่องไว ผู้แข็งแกร่งดุจเพชร และเพชรหรือสายฟ้าอันแข็งแกร่ง
อชิรวิชญ์,นักปราชญ์ผู้รู้และผู้รวดเร็วและว่องไว
อชิระ,ผู้รวดเร็วและว่องไวและผู้ว่องไวรวดเร็ว
อชิสิทธิ์,ผู้มีความสำเร็จและสิทธิอันชอบและผู้มีสิทธิและความสำเร็จ
อณัฐ,ผู้มีความละเอียดลึกซึ้งและปัญญานักปราชญ์
อณัฐนันท์,ผู้มีความสุขยินดีและนักปราชญ์ผู้มีปัญญา
อณัฐภัทร,ผู้ดีงามเป็นมงคลและนักปราชญ์ผู้มีปัญญา
อณัฐวรา,นักปราชญ์ผู้มีปัญญาและผู้ประเสริฐ
อณิ,
อณิมา,ฤทธิ์แห่งความละเอียดเล็ก สื่อถึงความลึกซึ้ง
อดล,ผู้เปี่ยมด้วยการบันดาล
อดลนันท์,ผู้มีความสุขยินดีและผู้บันดาลให้เกิดผล
อดลภัทร,ผู้ดีงามเป็นมงคลและผู้บันดาลให้เกิดผล
อดลวรา,ผู้บันดาลให้เกิดผลและผู้ประเสริฐ
อดวง,ผู้มีการบันดาลและมิ่งขวัญ
อดวงวรา,ผู้เป็นมิ่งขวัญและผู้ประเสริฐ
อดิธร,ผู้ค้ำจุน
อดินันท์,ผู้มีความสุขยินดี
อดิรุจ,ผู้รุ่งเรือง
อดิเรก,ผู้ยิ่งใหญ่เป็นพิเศษ
อดิลก,ผู้เป็นยอดและเครื่องประดับ
อดิลกนันท์,ผู้มีความสุขยินดีและผู้เป็นยอดและเครื่องประดับ
อดิลกวรา,ผู้เป็นยอดและเครื่องประดับและผู้ประเสริฐ
อดิวิชญ์,นักปราชญ์ผู้รู้
อดิศร,ผู้เป็นใหญ่ยิ่งและผู้เป็นใหญ่
อดิษ,ผู้เปี่ยมด้วยพลังเฉพาะตน
อดิสรณ์,ผู้เป็นที่ระลึกอันยิ่งใหญ่ ผู้เป็นที่พึ่งและความระลึก และผู้มีแก่นสาร
อตนุ,ผู้เปี่ยมด้วยความละเอียดอ่อน
อตนุนันท์,ผู้มีความละเอียดอ่อนและความสุขยินดี
อตนุวรา,ผู้มีความละเอียดอ่อน ความประเสริฐ และความอ่อนโยนสง่างาม
อทอง,
อทองคำ,
อทิน,ผู้เปี่ยมด้วยแสงแห่งวัน
อทินนันท์,ผู้มีความสุขยินดีและผู้สว่างดุจวัน
อทินภัทร,ผู้ดีงามเป็นมงคลและผู้สว่างดุจวัน
อทินวรา,ผู้สว่างดุจวันและผู้ประเสริฐ
อธนภัทร,ผู้ดีงามเป็นมงคลและผู้มีทรัพย์
อธนวรา,ผู้มีทรัพย์และผู้ประเสริฐ
อธนันท์,ผู้มีความสุขยินดีและผู้มีทรัพย์
อธนา,ผู้มีธรรมะสูงส่ง ทรัพย์ และการค้ำจุน
อธวัช,ผู้มีธรรมะสูงส่งและการค้ำจุน
อธวัชวรา,ผู้แข็งแกร่งดุจเพชรและผู้ประเสริฐ
อธิก,ผู้ยิ่งใหญ่หรือเหนือกว่าและผู้ยิ่งใหญ่หรือมากกว่า
อธิกร,ผู้ยิ่งใหญ่หรือเหนือกว่า ผู้ยิ่งใหญ่หรือมากกว่า และผู้สร้างสรรค์
อธิกะ,ผู้ยิ่งใหญ่หรือเหนือกว่าและผู้ยิ่งใหญ่หรือมากกว่า
อธิกัญญ์,ผู้ยิ่งใหญ่หรือเหนือกว่า ผู้ยิ่งใหญ่หรือมากกว่า และผู้มีความงามหรือความรู้
อธิคมานนท์,ผู้ยิ่งใหญ่หรือเหนือกว่า ผู้เข้าถึงหรือเฉียบคม และผู้มีความสุขยินดี
อธิคุณ,ผู้ยิ่งใหญ่หรือเหนือกว่าและผู้เปี่ยมคุณธรรม
อธิชญา,ผู้ยิ่งใหญ่หรือเหนือกว่าและผู้มีความรู้
อธิชัชวาล,"อธิ (สันสกฤต: ยิ่งใหญ่, เหนือกว่า, พิเศษ) + ชัชวาล (สันสกฤต, จาก ชัช=แสง, วาล=มี: รุ่งเรือง, สว่างไสว) = ผู้มีความรุ่งโรจน์ยิ่งใหญ่, ผู้ส่องสว่างอันยิ่งยวด"
อธิโชค,ผู้ยิ่งใหญ่หรือเหนือกว่าและผู้มีโชคดี
อธิณณ์,"อธิ (เหนือกว่า, ยิ่งใหญ่) + ณ (ปัญญา, ความรู้) = ผู้มีความรู้เป็นเลิศและยิ่งใหญ่"
อธิณรงค์,"อธิ (สันสกฤต: ยิ่งใหญ่, เหนือกว่า, พิเศษ) + ณรงค์ (สันสกฤต, จาก รณ: การรบ, การต่อสู้, ความพยายาม) = ผู้ยิ่งใหญ่ในการรบ, ผู้เป็นเลิศในการต่อสู้"
อธิณัฐ,"อธิ (สันสกฤต: ยิ่งใหญ่, เหนือกว่า, พิเศษ) + ณัฐ (สันสกฤต: นักปราชญ์, ผู้คงแก่เรียน) = นักปราชญ์ผู้ยิ่งใหญ่, ผู้ทรงความรู้อันเลิศ"
อธินนท์,ผู้ยิ่งใหญ่หรือเหนือกว่าและผู้มีความสุขยินดี
อธินันท์,ผู้มีความสุขยินดีและผู้ยิ่งใหญ่หรือเหนือกว่า
อธิบ,ผู้มีธรรมะสูงส่งและการค้ำจุน
อธิป,ผู้ยิ่งใหญ่หรือเหนือกว่าและผู้เป็นใหญ่
อธิภัทร,ผู้ดีงามเป็นมงคลและผู้ยิ่งใหญ่หรือเหนือกว่า
อธิรญา,ผู้ยิ่งใหญ่หรือเหนือกว่าและผู้มีความรู้
อธิรัฐ,"อธิ (อธิ: ส. ยิ่งใหญ่, เหนือกว่า, สูงกว่า) + รัฐ (รฐฺฐ: ป., ส. แว่นแคว้น, ผู้ปกครอง) (สมาส) = ผู้ปกครองอันยิ่งใหญ่, ผู้มีอำนาจเหนือรัฐทั้งปวง"
อธิรา,ผู้ยิ่งใหญ่หรือเหนือกว่า
อธิรุจ,ผู้ยิ่งใหญ่หรือเหนือกว่าและผู้รุ่งเรือง
อธิวร,ผู้ยิ่งใหญ่หรือเหนือกว่า
อธิวโรดม,"อธิ (สันสกฤต: ยิ่งใหญ่, เหนือกว่า, พิเศษ) + วร (บาลี-สันสกฤต: ประเสริฐ, ดีเลิศ) + อุดม (บาลี-สันสกฤต: สูงสุด, บริบูรณ์) = ผู้ประเสริฐและอุดมอย่างยิ่ง (วโรดม = วร+อุดม = ประเสริฐอย่างยิ่ง)"
อธิวัช,ผู้ยิ่งใหญ่หรือเหนือกว่าและผู้แข็งแกร่งดุจเพชร
อธิวัชร์,"อธิ (สันสกฤต: ยิ่งใหญ่, เหนือกว่า, พิเศษ) + วัชร์ (สันสกฤต, จาก วชิระ: เพชร, สายฟ้า, ผู้ทรงพลัง) = ผู้เป็นดุจเพชรอันยิ่งใหญ่, ผู้มีอำนาจยิ่งยวด"
อธิวิชญ์,"อธิ (สันสกฤต: ยิ่งใหญ่, เหนือกว่า, พิเศษ) + วิชญ์ (สันสกฤต, จาก วิชญา: ความรู้, ผู้รู้, ปราชญ์) = ผู้มีความรู้ยิ่งใหญ่, นักปราชญ์ผู้เป็นเลิศ"
อธิวิน,ผู้ยิ่งใหญ่หรือเหนือกว่าและผู้มีชัยชนะ
อธิศ,ผู้ยิ่งใหญ่หรือเหนือกว่าและผู้เป็นใหญ่
อธิศร,"อธิ (สันสกฤต: ยิ่งใหญ่, เหนือกว่า, พิเศษ) + ศร (สันสกฤต, จาก อิสระ: ผู้เป็นใหญ่, เจ้า) = ผู้เป็นใหญ่ยิ่ง, ผู้เป็นเจ้าเหนือกว่าผู้อื่น"
อธิศรา,ผู้ยิ่งใหญ่หรือเหนือกว่า ผู้เป็นใหญ่ และผู้เป็นดั่งศรแห่งความมุ่งมั่น
อธิศิลป์,ผู้ยิ่งใหญ่หรือเหนือกว่า ผู้มีศิลปะ และผู้เป็นใหญ่
อธิษฐ์,ผู้ยิ่งใหญ่หรือเหนือกว่าและผู้ตั้งมั่น
อธิษฐาน,ผู้ยิ่งใหญ่หรือเหนือกว่า ผู้ตั้งจิตมั่น และผู้ตั้งมั่น
อธิสรรค์,ผู้ยิ่งใหญ่หรือเหนือกว่า ผู้สร้างสรรค์อย่างยิ่ง และผู้มีแก่นสาร
อธิอานันท์,ผู้มีความสุขยินดีและผู้ยิ่งใหญ่หรือเหนือกว่า
อนนต์,ผู้ไม่มีที่สิ้นสุด
อนนท์,ผู้มีความสุขยินดี
อนฤมล,ผู้มีความไม่สิ้นสุดและความบริสุทธิ์งดงาม
อนฤมลนันท์,ผู้มีความสุขยินดีและผู้บริสุทธิ์งดงาม
อนฤมลภัทร,ผู้ดีงามเป็นมงคลและผู้บริสุทธิ์งดงาม
อนฤมลวรา,ผู้บริสุทธิ์งดงามและผู้ประเสริฐ
อนล,ไฟ ผู้มีพลังสว่าง
อนลิน,ไฟ ผู้มีพลังสว่าง ดอกบัวอันบริสุทธิ์ และผู้ละมุนงดงาม
อนวช,ผู้ไร้ตำหนิ
อนวัช,ผู้ไร้ตำหนิและผู้แข็งแกร่งดุจเพชร
อนวัชญ์,ผู้ไร้ตำหนิ ผู้ไร้ตำหนิและเปี่ยมปัญญา และผู้แข็งแกร่งดุจเพชร
อนอง,หญิงงามหรือสตรีผู้อ่อนหวาน
อนัญญา,ผู้ไม่มีใครเสมอเหมือนและผู้มีความรู้
อนันต์,ผู้ไม่มีที่สิ้นสุด
อนันตไชย,ผู้มีชัยชนะ
อนันต์ธีร์,ผู้ไม่มีที่สิ้นสุดและผู้มีปัญญามั่นคง
อนันต์ภัทร,ผู้ไม่มีที่สิ้นสุดและผู้ดีงามเป็นมงคล
อนันตวิชญ์,นักปราชญ์ผู้รู้
อนันต์วิน,ผู้ไม่มีที่สิ้นสุดและผู้มีชัยชนะ
อนันต์หน่อ,เชื้อสายอันยั่งยืนไม่มีที่สิ้นสุด
อนันทัช,ผู้มีความสุขและสัมผัสความสำเร็จ
อนาวา,ผู้มีความกว้างขวาง การนำพาชีวิต และความกว้างไกล
อนาวานันท์,ผู้มีความสุขยินดีและผู้นำพาชีวิตดุจเรือ
อนาวาวรา,ผู้ประเสริฐและผู้นำพาชีวิตดุจเรือ
อนาวิล,ผู้มีความรู้แจ้งและความอ่อนโยน
อนิก,ผู้เปี่ยมด้วยความไม่สิ้นสุด
อนิรุจ,ผู้เปี่ยมด้วยความรุ่งเรือง
อนิรุธ,ผู้มีความรุ่งเรืองและการค้ำจุน
อนิศ,ผู้เปี่ยมด้วยความไม่สิ้นสุด
อนิสรา,ผู้เป็นอิสระ ผู้ไหลลื่นงดงาม และผู้มีแก่นสาร
อนุรักษ์,ผู้ปกป้องรักษา
อนุรักษ์ธรรม,ผู้ค้ำจุนและผู้ปกป้องรักษา
อนุรักษา,ผู้คุ้มครองรักษา
อนุรุจ,ผู้รุ่งเรือง
อนุรุธ,ผู้มีความรุ่งเรืองและการค้ำจุน
อนุวร,"อนุ (บาลี-สันสกฤต: ตาม, น้อย, ยิ่ง, ยอดเยี่ยม) + วร (บาลี-สันสกฤต: ประเสริฐ, ดีเลิศ) = ผู้ประเสริฐอย่างยิ่ง, ผู้ดีเลิศ"
อนุวัช,ผู้แข็งแกร่งดุจเพชร
อนุวิชญ์,"อนุ (บาลี-สันสกฤต: ตาม, น้อย, ยิ่ง, ยอดเยี่ยม) + วิชญ์ (สันสกฤต, จาก วิชญา: ความรู้, ผู้รู้) = ผู้มีความรู้อย่างยิ่ง, ผู้มีความรู้ดีเยี่ยม"
อนุวิท,ผู้เปี่ยมด้วยความรู้แจ้ง
อบวร,ผู้มีความประเสริฐอบอุ่น ความประเสริฐ และความมั่นคงสูงส่ง
อบวรนันท์,ผู้มีความสุขยินดีและผู้ประเสริฐเลิศล้ำ
อบวรภัทร,ผู้ดีงามเป็นมงคลและผู้ประเสริฐเลิศล้ำ
อบวรวรา,ผู้ประเสริฐและผู้ประเสริฐเลิศล้ำ
อปฐม,ผู้เปี่ยมด้วยจุดเริ่มต้นดีงาม
อปฐมนันท์,ผู้มีจิตใจและความสุขยินดี
อปฐมภัทร,ผู้มีจุดเริ่มต้นดีงาม ความดีงามเป็นมงคล และความมั่นคงสูงส่ง
อปฐมวรา,ผู้มีจุดเริ่มต้นดีงาม ความประเสริฐ และความอ่อนโยนสง่างาม
อปริญญา,ผู้มีความอ่อนละมุน ความรู้ และความอ่อนโยนสง่างาม
อปริญญานันท์,ผู้มีความอ่อนละมุน ความสุขยินดี และความรู้
อปริญญาวรา,ผู้มีความอ่อนละมุน ความประเสริฐ และความรู้
อปัญญา,ผู้มีปัญญา ความรู้ และความอ่อนโยนสง่างาม
อปัญญานันท์,ผู้มีปัญญา ความสุขยินดี และความรู้
อปัญญาวรา,ผู้มีปัญญา ความประเสริฐ และความรู้
อภัทร,ผู้มีความยิ่งใหญ่ ความดีงามเป็นมงคล และความมั่นคงสูงส่ง
อภัทรนันท์,ผู้ดีงามเป็นมงคลและผู้มีความสุขยินดี
อภัทรภัทร,ผู้มีความยิ่งใหญ่ ความดีงามเป็นมงคล และความมั่นคงสูงส่ง
อภัทรวรา,ผู้ดีงามเป็นมงคลและผู้ประเสริฐ
อภิกร,ผู้ยิ่งใหญ่หรือเด่นเป็นพิเศษและผู้สร้างสรรค์
อภิกษณา,ผู้ยิ่งใหญ่หรือเด่นเป็นพิเศษและช่วงขณะอันมีค่า
อภิกษณาอร,ผู้ยิ่งใหญ่หรือเด่นเป็นพิเศษ ผู้มีความงามอ่อนหวาน และช่วงขณะอันมีค่า
อภิชญ์,ผู้ยิ่งใหญ่หรือเด่นเป็นพิเศษและผู้รู้ยิ่ง
อภิชญา,ผู้ยิ่งใหญ่หรือเด่นเป็นพิเศษ ผู้มีความรู้สูง และผู้มีความรู้
อภิชัจ,ผู้เปี่ยมด้วยความยิ่งใหญ่
อภิชัจหรรษกร,ผู้มีพลังเฉพาะตน ผู้สร้างสรรค์ และความมั่นคงสูงส่ง
อภิโชค,ผู้ยิ่งใหญ่หรือเด่นเป็นพิเศษและผู้มีโชคดี
อภิญ,ผู้มีความรู้ยิ่ง
อภิญญา,ผู้ยิ่งใหญ่หรือเด่นเป็นพิเศษ ผู้มีความรู้ยิ่ง และผู้มีความรู้
อภิญวัจน์,ผู้ยิ่งใหญ่หรือเด่นเป็นพิเศษและผู้มีวาจางดงาม
อภิณัฐ,ผู้ยิ่งใหญ่หรือเด่นเป็นพิเศษและนักปราชญ์ผู้มีปัญญา
อภิธนวัชญ์,ผู้ยิ่งใหญ่หรือเด่นเป็นพิเศษ ผู้มีทรัพย์ และผู้แข็งแกร่งดุจเพชร
อภิธร,ผู้ค้ำจุนและผู้ยิ่งใหญ่หรือเด่นเป็นพิเศษ
อภิธัช,ผู้ยิ่งใหญ่หรือเด่นเป็นพิเศษและผู้เป็นธงแห่งเกียรติ
อภิธิน,ผู้มีความยิ่งใหญ่และการค้ำจุน
อภินัทธ์,ผู้ยิ่งใหญ่หรือเด่นเป็นพิเศษ
อภินันท์,ผู้มีความสุขยินดี ผู้ยิ่งใหญ่หรือเด่นเป็นพิเศษ และผู้มีความยินดียิ่ง
อภิปัญญา,ผู้ยิ่งใหญ่หรือเด่นเป็นพิเศษ ผู้มีปัญญา และผู้มีความรู้
อภิภัค,ผู้ยิ่งใหญ่หรือเด่นเป็นพิเศษและผู้มีโชค
อภิมงคล,ผู้ยิ่งใหญ่หรือเด่นเป็นพิเศษและผู้เป็นมงคลยิ่ง
อภิรมา,ผู้รื่นรมย์ยิ่ง
อภิรักษ์,ผู้ยิ่งใหญ่หรือเด่นเป็นพิเศษและผู้ปกป้องรักษาอย่างยิ่ง
อภิรักษ์มั่นคง,ผู้ยิ่งใหญ่หรือเด่นเป็นพิเศษและผู้ปกป้องรักษาอย่างยิ่ง
อภิรัช,ผู้ยิ่งใหญ่หรือเด่นเป็นพิเศษและผู้รุ่งเรืองด้วยอำนาจ
อภิรัญญา,ผู้ยิ่งใหญ่หรือเด่นเป็นพิเศษและผู้มีความรู้
อภิรัฐ,ผู้ยิ่งใหญ่หรือเด่นเป็นพิเศษและผู้เกี่ยวข้องกับบ้านเมือง
อภิริน,ผู้ไหลรินอ่อนโยนและผู้ยิ่งใหญ่หรือเด่นเป็นพิเศษ
อภิรุจ,ผู้ยิ่งใหญ่หรือเด่นเป็นพิเศษและผู้รุ่งเรือง
อภิรุจิ,ผู้ยิ่งใหญ่หรือเด่นเป็นพิเศษ ผู้รุ่งเรือง และผู้รุ่งเรืองงดงาม
อภิเรศ,ผู้ยิ่งใหญ่หรือเด่นเป็นพิเศษและผู้เป็นใหญ่
อภิโรจน์,ผู้ยิ่งใหญ่หรือเด่นเป็นพิเศษ
อภิวงค์,ผู้ยิ่งใหญ่หรือเด่นเป็นพิเศษและผู้สืบวงศ์ตระกูล
อภิวัจน์,ผู้ยิ่งใหญ่หรือเด่นเป็นพิเศษและผู้มีวาจางดงาม
อภิวัชร์,ผู้ยิ่งใหญ่หรือเด่นเป็นพิเศษ ผู้แข็งแกร่งดุจเพชร และเพชรหรือสายฟ้าอันแข็งแกร่ง
อภิวันท์,ผู้ยิ่งใหญ่หรือเด่นเป็นพิเศษและผู้ได้รับการไหว้เคารพ
อภิวันทนา,ผู้ยิ่งใหญ่หรือเด่นเป็นพิเศษและผู้ไหว้เคารพ
อภิวิชญ์,นักปราชญ์ผู้รู้และผู้ยิ่งใหญ่หรือเด่นเป็นพิเศษ
อภิสรณ์,ผู้ยิ่งใหญ่หรือเด่นเป็นพิเศษ ผู้เป็นที่พึ่งและความระลึก และผู้มีแก่นสาร
อภิสรา,ผู้ยิ่งใหญ่หรือเด่นเป็นพิเศษ ผู้ไหลลื่นงดงาม และผู้มีแก่นสาร
อภิสริน,ผู้ไหลรินอ่อนโยน ผู้ยิ่งใหญ่หรือเด่นเป็นพิเศษ และผู้มีแก่นสาร
อภิสรินทร์,ผู้ไหลรินอ่อนโยน ผู้ยิ่งใหญ่หรือเด่นเป็นพิเศษ และผู้เป็นใหญ่
อภิสิทธิ์,ผู้ยิ่งใหญ่หรือเด่นเป็นพิเศษ ผู้มีสิทธิอันยิ่ง และผู้มีความสำเร็จและสิทธิอันชอบ
อภิสิทธิโชค,ผู้ยิ่งใหญ่หรือเด่นเป็นพิเศษ ผู้มีโชคดี และผู้มีสิทธิและความสำเร็จ
อภิสิทธิ์โชค,ผู้ยิ่งใหญ่หรือเด่นเป็นพิเศษ ผู้มีสิทธิอันยิ่ง และผู้มีโชคดี
อมต,ผู้เป็นอมตะ
อมนต์,ผู้มีจิตใจและถ้อยคำศักดิ์สิทธิ์
อมนต์นันท์,ผู้มีความสุขยินดีและถ้อยคำศักดิ์สิทธิ์
อมนต์ภัทร,ผู้ดีงามเป็นมงคลและถ้อยคำศักดิ์สิทธิ์
อมนต์วรา,ถ้อยคำศักดิ์สิทธิ์และผู้ประเสริฐ
อมนัส,ผู้มีจิตใจและจิตใจงดงาม
อมร,ผู้ยั่งยืนเป็นอมตะ
อมรโชค,ผู้ยั่งยืนเป็นอมตะและผู้มีโชคดี
อมรธร,ผู้ค้ำจุนและผู้ยั่งยืนเป็นอมตะ
อมรนันท์,ผู้มีความสุขยินดีและผู้ยั่งยืนเป็นอมตะ
อมรวรรณ,ผู้มีวรรณะงดงามและผู้ยั่งยืนเป็นอมตะ
อมรวริศ,ผู้ยั่งยืนเป็นอมตะและผู้เป็นใหญ่
อมรศิลป์,ศิลปะอันยั่งยืนเป็นอมตะ
อมรสิทธิ์,ผู้ยั่งยืนเป็นอมตะ ผู้มีความสำเร็จและสิทธิอันชอบ และผู้มีสิทธิและความสำเร็จ
อมรา,ผู้ยั่งยืนเป็นอมตะและผู้เป็นอมตะและงดงาม
อมรินทร์,ผู้ไหลรินอ่อนโยน ผู้ยั่งยืนเป็นอมตะ และผู้เป็นใหญ่และเป็นอมตะ
อมลวรรณ,ผู้มีวรรณะงดงามและผู้บริสุทธิ์ปราศจากมลทิน
อร,ผู้มีความงามอ่อนหวาน
อรกัญญา,ผู้มีความงามอ่อนหวาน หญิงผู้ดีงาม และผู้มีความรู้
อรจนา,ผู้มีความงามอ่อนหวานและผู้ให้กำเนิดหรือสร้างสรรค์
อรจนานันท์,ผู้มีความสุขยินดี ผู้มีความงามอ่อนหวาน และผู้ให้กำเนิดหรือสร้างสรรค์
อรจนาวรา,ผู้มีความงามอ่อนหวาน ผู้ประเสริฐ และผู้ให้กำเนิดหรือสร้างสรรค์
อรจิรา,ผู้มีความงามอ่อนหวานและผู้ยั่งยืนยาวนาน
อรชร,ผู้มีความงามอ่อนหวานและผู้ละเอียดอ่อนงาม
อรชรวรรณ,ผู้มีวรรณะงดงาม ผู้มีความงามอ่อนหวาน และผู้ละเอียดอ่อนงาม
อรญา,ผู้มีความงามอ่อนหวานและผู้มีความรู้
อรฐา,ผู้มีความงามอ่อนหวานและผู้ตั้งมั่น
อรณัฐ,ผู้มีความงามอ่อนหวานและนักปราชญ์ผู้มีปัญญา
อรธนา,ผู้มีความงามอ่อนหวานและผู้มีทรัพย์
อรนรา,ผู้มีความงามอ่อนหวานและผู้สง่างามในหมู่คน
อรนรินทร์,ผู้ไหลรินอ่อนโยน ผู้มีความงามอ่อนหวาน และผู้เป็นใหญ่ในหมู่คน
อรนลิน,ผู้มีความงามอ่อนหวาน ดอกบัวอันบริสุทธิ์ และผู้ละมุนงดงาม
อรนลินต์,ผู้มีความงามอ่อนหวาน ดอกบัวอันบริสุทธิ์ และผู้ละมุนงดงาม
อรนันท์,ผู้มีความสุขยินดีและผู้มีความงามอ่อนหวาน
อรภัทร,ผู้ดีงามเป็นมงคลและผู้มีความงามอ่อนหวาน
อรภิญญา,ผู้มีความงามอ่อนหวาน ผู้มีความรู้ และผู้มีความรู้ยิ่ง
อรรคนัฏฐ์,ผู้มีความงามอ่อนหวาน
อรรถ,ผู้มีความงามอ่อนหวานและผู้มีสาระ
อรรถนนท์,ผู้มีความงามอ่อนหวาน ผู้มีความสุขยินดี และผู้มีสาระ
อรรถรินทร์,ผู้ไหลรินอ่อนโยน ผู้มีความงามอ่อนหวาน และผู้มีสาระ
อรรถวรรณ,ผู้มีวรรณะงดงาม ผู้มีความงามอ่อนหวาน และผู้มีสาระ
อรรถวัชร์,ผู้มีความงามอ่อนหวาน ผู้แข็งแกร่งดุจเพชร และเพชรหรือสายฟ้าอันแข็งแกร่ง
อรรถวิชญ์,นักปราชญ์ผู้รู้ ผู้มีความงามอ่อนหวาน และผู้มีสาระ
อรรถวิท,ผู้มีความงามอ่อนหวานและผู้มีสาระ
อรรถวิโรจน์,ผู้มีความงามอ่อนหวาน ผู้มีสาระ และผู้รุ่งเรืองสว่างไสว
อรรถวุธ,ผู้มีความงามอ่อนหวาน ผู้มีสาระ และผู้มีพลังป้องกัน
อรลออ,ผู้มีความงามอ่อนหวานและผู้ละเอียดงดงาม
อรวรรณ,ผู้มีวรรณะงดงามและผู้มีความงามอ่อนหวาน
อรวรา,ผู้มีความงามอ่อนหวานและผู้ประเสริฐ
อรวิมล,ผู้มีความงามอ่อนหวานและผู้บริสุทธิ์ผ่องใส
อรวิศ,ผู้มีความงามอ่อนหวานและผู้เป็นใหญ่
อรศิริ,ผู้มีความงามอ่อนหวาน ผู้เป็นใหญ่ และผู้มีสิริมงคล
อรษา,ผู้มีพลังเฉพาะตน ความงามอ่อนหวาน และความอ่อนโยนสง่างาม
อรอร,ผู้มีความงามอ่อนหวานยิ่ง
อรอินทร์,ผู้เป็นใหญ่และผู้มีความงามอ่อนหวาน
อรัญ,ผู้มีความงามอ่อนหวานและป่า ผู้สงบงามตามธรรมชาติ
อรัญญ์,"อรัญญ์ (อรญฺญ: ป., ส. ป่า) = ผู้สงบเยือกเย็นและร่มรื่นดุจป่า"
อรัญญา,ผู้มีความงามอ่อนหวาน ป่า ผู้สงบงามตามธรรมชาติ และผู้เกี่ยวข้องกับป่าอันสงบ
อรัญวิชญ์,นักปราชญ์ผู้รู้ ผู้มีความงามอ่อนหวาน และป่า ผู้สงบงามตามธรรมชาติ
อรัญสิทธิ์,ผู้มีความงามอ่อนหวาน ป่า ผู้สงบงามตามธรรมชาติ และผู้มีความสำเร็จและสิทธิอันชอบ
อรัฐา,ผู้มีความงามอ่อนหวาน หลักแห่งบ้านเมือง และความอ่อนโยนสง่างาม
อริญช์,ผู้มีความอ่อนละมุนและความงามอ่อนหวาน
อริญา,ผู้มีความงามอ่อนหวาน ผู้เป็นใหญ่หรือผู้กล้าต่อศัตรู และผู้มีความรู้
อริน,ผู้ไหลรินอ่อนโยน ผู้มีความงามอ่อนหวาน และผู้เป็นใหญ่หรือผู้กล้าต่อศัตรู
อรินทร,ผู้ไหลรินอ่อนโยน ผู้มีความงามอ่อนหวาน และผู้เป็นใหญ่หรือผู้กล้าต่อศัตรู
อรินทร์,ผู้ไหลรินอ่อนโยน ผู้มีความงามอ่อนหวาน และผู้เป็นใหญ่หรือผู้กล้าต่อศัตรู
อรินธา,ผู้ไหลรินอ่อนโยน ผู้มีความงามอ่อนหวาน และผู้เป็นใหญ่หรือผู้กล้าต่อศัตรู
อริรา,ผู้มีความงามอ่อนหวานและผู้เป็นใหญ่หรือผู้กล้าต่อศัตรู
อริวร,ผู้มีความงามอ่อนหวานและผู้เป็นใหญ่หรือผู้กล้าต่อศัตรู
อริศร,ผู้มีความงามอ่อนหวาน ผู้เป็นใหญ่หรือผู้กล้าต่อศัตรู และผู้เป็นใหญ่
อริศรา,ผู้มีความงามอ่อนหวาน ผู้เป็นใหญ่หรือผู้กล้าต่อศัตรู และผู้เป็นใหญ่และงดงาม
อริศิลป์,ผู้มีความงามอ่อนหวาน ผู้เป็นใหญ่หรือผู้กล้าต่อศัตรู และผู้มีศิลปะ
อริษรา,ผู้มีความงามอ่อนหวานและผู้เป็นใหญ่หรือผู้กล้าต่อศัตรู
อริษา,ผู้มีความงามอ่อนหวานและผู้เป็นใหญ่หรือผู้กล้าต่อศัตรู
อริสรา,ผู้มีความงามอ่อนหวาน ผู้เป็นใหญ่หรือผู้กล้าต่อศัตรู และผู้ไหลลื่นงดงาม
อรุณ,ผู้มีความงามอ่อนหวานและผู้รุ่งเรืองดุจแสงอรุณ
อรุณธร,ผู้ค้ำจุน ผู้มีความงามอ่อนหวาน และผู้รุ่งเรืองดุจแสงอรุณ
อรุณภัทร,ผู้ดีงามเป็นมงคล ผู้มีความงามอ่อนหวาน และผู้รุ่งเรืองดุจแสงอรุณ
อรุณโรจน์,ผู้มีความงามอ่อนหวานและผู้รุ่งเรืองดุจแสงอรุณ
อรุณลักษณ์,ผู้มีความงามอ่อนหวาน ผู้รุ่งเรืองดุจแสงอรุณ และผู้มีลักษณะงดงาม
อรุณวรรณ,ผู้มีวรรณะงดงาม ผู้มีความงามอ่อนหวาน และผู้รุ่งเรืองดุจแสงอรุณ
อรุณวิง,ผู้มีความงามอ่อนหวานและผู้รุ่งเรืองดุจแสงอรุณ
อลงค์กร,ผู้มีองค์ประกอบงดงาม
อลัน,ชื่อทับศัพท์ รอการตรวจสอบความหมายเฉพาะ
อลิซ,ชื่อทับศัพท์ รอการตรวจสอบความหมายเฉพาะ
อลิธร,ผู้มีความละมุนเฉพาะตน การค้ำจุน และความละมุน
อลิน,ผู้เปี่ยมด้วยความละมุน
อลินรา,ผู้สง่างามในหมู่คนและผู้ละมุนงดงาม
อลิลน์,ผู้มีลีลางดงามและความละมุน
อลิศ,ผู้มีความละมุนเฉพาะตนและความละมุน
อลิศรา,ผู้เป็นใหญ่และผู้เป็นดั่งศรแห่งความมุ่งมั่น
อลิษชญา,"อลิษ (ไม่ได้มีรากศัพท์บาลี-สันสกฤตโดยตรงที่ให้ความหมายชัดเจนในพจนานุกรมราชบัณฑิตยสถาน แต่ในบริบทของชื่อ มักใช้สื่อถึงความยิ่งใหญ่, ความเป็นเลิศ หรือความงดงาม) + ชญา (จาก ญาณ = ความรู้, ปัญญา) = ผู้มีความรู้และปัญญาอันเป็นเลิศและยิ่งใหญ่"
อลิษญา,ผู้มีพลังเฉพาะตน ความรู้ และความละมุน
อลิษญาลักษณ์,ผู้มีความรู้และผู้มีลักษณะงดงาม
อลิษญาวรัญญา,"อลิษ (ความสว่างไสว, ความรุ่งเรือง) + ญา (ความรู้, ปัญญา) + วรัญญา (ความรู้ที่ประเสริฐ) = ผู้มีความรู้ความปัญญาอันประเสริฐและมีความสว่างไสวรุ่งเรือง"
อลิษณา,ผู้มีพลังเฉพาะตน ความละมุน และความอ่อนโยนสง่างาม
อลิษนภัส,"อลิษ (ความสว่างไสว, ความรุ่งเรือง) + นภัส (ท้องฟ้า, ความสูงส่ง) = ผู้มีความรุ่งเรืองสูงส่งดุจท้องฟ้า"
อลิษภัทรา,"อลิษ (ส่วนประกอบในชื่อสมัยใหม่ ไม่มีรากศัพท์บาลี-สันสกฤตโดยตรง มักใช้เพื่อความไพเราะและแสดงถึงความพิเศษโดดเด่น) + ภัทรา (บาลี-สันสกฤต: ภทฺรา หมายถึง ความดีงาม, ความเจริญ, ความเป็นมงคล) = ผู้มีความดีงามเจริญรุ่งเรืองและโดดเด่นเป็นพิเศษ"
อลิษรา,ผู้มีพลังเฉพาะตน ความละมุน และความอ่อนโยนสง่างาม
อลิษวรัญญา,"อลิษ (ความสว่างไสว, ความรุ่งเรือง) + วรัญญา (ความรู้ที่ประเสริฐ) = ผู้มีความรู้ที่ประเสริฐและมีความสว่างไสวรุ่งเรือง"
อลิษา,ผู้มีพลังเฉพาะตน ความละมุน และความอ่อนโยนสง่างาม
อลิส,ชื่อทับศัพท์ รอการตรวจสอบความหมายเฉพาะ
อลิสิทธิ์,ผู้มีความสำเร็จและสิทธิอันชอบและผู้มีสิทธิและความสำเร็จ
อ้วน,ผู้เปี่ยมด้วยความสมบูรณ์
อวบอ่อน,ผู้เปี่ยมด้วยความไม่สิ้นสุด
อวริน,ผู้ประเสริฐดุจสายน้ำและผู้ไหลรินอ่อนโยน
อวรินนันท์,ผู้ประเสริฐดุจสายน้ำ ผู้มีความสุขยินดี และผู้ไหลรินอ่อนโยน
อวรินภัทร,ผู้ดีงามเป็นมงคล ผู้ประเสริฐดุจสายน้ำ และผู้ไหลรินอ่อนโยน
อวรินวรา,ผู้ประเสริฐดุจสายน้ำ ผู้ไหลรินอ่อนโยน และผู้ประเสริฐ
ออ,ผู้มีความนุ่มนวลและเป็นธรรมชาติ
อ้อ,ผู้ยืดหยุ่น อ่อนโยน และมีเสน่ห์
ออกัส,ชื่อทับศัพท์ สื่อถึงความยิ่งใหญ่ตามรากตะวันตก
ออน,ผู้มีความนุ่มนวลและจิตใจละมุน
อ่อนคำ,ผู้มีความอ่อนโยนและมีค่าดุจทองคำ
ออม,ผู้เปี่ยมด้วยความยั่งยืน
อะกิ,ชื่อทับศัพท์ รอการตรวจสอบความหมายเฉพาะ
อะคะปัน,ผู้เปี่ยมด้วยความยิ่งใหญ่
อะชิรนันท์,ผู้มีความว่องไวและความสุขยินดี
อะชิรวิช,ผู้มีดวงอาทิตย์และความรู้
อะชิรวิชญ์,ผู้มีดวงอาทิตย์ นักปราชญ์ และความรู้
อะชิรวิญญ์,ผู้มีดวงอาทิตย์และความรู้ลึกซึ้ง
อะชิระ,ผู้เปี่ยมด้วยความว่องไว
อะชิลักษณ์,ผู้มีพลังเฉพาะตนและลักษณะงดงาม
อักษร,ตัวหนังสือหรือความรู้ทางภาษา
อักษรชู,ตัวหนังสือหรือความรู้ทางภาษา
อักษรธร,ผู้ค้ำจุนและตัวหนังสือหรือความรู้ทางภาษา
อักษรวรรณ,ผู้มีวรรณะงดงามและตัวหนังสือหรือความรู้ทางภาษา
อักษรวัชร์,ตัวหนังสือหรือความรู้ทางภาษา ผู้แข็งแกร่งดุจเพชร และเพชรหรือสายฟ้าอันแข็งแกร่ง
อักษรศิลป์,ตัวหนังสือหรือความรู้ทางภาษา ผู้มีศิลปะ และผู้เป็นใหญ่
อักษรสิทธิ์,ตัวหนังสือหรือความรู้ทางภาษา ผู้มีความสำเร็จและสิทธิอันชอบ และผู้มีสิทธิและความสำเร็จ
อักษรสิริ,ผู้มีสิริมงคลและตัวหนังสือหรือความรู้ทางภาษา
อักษรา,ตัวหนังสือหรือความรู้ทางภาษาและอักษรหรือตัวหนังสืออันงดงาม
อักษรินทร์,ผู้ไหลรินอ่อนโยน ตัวหนังสือหรือความรู้ทางภาษา และผู้เป็นใหญ่
อัคคณัฐ,ผู้ยอดเยี่ยมและนักปราชญ์ผู้มีปัญญา
อัครณัฐ,ผู้ยอดเยี่ยมและเป็นเอกและนักปราชญ์ผู้มีปัญญา
อัครธน,ผู้ยอดเยี่ยมและเป็นเอกและผู้มีทรัพย์
อัครธนะโชค,ผู้ยอดเยี่ยมและเป็นเอก ผู้มีทรัพย์ และผู้มีโชคดี
อัครนรินทร์,ผู้ไหลรินอ่อนโยน ผู้ยอดเยี่ยมและเป็นเอก และผู้เป็นใหญ่ในหมู่คน
อัครนันท์,ผู้มีความสุขยินดีและผู้ยอดเยี่ยมและเป็นเอก
อัครนิธิ,ผู้ยอดเยี่ยมและเป็นเอกและผู้เป็นขุมทรัพย์
อัครนิธิศ,ผู้ยอดเยี่ยมและเป็นเอก ผู้เป็นใหญ่ และผู้เป็นขุมทรัพย์
อัครปัญญ์,ผู้ยอดเยี่ยมและเป็นเอกและผู้มีปัญญา
อัครภัทร,"อัคร (อกฺร: ป., ส. ยอด, เลิศ, ที่สุด) + ภัทร (ภทฺร: ป., ส. เจริญ, ดี, งาม, เป็นมงคล) (สมาส) = ผู้มีความเจริญอันเป็นเลิศ, ผู้ประเสริฐและเป็นมงคลอย่างยิ่ง"
อัครโภคินนท์,ผู้ยอดเยี่ยมและเป็นเอก ผู้มีความสุขยินดี และผู้มั่งมีโภคทรัพย์
อัครรัฐ,ผู้ยอดเยี่ยมและเป็นเอกและผู้เกี่ยวข้องกับบ้านเมือง
อัครวัชร,ผู้ยอดเยี่ยมและเป็นเอก ผู้แข็งแกร่งดุจเพชร และเพชรหรือสายฟ้าอันแข็งแกร่ง
อัครวิชญ์,นักปราชญ์ผู้รู้และผู้ยอดเยี่ยมและเป็นเอก
อัครวินท์,ผู้ยอดเยี่ยมและเป็นเอกและผู้มีชัยชนะ
อัครศิลป์,ผู้ยอดเยี่ยมและเป็นเอก ผู้มีศิลปะ และผู้เป็นใหญ่
อัครสร,ผู้ยอดเยี่ยมและเป็นเอกและผู้มีแก่นสาร
อัครสิทธิ์,ผู้ยอดเยี่ยมและเป็นเอก ผู้มีความสำเร็จและสิทธิอันชอบ และผู้มีสิทธิและความสำเร็จ
อัคระ,ผู้ยอดเยี่ยมและเป็นเอก
อัครา,ผู้ยอดเยี่ยมและเป็นเอก
อัครานนท์,ผู้ยอดเยี่ยมและเป็นเอกและผู้มีความสุขยินดี
อัครินทร์,ผู้ไหลรินอ่อนโยน ผู้ยอดเยี่ยมและเป็นเอก และผู้เป็นใหญ่
อังคณา,หญิงงาม
อังค์วรา,ผู้มีองค์ประกอบงดงาม ความประเสริฐ และความอ่อนโยนสง่างาม
อังคาร,ดาวอังคารหรือวันอังคาร
อังษณา,ผู้มีพลังเฉพาะตนและความอ่อนโยนสง่างาม
อัจฉรา,นางฟ้าหรือผู้วิเศษงดงาม
อัจฉราวิชญ์,นักปราชญ์ผู้รู้และนางฟ้าหรือผู้วิเศษงดงาม
อัจฉรินทร์,ผู้ไหลรินอ่อนโยนและผู้เป็นใหญ่
อัจฉรินธร,ผู้ค้ำจุนและผู้ไหลรินอ่อนโยน
อัจฉรีย์,ผู้มีความอัศจรรย์และความสง่างาม
อัญ,สิ่งพิเศษหรือสิ่งอื่นอันแตกต่าง
อัญชลินทร์,สิ่งอื่นหรือสิ่งพิเศษ ผู้เย็นใสดุจสายน้ำ และผู้ละมุนงดงาม
อัญชัญ,ดอกอัญชัน สีงามตามธรรมชาติ
อัญชิรา,
อัญญธิญาน์,ผู้มีความพิเศษ ความรู้ และการค้ำจุน
อัญญา,สิ่งอื่นหรือสิ่งพิเศษ ผู้มีความรู้อันแตกต่าง และผู้มีความรู้
อัญญาริน,ผู้ไหลรินอ่อนโยน สิ่งอื่นหรือสิ่งพิเศษ และผู้มีความรู้อันแตกต่าง
อัญญารินทร์,ผู้ไหลรินอ่อนโยน สิ่งอื่นหรือสิ่งพิเศษ และผู้มีความรู้อันแตกต่าง
อัญญาลักษณ์,สิ่งอื่นหรือสิ่งพิเศษ ผู้มีความรู้อันแตกต่าง และผู้มีความรู้
อัญญาวริน,
อัญรินทร์,ผู้ไหลรินอ่อนโยน สิ่งอื่นหรือสิ่งพิเศษ และผู้เป็นใหญ่
อัญวรา,สิ่งอื่นหรือสิ่งพิเศษและผู้ประเสริฐ
อัญศรา,สิ่งอื่นหรือสิ่งพิเศษ ผู้เป็นใหญ่ และผู้เป็นดั่งศรแห่งความมุ่งมั่น
อัญศิริ,สิ่งอื่นหรือสิ่งพิเศษ ผู้เป็นใหญ่ และผู้มีสิริมงคล
อัญสร,สิ่งอื่นหรือสิ่งพิเศษและผู้มีแก่นสาร
อัญสรา,สิ่งอื่นหรือสิ่งพิเศษ ผู้ไหลลื่นงดงาม และผู้มีแก่นสาร
อัญสิริ,ผู้มีสิริมงคลและสิ่งอื่นหรือสิ่งพิเศษ
อัญสิริโชค,ผู้มีสิริมงคล สิ่งอื่นหรือสิ่งพิเศษ และผู้มีโชคดี
อัฐ,แปดหรือสิ่งมั่นคง
อัฐพงษ์,แปดหรือสิ่งมั่นคงและผู้สืบวงศ์ตระกูล
อัดนาน,ผู้มีความมั่นคงและความอ่อนโยน
อันต์นลิน,ดอกบัวอันไม่มีที่สิ้นสุด
อันทะระ,ผู้เปี่ยมด้วยความกว้างใหญ่
อันธิฌา,ผู้มีความกว้างใหญ่ การค้ำจุน และความอ่อนโยนสง่างาม
อันวาร์,ชื่อทับศัพท์ รอการตรวจสอบความหมายเฉพาะ
อัมภิรา,ผู้มีความลึกซึ้งและความอ่อนโยนสง่างาม
อัมรัน,ผู้เปี่ยมด้วยความมั่นคงลึกล้ำ
อัมลิน,ผู้เปี่ยมด้วยความละมุน
อัษฏา,แปดหรือผู้ประกอบด้วยคุณแปดประการ
อัษฏาวุธ,แปดหรือผู้ประกอบด้วยคุณแปดประการและผู้มีพลังป้องกัน
อัษฏาวุษ,ผู้เปี่ยมด้วยพลังเฉพาะตน
อาคะนิช,ผู้มีแสงรุ่งและคุณค่าเฉพาะตน
อาคิ,ชื่อทับศัพท์ รอการตรวจสอบความหมายเฉพาะ
อาคิระ,ชื่อทับศัพท์ รอการตรวจสอบความหมายเฉพาะ
อาคิราห์,ชื่อทับศัพท์ รอการตรวจสอบความหมายเฉพาะ
อาจนาวัง,ผู้มีความกล้าหาญและความอ่อนโยน
อาจหาญ,ผู้กล้าหาญองอาจ
อาณัชญา,ผู้มีอำนาจคุ้มครอง ความรู้ และความอ่อนโยนสง่างาม
อาณาจักร,อำนาจหรือขอบเขตการปกครอง เขตแดนแห่งอำนาจ และผู้สร้างสรรค์
อาณาจักรสิทธิ์,อำนาจหรือขอบเขตการปกครอง เขตแดนแห่งอำนาจ และผู้สร้างสรรค์
อาณารักษ์,อำนาจหรือขอบเขตการปกครอง
อานนท์,ผู้มีความสุขยินดี
อานวา,ผู้มีความกว้างขวาง ความกว้างไกล และความใหม่งดงาม
อาโป,น้ำหรือธาตุน้ำ
อาม,ผู้เปี่ยมด้วยความสงบ
อามนา,ผู้มีจิตใจ ความอ่อนโยน และความอ่อนโยนสง่างาม
อาร์ต,ชื่อทับศัพท์ หมายถึงศิลปะหรือความสร้างสรรค์
อาร์ม,ชื่อทับศัพท์ อาจหมายถึงแขนหรือสัญลักษณ์ตามบริบท
อารมณ์,ผู้เปี่ยมด้วยความอ่อนโยน
อาร์มิน,ชื่อทับศัพท์ รอการตรวจสอบความหมายเฉพาะ
อาร์วิน,ชื่อทับศัพท์ รอการตรวจสอบความหมายเฉพาะ
อารักษ์,ผู้ปกป้องคุ้มครอง
อารัญ,ผู้เปี่ยมด้วยความรื่นรมย์
อาริซ,ผู้เปี่ยมด้วยความอ่อนละมุน
อาริญาลักษณ์,"อาริ (ผู้มีน้ำใจ, ผู้เจริญ) + ญา (ความรู้, ปัญญา) + ลักษณ์ (ลักษณะ, คุณสมบัติ) = ผู้มีลักษณะแห่งน้ำใจ ปัญญา และความเจริญ"
อาริญาวรัญญา,อาริญา (ผู้มีน้ำใจและปัญญา) + วรัญญา (ความรู้ที่ประเสริฐ) = ผู้มีน้ำใจและปัญญาความรู้ที่ประเสริฐ
อาริณ,ผู้เปี่ยมด้วยความอ่อนละมุน
อาริณนภัส,"อาริณ (ผู้มีน้ำใจ, ผู้เจริญ) + นภัส (ท้องฟ้า, ความสูงส่ง) = ผู้มีน้ำใจและความเจริญสูงส่งดุจท้องฟ้า"
อาริณภัทรา,"อาริณ (ส่วนประกอบในชื่อสมัยใหม่ ไม่มีรากศัพท์บาลี-สันสกฤตโดยตรง มักให้ความหมายถึงความมีเกียรติ ความเป็นผู้นำ หรือความประเสริฐ) + ภัทรา (บาลี-สันสกฤต: ภทฺรา หมายถึง ความดีงาม, ความเจริญ, ความเป็นมงคล) = ผู้มีความดีงามเจริญรุ่งเรืองและทรงเกียรติ"
อาริณรงค์,"อาริ (บาลี-สันสกฤต: ศัตรู) + ณรงค์ (สันสกฤต, จาก รณ: การรบ, การต่อสู้, ความพยายาม) = ผู้รบชนะศัตรู, ผู้กล้าหาญในการต่อสู้กับศัตรู"
อาริณวรัญญา,"อาริณ (ผู้มีน้ำใจ, ผู้เจริญ) + วรัญญา (ความรู้ที่ประเสริฐ) = ผู้มีความรู้ที่ประเสริฐและมีความเจริญมีน้ำใจ"
อาริณา,ผู้มีความอ่อนละมุนและความอ่อนโยนสง่างาม
อาริน,ผู้มีความอ่อนละมุนและความละมุนดุจสายน้ำ
อารินทร์,"อาริ (บาลี-สันสกฤต: ศัตรู) + อินทร์ (สันสกฤต, จาก อินทระ: ผู้เป็นใหญ่, จอม) = ผู้เป็นใหญ่เหนือศัตรู, จอมผู้พิชิตศัตรู"
อารินา,ผู้มีความอ่อนละมุน ความละมุนดุจสายน้ำ และความอ่อนโยน
อาริภัค,ผู้เปี่ยมด้วยโชคและความสุข
อาริวิชญ์,ผู้มีความอ่อนละมุน นักปราชญ์ และความรู้
อาริศ,ผู้เปี่ยมด้วยความอ่อนละมุน
อาริษ,ผู้เปี่ยมด้วยความอ่อนละมุน
อาริษา,ผู้มีความอ่อนละมุนและความอ่อนโยนสง่างาม
อาริส,ผู้เปี่ยมด้วยความอ่อนละมุน
อาริสิทธิ์,ผู้มีความสำเร็จและสิทธิอันชอบและผู้มีสิทธิและความสำเร็จ
อารี,ผู้มีเมตตาเอื้อเฟื้อ
อารีย์,ผู้มีเมตตาเอื้อเฟื้อ
อารีรักษ์,ผู้มีเมตตาเอื้อเฟื้อและผู้ปกป้องรักษา
อาลิษา,ผู้มีพลังเฉพาะตน ความละมุน และความอ่อนโยนสง่างาม
อาวรณ์,ความผูกพันหรือความอาลัย
อาวุธ,ผู้มีพลังป้องกันและผู้ค้ำจุน
อำนาจ,ผู้มีอำนาจบารมี
อำนาจเจริญ,ผู้มีอำนาจบารมีและผู้เจริญรุ่งเรือง
อำไพ,ผู้สว่างงดงาม
อิง,ผู้พึ่งพิงหรือแนบชิด
อิงค์วรา,ผู้พึ่งพิงหรือแนบชิดและผู้ประเสริฐ
อิงคัวรา,ผู้พึ่งพิงหรือแนบชิดและผู้ประเสริฐ
อิงลักษณ์,ผู้พึ่งพิงหรือแนบชิดและผู้มีลักษณะงดงาม
อิงอร,ผู้พึ่งพิงหรือแนบชิดและผู้มีความงามอ่อนหวาน
อิจิโร่,ชื่อญี่ปุ่น รอการตรวจสอบความหมายเฉพาะ
อิฐ,สิ่งก่อสร้างที่มั่นคง
อิทธิ,ผู้มีฤทธิ์อำนาจ ผู้ค้ำจุน และผู้มีปัญญา
อิทธิ์,ผู้มีฤทธิ์อำนาจ ผู้ค้ำจุน และผู้มีปัญญา
อิทธิกร,ผู้มีฤทธิ์อำนาจ ผู้ค้ำจุน และผู้มีปัญญา
อิทธิเชษฐ์,ผู้มีฤทธิ์อำนาจ ผู้ค้ำจุน และผู้ประเสริฐเป็นใหญ่
อิทธิเชษฐ์สิทธิ์,ผู้มีฤทธิ์อำนาจ ผู้ค้ำจุน และผู้ประเสริฐเป็นใหญ่
อิทธิณรงค์,"อิทธิ (บาลี-สันสกฤต: ความสำเร็จ, อำนาจ, ฤทธิ์) + ณรงค์ (สันสกฤต, จาก รณ: การรบ, การต่อสู้, ความพยายาม) = ผู้มีฤทธิ์อำนาจหรือความสำเร็จในการต่อสู้, ผู้ทรงอำนาจแห่งชัยชนะ"
อิทธิณัฐ,"อิทธิ (บาลี-สันสกฤต: ความสำเร็จ, อำนาจ, ฤทธิ์) + ณัฐ (สันสกฤต: นักปราชญ์, ผู้คงแก่เรียน) = นักปราชญ์ผู้มีฤทธิ์อำนาจ, ผู้ทรงความรู้และความสำเร็จ"
อิทธิธนา,ผู้มีฤทธิ์อำนาจ ผู้มีทรัพย์ และผู้ค้ำจุน
อิทธิธัช,"อิทธิ (บาลี-สันสกฤต: ความสำเร็จ, อำนาจ, ฤทธิ์) + ธัช (สันสกฤต: ธง, เครื่องหมายแห่งเกียรติ) = ผู้มีธงแห่งความสำเร็จ, ผู้เป็นเครื่องหมายแห่งอำนาจและชัยชนะ"
อิทธินันต์,ผู้มีฤทธิ์อำนาจ ผู้ค้ำจุน และผู้มีปัญญา
อิทธิภณ,ผู้มีฤทธิ์อำนาจ ผู้ค้ำจุน และผู้มีปัญญา
อิทธิภัทร,ผู้มีฤทธิ์อำนาจ ผู้ดีงามเป็นมงคล และผู้ค้ำจุน
อิทธิวิชญ์,ผู้มีฤทธิ์อำนาจ ผู้ค้ำจุน และผู้มีปัญญา
อิ่น,ผู้เปี่ยมด้วยความสว่างภายใน
อินทนนท์,ผู้เป็นใหญ่
อินทนรลักษณา,ผู้มีพลังเฉพาะตนและความอ่อนโยนสง่างาม
อินทนา,ผู้เป็นใหญ่
อินทร์,ผู้เป็นใหญ่
อินทร์จันทร์,ผู้เป็นใหญ่และผู้เย็นงามดุจจันทร์
อินทร์เจริญ,ผู้เป็นใหญ่และผู้เจริญรุ่งเรือง
อินทร์แจ้ง,ผู้เป็นใหญ่และผู้สว่างชัดเจน
อินทร์ณรงค์,ผู้เป็นใหญ่และผู้กล้าหาญในการต่อสู้
อินทร์ทับ,ผู้มีความสว่างภายในและความเป็นใหญ่
อินทรนันท์,ผู้เป็นใหญ่และผู้มีความสุขยินดี
อินทร์แปลง,ผู้มีความสว่างภายในและความเป็นใหญ่
อินทรภัทร,ผู้เป็นใหญ่และผู้ดีงามเป็นมงคล
อินทรวรา,ผู้เป็นใหญ่และผู้ประเสริฐ
อินทร์อำคา,ผู้มีความสว่างภายใน ความเป็นใหญ่ และความอ่อนโยนสง่างาม
อินทรัช,ผู้เป็นใหญ่และผู้รุ่งเรืองด้วยอำนาจ
อินทรา,ผู้เป็นใหญ่
อินทราธิป,ผู้เป็นใหญ่ ผู้ค้ำจุน และผู้มีปัญญา
อินทรานนท์,ผู้เป็นใหญ่
อินทรานุรักษ์,ผู้เป็นใหญ่และผู้ปกป้องรักษา
อินทราลักษณ์,ผู้เป็นใหญ่และผู้มีลักษณะงดงาม
อินทราวัชร,ผู้เป็นใหญ่และผู้แข็งแกร่งดุจเพชร
อินท์วาริน,ผู้เป็นใหญ่และสายน้ำอันเย็นใส
อินทะจันทร์,ผู้เป็นใหญ่และผู้เย็นงามดุจจันทร์
อินทะวงค์,ผู้เป็นใหญ่และผู้สืบวงศ์ตระกูล
อินทัช,ผู้เป็นใหญ่
อินทิรา,ผู้เป็นใหญ่และผู้มีความงามและความยิ่งใหญ่
อินทิรานันท์,ผู้เป็นใหญ่ ผู้มีความงามและความยิ่งใหญ่ และผู้มีความสุขยินดี
อินทิราวรรณ,ผู้เป็นใหญ่ ผู้มีความงามและความยิ่งใหญ่ และผู้มีวรรณะงดงาม
อินธรักษา,ผู้เป็นใหญ่และผู้ค้ำจุน
อินนะใจ,ผู้เป็นใหญ่ในดวงใจ
อินโน,ผู้เปี่ยมด้วยความสว่างภายใน
อินหวัน,ผู้มีวันมงคลและวันอันเป็นมงคล
อิม,ผู้เปี่ยมด้วยความสว่างภายใน
อิ่ม,ผู้สมบูรณ์พูนสุข
อิ่มใจ,ผู้สมบูรณ์พูนสุขและผู้มีจิตใจงดงาม
อิ่มอารมณ์,ผู้สมบูรณ์พูนสุข
อิริณา,ผู้มีความอ่อนละมุนและความอ่อนโยนสง่างาม
อิริน,ผู้สง่างามอ่อนโยน
อิรินญา,ผู้สง่างามอ่อนโยน
อิรินญาลักษณ์,"อิริน (ความสงบงาม, ความบริสุทธิ์) + ญา (ความรู้, ปัญญา) + ลักษณ์ (ลักษณะ, คุณสมบัติ) = ผู้มีลักษณะแห่งความสงบงาม ความบริสุทธิ์ และปัญญา"
อิรินญาวรัญญา,ผู้สง่างามอ่อนโยน
อิรินทร์,ผู้เป็นใหญ่และสง่างาม ผู้สง่างามอ่อนโยน และผู้เป็นใหญ่
อิรินทิรา,ผู้สง่างามอ่อนโยน
อิรินนภัส,ผู้สง่างามอ่อนโยนและผู้สว่างดั่งฟ้า
อิรินภัทรา,"อิริน (ส่วนประกอบในชื่อสมัยใหม่ ไม่มีรากศัพท์บาลี-สันสกฤตโดยตรง มักให้ความหมายถึงความมั่นคง หรือความยิ่งใหญ่) + ภัทรา (บาลี-สันสกฤต: ภทฺรา หมายถึง ความดีงาม, ความเจริญ, ความเป็นมงคล) = ผู้มีความดีงามเจริญรุ่งเรืองและมั่นคงดุจแผ่นดิน (หรือผู้ทรงความยิ่งใหญ่และเป็นมงคล)"
อิรินวรัญญา,ผู้สง่างามอ่อนโยน
อิรินอนันต์,ผู้สง่างามอ่อนโยนและผู้ไม่มีที่สิ้นสุด
อิศรภัทร,ผู้เป็นใหญ่และผู้ดีงามเป็นมงคล
อิศรา,ผู้เป็นใหญ่และผู้เป็นอิสระและเป็นใหญ่
อิศรานันท์,ผู้เป็นใหญ่ ผู้เป็นอิสระและเป็นใหญ่ และผู้มีความสุขยินดี
อิศราวิชญ์,ผู้เป็นใหญ่และผู้เป็นอิสระและเป็นใหญ่
อิศรินทร์,ผู้เป็นใหญ่
อิษรา,ผู้มีพลังเฉพาะตนและความอ่อนโยนสง่างาม
อิสระ,ผู้เป็นไทแก่ตน
อิสระศิลป์,ผู้เป็นไทแก่ตนและผู้มีศิลปะ
อิสรา,ผู้เป็นอิสระ
อิสรีย์,ผู้มีความสว่างภายในและความสง่างาม
อุ๊,ผู้เปี่ยมด้วยความรุ่งเรือง
อุระ,อกหรือหัวใจ
อุรัญ,ผู้เปี่ยมด้วยความรื่นรมย์
อุไรวรรณ,ทองคำหรือความงามผ่องใสและผู้มีวรรณะงดงาม
อุไรวัล,ทองคำอันเป็นที่รัก
อุษณิษา,มงกุฎหรือเครื่องประดับศีรษะอันสูงส่ง
อุษา,รุ่งอรุณ ผู้สดใสเบิกบาน
อุษารินทร์,รุ่งอรุณ ผู้สดใสเบิกบานและผู้เป็นใหญ่
อู๋,ชื่อจีน รอการตรวจสอบความหมายเฉพาะ
เอ,อักษรหรือชื่อเล่น รอการตรวจสอบความหมายเฉพาะ
เอ๋,ชื่อเล่น รอการตรวจสอบความหมายเฉพาะ
เอก,ผู้เป็นหนึ่งหรือยอดเยี่ยม
เอกจรูญ,
เอกโชค,ผู้เป็นหนึ่งหรือยอดเยี่ยมและผู้มีโชคดี
เอกณัฏฐ์,ผู้เป็นหนึ่งหรือยอดเยี่ยมและนักปราชญ์ผู้มีปัญญา
เอกณัฐ,ผู้เป็นหนึ่งหรือยอดเยี่ยมและนักปราชญ์ผู้มีปัญญา
เอกธนัช,ผู้เป็นหนึ่งหรือยอดเยี่ยม ผู้เกิดมาพร้อมทรัพย์ และผู้ค้ำจุน
เอกธนา,ผู้เป็นหนึ่งหรือยอดเยี่ยม ผู้มีทรัพย์ และผู้ค้ำจุน
เอกนรินทร์,ผู้เป็นหนึ่งหรือยอดเยี่ยม ผู้เป็นใหญ่ในหมู่คน และผู้เป็นใหญ่
เอกนันท์,ผู้เป็นหนึ่งหรือยอดเยี่ยมและผู้มีความสุขยินดี
เอกนินทร์,ผู้เป็นหนึ่งหรือยอดเยี่ยม
เอกนิรันดร์,ผู้เป็นหนึ่งหรือยอดเยี่ยมและผู้ยั่งยืนไม่สิ้นสุด
เอกนิษฐ์,ผู้เป็นหนึ่งหรือยอดเยี่ยมและผู้มั่นคงในความดี
เอกรัฐ,ผู้เป็นหนึ่งหรือยอดเยี่ยมและผู้เกี่ยวข้องกับบ้านเมือง
เอกรินทร์,ผู้เป็นหนึ่งหรือยอดเยี่ยมและผู้เป็นใหญ่
เอกรุณ,ผู้เป็นหนึ่งหรือยอดเยี่ยมและผู้มีความเมตตา
เอกวงษา,ผู้เป็นหนึ่งหรือยอดเยี่ยมและผู้สืบวงศ์ตระกูล
เอกอนันต์,ผู้เป็นหนึ่งหรือยอดเยี่ยมและผู้ไม่มีที่สิ้นสุด
เอกอมร,ผู้เป็นหนึ่งหรือยอดเยี่ยมและผู้ยั่งยืนเป็นอมตะ
เอกอัครอัญธรณ์,ผู้เป็นหนึ่งหรือยอดเยี่ยม ผู้ยอดเยี่ยม และผู้ค้ำจุน
เอกอาริช,ผู้เปี่ยมด้วยความอ่อนละมุน
เอแคลร์,ชื่อขนมเอแคลร์ สื่อถึงความนุ่มหวาน
เอญารินทร์,ผู้มีความอ่อนละมุน ความเป็นใหญ่ และความรู้
เอธศญา,ผู้มีธรรมะสูงส่ง ความรู้ และการค้ำจุน
เอนก,ผู้มีคุณมากมาย
เอ่นลุน,ผู้เปี่ยมด้วยความงอกงาม
เอมิล,ชื่อทับศัพท์ รอการตรวจสอบความหมายเฉพาะ
เอรอน,ชื่อนี้เป็นชื่อที่มาจากภาษาต่างประเทศ ไม่สามารถแยกรากศัพท์ตามหลักภาษาบาลี-สันสกฤตได้โดยตรง
เอรอนต์,ชื่อนี้ไม่มีรากศัพท์มาจากภาษาบาลีหรือสันสกฤตตามหลักนิรุกติศาสตร์ไทย แต่เป็นชื่อที่ได้รับอิทธิพลจากภาษาต่างประเทศหรือเป็นการตั้งชื่อตามเสียงที่ไพเราะในยุคปัจจุบัน จึงไม่สามารถแยกรากศัพท์ตามหลักคำสมาส/สนธิได้
เอรัส,ชื่อนี้เป็นชื่อที่มาจากภาษาต่างประเทศ ไม่สามารถแยกรากศัพท์ตามหลักภาษาบาลี-สันสกฤตได้โดยตรง
เอราลิน,ชื่อที่ได้รับอิทธิพลจากภาษาต่างประเทศ หรือเป็นชื่อที่สร้างขึ้นมาเพื่อให้มีเสียงไพเราะ มักสื่อถึงความงดงามและทันสมัย (ไม่สามารถแยกรากศัพท์แบบบาลี-สันสกฤตได้)
เอราวรรณ์,ช้างเอราวัณ ผู้ยิ่งใหญ่และสง่างาม
เอราวัณ,ช้างเอราวัณ ผู้ยิ่งใหญ่และสง่างาม
เอริค,ชื่อทับศัพท์ รอการตรวจสอบความหมายเฉพาะ
เอริน,ไม่ปรากฏรากศัพท์บาลี-สันสกฤตโดยตรงในพจนานุกรมราชบัณฑิตยสถาน มักเป็นชื่อที่ได้รับอิทธิพลจากภาษาต่างประเทศ (เช่น ชื่อ Erin ในภาษาไอริช แปลว่า สันติภาพ) หรือเลือกใช้เพราะเสียงไพเราะ ซึ่งมักสื่อความหมายถึงความสงบ หรือความสุข
เอรินทร์,"เอร (ส่วนประกอบในชื่อที่เน้นเสียงไพเราะ ไม่มีรากศัพท์บาลี-สันสกฤตโดยตรง) + อินทร์ (บาลี: อินฺท, สันสกฤต: อินฺทฺร หมายถึง ผู้เป็นใหญ่, ผู้มีอำนาจดุจพระอินทร์) = ผู้เป็นใหญ่ผู้ทรงความสง่างาม หรือผู้เป็นดุจพระอินทร์ผู้ทรงความไพเราะ"
เอเรน,ชื่อทับศัพท์ รอการตรวจสอบความหมายเฉพาะ
เอเรส,ไม่ปรากฏรากศัพท์บาลี-สันสกฤตโดยตรงในพจนานุกรมราชบัณฑิตยสถาน มักเป็นชื่อที่ได้รับอิทธิพลจากภาษาต่างประเทศ (เช่น Ares ในภาษากรีก) หรือเลือกใช้เพราะเสียงไพเราะ
เอลิซ,ชื่อนี้เป็นชื่อที่มาจากภาษาต่างประเทศ ไม่สามารถแยกรากศัพท์ตามหลักภาษาบาลี-สันสกฤตได้โดยตรง
เอลิน,ชื่อนี้เป็นชื่อที่มาจากภาษาต่างประเทศ ไม่สามารถแยกรากศัพท์ตามหลักภาษาบาลี-สันสกฤตได้โดยตรง
เอลิรา,ชื่อนี้เป็นชื่อที่มาจากภาษาต่างประเทศ ไม่สามารถแยกรากศัพท์ตามหลักภาษาบาลี-สันสกฤตได้โดยตรง
เอลิริน,ชื่อนี้เป็นการสร้างคำสมัยใหม่หรือได้รับอิทธิพลจากภาษาต่างประเทศเพื่อความไพเราะเป็นหลัก จึงไม่มีรากศัพท์ภาษาบาลีหรือสันสกฤตที่ชัดเจนให้แยกตามหลักคำสมาส/สนธิได้
เอวรินทร์,ผู้เป็นใหญ่และผู้ประเสริฐดุจสายน้ำ
เอวา,ชื่อทับศัพท์ รอการตรวจสอบความหมายเฉพาะ
เอวิณ,
เอิบ,ผู้เอิบอิ่มเบิกบาน
เอิร์ธ,โลกหรือแผ่นดินตามภาษาอังกฤษ
เอิร์น,ชื่อทับศัพท์ รอการตรวจสอบความหมายเฉพาะ
แอช,เถ้าหรือต้นแอชตามภาษาอังกฤษ
แอน,ชื่อทับศัพท์ รอการตรวจสอบความหมายเฉพาะ
แอนนา,ชื่อทับศัพท์ รอการตรวจสอบความหมายเฉพาะ
แอบ,ซ่อนหรือทำโดยไม่เปิดเผย
แอปเปิ้ล,ผลแอปเปิล สื่อถึงความสดชื่น
แอมโอด,ผู้มีการบันดาลและความกว้างใหญ่
แอรอน,ชื่อทับศัพท์ รอการตรวจสอบความหมายเฉพาะ
แอริน,ชื่อทับศัพท์ รอการตรวจสอบความหมายเฉพาะ
แอริส,ชื่อทับศัพท์ รอการตรวจสอบความหมายเฉพาะ
แอเรีย,พื้นที่หรือท่วงทำนองตามบริบทภาษาอังกฤษ
แอล,อักษรหรือชื่อทับศัพท์ รอการตรวจสอบความหมายเฉพาะ
แอวา,ชื่อทับศัพท์ รอการตรวจสอบความหมายเฉพาะ
โอ๋,คำปลอบโยนหรือชื่อเล่น
โอ๊ค,ต้นโอ๊ก สื่อถึงความแข็งแรงมั่นคง
โอเค,ดีหรือตกลงตามภาษาพูด
โอเงิน,ผู้มีเงินอันงดงาม
โอ๊ต,ธัญพืชโอ๊ต หรือชื่อทับศัพท์
โอทอง,ผู้มีคุณค่าดุจทอง
โอบเอม,ผู้เปี่ยมสุขอิ่มเอมและผู้โอบอ้อมและอิ่มเอม
โอปอล,อัญมณีโอปอลอันงดงาม
โอเปิ้ล,ชื่อทับศัพท์หรืออัญมณีโอปอล
โอภณ,ผู้มีวาจาหรือความงามสว่างและผู้มีวาจาดี
โอม,เสียงศักดิ์สิทธิ์ในคติอินเดีย
โอไรออน,กลุ่มดาวนายพรานอันโดดเด่น
โอลิน,ชื่อทับศัพท์ รอการตรวจสอบความหมายเฉพาะ
โอลิเวอร์,ชื่อทับศัพท์ รอการตรวจสอบความหมายเฉพาะ
โอวภัทร,ผู้มีความกว้างใหญ่ ความดีงามเป็นมงคล และความมั่นคงสูงส่ง
โอเว่น,ชื่อทับศัพท์ รอการตรวจสอบความหมายเฉพาะ
โอฬาร,ผู้ยิ่งใหญ่กว้างขวาง
ไอคอน,สัญลักษณ์หรือผู้โดดเด่น
ไอรอน,เหล็ก สื่อถึงความแข็งแกร่ง
ไอรัส,ชื่อนี้ไม่มีรากศัพท์มาจากภาษาบาลีหรือสันสกฤตตามหลักนิรุกติศาสตร์ไทย แต่เป็นชื่อที่ได้รับอิทธิพลจากภาษาต่างประเทศหรือเป็นการตั้งชื่อตามเสียงที่ไพเราะในยุคปัจจุบัน จึงไม่สามารถแยกรากศัพท์ตามหลักคำสมาส/สนธิได้
ไอรา,"ไอรา (สันสกฤต: หญิงงาม, ช้างเอราวัณ) = หญิงงามผู้สง่างาม (ดุจช้างเอราวัณ), ผู้สูงส่ง, ผู้มีอำนาจ"
ไอริณ,ชื่อที่ได้รับอิทธิพลจากภาษาต่างประเทศ (อาจมาจาก Irene ในภาษากรีกที่แปลว่า 'สันติภาพ' หรือ Erin ในภาษาไอริชที่หมายถึง 'จากไอร์แลนด์') มักสื่อถึงความสงบสุข (ไม่สามารถแยกรากศัพท์แบบบาลี-สันสกฤตได้)
ไอริน,ชื่อที่ได้รับอิทธิพลจากภาษาต่างประเทศ (อาจมาจาก Irene ในภาษากรีกที่แปลว่า 'สันติภาพ' หรือ Erin ในภาษาไอริชที่หมายถึง 'จากไอร์แลนด์') มักสื่อถึงความสงบสุข (ไม่สามารถแยกรากศัพท์แบบบาลี-สันสกฤตได้)
ไอริส,ดอกไอริสหรือรุ้งตามรากตะวันตก
ไอเรน,"ชื่อภาษากรีก มีความหมายว่า 'สันติภาพ', 'ความสงบสุข' (ไม่สามารถแยกรากศัพท์แบบบาลี-สันสกฤตได้)"
ไอเรส,ชื่อที่ได้รับอิทธิพลจากภาษาต่างประเทศ (อาจมาจาก Iris ซึ่งในภาษากรีกแปลว่า 'สายรุ้ง' หรือ 'เทพีแห่งสายรุ้ง') สื่อถึงความงดงามและหลากหลาย (ไม่สามารถแยกรากศัพท์แบบบาลี-สันสกฤตได้)
ไอล์ลลิน,ผู้เปี่ยมด้วยความละมุน
ไอลวิน,ชื่อทับศัพท์ รอการตรวจสอบความหมายเฉพาะ
ไอลิน,"ชื่อจากภาษาต่างประเทศ (เช่น ไอริชหรือตุรกี) มีความหมายว่า 'แสงสว่าง', 'เปล่งประกาย' หรือ 'รัศมีแห่งดวงจันทร์' (ไม่สามารถแยกรากศัพท์แบบบาลี-สันสกฤตได้)"
ไอวอน,ชื่อนี้ไม่มีรากศัพท์มาจากภาษาบาลีหรือสันสกฤตตามหลักนิรุกติศาสตร์ไทย แต่เป็นชื่อที่ได้รับอิทธิพลจากภาษาต่างประเทศหรือเป็นการตั้งชื่อตามเสียงที่ไพเราะในยุคปัจจุบัน จึงไม่สามารถแยกรากศัพท์ตามหลักคำสมาส/สนธิได้
ไอวาลัญ,ผู้มีความกว้างขวางและความกว้างไกล
ไอวิน,ชื่อนี้ไม่มีรากศัพท์มาจากภาษาบาลีหรือสันสกฤตตามหลักนิรุกติศาสตร์ไทย แต่เป็นชื่อที่ได้รับอิทธิพลจากภาษาต่างประเทศหรือเป็นการตั้งชื่อตามเสียงที่ไพเราะในยุคปัจจุบัน จึงไม่สามารถแยกรากศัพท์ตามหลักคำสมาส/สนธิได้
ไอเวอร์,ชื่อทับศัพท์ รอการตรวจสอบความหมายเฉพาะ
ฮก,โชคลาภหรือความเป็นมงคล
ฮกมล,โชคลาภหรือความเป็นมงคล
ฮกมลนันท์,โชคลาภหรือความเป็นมงคลและผู้มีความสุขยินดี
ฮกมลภัทร,โชคลาภหรือความเป็นมงคลและผู้ดีงามเป็นมงคล
ฮกมลวรา,โชคลาภหรือความเป็นมงคลและผู้ประเสริฐ
ฮกลั่ว,ผู้เปี่ยมด้วยโชคลาภ
ฮกหลง,ผู้เปี่ยมด้วยเสน่ห์ตรึงใจ
ฮกฮวด,โชคลาภหรือความเป็นมงคลและความเจริญรุ่งเรือง
ฮจรัส,ผู้มีความโชคดีเฉพาะตนและความสว่างไสว
ฮจรูญ,ผู้มีความโชคดีเฉพาะตนและความรุ่งเรือง
ฮจรูญนันท์,ผู้มีความสุขยินดีและผู้รุ่งเรืองงดงาม
ฮจรูญภัทร,ผู้ดีงามเป็นมงคลและผู้รุ่งเรืองงดงาม
ฮจรูญวรา,ผู้ประเสริฐและผู้รุ่งเรืองงดงาม
ฮจรูญศรี,ผู้รุ่งเรืองงดงามและผู้มีศรีสง่า
ฮจรูญสิทธิ์,ผู้ค้ำจุน ผู้มีปัญญา และผู้มีความสำเร็จและสิทธิอันชอบ
ฮจิรา,ผู้มีความโชคดีเฉพาะตนและความอ่อนโยนสง่างาม
ฮจิรานันท์,ผู้มีความสุขยินดีและผู้ยั่งยืนยาวนาน
ฮจิราวรา,ผู้ประเสริฐและผู้ยั่งยืนยาวนาน
ฮณัฐ,ผู้มีความโชคดีเฉพาะตนและปัญญานักปราชญ์
ฮณัฐนันท์,ผู้มีความสุขยินดีและนักปราชญ์ผู้มีปัญญา
ฮณัฐภัทร,ผู้ดีงามเป็นมงคลและนักปราชญ์ผู้มีปัญญา
ฮณัฐวรา,ผู้ประเสริฐและนักปราชญ์ผู้มีปัญญา
ฮณิน,
ฮดล,ผู้มีความโชคดีเฉพาะตนและการบันดาล
ฮดลนันท์,ผู้มีความสุขยินดีและผู้บันดาลให้เกิดผล
ฮดลภัทร,ผู้ดีงามเป็นมงคลและผู้บันดาลให้เกิดผล
ฮดลวรา,ผู้ประเสริฐและผู้บันดาลให้เกิดผล
ฮดวง,ผู้มีความโชคดีเฉพาะตนและมิ่งขวัญ
ฮดวงวรา,ผู้ประเสริฐและผู้เป็นมิ่งขวัญ
ฮดิลก,ผู้มีความโชคดีเฉพาะตนและความเป็นยอด
ฮดิลกนันท์,ผู้มีความสุขยินดีและผู้เป็นยอดและเครื่องประดับ
ฮดิลกวรา,ผู้ประเสริฐและผู้เป็นยอดและเครื่องประดับ
ฮตนุ,ผู้มีความโชคดีเฉพาะตนและความละเอียดอ่อน
ฮตนุนันท์,ผู้มีความสุขยินดีและผู้ละเอียดอ่อน
ฮตนุวรา,ผู้ประเสริฐและผู้ละเอียดอ่อน
ฮทิน,ผู้มีความโชคดีเฉพาะตนและแสงแห่งวัน
ฮทินนันท์,ผู้มีความสุขยินดีและผู้สว่างดุจวัน
ฮทินภัทร,ผู้ดีงามเป็นมงคลและผู้สว่างดุจวัน
ฮทินวรา,ผู้ประเสริฐและผู้สว่างดุจวัน
ฮธนภัทร,ผู้ดีงามเป็นมงคล ผู้ค้ำจุน และผู้มีทรัพย์
ฮธนวรา,ผู้ประเสริฐ ผู้ค้ำจุน และผู้มีทรัพย์
ฮธนันท์,ผู้มีความสุขยินดี ผู้ค้ำจุน และผู้มีทรัพย์
ฮธนา,ผู้มีทรัพย์และผู้ค้ำจุน
ฮธวัช,ผู้ค้ำจุนและผู้เป็นธงชัยแห่งเกียรติ
ฮธวัชวรา,ผู้ประเสริฐ ผู้ค้ำจุน และผู้เป็นธงชัยแห่งเกียรติ
ฮนน,
ฮนฤมล,ผู้มีความโชคดีเฉพาะตนและความบริสุทธิ์งดงาม
ฮนฤมลนันท์,ผู้มีความสุขยินดีและผู้บริสุทธิ์งดงาม
ฮนฤมลภัทร,ผู้ดีงามเป็นมงคลและผู้บริสุทธิ์งดงาม
ฮนฤมลวรา,ผู้ประเสริฐและผู้บริสุทธิ์งดงาม
ฮนาวา,ผู้มีความกว้างขวาง การนำพาชีวิต และความกว้างไกล
ฮนาวานันท์,ผู้มีความสุขยินดีและผู้นำพาชีวิตดุจเรือ
ฮนาวาวรา,ผู้ประเสริฐและผู้นำพาชีวิตดุจเรือ
ฮภัทร,ผู้มีความโชคดีเฉพาะตน ความดีงามเป็นมงคล และความมั่นคงสูงส่ง
ฮภัทรนันท์,ผู้มีความสุขยินดีและผู้ดีงามเป็นมงคล
ฮภัทรภัทร,ผู้มีความโชคดีเฉพาะตน ความดีงามเป็นมงคล และความมั่นคงสูงส่ง
ฮภัทรวรา,ผู้ประเสริฐและผู้ดีงามเป็นมงคล
ฮมนต์,ผู้มีจิตใจและถ้อยคำศักดิ์สิทธิ์
ฮมนต์นันท์,ผู้มีความสุขยินดีและถ้อยคำศักดิ์สิทธิ์
ฮมนต์ภัทร,ผู้ดีงามเป็นมงคลและถ้อยคำศักดิ์สิทธิ์
ฮมนต์วรา,ผู้ประเสริฐและถ้อยคำศักดิ์สิทธิ์
ฮมนต์ศรี,ถ้อยคำศักดิ์สิทธิ์และผู้มีศรีสง่า
ฮมนต์สิทธิ์,ผู้ค้ำจุน ผู้มีปัญญา และผู้มีความสำเร็จและสิทธิอันชอบ
ฮมนัส,ผู้มีจิตใจและจิตใจงดงาม
ฮรจนา,ผู้มีความโชคดีเฉพาะตน การสร้างสรรค์ถ้อยคำ และความอ่อนโยน
ฮรจนานันท์,ผู้มีความสุขยินดีและผู้เรียบเรียงหรือสร้างสรรค์ถ้อยคำ
ฮรจนาวรา,ผู้ประเสริฐและผู้เรียบเรียงหรือสร้างสรรค์ถ้อยคำ
ฮลิน,
ฮวง,ฮวงหรือกระแสลมตามสำเนียงจีน
ฮ่วน,ผู้เปี่ยมด้วยความโชคดีเฉพาะตน
ฮวริน,ผู้มีความอ่อนละมุน ความประเสริฐ และความละมุนดุจสายน้ำ
ฮวรินนันท์,ผู้มีความสุขยินดีและผู้ประเสริฐดุจสายน้ำ
ฮวรินภัทร,ผู้ดีงามเป็นมงคลและผู้ประเสริฐดุจสายน้ำ
ฮวรินวรา,ผู้ประเสริฐและผู้ประเสริฐดุจสายน้ำ
ฮวานกิ,ชื่อเกาหลี รอการตรวจสอบความหมายเฉพาะ
ฮวานโซ,ชื่อเกาหลี รอการตรวจสอบความหมายเฉพาะ
ฮวานอิน,ชื่อเกาหลี รอการตรวจสอบความหมายเฉพาะ
ฮวานอิล,ชื่อเกาหลี รอการตรวจสอบความหมายเฉพาะ
ฮวานอู,ชื่อเกาหลี รอการตรวจสอบความหมายเฉพาะ
ฮวานโฮ,ชื่อเกาหลี รอการตรวจสอบความหมายเฉพาะ
ฮวิน,
ฮอค,ผู้เฉียบคมและมองการณ์ไกลดุจเหยี่ยว
ฮ่องเต้,ผู้ยิ่งใหญ่ดุจจักรพรรดิ
ฮอต,ร้อนหรือเป็นที่นิยมตามภาษาพูด
ฮอบบิท,ชื่อชนเผ่าในวรรณกรรมแฟนตาซี
ฮอร์ก,ผู้เปี่ยมด้วยความงามอ่อนหวาน
ฮอร์โมน,สารควบคุมการทำงานของร่างกาย
ฮอรัส,ชื่อเทพฮอรัสในคติอียิปต์
ฮอริณ,
ฮอไรซัน,ขอบฟ้าตามภาษาอังกฤษ
ฮอลแลนด์,ชื่อภูมิภาค/ประเทศในยุโรป
ฮอลโลว์,ว่างเปล่าหรือกลวงตามภาษาอังกฤษ
ฮอว์ก,เหยี่ยว สื่อถึงความเฉียบคม
ฮอินทร์,ผู้มีความสว่างภายในและความเป็นใหญ่
ฮอินทรนันท์,ผู้เป็นใหญ่และผู้มีความสุขยินดี
ฮอินทรภัทร,ผู้เป็นใหญ่และผู้ดีงามเป็นมงคล
ฮอินทรวรา,ผู้เป็นใหญ่และผู้ประเสริฐ
ฮะจิ,ชื่อญี่ปุ่น รอการตรวจสอบความหมายเฉพาะ
ฮะหามะ,ผู้เปี่ยมด้วยความอ่อนโยน
ฮัจญ์,ผู้มุ่งมั่นในศรัทธาและบุญกุศล
ฮัท,กระท่อมหรือที่พักตามภาษาอังกฤษ
ฮั่น,ชื่อจีน/ราชวงศ์ฮั่น
ฮั่นกวน,ชื่อจีน รอการตรวจสอบความหมายเฉพาะ
ฮันโช,ชื่อทับศัพท์ รอการตรวจสอบความหมายเฉพาะ
ฮันดะ,ชื่อญี่ปุ่น รอการตรวจสอบความหมายเฉพาะ
ฮันนะ,ชื่อทับศัพท์ รอการตรวจสอบความหมายเฉพาะ
ฮันนิบัล,ชื่อบุคคลโบราณ รอการตรวจสอบความหมายเฉพาะ
ฮันมิน,ชื่อเกาหลี รอการตรวจสอบความหมายเฉพาะ
ฮันวอล,ชื่อเกาหลี รอการตรวจสอบความหมายเฉพาะ
ฮั่นหมิง,ชื่อจีน รอการตรวจสอบความหมายเฉพาะ
ฮั่นหรุน,ชื่อจีน รอการตรวจสอบความหมายเฉพาะ
ฮั่นหลิง,ชื่อจีน รอการตรวจสอบความหมายเฉพาะ
ฮันอิล,ชื่อเกาหลี รอการตรวจสอบความหมายเฉพาะ
ฮันอู,ชื่อเกาหลี รอการตรวจสอบความหมายเฉพาะ
ฮันโฮ,ชื่อเกาหลี รอการตรวจสอบความหมายเฉพาะ
ฮับ,รับหรือศูนย์กลางตามบริบท
ฮับเบิล,ชื่อทับศัพท์ รอการตรวจสอบความหมายเฉพาะ
ฮัมดัม,ผู้เปี่ยมด้วยความโชคดีเฉพาะตน
ฮัว,หัวหรือความเป็นต้นตามสำเนียงจีน
ฮั่ว,ผู้เปี่ยมด้วยความโชคดีเฉพาะตน
ฮั้ว,ผู้เปี่ยมด้วยความโชคดีเฉพาะตน
ฮั่วกวง,ชื่อจีน รอการตรวจสอบความหมายเฉพาะ
ฮาโกะ,กล่องตามภาษาญี่ปุ่น
ฮาคิม,ผู้เปี่ยมปัญญาและความยุติธรรม
ฮาจิ,เลขแปดตามภาษาญี่ปุ่น
ฮาจิกะ,ชื่อญี่ปุ่น รอการตรวจสอบความหมายเฉพาะ
ฮาจิโร่,ชื่อญี่ปุ่น มักสื่อถึงบุตรชายลำดับที่แปด
ฮาจุน,ชื่อเกาหลี รอการตรวจสอบความหมายเฉพาะ
ฮานนท์,
ฮานะ,ผู้สดใสงดงามดุจดอกไม้
ฮานะจัง,ดอกไม้เล็กน่ารักตามภาษาญี่ปุ่น
ฮานา,ดอกไม้ตามภาษาญี่ปุ่น/ชื่อเกาหลี
ฮานิ,
ฮานิม,ชื่อทับศัพท์ รอการตรวจสอบความหมายเฉพาะ
ฮามาน,ชื่อทับศัพท์ รอการตรวจสอบความหมายเฉพาะ
ฮามิน,
ฮาร์ต,หัวใจตามภาษาอังกฤษ
ฮาร์ท,หัวใจตามภาษาอังกฤษ
ฮาร์เปอร์,ผู้เล่นพิณตามรากภาษาอังกฤษ
ฮาร์โมนิก,ความกลมกลืนทางเสียง
ฮาร์ลาน,ชื่อทับศัพท์ รอการตรวจสอบความหมายเฉพาะ
ฮารา,ทุ่งหรือท้องตามภาษาญี่ปุ่นขึ้นกับอักษรเดิม
ฮาราอุมิ,ชื่อญี่ปุ่น รอการตรวจสอบความหมายเฉพาะ
ฮาริม,ชื่อทับศัพท์ รอการตรวจสอบความหมายเฉพาะ
ฮาริสัน,ชื่อทับศัพท์ รอการตรวจสอบความหมายเฉพาะ
ฮาริเอะ,ชื่อญี่ปุ่น รอการตรวจสอบความหมายเฉพาะ
ฮารุ,ผู้สดใสเหมือนฤดูใบไม้ผลิ
ฮารุนะ,ชื่อญี่ปุ่น สื่อถึงความสดใสของฤดูใบไม้ผลิ
ฮาล์ฟ,ครึ่งหนึ่งตามภาษาอังกฤษ
ฮาลาล,สิ่งที่อนุมัติตามหลักศาสนาอิสลาม
ฮาวล์,เสียงหอนหรือชื่อทับศัพท์
ฮาวลิ่น,ผู้มีความงามอ่อนช้อยและความละมุน
ฮิกิ,ผู้เปี่ยมด้วยความโชคดีเฉพาะตน
ฮิคาริ,ผู้เปล่งประกายดุจแสงสว่าง
ฮิคารุ,ผู้มีแสงสว่างและความโดดเด่น
ฮิณน์,
ฮิน,ผู้เปี่ยมด้วยความโชคดีเฉพาะตน
ฮินาโกะ,ชื่อญี่ปุ่น รอการตรวจสอบความหมายเฉพาะ
ฮินามิ,ชื่อญี่ปุ่น รอการตรวจสอบความหมายเฉพาะ
ฮิปโน,เกี่ยวกับการสะกดจิตตามรากตะวันตก
ฮิปโป,ฮิปโปโปเตมัส สัตว์ใหญ่ในน้ำ
ฮิม,ผู้เปี่ยมด้วยความโชคดีเฉพาะตน
ฮิมณ,
ฮิมม์คานา,ผู้มีความโชคดีเฉพาะตน ความงดงาม และความอ่อนโยน
ฮิมวา,
ฮิมะ,ผู้บริสุทธิ์เย็นงามดุจหิมะ
ฮิมาริ,ชื่อญี่ปุ่น รอการตรวจสอบความหมายเฉพาะ
ฮิมาวาริ,ผู้สดใสดุจดอกทานตะวัน
ฮิมิโกะ,ชื่อญี่ปุ่นโบราณ รอการตรวจสอบความหมายเฉพาะ
ฮิรณ,
ฮิรดิน,
ฮิรัญ,
ฮิราม,ชื่อทับศัพท์ รอการตรวจสอบความหมายเฉพาะ
ฮิราอิ,ชื่อญี่ปุ่น รอการตรวจสอบความหมายเฉพาะ
ฮิริโกะ,ชื่อญี่ปุ่น รอการตรวจสอบความหมายเฉพาะ
ฮิโรโกะ,ชื่อญี่ปุ่น รอการตรวจสอบความหมายเฉพาะ
ฮิโรชิ,ชื่อญี่ปุ่น รอการตรวจสอบความหมายเฉพาะ
ฮิโรมิ,ชื่อญี่ปุ่น รอการตรวจสอบความหมายเฉพาะ
ฮิโรอาคิ,ชื่อญี่ปุ่น รอการตรวจสอบความหมายเฉพาะ
ฮิโระ,ชื่อญี่ปุ่น สื่อถึงความกว้างใหญ่ตามอักษรเดิม
ฮิวกะ,ชื่อญี่ปุ่น รอการตรวจสอบความหมายเฉพาะ
ฮิวงะ,ชื่อญี่ปุ่น รอการตรวจสอบความหมายเฉพาะ
ฮิวจ์,ชื่อทับศัพท์ รอการตรวจสอบความหมายเฉพาะ
ฮิษณุ,
โฮกะ,ผู้มีโชคลาภและจุดเริ่มต้น
โฮกิ,ชื่อญี่ปุ่น รอการตรวจสอบความหมายเฉพาะ
โฮคอน,ชื่อทับศัพท์ รอการตรวจสอบความหมายเฉพาะ
โฮคุ,ทิศเหนือในภาษาญี่ปุ่น
โฮจิ,ผู้เปี่ยมด้วยความโชคดีเฉพาะตน
โฮโซ,ผู้เปี่ยมด้วยความโชคดีเฉพาะตน
โฮโซโกะ,ผู้มีความโชคดีเฉพาะตนและจุดเริ่มต้น
โฮโซคาวะ,ชื่อญี่ปุ่น รอการตรวจสอบความหมายเฉพาะ
โฮนามิ,ชื่อญี่ปุ่น รอการตรวจสอบความหมายเฉพาะ
โฮโนกะ,ชื่อญี่ปุ่น รอการตรวจสอบความหมายเฉพาะ
โฮโนมิ,ชื่อญี่ปุ่น รอการตรวจสอบความหมายเฉพาะ
โฮโนริ,ชื่อญี่ปุ่น รอการตรวจสอบความหมายเฉพาะ
โฮโนรุ,ชื่อญี่ปุ่น รอการตรวจสอบความหมายเฉพาะ
โฮม,บ้านหรือที่พักพิง
โฮมรัน,บ้านหรือที่พักพิงและความสำเร็จโดดเด่นในกีฬาเบสบอล
โฮมะ,ผู้เปี่ยมด้วยความอ่อนโยน
โฮมุระ,เปลวไฟตามภาษาญี่ปุ่น
โฮริ,คูน้ำหรือชื่อญี่ปุ่นตามอักษรเดิม
โฮริซัน,ขอบฟ้าตามภาษาอังกฤษ
โฮลดิ้ง,การถือครองตามภาษาอังกฤษ
โฮลท์,ชื่อทับศัพท์ รอการตรวจสอบความหมายเฉพาะ
โฮโล,ผู้เปี่ยมด้วยความกว้างใหญ่
โฮว,ผู้เปี่ยมด้วยความโชคดีเฉพาะตน
โฮวาร์ด,ชื่อทับศัพท์ รอการตรวจสอบความหมายเฉพาะ
โฮอิจิ,ชื่อญี่ปุ่น รอการตรวจสอบความหมายเฉพาะ
ใฮณิน,
ใฮธิน,
ใฮภัทร,
ใฮมนัส,
ใฮมิน,
ใฮรัญ,
ใฮริน,
ใฮลิน,
ใฮวิชญ์,
ใฮวิน,
ใฮอรุณ,
ไฮณิน,
ไฮธิน,
ไฮภัทร,
ไฮมนัส,
ไฮมิน,
ไฮรัญ,
ไฮริน,
ไฮลิน,
ไฮวิชญ์,
ไฮวิน,
ไฮอรุณ,